laboratorio,cod_Barra,producto,exist_Caja,sist_Unid,valor_unid,valor_total
3M COLOMBIA,7702098400238,BOLSA FRIO/CALOR NEXCARE ADULTOS *,0,0,"41,300",0
3M COLOMBIA,7702098401709,BOLSA FRIO/CALOR NEXCARE NINOS,0,0,"24,500",0
3M COLOMBIA,7702098034891,CURAS AVANZADA IMPERMEABLES CJA *,50,0,"10,000",0
3M COLOMBIA,7702098015319,CURITAS CONFORT X 8 UNDS,0,0,0,0
3M COLOMBIA,7702098009790,CURITAS NEXCARE CONFORT X 100,0,0,0,0
3M COLOMBIA,7707290950062,FREXEN X 30 CAPS,0,0,"63,700",0
3M COLOMBIA,7707314190047,GASA MEDICAR 1/2 * 5 YARDAS UNDAD,30,0,"4,000",0
3M COLOMBIA,8993379254650,HARMONY JABON MANZANA* 80 G UNDAD,30,0,"1,500",0
3M COLOMBIA,8993379254568,HARMONY JABON NARANJA * 80 G UNDAD,0,0,"1,500",0
3M COLOMBIA,7707180630098,I-COLOR CAOBA UNIDAD,0,0,"4,800",0
3M COLOMBIA,7072139401198,",7INHALOCAMARA PEDIATRICA UNDAD",0,0,"12,800",0
3M COLOMBIA,382903882328,JELCO  ANGIOCATH NO,220,0,"2,000",0
3M COLOMBIA,7702098031340,MICROPORE PIEL 0.5MM X 10YD CJA *,20,0,"72,000",0
3M COLOMBIA,7702098401778,MICROPORE PIEL 12MM * 3,0,0,"3,600",0
3M COLOMBIA,7702098010550,TAPA BOCAS X 12 UI NEXCARE,0,0,"14,000",0
3M COLOMBIA,7702098400085,TEGADERM APOSITO TRANSPARENTE 6 X,70,0,"15,000",0
3M COLOMBIA,7702098401747,VENDA ELASTICA COBAN 4.5 X3M,0,0,"26,600",0
A. MENARINI ,7708548830518,KETUM GEL * 30 GR,0,0,"41,200",0
A. MENARINI ,7707188880518,RILATEN 20 MG * 1 AMP,0,0,"18,700",0
A.G. MEDICAM,7706569022905,ACETAMINOFEN CODEINA 325/30MG * 10,0,0,"16,500",0
A.G. MEDICAM,7706569283931,ACIDO ACETILSALICILICO 100 MG *,1000,0,"35,000",0
A.G. MEDICAM,7706569154606,ESOMEPRAZOL 40 MG * 30 TAB,0,0,"87,000",0
A.G. MEDICAM,7706569021670,GUAYACOLATO + CARBOXIMETILCISTEINA,0,0,"20,000",0
A.G. MEDICAM,7706569023131,LOSARTAN 50 MG + HIDROCLOROTIAZIDA,0,0,"43,500",0
A.G. MEDICAM,7706569485403,LOSARTAN 50 MG + HIDROCLOROTIAZIDA,0,0,"66,700",0
A.G. MEDICAM,7706569022929,SULFATO DE ZINC 2MG/ML CEREZA *,1200,0,"17,500",0
A.G. MEDICAM,7706569022936,SULFATO DE ZINC 2MG/ML CEREZA * 80,0,0,"13,000",0
ABBOTT CONSU,7702870053287,ALRESKATE DIARESQ KIDS CALDO POLLO,0,0,"15,400",0
ABBOTT CONSU,7702870004449,BISBACTER * 48 TAB,0,0,"145,400",0
ABBOTT CONSU,7702870536759,BISBACTER * 8 TAB,0,0,"24,700",0
ABBOTT CONSU,7702870000229,BISBACTER SUSP * 120 ML,0,0,"40,000",0
ABBOTT CONSU,7702870004746,BONENZIN * 48 TAB,0,0,"66,200",0
ABBOTT CONSU,7707189520901,CAPRIMIDA D * 30 TAB,0,0,"45,500",0
ABBOTT CONSU,7702870003374,COLIK * 48 TAB,0,0,"52,800",0
ABBOTT CONSU,7702870070017,COLIK * 5 TAB,0,0,"9,000",0
ABBOTT CONSU,7702870070611,COLIK FORTE * 40 TAB,0,0,"77,100",0
ABBOTT CONSU,7702870070598,COLIK FORTE * 5 TAB,0,0,"10,300",0
ABBOTT CONSU,7702207141731,CORYZALIA * 40 COMP,0,0,"45,500",0
ABBOTT CONSU,7702870076552,DAYAMINERAL FE JBE * 120 ML,0,0,"55,000",0
ABBOTT CONSU,7702870051153,ENSOY ADULTO DIABETICOS FRESA *,4000,0,"69,000",0
ABBOTT CONSU,7702870052532,ENSOY ADULTO DIABETICOS VAINILLA *,0,0,"139,800",0
ABBOTT CONSU,7702870050842,ENSOY ADULTO DIABETICOS VAINILLA *,0,0,"71,200",0
ABBOTT CONSU,7702870052907,ENSOY ADULTO VAINILLA LIQUIDA *,2000,0,"2,500",0
ABBOTT CONSU,7702870053379,ENSOY DYAL VAINILLA S/AZUCAR * 400,0,0,"69,500",0
ABBOTT CONSU,7702870053317,ENSOY GOLD VAINILLA CON OMEGA *,4000,0,"48,600",0
ABBOTT CONSU,7702870053355,ENSOY MET * 400 GR,0,0,"54,740",0
ABBOTT CONSU,7702870952276,ENSOY NIÃ‘OS DEFENSE VAINILLA *,2000,0,"20,000",0
ABBOTT CONSU,57702870053195,ENSOY NIÃ‘OS DEFENSE VAINILLA *,4000,0,"44,000",0
ABBOTT CONSU,57702870053294,ENSOY NIÃ‘OS DEFENSE VAINILLA *,9000,0,"93,700",0
ABBOTT CONSU,7702870052921,ENSOY NIÃ‘OS VAINILLA LIQUIDA *,2000,0,"3,300",0
ABBOTT CONSU,7702870900758,ENSOY PROTECT ADULTO VAINILLA *,2000,0,"21,500",0
ABBOTT CONSU,7702870053676,ENSOY PROTECT ADULTOS VAINILLA *,400,0,"49,500",0
ABBOTT CONSU,7702870072486,FEXU 120 MG * 10 TAB,0,0,"40,700",0
ABBOTT CONSU,7702870004968,",7FINIGAX * 24 GRAG",0,0,"19,400",0
ABBOTT CONSU,7702870072547,FINIGAX PLUS CON ANIS S/AZUCAR  *,20,0,"23,000",0
ABBOTT CONSU,7702870072554,FINIGAX PLUS CON ANIS S/AZUCAR *,360,0,"30,600",0
ABBOTT CONSU,7798097890279,INSTALIFT GEL PARPADOS * 15 GR,0,0,"42,800",0
ABBOTT CONSU,7702870999769,ISOFEM * 30 TAB,0,0,"49,400",0
ABBOTT CONSU,7702870999714,ISOFEM * 60 TAB,0,0,"70,800",0
ABBOTT CONSU,7702870999653,ISOFEM FORTE * 30 TAB,0,0,"59,100",0
ABBOTT CONSU,7702870999646,ISOFEM GEL * 30 GR,0,0,"30,500",0
ABBOTT CONSU,7702870001806,LUMBAL * 12 TAB,0,0,"19,900",0
ABBOTT CONSU,7702870001974,LUMBAL * 48 TAB,0,0,"98,500",0
ABBOTT CONSU,7702870609149,LUMBAL * 8 TAB,0,0,"16,300",0
ABBOTT CONSU,7702870492710,LUMBAL FORTE * 6 TAB,0,0,"19,000",0
ABBOTT CONSU,7702870002865,LUMBAL GEL * 30 GR,0,0,"38,000",0
ABBOTT CONSU,7702870150160,LUMBAL MAX * 12 TAB,0,0,"26,800",0
ABBOTT CONSU,7702870680278,LUMBAL MAX * 36 TAB,0,0,"77,800",0
ABBOTT CONSU,7702870004104,MOVIDOL * 12 TAB,0,0,"23,000",0
ABBOTT CONSU,7702870004111,MOVIDOL * 48 TAB,0,0,"87,800",0
ABBOTT CONSU,7702870553770,MOVIDOL * 8 TAB,0,0,"14,900",0
ABBOTT CONSU,7702870071052,MOVIDOL GEL * 30 GR,0,0,"18,000",0
ABBOTT CONSU,7702870840153,MOVIDOL M * 36 TAB,0,0,"64,400",0
ABBOTT CONSU,7702870135860,MOVIDOL M * 8 TAB,0,0,"15,600",0
ABBOTT CONSU,7702870999844,OKEY * 30 TAB,0,0,"52,500",0
ABBOTT CONSU,7702207163948,PRIVATOS SOL ORAL * 120 ML,0,0,"33,700",0
ABBOTT CONSU,7702870001745,SEVEDOL * 12 TAB,0,0,"19,300",0
ABBOTT CONSU,7702870001929,SEVEDOL * 24 TAB,0,0,"43,400",0
ABBOTT CONSU,7702870004739,SEVEDOL * 60 TAB,0,0,"100,300",0
ABBOTT CONSU,7702870004401,SEVEDOL EXTRA FUERTE * 8 TAB,0,0,"17,400",0
ABBOTT CONSU,7702870071670,SEVEFIEST * 36 TAB,0,0,"32,400",0
ABBOTT CONSU,7702870999790,SONAX * 15 GRAG,0,0,"30,000",0
ABBOTT CONSU,7702870050972,SOY PLUS CAFE DESCAFEINADO BOLSA *,0,0,"12,500",0
ABBOTT CONSU,7702870050088,SOY PLUS FRESA * 400 GR,0,0,"21,600",0
ABBOTT CONSU,7702870050354,SOY PLUS LIQ VAINILLA * 1000 ML,0,0,"15,700",0
ABBOTT CONSU,7702870050347,SOY PLUS LIQ. NATURAL * 1000 ML,0,0,"15,600",0
ABBOTT CONSU,7702870051139,SOY PLUS MUJER VAINILLA * 200 GR,0,0,"14,000",0
ABBOTT CONSU,7702870050934,SOY PLUS NATURAL * 400 GR,0,0,"23,800",0
ABBOTT CONSU,7702870050941,SOY PLUS SIN LACTOSA NATURAL * 200,0,0,"14,500",0
ABBOTT CONSU,7702870050064,SOY PLUS SIN LACTOSA VAINILLA *,2000,0,"14,200",0
ABBOTT CONSU,7702870050125,SOY PLUS SIN LACTOSA VAINILLA *,4000,0,"26,000",0
ABBOTT CONSU,7702870003404,SUCRAX * 50 S/S,0,0,0,0
ABBOTT CONSU,7702870003411,SUCRAX X 100 S/S,0,0,0,0
ABBOTT CONSU,7702870051177,SUCRAX X 100 TAB,0,0,0,0
ABBOTT DIAGN,699073712233,FREESTYLE GLUCOMETRO FREEDOM LITE,0,0,"54,400",0
ABBOTT DIAGN,093818704270,LANCETAS * 100 UND,0,0,"28,000",0
ABBOTT DIAGN,093815996484,OPTIUM TIRA * 25 UND,0,0,"82,000",0
ABBOTT DIAGN,093815996491,OPTIUM TIRA * 50 UND,0,0,"146,000",0
ABBOTT FARMA,7702207573976,ACOTOL EX * 21 TAB,0,0,"14,400",0
ABBOTT FARMA,7702207700327,ALERXY C SPRAY NASAL 140 DOSIS *,200,0,"103,800",0
ABBOTT FARMA,7702870004029,AMVAL 5/160MG * 14 TAB,0,0,"71,900",0
ABBOTT FARMA,7702870001561,ANTISS 5 MG * 10 TAB,0,0,"89,200",0
ABBOTT FARMA,7702870004845,ANTISS D * 10 CAP,0,0,"82,000",0
ABBOTT FARMA,7702870070642,ANTISS D JBE * 60 ML,0,0,"81,400",0
ABBOTT FARMA,7702870003244,ANTISS JBE * 100 ML,0,0,"84,000",0
ABBOTT FARMA,7707189521267,ARLETTE 28 * 28 COMP,0,0,"53,400",0
ABBOTT FARMA,7702207300138,BELLY CRAN * 30 TAB,0,0,"110,500",0
ABBOTT FARMA,7702207300145,BIOBACTRO * 28 TAB,0,0,"102,900",0
ABBOTT FARMA,7350012552770,BIOGAIA * 10 ML,0,0,"162,000",0
ABBOTT FARMA,7702207112946,BIOGAIA * 5 ML,0,0,"103,100",0
ABBOTT FARMA,7350012553784,BIOGAIA GTI * 30 TAB,0,0,"158,500",0
ABBOTT FARMA,7702870070314,BIOLAX * 340 GR,0,0,"104,200",0
ABBOTT FARMA,7702870004722,BIOLAX 5 GR * 12 S/S,0,0,"54,200",0
ABBOTT FARMA,7702870004715,BIOLAX 5 GR * 12 S/S,0,0,"64,000",0
ABBOTT FARMA,7707189520291,CANDAZOL * 10 OVULOS,0,0,"46,500",0
ABBOTT FARMA,7702870004265,CARDIOMAX 10 MG * 20 TAB,0,0,"228,900",0
ABBOTT FARMA,7702870070062,CARDIOMAX PLUS 10/20MG * 28 TAB,0,0,"322,700",0
ABBOTT FARMA,7703178000508,CETIRAX * 10 TAB,0,0,"83,900",0
ABBOTT FARMA,7703178000546,CETIRAX * 60 ML,0,0,"77,000",0
ABBOTT FARMA,7703178000973,CETIRAX D * 60 ML,0,0,"82,500",0
ABBOTT FARMA,7702870000267,CIMOXEN 500 MG * 6 COMP,0,0,"131,000",0
ABBOTT FARMA,7702207110621,CLEAROVAC * 4 S/S,0,0,"95,000",0
ABBOTT FARMA,7702870071649,CLINACYN GEL * 30 GR,0,0,"113,200",0
ABBOTT FARMA,7702207310250,CLINOMAT * 30 COMP,0,0,"42,500",0
ABBOTT FARMA,7702207310625,CLUVAX FORTE * 3 CAP,0,0,"82,000",0
ABBOTT FARMA,7702207310632,CLUVAX FORTE * 7 CAP,0,0,"124,600",0
ABBOTT FARMA,7703186568113,DEPAKENE * 50 CAP,0,0,"61,500",0
ABBOTT FARMA,7703186568212,DEPAKENE JBE * 120 ML,0,0,"43,000",0
ABBOTT FARMA,7702870004302,DEPOTRIM * 1 AMP,0,0,"20,000",0
ABBOTT FARMA,7702870004326,DEPOTRIM * 1 AMP,0,0,"20,000",0
ABBOTT FARMA,7702870070970,DOLOPROTEC * 12 TAB,0,0,"63,000",0
ABBOTT FARMA,7702870700970,DOLOPROTEC * 12 TAB,0,0,"63,000",0
ABBOTT FARMA,7702870070994,DOLOPROTEC * 30 TAB,0,0,"131,300",0
ABBOTT FARMA,7702870071069,DUODOL 50/30MG * 10 TAB,0,0,"40,000",0
ABBOTT FARMA,8715554002739,DUPHALAC * 20 S/S,0,0,"130,000",0
ABBOTT FARMA,7702870004852,ESTEINE 3.5 MG * 6 OVULOS,0,0,"106,500",0
ABBOTT FARMA,7702870004296,EUMOTRIX PLUS * 30 TAB,0,0,"108,000",0
ABBOTT FARMA,7702870071472,EVELY * 28 TAB,0,0,"33,000",0
ABBOTT FARMA,7707189520598,FEMELLE * 21 TAB,0,0,"26,400",0
ABBOTT FARMA,7707189521243,FEMELLE 20 CD * 28 TAB,0,0,"26,400",0
ABBOTT FARMA,7707189520956,FEMELLE 20 MG * 21 TAB,0,0,"24,500",0
ABBOTT FARMA,7702870071984,FENOX 40 MG * 30 TAB,0,0,"120,500",0
ABBOTT FARMA,7702870072004,FENOX 80 MG * 30 TAB,0,0,"104,500",0
ABBOTT FARMA,7702870072493,FEXU 120 MG * 20 TAB,0,0,"118,300",0
ABBOTT FARMA,7702870072714,FEXU 180 MG * 10 TAB,0,0,"90,300",0
ABBOTT FARMA,7702870072721,FEXU 180 MG * 20 TAB,0,0,"167,500",0
ABBOTT FARMA,7702870920022,FEXU D 30 MG * 90 ML,0,0,"71,000",0
ABBOTT FARMA,7702207312414,FLUCIFEM * 4 TAB,0,0,"105,400",0
ABBOTT FARMA,7702870002292,FUNIDE CREMA * 15 GR,0,0,"38,800",0
ABBOTT FARMA,7702870002988,FUNIDE SPRAY * 30 ML,0,0,"47,100",0
ABBOTT FARMA,7702870999554,GIGI 12 * 7 STICKS,0,0,"79,000",0
ABBOTT FARMA,7702207305348,GINODERM GEL * 95 GR,0,0,"25,000",0
ABBOTT FARMA,7702870004784,GYNCLOX CREMA VAGINAL * 40 GR,0,0,"83,500",0
ABBOTT FARMA,7702870545577,GYNETS 4 MG * 28 TAB,0,0,"46,700",0
ABBOTT FARMA,7707189521229,GYNOFER FOL * 30 TAB,0,0,"97,700",0
ABBOTT FARMA,7702207312520,GYNORELL * 28 TAB,0,0,"25,300",0
ABBOTT FARMA,7702870000397,HEBAL UNG * 20 GR,0,0,"36,000",0
ABBOTT FARMA,7702870000410,HIDERAX * 1 AMP,0,0,"24,500",0
ABBOTT FARMA,7702870000199,HIDERAX * 20 TAB,0,0,"55,500",0
ABBOTT FARMA,7702870000663,HIDERAX GOTAS * 15 ML,0,0,"55,000",0
ABBOTT FARMA,7702870001059,HIDERAX JBE * 120 ML,0,0,"48,500",0
ABBOTT FARMA,7702870000762,HIDERAX S * 10 TAB,0,0,"62,000",0
ABBOTT FARMA,7707189520659,IPRAN 10 MG * 30 TAB,0,0,"266,500",0
ABBOTT FARMA,7707189520819,IPRAN 20 MG * 20 TAB,0,0,"345,600",0
ABBOTT FARMA,7702870924846,JEX 1MG/2MG * 28 TAB,0,0,"41,600",0
ABBOTT FARMA,7702870453421,KAZIDE 500 MG * 12 TAB,0,0,"126,700",0
ABBOTT FARMA,7702870003022,KAZIDE SUSP * 30 ML,0,0,"49,500",0
ABBOTT FARMA,7702870002971,KAZIDE SUSP * 60 ML,0,0,"72,200",0
ABBOTT FARMA,7703186995018,KLARICID 125 MG SUSP * 50 ML,0,0,"86,000",0
ABBOTT FARMA,7703186920713,KLARICID 250 MG SUSP * 50 ML,0,0,"121,300",0
ABBOTT FARMA,7702870574737,KLARICID 500 MG * 30 TAB,0,0,"301,600",0
ABBOTT FARMA,7702207308110,KOPODEX 100 MG * 120 ML,0,0,"101,900",0
ABBOTT FARMA,7702207140574,LACORYL 60 MG * 14 CAP,0,0,"145,000",0
ABBOTT FARMA,7702207321805,LACORYL 60 MG * 28 CAP,0,0,"257,700",0
ABBOTT FARMA,7702207141670,LACORYL-T * 10 S/S,0,0,"79,500",0
ABBOTT FARMA,7702207140666,LACORYL-T * 20 S/S,0,0,"150,000",0
ABBOTT FARMA,7702207140673,LACORYL-T GEL * 40 GR,0,0,"74,200",0
ABBOTT FARMA,7702870070840,LUKAST 10MG * 90 TAB,0,0,"234,900",0
ABBOTT FARMA,7702870070871,LUKAST 5 MG * 90 TAB,0,0,"179,900",0
ABBOTT FARMA,7702870004906,MAXTIME GEL * 6 S/S,0,0,"31,500",0
ABBOTT FARMA,7702870001110,MELOCAM 15 MG * 1 AMP,0,0,"17,900",0
ABBOTT FARMA,7702207123119,MENODIN RETARD * 1 AMP,0,0,"58,500",0
ABBOTT FARMA,7702870004647,NEDOX 10 MG * 14 TAB,0,0,"102,800",0
ABBOTT FARMA,7702870604342,NEDOX 20 MG * 14 TAB,0,0,"123,200",0
ABBOTT FARMA,7702870072851,NEDOX 20 MG * 28 TAB,0,0,"168,500",0
ABBOTT FARMA,7702870999509,NEDOX 20 MG * 56 TAB,0,0,"257,600",0
ABBOTT FARMA,7702870855348,NEDOX 40 MG * 14 TAB,0,0,"153,200",0
ABBOTT FARMA,7702870999516,NEDOX 40 MG * 56 TAB,0,0,"295,400",0
ABBOTT FARMA,7702870071793,NEDOX 5 MG * 28 S/S,0,0,"159,900",0
ABBOTT FARMA,7702870002636,NOFERTYL AMP * 1ML,0,0,"10,200",0
ABBOTT FARMA,7702207101117,NORMOLIP 200 MG * 20 CAP,0,0,"130,000",0
ABBOTT FARMA,7707189520581,NORVETAL * 21 GRAG,0,0,"5,600",0
ABBOTT FARMA,7702870003954,OSEBAN 150 MG * 1 TAB,0,0,"248,000",0
ABBOTT FARMA,7702870003961,OSEBAN 3 MG * 1 AMP,0,0,"249,000",0
ABBOTT FARMA,7702207700068,PERSEMAX * 30 CAP,0,0,"168,600",0
ABBOTT FARMA,7707189520536,PROGENDO 100 MG * 30 CAP,0,0,"164,800",0
ABBOTT FARMA,7702870071014,RIFAX SUSP * 60 ML,0,0,"58,500",0
ABBOTT FARMA,7702870071953,SEGUFEM * 28 TAB,0,0,"43,400",0
ABBOTT FARMA,7702870000540,SYNOVULAR * 1 AMP,0,0,"24,500",0
ABBOTT FARMA,7702870004128,SYNOVULAR SUAVE * 1 AMP,0,0,"25,500",0
ABBOTT FARMA,7722071065663,TENSODOX 10 MG * 20 TAB,0,0,"50,500",0
ABBOTT FARMA,7702207172469,TEVETEN 600 MG * 28 TAB,0,0,"180,500",0
ABBOTT FARMA,7703186029430,TEVETEN PLUS *28 TAB,0,0,"49,500",0
ABBOTT FARMA,7707189520550,TRETINEX 20 MG * 30 CAP,0,0,"179,500",0
ABBOTT FARMA,7702870000991,TROMIX * 22.5 ML,0,0,"96,500",0
ABBOTT FARMA,7702870000830,TROMIX SUSP * 15 ML,0,0,"77,500",0
ABBOTT FARMA,7702207183861,TUSIPRIV ADULTO * 120 ML,0,0,"36,700",0
ABBOTT FARMA,7707189521137,VADIRAL 1 GR * 21 TAB,0,0,"296,700",0
ABBOTT FARMA,7707189521120,VADIRAL 1 GR * 5 TAB,0,0,"126,600",0
ABBOTT FARMA,7702207308011,VALNOC 2 MG * 15 TAB,0,0,"119,500",0
ABBOTT FARMA,7702207308028,VALNOC 3 MG * 15 TAB,0,0,"115,900",0
ABBOTT FARMA,7702870003978,VENADOL 450/50MG * 30 TAB,0,0,"138,900",0
ABBOTT FARMA,7702870002766,YAX * 21 TAB,0,0,"26,700",0
ABBOTT FARMA,7702870071731,DURAX 20 MG * 4 TAB,0,0,"138,400",0
ABBOTT FARMA,7702870071687,DURAX 5 MG * 28 TAB,0,0,"268,500",0
ABBOTT FARMA,7702870002599,EROXIM 100 MG * 1 TAB,0,0,"25,300",0
ABBOTT FARMA,7702870003039,EROXIM 50 MG * 4 TAB,0,0,"46,000",0
ABBOTT FARMA,7702870004814,FEMELIN AMP,0,0,"23,000",0
ABBOTT FARMA,7702870004821,FEMELIN AMP,0,0,"23,000",0
ABBOTT FARMA,7702870003589,POSTDAY * 1 TAB,0,0,"17,500",0
ABBOTT FARMA,7702207316870,VIPLENA * 30 CAP,0,0,"80,800",0
ABBOTT FARMA,7702870002308,",7BABYTYOL POMADA * 60 GR",0,0,0,0
ABBOTT FARMA,7702207107676,",7DALIMIN * 35 S/S",0,0,0,0
ABBOTT FARMA,7707291990029,",7DALIMIN 1500 MG * 15 S/S",0,0,0,0
ABBOTT FARMA,7702207106327,EMERGYN * 2 TAB,0,0,"35,000",0
ABBOTT FARMA,7702870003145,FLUCISTEIN 200 MG * 30 S/S,0,0,"37,500",0
ABBOTT FARMA,7702870004197,LAMEP 50 MG * 30 TAB,0,0,0,0
ABBOTT FARMA,7707189520390,NEOBON 70 MG * 4 CAP,0,0,0,0
ABBOTT FARMA,7702207146330,OFLAXYN SOL 0.3% * 10 ML,0,0,"41,500",0
ABBOTT FARMA,7702207146231,OMEPRAX * 15 CAP,0,0,0,0
ABBOTT FARMA,7706569040091,PIRIDOXINA 50 MG * 100 TAB,0,0,0,0
ABBOTT FARMA,7707189520215,PRENAVIT * 30 CAP,0,0,"30,000",0
ABBOTT FARMA,7702207315361,STAL 500 MG * 30 CAP,0,0,"28,000",0
ABBOTT FARMA,7702207300169,TEBOKAN * 15 CAP,0,0,"39,300",0
ABBOTT FARMA,7800026587416,YES GEL LUBRICANTE * 30 ML,0,0,"27,700",0
ABBOTT LABOR,7702870103234,MAXYLASH MAXY CURVAS PESTAÃ‘INA *,20,0,"29,300",0
ABBOTT LABOR,7703178368851,MAXYLASH PESTAÃ‘INA CURVAS WATER 2,0,0,"30,500",0
ABBOTT LABOR,7702870102510,MAXYLASH PESTAÃ‘INA MAGIC VOLUME 2,0,0,"25,900",0
ABBOTT LABOR,300741940635,NORVIR SOLUCION ORAL X 240 ML,0,0,0,0
ABBOTT NUTRI,7703186032225,*PEDIASURE VAINILLA * 900 GR GTS 1,0,0,"69,800",0
ABBOTT NUTRI,7703186029294,ALIMENTUM * 400 GR,0,0,"140,100",0
ABBOTT NUTRI,7703186033369,ENSURE ADVANCE * 850 GR + 3 ENSURE,0,0,"156,000",0
ABBOTT NUTRI,7703186032447,ENSURE ADVANCE * 850 GR + 3 ENSURE,0,0,"155,700",0
ABBOTT NUTRI,8427030007984,ENSURE ADVANCE FRESA - BANANO *,4000,0,"75,300",0
ABBOTT NUTRI,7703186031303,ENSURE ADVANCE LIQUIDO CHOCOLATE *,0,0,"14,300",0
ABBOTT NUTRI,8710428018717,ENSURE ADVANCE LIQUIDO FRESA * 220,0,0,"14,300",0
ABBOTT NUTRI,7703186032430,ENSURE ADVANCE LIQUIDO VAINILLA *,20,0,"80,400",0
ABBOTT NUTRI,7703186031235,ENSURE ADVANCE LIQUIDO VAINILLA,2200,0,"43,600",0
ABBOTT NUTRI,7703186033031,ENSURE ADVANCE LIQUIDO VAINILLA,2200,0,"78,100",0
ABBOTT NUTRI,7703186541932,ENSURE ADVANCE LIQUIDO VAINILLA,2200,0,"93,500",0
ABBOTT NUTRI,7703186032317,ENSURE ADVANCE VAINILLA * 400 GR +,0,0,"79,000",0
ABBOTT NUTRI,7703186033352,ENSURE ADVANCE VAINILLA * 400 GR +,0,0,"75,300",0
ABBOTT NUTRI,7703186031433,ENSURE CLINICAL LIQUIDO VAINILLA *,0,0,"14,400",0
ABBOTT NUTRI,8710428022899,ENSURE TWOCAL * 200 ML,0,0,"14,000",0
ABBOTT NUTRI,7703186033390,GLUCERNA * 900 GR + 3 GLUCERNA FIT,0,0,"156,300",0
ABBOTT NUTRI,7703186032980,GLUCERNA FIT * 330 ML,0,0,"13,300",0
ABBOTT NUTRI,0700745260348,GLUCERNA LIQ LPC * 1500 ML,0,0,"80,000",0
ABBOTT NUTRI,7703186032485,",7GLUCERNA LIQUIDO VAINILLA * 237 ML",0,0,"85,500",0
ABBOTT NUTRI,8710428024299,GLUCERNA LIQUIDO VAINILLA 1.6 KCAL,0,0,"14,000",0
ABBOTT NUTRI,7703186031280,GLUCERNA LIQUIDO VAINILLA 237 ML *,0,0,"34,500",0
ABBOTT NUTRI,7703186032737,GLUCERNA LIQUIDO VAINILLA 237 ML *,0,0,"82,700",0
ABBOTT NUTRI,7703186190376,GLUCERNA VAINILLA LIQUIDO 220 ML *,0,0,"99,000",0
ABBOTT NUTRI,8710428786357,ISOMIL * 400 GR,0,0,"52,400",0
ABBOTT NUTRI,7703186545183,JEVITY II FOS * 1.5 LT,0,0,0,0
ABBOTT NUTRI,7703186030191,NEPRO BAJO EN PROTEINA LIQ LATA *,20,0,"18,500",0
ABBOTT NUTRI,7703186033239,PEDIALYTE ACTIVE  PACK * 2 UND *,500,0,"14,000",0
ABBOTT NUTRI,7703186033246,PEDIALYTE ACTIVE  PACK * 2 UND *,500,0,"14,000",0
ABBOTT NUTRI,7703186834010,PEDIASURE CHOCOLATE * 400 GR,0,0,"62,800",0
ABBOTT NUTRI,7703186027580,PEDIASURE FRESA * 400 GR,0,0,"62,800",0
ABBOTT NUTRI,8710428002648,PEDIASURE FRESA * 900 GR,0,0,"119,600",0
ABBOTT NUTRI,8886451007049,PEDIASURE POLVO VAINILLA * 1600 GR,0,0,"207,200",0
ABBOTT NUTRI,7703186506283,PERATIVE LIQ * 8 ONZ,0,0,"14,300",0
ABBOTT NUTRI,7703186901323,SIMILAC 2 5HMO * 2100 GR,0,0,"236,200",0
ABBOTT NUTRI,5391523056328,SIMILAC 2 PROSENSITIVE * 400 GR,0,0,"62,600",0
ABBOTT NUTRI,0427030004938,SIMILAC AR * 375 GR,0,0,"87,100",0
ABBOTT NUTRI,8427030005003,SIMILAC AR * 850 GR,0,0,"181,000",0
ABBOTT NUTRI,7703186032140,SIMILAC LIQUIDA 1 PROSENSITIVE * 4,0,0,"14,500",0
ABBVIE SAS,7703186027665,KALETRA * 120 TAB,0,0,"122,500",0
ABBVIE SAS,300743956467,",75KALETRA SUSP * 160 ML",0,0,"59,700",0
ABBVIE SAS,8427030030418,LUPRON DEPOT 11.25 MG * 1 AMP,0,0,"566,000",0
ABBVIE SAS,8427030030401,LUPRON DEPOT 3.75 MG * 1 AMP,0,0,"196,800",0
ABBVIE SAS,8054083015149,SEVORANE 100 % SOL INHALATORIA *,250,0,"354,000",0
ABBVIE SAS,7703186104021,SURVANTA AMP * 4 ML,0,0,"17,000",0
ABBVIE SAS,7703186037329,ZEMPLAR * 5 AMP,0,0,"330,000",0
ACTIFARMA,7707305850233,FENITOINA SODICA 250MG/5ML * 5 AMP,0,0,"20,000",0
ACTIFARMA,7707305850127,PIPOTIAZINA 25MG/ML SOL INYECT * 3,0,0,"63,800",0
ACULIFE HEAL,8904240102604,PIPERACILINA Y TAZOBACTAM 4.5 GR *,0,0,"15,100",0
ADEXA PHARMA,7709938696981,GINDEX * 4 TAB,0,0,"80,000",0
ADIUM (TECNO,7501092720553,ALEVIAN DUO * 16 CAP,0,0,"146,400",0
ADIUM (TECNO,7501092720560,ALEVIAN DUO * 32 CAP,0,0,"272,900",0
ADIUM (TECNO,7501092720997,ALEVIAN DUO * 64 CAP,0,0,"426,300",0
ADIUM (TECNO,7707204497591,BEXON 100 MG * 3 OVULOS,0,0,"110,000",0
ADIUM (TECNO,7707204494811,BEXON 100 MG * 7 OVULOS,0,0,"145,400",0
ADIUM (TECNO,7707204490998,BEXON DUO * 7 OVULOS,0,0,"137,000",0
ADIUM (TECNO,7730979091268,CABERTRIX 0.05 MG * 4 COMP,0,0,"42,500",0
ADIUM (TECNO,7730979090636,",7CABERTRIX 0.50 MG * 8 COMP",0,0,"84,000",0
ADIUM (TECNO,7841141002293,COLMIBE 20/10 MG * 10 COMP,0,0,"178,300",0
ADIUM (TECNO,7501871721337,CONTUMAX * 15 S/S,0,0,"94,000",0
ADIUM (TECNO,7707204499311,CURAFLEX 1500 MG * 15 S/S,0,0,0,0
ADIUM (TECNO,7707204490035,CURAFLEX DUO * 15 S/S,0,0,"94,900",0
ADIUM (TECNO,7707204491148,CURAFLEX DUO * 30 S/S,0,0,"213,500",0
ADIUM (TECNO,7792219000515,DECAPEPTYL 3.75 MG * 1 AMP,0,0,"454,700",0
ADIUM (TECNO,7707204490349,DOMINIUM 25 MG * 10 TAB,0,0,"83,600",0
ADIUM (TECNO,7707204496037,DROPYAL 25 MG * 1 AMP,0,0,"377,200",0
ADIUM (TECNO,7896116882028,FEMIANE * 21 GRAG,0,0,"73,100",0
ADIUM (TECNO,7707204491070,IDENA 150 MG * 1 TAB,0,0,"272,600",0
ADIUM (TECNO,7841141002736,ILTUX HCT 20/12.5 MG * 28 COMP,0,0,"61,800",0
ADIUM (TECNO,7841141003764,"ILTUXAM HCT 40 MG / 5 MG / 12,5 MG",0,0,"170,500",0
ADIUM (TECNO,7841141003757,ILTUXAM HCT 40 MG / 5 MG / 25 MG *,0,0,"170,000",0
ADIUM (TECNO,7707204490417,INMUNOPRIN 100 MG * 30 COMP,0,0,"350,000",0
ADIUM (TECNO,7501303433500,LUCIARA CREMA * 200 ML,0,0,"138,800",0
ADIUM (TECNO,7730766000756,LURAZIC 40MG*30,0,0,"230,000",0
ADIUM (TECNO,7707204490271,LUTAMIDAL 50 MG * 28 COMP,0,0,"90,000",0
ADIUM (TECNO,7707204490103,MUTUM CR 10 MG * 10 COMP,0,0,"54,400",0
ADIUM (TECNO,7730979090940,NABILA 5 MG * 28 COMP,0,0,"58,500",0
ADIUM (TECNO,7707204490110,NULYTELY CEREZA * 10 S/S,0,0,"219,000",0
ADIUM (TECNO,7707204490936,QUETIAZIC 100 MG * 30 COMP,0,0,0,0
ADIUM (TECNO,7707204490943,QUETIAZIC 200 MG * 30 COMP,0,0,0,0
ADIUM (TECNO,7707204490929,QUETIAZIC 25 MG * 30 COMP,0,0,"17,500",0
ADIUM (TECNO,7501092721994,RIOPAN * 10 S/S,0,0,"28,600",0
ADIUM (TECNO,7501092722021,RIOPAN * 20 S/S,0,0,"51,000",0
ADIUM (TECNO,7501092722014,RIOPAN SUSP * 250 ML,0,0,"61,500",0
ADIUM (TECNO,7707204490820,SEGREGAM 20 MG * 14 COMP,0,0,"126,000",0
ADIUM (TECNO,7800070001647,SOMNIL 10 MG * 20 COMP,0,0,0,0
ADIUM (TECNO,7707204490196,TAMSULON 0.4 MG * 10 CAP,0,0,"72,400",0
ADIUM (TECNO,7707204490202,TAMSULON 0.4 MG * 30 CAP,0,0,"194,800",0
ADIUM (TECNO,7792219690129,TAVOR 150 MG * 1 CAP,0,0,"60,000",0
ADIUM (TECNO,7792219000775,TAVOR 150 MG * 2 CAP,0,0,"97,500",0
ADIUM (TECNO,7501092720713,TECTA 20 MG * 14 TAB,0,0,"99,000",0
ADIUM (TECNO,7501092720720,TECTA 20 MG * 28 TAB,0,0,"207,900",0
ADIUM (TECNO,7501092720744,TECTA 40 MG * 14 TAB,0,0,"150,200",0
ADIUM (TECNO,7501092720751,TECTA 40 MG * 28 TAB,0,0,"277,000",0
ADIUM (TECNO,7730766002743,TEROVAN 100 * 60 TAB,0,0,"278,100",0
ADIUM (TECNO,7730766002736,TEROVAN 50 * 30 TAB,0,0,"104,200",0
ADIUM (TECNO,7707204490325,TRUXA 500 MG * 7 COMP,0,0,"199,400",0
ADIUM (TECNO,7792219690426,UROXACIN 200 MG * 7 COMP,0,0,"84,700",0
ADS PHARMA,7707289590187,AMIODARONA 150MG * 25 AMP,0,0,"115,000",0
ADS PHARMA,7707289590248,BROMURO DE ROCURONIO 50MG/5ML * 10,0,0,"200,000",0
ADVANCED MED,852260000777,DERMASOF LAMINA 14X12 * 1 LAMINA,0,0,0,0
ADVANCED MED,7707239380554,DERMASOF LAMINA LIPECTOMIA 0.5 * 1,0,0,0,0
ADVANCED MED,7707239380370,FACREL H * 100 GR,0,0,0,0
ADVANCED MED,7707355401386,FUNDA ORTOPEDICA MULTIUSOS TERAPIA,0,0,"23,000",0
ADVANCED MED,7707239380615,RCT PLUS * 400 GR,0,0,0,0
ADVANCED MED,7707355401119,RODILLERA CERRADA ADVANCE TALLA M,0,0,"34,900",0
AH ROYAL,7372149074116,BISTURI ENCAUCHETADO,0,0,"3,600",0
AH ROYAL,7372149074734,BISTURI METALICO,0,0,"6,300",0
AH ROYAL,7372148953122,BOLIGRAFO LINEA GEL 0.7 TRIANGULAR,0,0,"11,000",0
AH ROYAL,7372148952200,BOLIGRAFO LINEA GEL 0.7 TRIANGULAR,0,0,"11,000",0
AH ROYAL,7372148953436,BOLIGRAFO LINEA GEL 0.7 TRIANGULAR,0,0,"11,000",0
AH ROYAL,7372149124392,BOLIGRAFOS TRIANGULAR RETRACTIL 07,0,0,"12,000",0
AH ROYAL,7372148922500,BORRADOR * 12 UND,0,0,"7,000",0
AH ROYAL,7372148921688,BORRADOR * 24 UND,0,0,"9,600",0
AH ROYAL,6924035809046,CALCULADORA DC-108N,0,0,"22,000",0
AH ROYAL,7372148956260,LAPIZ #2 HB * 12 UND,0,0,"10,800",0
AH ROYAL,7372149123302,LAPIZ ESTAMPADO TRIANGULAR #2HB *,60,0,"6,900",0
AH ROYAL,7372148969062,PEGANTE BARRA * 40 GR,0,0,"2,300",0
AH ROYAL,7372148979108,"TIJERA DE 7.5""",0,0,"6,500",0
AIPHEX GLOBA,7708736738701,CANOXIDIL 5% * 60 ML,0,0,"50,000",0
AIPHEX GLOBA,7709172863163,DUOSATIV GEL * 60 GR,0,0,"28,000",0
AIPHEX GLOBA,7709746106696,MINOXIDIL + CBD 5% TONICO * 60 ML,0,0,"49,100",0
AKKO PHARMA,7707225920016,FRESH VISION GOTAS * 15 ML,0,0,"37,400",0
AKKO PHARMA,7707225920122,LUTEZ 03 * 60 TAB,0,0,"90,800",0
AKKO PHARMA,7707225920023,VITALIFE * 60 CAP,0,0,"77,000",0
AL PHARMA S.,7707184310040,ALONAT 50 MG * 1 AMP,0,0,"30,000",0
AL PHARMA S.,8907010001107,BORTEZOMIB 3.5 MG * 1 AMP,0,0,"330,000",0
AL PHARMA S.,8906006570047,CARBOPLATINO 450MG/45ML SOL INY *,10,0,"130,900",0
AL PHARMA S.,8906006571594,IRINOTECAN CLORHIDRATO 100MG/5ML *,0,0,"66,000",0
ALCON DE COL,7501088618505,ALCAINE * 15 ML,0,0,"97,000",0
ALCON DE COL,7501088618307,CILODEX GOTAS * 5 ML,0,0,"85,000",0
ALCON DE COL,7896548130827,",7CILODEX UNG * 3.5 GR",0,0,"86,100",0
ALCON DE COL,7501088618253,CILOX GOTAS * 5 ML,0,0,"66,900",0
ALCON DE COL,7896548140604,CILOX UNG * 3.5 GR,0,0,0,0
ALCON DE COL,7896548140413,CYCLOGYL * 15 ML,0,0,"70,700",0
ALCON DE COL,3587381200030,GENTEAL GEL * 10 GR,0,0,"61,200",0
ALCON DE COL,3587381199990,GENTEAL GOTAS * 10 ML,0,0,"69,900",0
ALCON DE COL,7702635716044,GENTEAL GOTAS * 15 ML,0,0,"70,000",0
ALCON DE COL,7896548134405,ISOPTO ATROPINA 1% * 5 ML,0,0,"35,100",0
ALCON DE COL,7501088616105,",5ISOPTO MAXIDEX GOTAS * 5 ML",0,0,"40,000",0
ALCON DE COL,7501088616457,LUTRAX GOTAS * 15 ML,0,0,"50,000",0
ALCON DE COL,7896548166246,MYDRIACYL * 15 ML,0,0,"32,300",0
ALCON DE COL,5413895000973,NAPHCON FORTE * 15 ML,0,0,"29,000",0
ALCON DE COL,7704232000724,NATACYN GOTAS OFTALMICAS * 15 ML,0,0,"428,000",0
ALCON DE COL,7896548198261,",7OPTI FREE EXPRESS * 355 ML",0,0,"71,000",0
ALCON DE COL,300653144831,OPTI FREE EXPRESS * 355 ML,0,0,"44,500",0
ALCON DE COL,300650271622,PATANOL * 5 ML,0,0,"99,000",0
ALCON DE COL,7501088603105,SYSTANE * 15 ML,0,0,"70,000",0
ALCON DE COL,0300650454209,SYSTANE GEL * 10 ML,0,0,"73,400",0
ALCON DE COL,300650429092,SYSTANE GOTAS * 15 ML,0,0,"74,700",0
ALCON DE COL,8427324894733,SYSTANE HA * 10 ML,0,0,"65,400",0
ALCON DE COL,3700028500281,",7TEARS NATURALE FREE * 32",0,0,"123,900",0
ALCON DE COL,7501088618406,TEARS NATURALE GTS * 15 ML,0,0,"36,200",0
ALCON DE COL,7896548166260,",5TOBREX UNG * 3.5 GR",0,0,"86,000",0
ALCON DE COL,7501088603150,VIGAMOX GOTAS * 5 ML,0,0,"35,000",0
ALCON DE COL,7702635722137,VITALUX PLUS OMEGA 3 * 28 CAP,0,0,"109,500",0
ALCON DE COL,7898088361419,ZADITEN COLORIO 0.25% * 5 ML,0,0,"86,200",0
ALDOQUIN,7703319000305,ALQUIN GEL * 30 GR,0,0,"44,000",0
ALDOQUIN,7703319000251,BAN CREMA * 15 GR,0,0,"37,700",0
ALDOQUIN,7703319000749,MELASKIT * 35 GR,0,0,"59,500",0
ALDOQUIN,7703319000169,RETNOL LOCION * 60 ML,0,0,"33,000",0
ALDOQUIN,7703319000404,SULFOX CREMA * 15 GR,0,0,"26,000",0
ALDORPHARMA,7709990201697,ESPERTOX JB * 120 ML,0,0,"32,700",0
ALDORPHARMA,7709990431827,SERENY-A * 90 CAP,0,0,"103,300",0
ALFA SAFE,7707228373420,AGUJA HIPODERMICA 20G * 1 1/2,0,0,0,0
ALFA SAFE,7707228362038,BAJALENGUAS 6,0,0,"1,900",0
ALFA SAFE,7707228362561,CATETER 14GX45MM,0,0,"2,200",0
ALFA SAFE,7707228362578,CATETER 16G * 1 UND,0,0,"2,500",0
ALFA SAFE,7707228362585,CATETER 18G * 1 UND,0,0,"2,500",0
ALFA SAFE,7707228362592,CATETER 20G * 1 UND,0,0,"2,500",0
ALFA SAFE,7707228362615,CATETER 24G * 1 UND,0,0,"2,500",0
ALFA SAFE,7707228363520,CATETER 26GX19MM,0,0,"2,500",0
ALFA SAFE,7707228365616,COMPRESA DE GASA DE LAPARATOMIA *,10,0,"56,000",0
ALFA SAFE,7707228365685,COMPRESAS LAPAROTOMIA ESTERIL 45 *,0,0,"10,000",0
ALFA SAFE,7707228365722,ESPARADRAPO TELA BLANCO 1/2 * 1 YD,0,0,"3,700",0
ALFA SAFE,7707228365777,ESPARADRAPO TELA BLANCO ALFASAFE 3,0,0,"15,500",0
ALFA SAFE,7707228365791,ESPARADRAPO TELA BLANCO ALFASAFE 4,0,0,"20,900",0
ALFA SAFE,7707228364619,GASA ESTERIL N/TEJIDA 4X4 X 12X2 -,0,0,"9,000",0
ALFA SAFE,7707228361472,GASA ESTERIL NO TEJIDA 7.5 X 7.5 *,0,0,300,0
ALFA SAFE,7707228360499,GASA PRECORTADA 3X3 50 SOBX2,20150,0,"11,800",0
ALFA SAFE,7707228362288,GASAS ESTERIL 3 * 3 (7.5 * 7.5 CM),0,0,"9,000",0
ALFA SAFE,7707282990854,GASAS ESTERIL 3 * 3 (7.5 * 7.5 CM),0,0,"9,100",0
ALFA SAFE,7707228360673,GORRO CIRCULAR AJUSTABLE AZUL * 12,0,0,"7,500",0
ALFA SAFE,7707300932200,GORROS QUIRURJICOS ORUGA AZUL * 12,0,0,"8,300",0
ALFA SAFE,7707228360109,GUANTE CIRUGIA ALFA TALLA 7,0,0,"1,600",0
ALFA SAFE,7707228360628,GUANTE DE NITRILO AZUL TALLA M *,100,0,"35,000",0
ALFA SAFE,7707228362912,GUANTE NITRILO NEGRO TALLA L * 100,0,0,"35,000",0
ALFA SAFE,7707228362905,GUANTE NITRILO NEGRO TALLA M * 100,0,0,"35,000",0
ALFA SAFE,7707228367535,GUANTE SILICONA TALLA S * 12 PARES,0,0,"14,000",0
ALFA SAFE,7707228367542,GUANTE SILICONA VINILO M PAR ALF *,0,0,"13,200",0
ALFA SAFE,7707228362264,GUANTES DE VINILO EXAMEN TALLA M *,0,0,"26,000",0
ALFA SAFE,7707228360093,GUANTES LATEX CON TALCO TALLA L *,10,0,"24,500",0
ALFA SAFE,7707228360079,GUANTES LATEX CON TALCO TALLA S *,10,0,"25,500",0
ALFA SAFE,7707228366873,JERINGA 5 ML ALFA,0,0,400,0
ALFA SAFE,7707228365623,JERINGA INSULINA 0.5 ML 30 G * 100,0,0,"56,000",0
ALFA SAFE,7707228364091,JERINGA INSULINA 0.5 ML* 31 G *,1000,0,"40,000",0
ALFA SAFE,7707228360680,SABANA AJUSTABLE DES AZUL * 10 UND,0,0,"4,700",0
ALFA SAFE,7707228361380,TAPABOCAS ALFASASE EMPAQ INDIVID *,0,0,"18,000",0
ALFA SAFE,7707228368853,TENSIOMETRO DIGITAL BRAZO B003 * 1,0,0,"123,000",0
ALFA SAFE,7707228361021,TERMOMETRO DIGITAL RIGIDO ESTANDAR,0,0,"16,000",0
ALFA SAFE,7707228360345,TERMOMETRO ORAL,0,0,"3,000",0
ALFA SAFE,7707228360949,VENDA DE YESO 3 X 5 YDS  ALFASAFE,0,0,"5,000",0
ALFA SAFE,7707228360956,VENDA DE YESO 4 X 5 YD,0,0,"8,400",0
ALFA SAFE,7707228360970,VENDA DE YESO 6 * 5 YD,0,0,"12,600",0
ALFA SAFE,7707364802198,VENDA ELASTICA 6 * 5,0,0,"3,000",0
ALFA SAFE,7707228368266,VENDA ELASTICA BLANCA 3 * 5 YD,0,0,"2,700",0
ALFA SAFE,7707228368280,VENDA ELASTICA BLANCA 5 * 5 YD,0,0,"4,100",0
ALFA SAFE,7707228368297,VENDA ELASTICA BLANCA 6 * 5 YD,0,0,"4,800",0
ALFA VITAMIN,676194963218,COLLAGEN C * 100 CAP,0,0,"80,000",0
ALFA VITAMIN,676194174195,GLUCOSAMINE * 90 CAP,0,0,"88,000",0
ALFA VITAMIN,676194960705,OMEGA 3 * 100 CAP,0,0,"86,000",0
ALFAMEDICAL,7707187611489,AGUJA HIPODERMICA 18 * 1 1/2 CJA *,0,0,"10,800",0
ALICORP COLO,7707178603035,BABY SOFT RINSE MANZANILLA CABELLO,0,0,"8,900",0
ALICORP COLO,7750243081580,BABY SOFT SHAMPOO CUIDADO DELICADO,0,0,"25,800",0
ALICORP COLO,7707178602793,BABY SOFT SHAMPOO ULTRA PURO * 200,0,0,"6,300",0
ALICORP COLO,7707178603219,BABY SOFT SHAMPOO ULTRA PURO * 400,0,0,"12,400",0
ALIMENTOS TO,7702622429100,COLADA TONING 7 CEREALES FRESA *,100,0,"10,900",0
ALL GREAT,7707299081279,BARRA DE CHIA LINAZA Y ARANDANOS *,0,0,"3,000",0
ALL GREAT,7707299081309,BARRA DE MANI AVENA Y UVAS PASAS *,0,0,"2,600",0
ALL GREAT,7707299080890,VIVE PAN INTEGRAL FRUTOS ROJOS,0,0,"10,000",0
ALLEN PHARMA,8904159673158,TIARE 90 MG * 30 TAB,0,0,"112,000",0
ALLERGAN DE ,7707236679279,ACULAR LS GOTAS * 5 ML,0,0,"94,000",0
ALLERGAN DE ,7707236671549,ALBASOL * 15 ML,0,0,"39,100",0
ALLERGAN DE ,7707236678098,ALPHAGAN GOTAS * 5 ML,0,0,"26,500",0
ALLERGAN DE ,7707236677732,ALPHAGAN P GOTAS * 5 ML,0,0,"20,000",0
ALLERGAN DE ,7707236672041,BLEF 10 GOTAS * 15 ML,0,0,"31,000",0
ALLERGAN DE ,7707236670221,BLEFAMIDE GOTAS OFTAL * 5 ML,0,0,"33,000",0
"ALLERGAN DE 04994,",770723667,BOTOX 100 UI AMP,0,0,"749,100",0
ALLERGAN DE ,7707236670948,BOTOX 50 UI AMP,0,0,"339,600",0
ALLERGAN DE ,7707236671105,COMBIGAN OFTALMICA * 5 ML,0,0,"131,400",0
ALLERGAN DE ,7707236674953,COMBIGAN SOL OFT * 10 ML,0,0,"246,000",0
ALLERGAN DE ,7707236670290,CONJUNTIN S GOTAS * 5 ML,0,0,"50,500",0
ALLERGAN DE ,7707236679118,ENDURA GOTAS * 15 ML,0,0,"62,500",0
ALLERGAN DE ,7707236672119,FLUMEX GOTAS * 5 ML,0,0,"40,000",0
ALLERGAN DE ,7707236674465,FLUMEX NEO GOTAS * 5 ML,0,0,"26,500",0
ALLERGAN DE ,7707236675882,GANFORT SOL OFTALMICA * 3 ML,0,0,"88,000",0
ALLERGAN DE ,7707236678562,LACRIL GOTAS * 15 ML,0,0,"41,600",0
ALLERGAN DE ,7707236671570,LUMIGAN OFTALMICA * 3 ML,0,0,"81,700",0
ALLERGAN DE ,7707236675981,LUMIGAN RC OFTALMICA * 3 ML,0,0,"29,600",0
ALLERGAN DE ,7707236670832,OFLOX GOTAS * 5 ML,0,0,"74,000",0
ALLERGAN DE ,7707236674274,OPTIVE OFTALMICA * 15 ML,0,0,"63,500",0
ALLERGAN DE ,7707236673482,OZURDEX 0.7 MG IMPLANTE,0,0,0,0
ALLERGAN DE ,7707236677299,PRED-F OFTALMICO * 5 ML,0,0,"73,300",0
ALLERGAN DE ,7707236670658,PREDNEFRIN GOTAS * 5 ML,0,0,"39,500",0
ALLERGAN DE ,7707236679514,REFRESH TEARS GOTAS * 10 ML,0,0,"38,700",0
ALLERGAN DE ,7707236677985,REFRESH TEARS GOTAS * 15 ML,0,0,"51,900",0
ALLERGAN DE ,7707236670177,RELESTAT SOLUCION OFT * 5 ML,0,0,"113,600",0
ALLERGAN DE ,7707236673468,RESTASIS 0.05% * 30 VIALES,0,0,"236,500",0
ALLERGAN DE ,7707236672195,TOBRAGAN D GOTAS * 5 ML,0,0,"64,300",0
ALLERGAN DE ,7707236671860,ZYMARAN 0.3% GOTAS * 5 ML,0,0,"87,000",0
ALMIPRO ,7701684798261,ALMIPRO BAÃ‘O LIQ PIEL DELICADA *,20,0,"23,000",0
ALMIPRO ,7701684055364,ALMIPRO CREMA EXTRAHUMECTANTE *,1200,0,"23,500",0
ALMIPRO ,7701684000456,ALMIPRO CREMA EXTRAHUMECTANTE *,4500,0,"58,600",0
ALMIPRO ,7709880588440,ALMIPRO JABON DERMOLIMPIADOR * 100,0,0,"7,900",0
ALMIPRO ,7701684000128,ALMIPRO UNG PARA LA PAÃ‘ALITIS *,120,0,"39,700",0
ALMIPRO ,7701684000715,ALMIPRO UNG PARA LA PAÃ‘ALITIS *,300,0,"13,000",0
ALMIPRO ,7701684000135,ALMIPRO UNG PARA LA PAÃ‘ALITIS *,500,0,"67,500",0
ALMIPRO ,7701684055333,ALMIPRO UNG PARA LA PAÃ‘ALITIS *,600,0,"23,400",0
ALMIPRO ,7709880588471,PILI ACEITE DE NARANJA * 250 ML,0,0,"17,000",0
ALMIPRO ,701684962624,PILI JABON FACIAL * 250 ML,0,0,"35,000",0
ALMIPRO ,7701684055371,PILI LIMPIADOR LIQUIDO SYNDET *,2500,0,"32,600",0
ALPINA PRODU,7702001017171,ALPINA COMPOTA MANZANA PIÃ‘A * 113,0,0,"4,200",0
ALPINA PRODU,7702001048106,ALPINA KUMIS BOLSA * 1 LT,0,0,"9,800",0
ALPINA PRODU,7702001012053,ALPINA QUESO PARMESANO RALLADO *,100,0,"18,900",0
ALPINA PRODU,7702001054060,ALPINA REFRESCO FRUPER FRESA * 200,0,0,"2,000",0
ALPINA PRODU,7702001054084,ALPINA REFRESCO FRUPER MANGO * 200,0,0,"2,000",0
ALPINA PRODU,7702001043484,ALPINA REGENERIS CREMOSO FRESA *,100,0,"2,000",0
ALPINA PRODU,7702001043491,ALPINA REGENERIS CREMOSO MELOCOTON,0,0,"2,000",0
ALPINA PRODU,7702001117543,ALPINITO POUCH UVA-FRAMBUESA * 100,0,0,"3,400",0
ALPINA PRODU,7702001163205,AVENA ALPINA ORIGINAL BOTELLA *,2800,0,"5,100",0
ALPINA PRODU,7702001148547,COMPOTA ALPINA BABY GÃŒ CEREALES Y,0,0,"3,200",0
ALPINA PRODU,7702001148530,COMPOTA ALPINA BABY GÃŒ CEREALES Y,0,0,"3,200",0
ALPINA PRODU,7702001148462,COMPOTA ALPINA BABY GÃœ MANZANA *,10,0,"4,500",0
ALPINA PRODU,7702001148516,COMPOTA ALPINA BABY GÃœ PERA * 113,0,0,"4,500",0
ALPINA PRODU,77020010117171,COMPOTA ALPINA MANZANA PIÃ‘A * 113,0,0,"4,200",0
ALPINA PRODU,7702001148509,COMPOTA BABY GU DE MANZANA Y MANGO,0,0,"4,300",0
ALPINA PRODU,7702001011315,CREMOSINO * 380 GR,0,0,"13,700",0
ALPINA PRODU,7702001147229,FINESSE ALPINA MOUSSE CHOCOLATE *,10,0,"2,100",0
ALPINA PRODU,7702001147236,FINESSE ALPINA MOUSSE CHOCOLATE *,20,0,"4,000",0
ALPINA PRODU,7702001121779,FINESSE ALPINA QUESO MOZARELLA *,230,0,"10,300",0
ALPINA PRODU,7702001116096,GELATINA BOGGY PREMIO NARANJA VASO,0,0,"3,600",0
ALPINA PRODU,7702001147243,GELATINA FINESSE FRUTOS ROJOS *,1080,0,"1,800",0
ALPINA PRODU,7702001048007,KUMIS VASO * 150 GR,0,0,"3,600",0
ALPINA PRODU,7702001043361,LECHE BAJA EN GRASA *1 LT,0,0,"5,900",0
ALPINA PRODU,7702001045310,LECHE DESLACTOSADA *1000 ML,0,0,"8,600",0
ALPINA PRODU,7702001045501,LECHE DESLACTOSADA BOLSA X 900 ML,0,0,"4,800",0
ALPINA PRODU,7702001045556,LECHE DESLACTOSADA MAXILITRO *1100,0,0,"7,300",0
ALPINA PRODU,7702001045051,LECHE ENTERA *1000 ML,0,0,"9,900",0
ALPINA PRODU,7702001045280,LECHE ENTERA *900 ML,0,0,"5,200",0
ALPINA PRODU,7702001020355,MANTEQUILLA CON SAL *125 GR,0,0,"9,500",0
ALPINA PRODU,7702001024018,NECTAR ALPINA FRUTTO  MANZANA *200,0,0,"2,900",0
ALPINA PRODU,7702001024025,NECTAR ALPINA FRUTTO DURAZNO * 200,0,0,"2,900",0
ALPINA PRODU,7702001146772,NECTAR ALPINA FRUTTO DURAZNO * 965,0,0,"4,900",0
ALPINA PRODU,7702001146765,NECTAR ALPINA FRUTTO MANZANA * 965,0,0,"4,900",0
ALPINA PRODU,7702001148769,NECTAR FRUTTO DURAZNO SIN AZUCAR *,0,0,"2,400",0
ALPINA PRODU,7702001148745,NECTAR FRUTTO MANZANA SIN AZUCAR *,0,0,"2,400",0
ALPINA PRODU,7702001148752,NECTAR FRUTTO MORA SIN AZUCAR *,3000,0,"2,400",0
ALPINA PRODU,7702001016839,PAPILLA ALPINA BABY TRIGO MIEL *,120,0,"2,700",0
ALPINA PRODU,7702001016068,QUESO CAMPO X 250 GRS,0,0,"10,900",0
ALPINA PRODU,7702001085323,QUESO FINESSE X 15 TAJADAS,0,0,"9,800",0
ALPINA PRODU,7702001018444,QUESO FINESSE X 300 GRS,0,0,"11,500",0
ALPINA PRODU,7702001011391,QUESO HOLANDES NAVIDEOX TAJAD X,2500,0,"17,900",0
ALPINA PRODU,7702001011056,QUESO MOZARELLA  15 TAJADAS,0,0,"8,500",0
ALPINA PRODU,7702001015603,QUESO MOZARELLA X 250 GRS,0,0,"7,500",0
ALPINA PRODU,7702001041985,REGENERIS ALPINA *1000 ML,0,0,"10,000",0
ALPINA PRODU,7702001160068,SNACK QUESO SOPO DESHIDRATADO * 23,0,0,"6,000",0
ALPINA PRODU,7702001046416,YOGO YOGO MORA *1 LT,0,0,"6,900",0
ALPINA PRODU,7702001042630,YOGURT ALPINA CREMOSO MELOCOTON X,10,0,0,0
ALPINA PRODU,7702001041718,YOGURT ALPINA FINESSE CON MUSLI *,10,0,"3,300",0
ALPINA PRODU,7702001047390,YOGURT ALPINA ORIGINAL APLINA *,9000,0,"11,000",0
ALPINA PRODU,7702001158669,YOGURT ALPINA ORIGINAL COCADA *150,0,0,"2,800",0
ALPINA PRODU,7702001042012,YOGURT ALPINA ORIGINAL FRESA * 150,0,0,"3,300",0
ALPINA PRODU,7702001158652,YOGURT ALPINA ORIGINAL LULADA *150,0,0,"2,800",0
ALPINA PRODU,7702001042029,YOGURT ALPINA ORIGINAL MELOCOTON *,0,0,"3,300",0
ALPINA PRODU,7702001053971,YOGURT ALPINA UVA PASAS AREQUIPE *,0,0,"2,900",0
ALPINA PRODU,7702001042746,YOGURT FINESSE ALPINA MELOCOTON X,10,0,0,0
ALPINA PRODU,7702001155132,YOGURT FINESSE ALPINA NATURAL *180,0,0,"3,500",0
ALPINA PRODU,7702001148929,YOGURT GRIEGO LIMON DOBLE PROTEINA,0,0,"5,500",0
ALPINA PRODU,7702001163953,YOGURT GRIEGO MORA Y ARANDANOS CON,0,0,"5,800",0
ALPINA PRODU,7702001162550,YOX CON MENTALIS FRUTOS ROJOS *,1000,0,"2,600",0
ALTADIS ,5600860331907,PRAVAFEN * 30 CAP,0,0,"240,900",0
AMAREY - NOV,7896226503349,DORMICUM 5 MG X 10 AMP,0,0,"72,000",0
AMAREY - NOV,612197622608,ENTEREX DIABETIC LIQ CHOCOLATE * 8,0,0,"11,500",0
AMAREY - NOV,612197255554,ENTEREX KIDZ VAINILLA LIQUIDO *,2370,0,"21,100",0
AMAREY - NOV,7707190471247,ENTEREX PROTEINEX POLVO * 275 GR,0,0,"84,050",0
AMAREY - NOV,8025153007821,FOSTER NEXTHALER 100MCG/6 MCG *,1200,0,"139,000",0
AMAREY - NOV,612197735551,GLUTAPAK R * 3 S/S,0,0,"92,900",0
AMAREY - NOV,7640128010395,KONAKION M.M. 10 MG * 5 AMP,0,0,"40,000",0
AMAREY - NOV,7702715091214,SOLUCORTEF 500 MG AMP,0,0,"80,000",0
AMERICA ,7703006016312,BIOLADIENT ENDULSANTE * 50 S/S,0,0,"10,800",0
AMERICA ,7703006086339,BIOLADIET * 500 TAB,0,0,"23,800",0
AMERICA ,7703006009338,BIOLADIET DISPENSADOR * 150 TAB,0,0,"10,591",0
AMERICA ,7703006322314,BIOLADIET POLVO * 280 GR,0,0,0,0
AMERICA ,7703006779330,CIFLOXAL 500 MG * 10 TAB,0,0,"25,000",0
AMERICA ,7703006154359,CLARIBAC 500 MG * 10 TAB,0,0,0,0
AMERICA ,7703006650332,COXAMER 15 MG * 10 TAB,0,0,"28,500",0
AMERICA ,7703006653333,COXAMER 7.5 MG * 10 TAB,0,0,0,0
AMERICA ,7703006132333,DISEREC 50 MG *  1 TAB,0,0,0,0
AMERICA ,7703006131336,DISEREC 50 MG * 2 TAB,0,0,"15,000",0
AMERICA ,7703006004326,HEMOVIRON F * 360 ML,0,0,0,0
AMERICA ,7703006571330,IBUMER 600 MG * 40 TAB,0,0,0,0
AMERICA ,7703006159330,IBUMER 800 MG * 40 TAB,0,0,0,0
AMERICA ,7703006139332,LADIET * 500 TAB,0,0,0,0
AMERICA ,7703006321317,LADIET POLVO * 280 GR,0,0,0,0
AMERICA ,7703006341339,METACET * 30 TAB,0,0,"29,000",0
AMERICA ,7703006114360,SULTALBAC 250MG/5ML * 60 ML,0,0,"69,000",0
AMERICA ,7703006101346,",7TRIAGEM * 15 GR",0,0,0,0
AMERICA ,7703006337325,X-PECTORYL * 120 ML,0,0,"14,500",0
ANGLOPHARMA,7707035510629,ACICLOVIR SUSP * 90 ML,0,0,"18,500",0
ANGLOPHARMA,7707035510643,ACIDO ACETILSALICILICO 100 MG *,1000,0,"20,000",0
ANGLOPHARMA,7707035510650,ACIDO ACETILSALICILICO 100 MG *,2500,0,"30,000",0
ANGLOPHARMA,7707035540022,ALBENDAZOL * 2 TAB,0,0,0,0
ANGLOPHARMA,7707035541029,AMBROXOL 30 MG * 120 ML,0,0,0,0
ANGLOPHARMA,7707035510025,AMETREX JBE * 120 ML,0,0,"10,000",0
ANGLOPHARMA,7707035540053,AMOXICILINA 125 MG SUSP * 60ML,0,0,0,0
ANGLOPHARMA,7707035540046,AMOXICILINA 500 MG * 50 CAPS,0,0,"20,000",0
ANGLOPHARMA,7707035581698,BELAPRONT * 30 CAP,0,0,"25,000",0
ANGLOPHARMA,7707035580653,BETAMETASONA 0.05% CREMA TOPICA *,40,0,"12,000",0
ANGLOPHARMA,7707035510049,BILSYL 150 MG * 20 TBS,0,0,"14,000",0
ANGLOPHARMA,7709990186772,CANDIFINE * 15 TAB,0,0,"52,300",0
ANGLOPHARMA,7707035510124,CEPRAX 250 MG * 60 ML,0,0,"23,000",0
ANGLOPHARMA,7707035540206,CLONIDINA 150 MCG * 50 TAB,0,0,"7,900",0
ANGLOPHARMA,7707035540251,DICLOXACILINA 125 MG SUSP * 80 ML,0,0,0,0
ANGLOPHARMA,7707035510223,ERITROMICINA PANAMICYN 500 MG * 50,0,0,"32,700",0
ANGLOPHARMA,7707035510957,FLUCONAZOL 200 MG * 10 TAB,0,0,0,0
ANGLOPHARMA,7707035581704,GERASLAND * 30 TAB,0,0,"20,000",0
ANGLOPHARMA,7707035510063,HIDROXIDO ALUMINIO + SIMET MANGO *,0,0,"18,000",0
ANGLOPHARMA,7707035510056,HIDROXIDO ALUMINIO + SIMET MENTA *,0,0,"34,000",0
ANGLOPHARMA,77011725,KETOCONAZOL SUSP * 30 ML,0,0,0,0
ANGLOPHARMA,7707035540442,METOCARBAMOL 500MG  CJA *,500,0,"19,450",0
ANGLOPHARMA,7707035510216,MUCOTROP,0,0,0,0
ANGLOPHARMA,7707035510841,NAPROXENO SUSP * 80 ML,0,0,"15,700",0
ANGLOPHARMA,7707035510292,PIREL * 6 TABLS,0,0,"19,000",0
ANGLOPHARMA,7707035510285,PIREL 250 MG * 3 TAB,0,0,"13,000",0
ANGLOPHARMA,7707035511299,PIREL SUSP * 30 ML,0,0,"21,400",0
ANGLOPHARMA,7707035541104,PROPRANOLOL 80 MG * 20 TABLS,0,0,0,0
ANGLOPHARMA,7707035511312,SUPRIM-D * 20 TBL,0,0,"8,100",0
ANGLOPHARMA,7707035511169,SUPRIM-D 500 MG * 30 TAB,0,0,"25,000",0
ANGLOPHARMA,7707035510346,TEOLIXIR * 240 ML,0,0,"23,000",0
ANGLOPHARMA,7707035511510,TRINSICON * 20 GR,0,0,"15,000",0
ANGLOPHARMA,7707035510391,VERAN D 40MG * 1 AMP,0,0,"8,000",0
ANTIOQUIA AG,7702049001712,AGUARDIENTE ANTIOQUEÃ‘O CENTENARIO,0,0,"70,300",0
ANTIOQUIA AG,7702049000449,AGUARDIENTE ANTIOQUEÃ‘O ROJA * 375,0,0,"29,500",0
ANTIOQUIA AG,7702049400072,CREMA DE RON MEDELLIN 8 AÃ‘OS *,7500,0,"80,400",0
ANTIOQUIA AG,7702049101153,RON MEDELLIN 3 AÃ‘OS TETRAPACK *,100,0,"71,500",0
ANTIOQUIA AG,7702049100668,RON MEDELLIN GRAN RESERVA 12 AÃ‘OS,0,0,"105,300",0
ANTIOQUIA AG,7702049800490,RON MEDELLIN GRAN RESERVA 12 AÃ‘OS,0,0,"105,300",0
ANTIOXIDANTE,7707357830016,FINURA * 60 TAB,0,0,"142,600",0
ANTIOXIDANTE,7707357830047,FINURA KIT * 60 TAB PAGUE 2 LLEVE,30,0,"306,000",0
ANTIOXIDANTE,7707357830030,PROFITECH * 55 CAP,0,0,"95,600",0
ANTIOXIDANTE,7707357830115,VIATSA ANTIOXIDANTECH EMULSION *,300,0,"177,700",0
ANYELUZ ,7709022735169,ACONDICIONADOR ACEITE DE ARGAN *,500,0,"31,600",0
ANYELUZ ,7708928066155,BIOTERAPIA CAPILAR CON ROMERO *,3000,0,"40,000",0
ANYELUZ ,7707407487634,CREMA PARA PEINAR AFRO Y CURLY *,300,0,"38,000",0
ANYELUZ ,7707957514859,CREMA PARA PEINAR CON BANANO * 250,0,0,"36,000",0
ANYELUZ ,7707957514453,MASCARILLA NUTRITIVA DE BANANO *,300,0,"43,000",0
ANYELUZ ,7709022735190,SHAMPOO CON CEBOLLA + BIOTINA *,5000,0,"43,000",0
ANYELUZ ,7709022735183,TRATAMIENTO CAPILAR DE CRECIMIENTO,0,0,"43,500",0
ANYELUZ ,7709022735114,TRATAMIENTO CAPILAR NUTRITIVO *,5000,0,"40,300",0
APEX ,7595751002609,PRESTOBARBA APEX LEGACY 4 HOJAS *2,0,0,"8,000",0
APEX ,7595751002616,PRESTOBARBA APEX VELVET 4 HOJAS *2,0,0,"8,000",0
APOTECARIUM ,7702178000723,CLEARIN * 30 S/S,0,0,0,0
APOTECARIUM ,7702178000686,CLEARIN * 60 TAB,0,0,0,0
APOTECARIUM ,7702178000419,DACROSIL INHALADOR * 120 DOSIS,0,0,0,0
APOTECARIUM ,7702178000099,IBUPIRETAS JBE * 120 ML,0,0,0,0
APOTECARIUM ,7702178000631,LOKAR 70 MG * 10 TAB,0,0,0,0
APOTECARIUM ,7702178000693,MASLAR * 60 CAP,0,0,0,0
APOTECARIUM ,7702178000358,NITERAT GOTAS * 5 ML,0,0,0,0
APOTECARIUM ,7702178000310,PAKADEL 20 MG * 20 COMP,0,0,0,0
APOTECARIUM ,7702178000136,PANDOMIL 50 MG * 10 COMP,0,0,0,0
APOTECARIUM ,7702178000365,PREHISTAM 6/200 MCG INHALADOR *,1200,0,0,0
APOTECARIUM ,7702178000150,PRETIR 15 MG * 22.5 ML,0,0,0,0
APOTECARIUM ,7702178000549,PROTENAL E * 60 CAP,0,0,0,0
APOTECARIUM ,7702178000181,ROKSO 20 MG * 20 TAB,0,0,0,0
APOTECARIUM ,7702178000501,SOLDANA * 60 COMP,0,0,0,0
APOTECARIUM ,7702178000495,TERZY TEARS GOTAS * 5 ML,0,0,0,0
APOTECARIUM ,7702178000518,VITAMINAS ATLAS * 400 GR,0,0,"55,000",0
ARMOFAR ,7707067510598,CALCYTEROL * 400 GR,0,0,0,0
ARMOFAR ,7707067510000,DERMATOMICOL * 20 GR,0,0,"11,000",0
ARMOFAR ,7707067510017,ENZIMAR * 30 TAB,0,0,"19,800",0
ARMOFAR ,7707067510024,ENZIMAR E * 30 GRAG,0,0,"31,000",0
ARMOFAR ,7707067510741,FERRITIN * 240 ML,0,0,0,0
ARMOFAR ,7707067510734,FERRITIN FOL * 240 ML,0,0,0,0
ARMOFAR ,7707067510680,LARVISOL * 30 ML,0,0,"36,000",0
ARMOFAR ,7707067510697,LARVISOL * 60 ML,0,0,"25,000",0
ARMOFAR ,7707067510079,QUIMAR GOTAS * 30 ML,0,0,"10,000",0
ARMOFAR ,7707067510543,SECNIAMEB POLVO * 15 ML,0,0,"18,000",0
ARMOFAR ,7707067510260,SINAXAR * 30 TAB,0,0,"21,200",0
ARMOFAR ,7707067510277,SINAXAR A * 20 TAB,0,0,"33,000",0
ARMOFAR ,7707067510222,TUSSINAR * 120 ML,0,0,"28,000",0
ASEPTIC ,7704941030050,COMPLEJO B GOTAS * 30 ML,0,0,"6,000",0
ASEPTIC ,7704941020051,JARABE YODADO * 180 ML,0,0,"18,500",0
ASEPTIC ,7704941080246,LEVADURA * 10 AMP,0,0,"70,400",0
ASEPTIC ,7704941110264,LEVADURA * 5 AMP,0,0,"48,400",0
ASPEN COLOMB,7502253073273,ARGEL COLAGENO HIDROLIZADO NARANJA,0,0,"120,000",0
ASPEN COLOMB,770328340348,",77EFEXOR XR 75 MG * 30 CAP",0,0,"30,100",0
ASPEN COLOMB,7702134505194,EPAMIN JBE * 240 ML,0,0,"54,500",0
ASPEN COLOMB,6091403206339,LANVIS * 25 CAP,0,0,"950,000",0
ASPEN COLOMB,74410262,LECHE DE MAGNESIA PHILLIPS MENTA *,0,0,"15,200",0
ASPEN COLOMB,6091403206308,LEUKERAN 2 MG * 25 TAB,0,0,"315,500",0
ASPEN COLOMB,7703283401313,LYRICA 75 MG * 14 CAP,0,0,"25,100",0
ASPEN COLOMB,7703283129033,NORVAS 5 MG * 30 TAB,0,0,"215,400",0
ASPEN COLOMB,7707213870255,OVESTIN 0.5 MG * 15 OVULOS,0,0,"54,000",0
ASPEN COLOMB,7703283400040,VIAGRA 50 MG * 2 TAB,0,0,"31,900",0
ASPEN COLOMB,7703283400101,VIAGRA 50 MG * 4 TAB,0,0,"50,500",0
ASPEN COLOMB,7702715002357,XALACOM GOTAS * 2.5 ML,0,0,"35,400",0
ASPEN COLOMB,7317962960222,XALATAN 50 MG * 2.5 ML,0,0,"22,400",0
ASPEN COLOMB,1210001170896,ZOLOF 20 MG * 60 ML,0,0,"172,100",0
ASPEN COLOMB,7703283113018,ZOLOF 50 MG * 10 TAB,0,0,"127,500",0
ASPEN COLOMB,7703283401504,ZOLOF 50 MG * 20 TAB,0,0,"157,500",0
ASPEN COLOMB,7703283405953,ZOLOF 50 MG * 30 TAB,0,0,"188,200",0
ASTRAZENECA ,5000456074223,BREZTRI AEROSPHERE 160/7.2/5.0 MCG,0,0,"279,400",0
ASTRAZENECA ,7896206405205,CRESTOR 40 MG * 10 TAB,0,0,"160,000",0
ASTRAZENECA ,7321831621657,NEXIUM 10 MG * 28 S/S,0,0,"170,800",0
ASTRAZENECA ,5000456021067,SYMBICORT RAPIHALER 160/4.5 MG *,120,0,"118,300",0
ASTRAZENECA ,5000456021074,SYMBICORT RAPIHALER 80/4.5 MG *,1200,0,"60,400",0
ASTRAZENECA ,7321831612198,SYMBICORT TURBOHALER 320/9 MG * 60,0,0,"120,000",0
ASTRAZENECA ,7321831612006,SYMBICORT TURBUHALER 160/4.5 MG *,10,0,"120,000",0
ASTRAZENECA ,7321831611962,SYMBICORT TURBUHALER 160/4.5 MG *,60,0,"60,000",0
ASTRAZENECA ,7702870070420,ZOFREX 5MG/100 ML,0,0,"600,000",0
ASTRAZENECA ,5000455006072,ZOLADEX 3.6 MG * 1 AMP,0,0,"351,500",0
ATHOS ,7707069719074,*VASELINA * 200 GR,0,0,"6,000",0
ATHOS ,7705471100121,ACEITE DE NARANJA * 250 ML,0,0,"10,000",0
ATHOS ,7707069711801,ACIDO BORICO BOLSA * 200 GR,0,0,"5,000",0
ATHOS ,7705471205987,ATHOS ACEITE CORPORAL CON COCO *,120,0,"9,000",0
AULEN PHARMA,7707271452202,ALITOPIC SYNDENT GEL DE DUCHA *,3000,0,"98,100",0
AULEN PHARMA,7707271451267,CARNOTPRIM 12H 15 MG * 20 COMP,0,0,"15,000",0
AULEN PHARMA,7707271451014,DAVECTIN GOTAS * 5 ML,0,0,"18,400",0
AULEN PHARMA,7707271451496,DOSTEIN * 90 ML,0,0,"38,700",0
AULEN PHARMA,7707271451106,DROXIA JBE * 120 ML,0,0,0,0
AULEN PHARMA,7707271452103,FOLIFORT REPARAGE SUERO CAPILAR *,50,0,"110,000",0
AULEN PHARMA,7707271451038,HYDRACORT LOCION * 60 ML,0,0,0,0
AULEN PHARMA,7707271451458,INFALIN DUO * 10 ML,0,0,0,0
AULEN PHARMA,7594002620074,LACTEOL FORT * 6 S/S,0,0,"48,200",0
AULEN PHARMA,7501124181857,LIBERTRIM * 30 ML,0,0,"74,600",0
AULEN PHARMA,7707271451250,LIBERTRIM SII 200 MG * 24 COMP,0,0,"92,600",0
AULEN PHARMA,7707274980108,MAXIPRO UV LOCION * 60 ML,0,0,0,0
AULEN PHARMA,7707271451755,PILCRECE CONTROL CAIDA LOCION *,1000,0,"110,000",0
AULEN PHARMA,7707271451090,SCRUBEL GEL LIMPIADORA * 120 GR,0,0,0,0
AULEN PHARMA,7707271451748,SUNCARE ANTIOX P/SOLAR SPF 30 * 30,0,0,"49,300",0
AULEN PHARMA,7707271451021,SUNCARE CREMA SPF 50 * 60 ML,0,0,"79,000",0
AUROBINDO,8901175004843,ABACAVIR 600 MG +LAMIVUDINA 300 MG,0,0,"108,000",0
AUROBINDO,8901175020911,CEFALOTINA 1 GR AMP,0,0,"3,200",0
AUROBINDO,8901175027934,DU TWO 30 MG * 7 CAP,0,0,"56,500",0
AUROBINDO,8901175011797,EMTRICITABINA 200MG + TENOFOVIR,3000,0,"250,000",0
AUROBINDO,8901175031085,PIPERACILINA+TAZOBACTAN (AUROTAZ-P,0,0,"15,500",0
AUROBINDO,8901175000296,ZIDOVUDINA SOLUCION ORAL 10MG/ML *,0,0,"40,000",0
AVANPHARMA S,7700598000125,PREVESCAR CREMA ANTI ESCARAS * 400,0,0,"49,300",0
AVENT ,8710103787662,AVENT CHUPO ULTRA SOFT 6-18 M AZUL,0,0,"42,000",0
AVENT ,8710103943914,AVENT EXTRACTOR DE LECHE MANUAL,0,0,"240,800",0
AVENT ,5012909010917,AVENT MAMILA FLUJO RAPIDO AIRFLEX,0,0,"15,500",0
AVENT ,8710103907763,AVENT PEZONERA SILICONA,0,0,"75,300",0
AVENT ,8710103494386,AVENT TETERO  PP *4 ONZAS * 125 ML,0,0,"24,200",0
AVENT ,8710103624301,AVENT TETERO NATURAL 2.0 4OZ,0,0,"35,000",0
AVENT ,8710103561514,AVENT TETERO NATURAL 20 *9 OZ,0,0,"57,500",0
AVENT ,8710103624332,AVENT TETERO NATURAL 20 4OZ ROSADO,0,0,"70,000",0
AVENT ,8710103534761,AVENT TETINA NATURAL 20 PREPARADOS,0,0,"48,900",0
AVENT ,5012909010948,AVENT TETINAS FLUJO ESPESO CLASICO,0,0,"15,400",0
AVENT ,8720689006699,TETERO AVENT NATURAL AIRFREE 0M+ *,0,0,"68,000",0
AVENT ,8720689006415,TETERO NATURAL 3.0 1M+  ELEFANTE *,0,0,"89,000",0
AVENT ,8720689006712,TETERO NATURAL AIRFREE 3.0 1M+ * 9,0,0,"82,000",0
AXON PHARMA,7594002620128,ANDROGEL 50 MG * 4 S/S,0,0,"60,000",0
AXON PHARMA,5413895021466,AZARGA GOTAS * 5 ML,0,0,"118,700",0
AXON PHARMA,3662042000249,BLEPHAGEL DUO * 40 GR,0,0,"109,000",0
AXON PHARMA,7640107472725,BRONCHO VAXON ADULTO * 30 CAP,0,0,"343,200",0
AXON PHARMA,7704403005121,BRONCHO VAXON PED * 10 CAP,0,0,"134,000",0
AXON PHARMA,5702191007213,DAIVONEX CREMA * 30 GR,0,0,"119,000",0
AXON PHARMA,5702191007459,",5DAIVONEX UNG * 30 GR",0,0,"152,500",0
AXON PHARMA,5413895021565,DUOTRAV GOTAS * 2.5 ML,0,0,"61,000",0
AXON PHARMA,7702502223606,ELOCOM LOCION X 30 ML,0,0,"123,000",0
AXON PHARMA,3583316669255,FLORATIL * 6 CAP,0,0,"49,000",0
AXON PHARMA,3583313646556,FLORATIL PED * 6 S/S,0,0,"45,500",0
AXON PHARMA,5702191007060,FUCITHALMIC GOTAS * 5 ML,0,0,"77,700",0
AXON PHARMA,7707351592965,LINIMENTO MUSCULAR OUTDOL GEL * 24,0,0,"65,000",0
AXON PHARMA,7707351592705,LINIMENTO MUSCULAR OUTDOL SPRAY *,10,0,"28,000",0
AXON PHARMA,7707351592491,LINIMENTO MUSCULAR OUTDOL SPRAY *,60,0,"16,500",0
AXON PHARMA,3518646673016,MARIMER BABY ASPIRADOR NASAL,0,0,"60,000",0
AXON PHARMA,3518646672026,MARIMER BABY ISOTONICO SPRAY NASAL,0,0,"83,400",0
AXON PHARMA,3518646672033,MARIMER HIPERTONICO BABY * 100 ML,0,0,"86,600",0
AXON PHARMA,3518646672019,MARIMER HIPERTONICO NASAL SPRAY *,10,0,"94,600",0
AXON PHARMA,3518646672002,MARIMER ISOTONICO NASAL SPRAY *,1000,0,"81,500",0
AXON PHARMA,7501088616150,MAXITROL GOTAS * 5 ML,0,0,"57,900",0
AXON PHARMA,7709806312395,MUNO * 20 S/S,0,0,"49,700",0
AXON PHARMA,7804651290055,MUNOKIDS * 30 COMP,0,0,"103,900",0
AXON PHARMA,7702715002395,NAABAK 4.9% * 5 ML,0,0,"145,000",0
AXON PHARMA,7702502015959,NASONEX 10 GR NASAL *60 DOSIS,0,0,"93,000",0
AXON PHARMA,7612797416891,NEVANAC 0.1% OFTENO * 5 ML,0,0,"57,500",0
AXON PHARMA,7702092727720,ROCALTROL 0.50 MG * 30 CAP,0,0,"80,500",0
AXON PHARMA,7707290879035,SEN INTIMO LUBRICANTE CALIENTE *,300,0,"28,000",0
AXON PHARMA,7702715002432,SICCAFLUID 2.5% GEL OFTALMICO * 10,0,0,"82,000",0
AXON PHARMA,7804651290062,STABILIA * 28 S/S,0,0,"67,200",0
AXON PHARMA,7707351591791,SULFASIL POLVO * 18 GR,0,0,"17,000",0
AXON PHARMA,7707351590831,SUNXOL KIDS 60 SPF * 30 S/S,0,0,"60,000",0
AXON PHARMA,7707351596277,SUPOGLIX SUPOSITORIO GLICERINA PED,0,0,"31,000",0
AXON PHARMA,7501088616204,TOBRADEX SUSP * 5 ML,0,0,"96,300",0
AXON PHARMA,7704403005909,URO VAXOM * 30 CAP,0,0,"327,200",0
AXON PHARMA,7707351591845,VAGYLIN CREMA VAGINAL * 20 GR,0,0,"40,500",0
AXON PHARMA,7896548197806,VIGADEXA GOTAS * 5 ML,0,0,"137,300",0
AXON PHARMA,7612797411902,VIGAMOX 0.5% * 5 ML,0,0,"36,700",0
AXON PHARMA,7501326048422,VYTORIN 10/10 MG X 28 COMPS,0,0,"48,900",0
AXON PHARMA,7501326048453,VYTORIN 10/20MG * 28 COMP,0,0,"100,300",0
AXON PHARMA,7501326048460,VYTORIN 10/40 MG X 14 COMPS,0,0,"88,000",0
AXON PHARMA,7501326048477,VYTORIN 10/80 MG X 14 COMPS,0,0,"170,300",0
AXON PHARMA,7702502021271,ZETIA 10 MG * 30 TAB,0,0,"147,100",0
AXON PHARMA,7501050609180,ZETIA X 21 TABLS,0,0,"91,400",0
AXON PHARMA,7501050609173,ZETIA X 7 TABLS,0,0,"31,900",0
BABARIA ,8410412506984,BABARIA AGUA DE COLONIA ROYALE *,600,0,"15,500",0
BABARIA ,8410412370011,BABARIA BABY SHAMPOO * 500 ML GRT,10,0,"16,700",0
BABARIA ,8410412020138,BABARIA BODY MILK LECHE CORPORAL *,0,0,"30,000",0
BABARIA ,8410412100328,BABARIA CREMA CORPORAL + VITA E *,40,0,"32,000",0
BABARIA ,8410412020930,BABARIA DESO BODY SPRAY SPLASH FOR,0,0,"12,200",0
BABARIA ,8410412280167,BABARIA DESODORANTE AVENA ROLLON *,0,0,"15,000",0
BABARIA ,8410412020183,BABARIA GEL DE BAÃ‘O ALMENDRAS *,750,0,"17,100",0
BABARIA ,8410412504010,BABARIA GEL DE BAÃ‘O CLASSIC SPA *,0,0,"15,400",0
BABARIA ,8410412059510,BABARIA GEL DE BAÃ‘O ROSA MOSQUETA,0,0,"20,400",0
BABARIA ,8410412028516,BABARIA JABON INTIMO * 300 GR,0,0,"13,500",0
BABARIA ,8410412100069,BABARIA SERUM ACIDO HIALURONICO *,30,0,"45,000",0
BABARIA ,8410412027205,BABARIA SHAMPOO DE MANZANILLA *,7500,0,"17,100",0
BAGO DE COLO,7703158001655,ATEMPERATOR * 120 ML,0,0,"38,500",0
BAGO DE COLO,7703158002393,BUTIMERIN SPRAY * 120 ML,0,0,"67,800",0
BAGO DE COLO,7703158002508,CUAIT D * 40 COMP,0,0,"72,200",0
BAGO DE COLO,7703158002546,CUAIT-D * 120 COMP,0,0,"162,500",0
BAGO DE COLO,7703158002683,DIOXAFLEX * 2 PARCHES,0,0,"43,100",0
BAGO DE COLO,7703158007114,DRILYNA 5 MG * 10 CAP,0,0,"67,600",0
BAGO DE COLO,7703158007121,DRILYNA JBE * 120 ML,0,0,"60,000",0
BAGO DE COLO,7703158004021,METARSAL * 10 OVULOS,0,0,"45,000",0
BAGO DE COLO,7703158004007,METARSAL * 120 ML,0,0,"53,300",0
BAGO DE COLO,7703158004014,METARSAL N * 18 CAP,0,0,"59,300",0
BAGO DE COLO,7703158004038,MODIUR 1 MG * 40 COMP,0,0,"51,600",0
BAGO DE COLO,8433042001667,SOMAZINA 500 MG * 10 TAB,0,0,"152,700",0
BAGO DE COLO,7703158009828,TRIFAMOX IBL DUO * 30 ML,0,0,"78,500",0
BAGO DE COLO,7703158009835,TRIFAMOX IBL DUO * 60 ML,0,0,"102,500",0
BAGO DE COLO,7703158008173,VENOSTASIN RETARD 5 MG * 30 CAP,0,0,"113,900",0
BAVARIA S.A.,7702004002525,CERVEZA AGUILA * 473 ML,0,0,"3,000",0
BAVARIA S.A.,7702004003270,CERVEZA AGUILA FUSION BOTELLA *,3300,0,"2,500",0
BAVARIA S.A.,7702004003249,CERVEZA AGUILA FUSION LIMON LATA *,0,0,"3,000",0
BAVARIA S.A.,7702004002068,CERVEZA AGUILA LIGHT BOTELLA * 330,0,0,"2,600",0
BAVARIA S.A.,7702004033406,CERVEZA AGUILA LIGHT BOTELLA * 330,0,0,"2,800",0
BAVARIA S.A.,7702004003010,CERVEZA AGUILA SIN ALCOHOL LATA *,30,0,"2,500",0
BAVARIA S.A.,87167597,CERVEZA AMSTERDAM EXPLORATOR * 500,0,0,0,0
BAVARIA S.A.,7707358310050,CERVEZA BBC CAJICA MIEL BOTELLA *,30,0,"4,500",0
BAVARIA S.A.,7702004009647,CERVEZA BBC LA COTIDIANA LATA *269,0,0,"2,600",0
BAVARIA S.A.,7707358313044,CERVEZA BBC RUBIA CAJICA MIEL LATA,0,0,"4,000",0
BAVARIA S.A.,7702004009463,CERVEZA BECKS LATA * 269 ML,0,0,"2,500",0
BAVARIA S.A.,7702004003935,CERVEZA CLUB COLOMBIA  ESPECIAL *,90,0,"13,000",0
BAVARIA S.A.,7702004004727,CERVEZA CLUB COLOMBIA DORADA * 269,0,0,"3,300",0
BAVARIA S.A.,7020040047417,CERVEZA CLUB COLOMBIA NEGRA LATA *,0,0,"2,400",0
BAVARIA S.A.,7702004003775,CERVEZA CLUB COLOMBIA NEGRA LATA *,0,0,"3,800",0
BAVARIA S.A.,7702004003614,CERVEZA CLUB COLOMBIA ROJA BOTELLA,0,0,"3,500",0
BAVARIA S.A.,7020040047349,CERVEZA CLUB COLOMBIA ROJA LATA *,20,0,"2,500",0
BAVARIA S.A.,7702004003621,CERVEZA CLUB COLOMBIA ROJA LATA *,30,0,"4,000",0
BAVARIA S.A.,7702004004482,CERVEZA CLUB COLOMBIA ROJA LATA *,30,0,"3,500",0
BAVARIA S.A.,08066145,CERVEZA CORONA EXTRA BOTELLA * 330,0,0,"5,200",0
BAVARIA S.A.,75032715,CERVEZA CORONA EXTRA BOTELLA * 355,0,0,"5,600",0
BAVARIA S.A.,080660956411,CERVEZA CORONA EXTRA BOTELLA * 710,0,0,"6,500",0
BAVARIA S.A.,08066844,CERVEZA CORONITA EXTRA BOTELLA *,210,0,"3,800",0
BAVARIA S.A.,7702004005649,CERVEZA COSTEÃ‘A BACANA BOTELLA *,30,0,"2,000",0
BAVARIA S.A.,7702004005601,CERVEZA COSTEÃ‘A BACANA LATA * 269,0,0,"3,100",0
BAVARIA S.A.,08374150012,CERVEZA GROLSCH * 500 ML,0,0,"4,500",0
BAVARIA S.A.,5410228141266,CERVEZA STELLA ARTOIS BOTELLA *,3300,0,"5,000",0
BAVARIA S.A.,7702004017024,COLA Y POLA * 269 ML,0,0,"3,000",0
BAVARIA S.A.,7702004016928,COLA Y POLA LIMONADA COCO LATA *,330,0,"2,500",0
BAVARIA S.A.,7503034941422,CORONA LIMON Y FRUTOS ROJOS LATA *,0,0,"7,500",0
BAVARIA S.A.,608875003258,HEINZ COMPOTA FRUTAS TROPICALES *,10,0,"4,200",0
BAVARIA S.A.,130000012403,HEINZ SALSA DE TOMATE FRASCO * 397,0,0,"14,500",0
BAVARIA S.A.,7503026724859,MIKES LIMON * 355 ML,0,0,"7,300",0
BAVARIA S.A.,7702004025753,PONY MALTA GO * 1 LT,0,0,"5,200",0
BAXTER ,0085412088655,ALBUMINA HUMANA 20% BOLSA * 50 ML,0,0,"120,000",0
BAXTER ,7707141300633,BOLSA NUTRICION PARENTERAL EVA *,500,0,0,0
BAXTER ,7707141301494,BOLSA VACIA P/ALIMENTACION ENTERAL,0,0,"30,400",0
BAXTER ,7707141349298,CLORURO DE SODIO  S.S. 9% * 250 ML,0,0,"4,800",0
BAXTER ,7707141349021,DEXTROSA 50% A.D * 500 ML,0,0,0,0
BAXTER ,7707141301104,ENDOXAN 1 GR * 1 AMP,0,0,"78,000",0
BAXTER ,7707141398821,EQUIPO BURETROL,0,0,"6,000",0
BAXTER ,7707141301524,EQUIPO CYSTOFLO * 2000 ML,0,0,"12,000",0
BAXTER ,7707141353684,EQUIPO CYSTOFLO * 500 ML,0,0,"10,000",0
BAXTER ,7707141318041,EQUIPO MACRO VENOCLISIS C/A,0,0,"3,000",0
BAXTER ,7707141363225,EQUIPO MICROGOTEO,0,0,0,0
BAXTER ,7707141302538,EQUIPO PARA IRRIGACION UR-EN Y X 1,0,0,0,0
BAXTER ,00085412071428,ISOFLURANO * 100 ML,0,0,"130,200",0
BAXTER ,7591463032040,KEFLIN 1 GR AMP,0,0,0,0
BAXTER ,7707141349359,LACTATO DE RINGER SLN HARTMAN *,5000,0,"4,000",0
BAXTER ,7707141350850,NUTRIFLO (BOLSA DE ALIMENTACION) *,0,0,"29,600",0
BAXTER ,77013828,QUIBICALCIUM * 10 ML,0,0,0,0
BAY VALLEY F,7702747008167,CREMA INSTANANEA OMA SIN LACTOSA *,0,0,"15,700",0
BAY VALLEY F,7702354002114,INSTACREM ORIGINAL SIN LACTOSA *,430,0,"16,000",0
BAY VALLEY F,7702354133009,INSTACREM ORIGINAL SIN LACTOSA *,450,0,"16,600",0
BAYER FARMA,7793640216339,ACTRON 600MG *10 CAP,0,0,"16,900",0
BAYER FARMA,7702123010562,AFRISAL HIPERTONICO AGUA DE MAR X,10,0,"68,200",0
BAYER FARMA,7415100400187,AMOXIBAY 250 MG SUSP X 75 ML,0,0,"20,000",0
BAYER FARMA,7703331029162,ANGELIQ * 28 GRAG,0,0,"40,900",0
BAYER FARMA,7501051101003,ASUNTOL JABON * 100 GR,0,0,"15,100",0
BAYER FARMA,7896116861535,AVADEN X 28 GRA,0,0,"111,300",0
BAYER FARMA,7702123409861,AVELOX 400 MG * 250 ML,0,0,"78,700",0
BAYER FARMA,7415100400101,AZIBAY 500 MG * 3 COMP,0,0,"69,000",0
BAYER FARMA,7415100400125,AZIBAY 600 MG SUSP * 15 ML,0,0,"46,300",0
BAYER FARMA,7415100400132,",7AZIBAY SUSP 900 MG X 22.5 ML",0,0,0,0
BAYER FARMA,7591165820020,BAYCUTEN N * 20 GR,0,0,"31,500",0
BAYER FARMA,7591165820013,BAYCUTEN N * 35 GR,0,0,"52,900",0
BAYER FARMA,7702123411567,BAYRO GEL * 20 GR,0,0,"31,500",0
BAYER FARMA,7702123004127,BAYRO GEL 5% * 20 GR,0,0,"31,500",0
BAYER FARMA,7702123409816,BAYRO I.M 1 GR * 1 AMP,0,0,"21,300",0
BAYER FARMA,7415100400279,CEFABAY 250 MG/5ML X 75 ML,0,0,"31,500",0
BAYER FARMA,7415100400262,CEFABAY 500 MG X 30 CAPS,0,0,"91,700",0
BAYER FARMA,7591165810489,CIPRO 500 MG * 8 TAB,0,0,"216,100",0
BAYER FARMA,7591165810090,CIPRO 500 MG *6 TAB,0,0,"124,900",0
BAYER FARMA,7702123005063,CIPRO 750 MG * 6 TAB,0,0,"230,000",0
BAYER FARMA,7591165810298,",7CIPRO XR 1000 MG X 3 TABLS",0,0,"123,600",0
BAYER FARMA,7591165810311,CIPRO XR 1000 MG X 7 TABLS,0,0,"212,500",0
BAYER FARMA,7896116835635,CLIANE X 28 TABLS,0,0,"92,700",0
BAYER FARMA,7591165880055,CORT DOME 1% CREMA X 30 GR,0,0,"24,500",0
BAYER FARMA,7703331101202,CUTACELAN X 30 GRS,0,0,"91,000",0
BAYER FARMA,7896116861139,DIANE 35 * 21 TAB,0,0,"15,000",0
BAYER FARMA,7702123405726,DOMEBORO * 25 S/S,0,0,"45,300",0
BAYER FARMA,7702123006862,DOMEBORO * 25 S/S,0,0,"45,300",0
BAYER FARMA,7703889154057,DUOVAGIN X 10 OVULOS,0,0,"24,800",0
BAYER FARMA,7415100400286,ENALABAY 20 MG X 30 TABLS,0,0,0,0
BAYER FARMA,7415100401429,FLUCOBAY 150 MG X 1 CAP,0,0,"46,600",0
BAYER FARMA,7415100401412,FLUCOBAY 150 MG X 2 CAP,0,0,"75,900",0
BAYER FARMA,4057601004193,GADOVIST 1 ML AMP,0,0,"142,000",0
BAYER FARMA,7501303458541,",7GYNODIAN DEPOT AMP",0,0,"80,400",0
BAYER FARMA,7896116861320,GYNOVIN X 21 GRAG,0,0,"66,000",0
BAYER FARMA,7703331103701,IOPA 300 MG X 50 ML,0,0,"73,400",0
BAYER FARMA,7702123411109,LEVITRA 10 MG X 1 TABL,0,0,"37,400",0
BAYER FARMA,7702123411123,LEVITRA 20 MG X 1 TABL,0,0,"57,500",0
BAYER FARMA,7702123411093,LEVITRA 5 MG X 4 TABLS,0,0,"55,500",0
BAYER FARMA,7795320018936,LINDISC 50 *4 PARCHE,0,0,"20,100",0
BAYER FARMA,7415100400170,",7LOSARBAY 100 MG X 30 TABLS",0,0,0,0
BAYER FARMA,7415100400163,LOSARBAY 50 MG X 30 TABLS,0,0,"103,000",0
BAYER FARMA,7896116861252,MELIANE LIGHT X 28 TABS,0,0,"84,000",0
BAYER FARMA,7896116861092,NEOGYNON CD X 28 GRAG,0,0,"15,000",0
BAYER FARMA,7591165840011,",7NIMOTOP 30MG *20 TAB",0,0,"135,300",0
BAYER FARMA,7501092796114,PANKREOFLAT N X 30 TABLS,0,0,"34,000",0
BAYER FARMA,7703331106900,PROGYLUTON X 21 GRAG,0,0,"41,600",0
BAYER FARMA,7501303483857,PROLUTON DEPOT 250 MGS AMP,0,0,"52,500",0
BAYER FARMA,7795320051254,QLAIRA * 28 COMP,0,0,"36,100",0
BAYER FARMA,7702123004752,QLAIRA * 28 COMP,0,0,"61,000",0
BAYER FARMA,7702123006879,SCHERISOLONA 5 MG X 30 TABS,0,0,"24,300",0
BAYER FARMA,7795320051155,ULTRAVIST 300 MG X 50 ML INY,0,0,"80,000",0
BAYER FARMA,7702123012412,XARELTO 20 MG * 30 COMP,0,0,"203,900",0
BAYER FARMA,7896116861610,YASMIN * 21 GRAG,0,0,"29,900",0
BAYER FARMA,7896116861733,YASMINIQ * 28 COMP,0,0,"30,000",0
BAYER OTC,7702123013600,ACID MANTLE GEL FACIAL PROB5 * 200,0,0,"60,000",0
BAYER OTC,7702123002826,ACID MANTLE LOCION * 120 ML,0,0,"27,300",0
BAYER OTC,7702123010395,ACID MANTLE LOCION * 400 ML GTS,1200,0,"59,200",0
BAYER OTC,7702123009139,AFRIN PEDIATRICO * 15 ML,0,0,"24,000",0
BAYER OTC,7702123011118,APRONAX 275 MG * 20 CAP,0,0,"39,000",0
BAYER OTC,7702123007760,APRONAX 275 MG * PAGUE 14 LLEVE 16,0,0,"31,700",0
BAYER OTC,7702123012771,APRONAX 275 MG * PAGUE 14 LLEVE 16,0,0,"32,000",0
BAYER OTC,7702092415825,BETHENE CREMA ADULTOS LIQ X 100 GR,0,0,"35,800",0
BAYER OTC,7702092562048,BETHENE CREMA PEDIATRICO TUBO * 30,0,0,"18,000",0
BAYER OTC,7702123014010,CAFIASPIRINA FORTE * 8 TAB LLEVE,120,0,"12,000",0
BAYER OTC,7702123001461,CANESTEN CREMA TOPICA * 20 GR,0,0,"13,100",0
BAYER OTC,7702123006732,CANESTEN CREMA TOPICA * 20 GR,0,0,"13,100",0
BAYER OTC,7702502017946,CLARIGRIP *24 TAB,0,0,"115,000",0
BAYER OTC,7702502017953,CLARIGRIP *50 TAB,0,0,"239,900",0
BAYER OTC,7702502241105,CLARITYNE * 10 TAB,0,0,"20,000",0
BAYER OTC,7702502017960,CLARITYNE D *10 TAB,0,0,"105,500",0
BAYER OTC,7702502017977,",7CLARITYNE D JBE X 60 ML",0,0,"65,000",0
BAYER OTC,7702502241006,CLARITYNE JBE X 100 ML,0,0,"70,000",0
BAYER OTC,7702502015676,CLARITYNE JBE X 60 ML,0,0,"65,000",0
BAYER OTC,7702123013938,GYNOCANESTEN BALANCE CREMA VAG * 7,0,0,"85,600",0
BAYER OTC,7591165820341,GYNOCANESTEN COMPRIMIDO VAG 100 MG,0,0,"30,000",0
BAYER OTC,7702123009351,MEXSANA AEROSOL PIES ANTIBACTERIAL,0,0,"44,500",0
BAYER OTC,7702123009375,MEXSANA AEROSOL PIES AVENA 2 UND *,0,0,"40,300",0
BAYER OTC,7702502019865,MEXSANA AEROSOL PIES ULTRA 2 UND *,0,0,"40,300",0
BAYER OTC,7702502015195,",7MEXSANA ANTITRANSPIRANTE SPRAY *",260,0,"17,500",0
BAYER OTC,7702502017335,",7MEXSANA LADY TALCO X 150 GRS  GTS",30,0,"12,100",0
BAYER OTC,7702502020533,MEXSANA TALCO * 150 GR,0,0,"19,500",0
BAYER OTC,7702502018424,MEXSANA TALCO AVENA * 150 GR,0,0,"20,900",0
BAYER OTC,7702123008378,MEXSANA TALCO EDICION 70 AÃ‘OS *,170,0,"10,100",0
BAYER OTC,7702502017342,MEXSANA TALCO X 150 GRS GTS 30 GRS,0,0,"14,800",0
BAYER OTC,7702123011002,MEXSANA TALCO X 300GR +85GR +30 GR,0,0,"30,000",0
BAYER OTC,7702123002871,NATELE * 28 CAP,0,0,"84,100",0
BAYER OTC,7702123001447,REDOXITOS NARANJA * 25 GOMAS,0,0,"6,900",0
BAYER OTC,7702123010784,REDOXITOS TOTAL GOMITAS 2 UND * 25,0,0,"23,400",0
BAYER OTC,7793640560838,REDOXON MASTIC NARANJA X 100,0,0,"40,000",0
BAYER OTC,7702123012092,REDOXON TOTAL 1 GR EFERV * 10 TAB,0,0,"24,100",0
BAYER OTC,7793640558712,SUPRADYN PRENATAL X 30 TABS,0,0,"66,521",0
BAYER OTC,7702123005452,TABCIN NOCHE *60 CAP,0,0,"92,300",0
BAYER OTC,7702123007890,TALCID * 60 TAB,0,0,"66,200",0
BAYER OTC,7702123826590,TALCID CEREZA X 50 TABLS,0,0,"19,800",0
BAYER OTC,7702123002109,TALCID SUSP FRUTAS TROPICALES *,1500,0,"30,800",0
BAYER OTC,7702123002116,TALCID SUSP FRUTAS TROPICALES X,3600,0,"37,000",0
BAYER OTC,7702502015362,TALCO SECCO *300 GR,0,0,"26,000",0
BAYER OTC,7702502017694,TALCO SECCO MEDICADO * 150 + 90 GR,0,0,"23,700",0
BAYER OTC,7702502016178,",7TALCO SECCO MEDICADO X 300 GR GTS",90,0,"19,700",0
BDF (BEIERSD,7702003767449,APOSITO PARA CALLOS HANSAPLAST * 6,0,0,"24,300",0
BDF (BEIERSD,7702003010194,CURITAS HANSAPLAST IMPERMEABLES *,10,0,"13,000",0
BDF (BEIERSD,4006000058894,CURITAS REDUCTOR DE CICATRICES *,210,0,"165,000",0
BDF (BEIERSD,4005900951519,DEO ROLL - ON CLINICAL FEMALE * 50,0,0,"19,000",0
BDF (BEIERSD,7702003011214,DEO SPRAY CLINICAL FEMALE * 150 ML,0,0,"27,500",0
BDF (BEIERSD,7804955952307,DESO 8X4 CREMA FOR MEN 2X1,0,0,0,0
BDF (BEIERSD,4005808210053,DESO 8X4 MODERN CHARME SPRAY * 150,0,0,"9,300",0
BDF (BEIERSD,4005808210084,DESO ROLLON 8X4 MODERN CHARME * 50,0,0,0,0
BDF (BEIERSD,42438694,DESODORANTE NDEO STICK MALE DEEP *,0,0,"25,300",0
BDF (BEIERSD,7702003984075,DUO ESTIMULANTE PAG 2 LLEVE,30,0,0,0
BDF (BEIERSD,7702003992261,DUO ESTIMULANTE PAG 2 LLEVE 3,0,0,0,0
BDF (BEIERSD,7702003992292,DUO G SENSATION PAG 2 LLEVE,30,0,"12,500",0
BDF (BEIERSD,7702003984044,",7DUO LUBRICADO PAGUE 2 LLEVE",30,0,0,0
BDF (BEIERSD,17702003994057,",DUO PAGUE 20 LLEVE",240,0,0,0
BDF (BEIERSD,7702003984068,DUO RETARDANTE PAGUE 2 LLEVE,30,0,0,0
BDF (BEIERSD,7702003984051,DUO ULTRASENSIBLE PAG 2 LLEVE,30,0,"8,697",0
BDF (BEIERSD,4005900996169,EUCERIN SUN KIDS SENSITIVE PROTECT,0,0,"160,500",0
BDF (BEIERSD,4005800020582,GEL LUBRICANTE DUO PURE * 75 ML,0,0,"30,900",0
BDF (BEIERSD,4005800001710,HANSAPLAST CLASSIC ESPARADRAPO 5 M,0,0,"14,900",0
BDF (BEIERSD,7702003987595,HANSAPLAST COPITOS PAG 80 LLEVE,1200,0,"7,700",0
BDF (BEIERSD,77014054,HANSAPLAST ESPARADRAPO 1/2 * 1 UND,0,0,0,0
BDF (BEIERSD,4005800083266,HANSAPLAST TALCO SILVER ACTIVE *,150,0,"10,800",0
BDF (BEIERSD,4005900942777,HYALURON FILLER HYDRATING + REPAIR,0,0,"170,000",0
BDF (BEIERSD,4005900081087,NIVEA ACLARADO EFECT SATIN SPRAY *,0,0,"27,600",0
BDF (BEIERSD,7501054526131,NIVEA ACLARADO EFECTO SATIN ROLLON,0,0,"17,300",0
BDF (BEIERSD,4005808630660,NIVEA AEROSOL ACLARADO BEAUTY *,1500,0,"24,200",0
BDF (BEIERSD,7702003992582,NIVEA AEROSOL COOL KICK * 150 ML,20,0,0,0
BDF (BEIERSD,4005808231065,NIVEA AEROSOL DOBLE EFECTC/SUAVE *,0,0,"9,100",0
BDF (BEIERSD,4005808344628,NIVEA AEROSOL DOUBLER WHITE SENSES,0,0,0,0
BDF (BEIERSD,4005808816033,NIVEA AEROSOL DRY COMFORT 24 H *,150,0,"21,500",0
BDF (BEIERSD,4005808293551,NIVEA AEROSOL DRY IMPACT 24 H *,1500,0,"7,900",0
BDF (BEIERSD,7702003991479,NIVEA AEROSOL PEARL BEAUTY 150 ML,20,0,0,0
BDF (BEIERSD,4005808663804,NIVEA AEROSOL SENSITIVE FOR MEN *,10,0,"22,000",0
BDF (BEIERSD,7702003008061,NIVEA AEROSOL SILVER PROTECT * 150,0,0,"26,000",0
BDF (BEIERSD,7702003003455,NIVEA AEROSOL SILVER PROTECT * 150,0,0,"26,000",0
BDF (BEIERSD,4005900007339,NIVEA AEROSOL SILVER PROTPOLARBLUE,0,0,0,0
BDF (BEIERSD,4006000169545,NIVEA AEROSOL TONO NATURAL MIRACLE,0,0,"23,500",0
BDF (BEIERSD,4005900915795,NIVEA AGUA MICELAR AGUA DE ROSAS *,0,0,"15,500",0
BDF (BEIERSD,4005900494559,NIVEA AGUA MICELL-AIR EXPERT * 200,0,0,"21,900",0
BDF (BEIERSD,4005900629746,NIVEA AQUA MICELLAR O2 EFECTO MATE,0,0,"31,000",0
BDF (BEIERSD,7501054500346,NIVEA BAJO LA DUCHA PIEL SECA *,4000,0,"17,300",0
BDF (BEIERSD,7702003991448,NIVEA BARRA DRY IMPACT  2 UND * 43,0,0,0,0
BDF (BEIERSD,42231301,NIVEA BARRA SENSITIVE FOR MEN * 43,0,0,"9,000",0
BDF (BEIERSD,42185369,NIVEA BARRA SILVER PROTECT * 43 GR,0,0,"12,500",0
BDF (BEIERSD,7702003992605,NIVEA BARRA SILVER PROTECT 2 UND *,0,0,0,0
BDF (BEIERSD,42195009,NIVEA BARRA STICK HAPPY * 40 ML,0,0,0,0
BDF (BEIERSD,42213727,NIVEA BARRA STICK INV POWER MALE *,0,0,"12,500",0
BDF (BEIERSD,42096276,NIVEA BARRA STIK DRY FEMENINO * 43,0,0,"11,000",0
BDF (BEIERSD,42210290,NIVEA BLOQUEADOR SOLAR NIÃ‘O FPS,600,0,"30,000",0
BDF (BEIERSD,4005808881512,NIVEA BODY GEL ANTI-CELEULITIS *,200,0,"27,700",0
BDF (BEIERSD,4005808041817,NIVEA BODY LOCION HIDRATANTE * 125,0,0,"13,500",0
BDF (BEIERSD,4005808803033,NIVEA BODY LOTION PIEL NORMAL *,4000,0,"37,000",0
BDF (BEIERSD,4005808024742,NIVEA BODY LOTION PIEL NORMAL/SECA,0,0,"30,600",0
BDF (BEIERSD,7702003991943,NIVEA BODY MILK P/EXTRA SECA * 400,0,0,"15,700",0
BDF (BEIERSD,7804955001081,",4NIVEA BODY MILK UV * 125 ML",0,0,0,0
BDF (BEIERSD,4005808315680,NIVEA BODY NUTRITIVA ALMENDRA *,1250,0,"12,400",0
BDF (BEIERSD,7702003991981,NIVEA BODY NUTRITIVA P/EXTRASCX,2500,0,"7,700",0
BDF (BEIERSD,4005808315109,NIVEA BODY Q10 PLUS REAFIRMANTE *,20,0,"33,600",0
BDF (BEIERSD,4005900336538,NIVEA BODY Q10 PLUS REAFIRMANTE *,20,0,"10,800",0
BDF (BEIERSD,4005900012234,NIVEA BODY REAFIRM Q10 PIEL SECA *,0,0,"28,400",0
BDF (BEIERSD,4005808323258,",7NIVEA BODY REAFIRMANTE Q10 PLUS *",10,0,"17,000",0
BDF (BEIERSD,4005805129273,NIVEA BODY SOFT MILK PIEL SECA *,100,0,"62,000",0
BDF (BEIERSD,4005808341757,NIVEA BODY SOFT MILK PIEL SECA *,120,0,"7,500",0
BDF (BEIERSD,7804955003634,NIVEA CREMA * 150 ML,0,0,"35,500",0
BDF (BEIERSD,7501054500193,NIVEA CREMA * 200 ML,0,0,"54,000",0
BDF (BEIERSD,4005800137655,NIVEA CREMA * 30 GR,0,0,"16,300",0
BDF (BEIERSD,4005800137679,NIVEA CREMA * 60 GR,0,0,"27,000",0
BDF (BEIERSD,4005900193803,NIVEA CREMA AFTER SUN HIDRATANTE *,0,0,"40,300",0
BDF (BEIERSD,7804955990231,NIVEA CREMA B NUTR ALMENDRAS * 400,0,0,0,0
BDF (BEIERSD,4005808228249,NIVEA CREMA CORP EXPRESS HYDRATION,0,0,"50,000",0
BDF (BEIERSD,42277095,NIVEA CREMA CUIDADO ANTIEDAD * 100,0,0,"41,400",0
BDF (BEIERSD,40066714,NIVEA CREMA CUIDADO EFECTO MATE *,50,0,"11,900",0
BDF (BEIERSD,42389248,NIVEA CREMA CUIDADO NOCHE * 100 ML,0,0,"36,200",0
BDF (BEIERSD,7702003983245,NIVEA CREMA DRY * 65 GR,0,0,0,0
BDF (BEIERSD,4005808399154,NIVEA CREMA DUCHA ANGEL STAR * 250,0,0,0,0
BDF (BEIERSD,4005808190027,NIVEA CREMA FACIAL DIA MATIZANTE *,0,0,"14,800",0
BDF (BEIERSD,4005808553839,NIVEA CREMA FACIAL Q10 PLUS DIA *,50,0,"64,000",0
BDF (BEIERSD,7702003007071,NIVEA CREMA HIDRATACION EXPRESS *,10,0,"14,500",0
BDF (BEIERSD,4005808802005,NIVEA CREMA MILK NUTRITIVA P/EXTRA,0,0,"17,500",0
BDF (BEIERSD,4005808323234,NIVEA CREMA Q10 PLUS REAFIRMANTE *,0,0,"47,700",0
BDF (BEIERSD,7501054503460,NIVEA CREMA REAFIRMANTE Q10 + VITA,0,0,"47,600",0
BDF (BEIERSD,4005808680252,NIVEA CREMA REGENERACION INTENSIVA,0,0,"43,500",0
BDF (BEIERSD,7702003009099,NIVEA CUIDADO FACIAL 50 ML + NIVEA,0,0,"20,000",0
BDF (BEIERSD,4005808612703,NIVEA ESPUMA AFEITAR SENSITIVE *,200,0,"41,000",0
BDF (BEIERSD,8412300817028,NIVEA ESPUMA AFEITAR SENSITIVE CON,0,0,"34,000",0
BDF (BEIERSD,4005800076992,NIVEA EUCERIN HYALURON CONCENTRADO,0,0,"191,000",0
BDF (BEIERSD,42277057,NIVEA FACIAL CUIDADO NUTRITIVO *,100,0,"24,600",0
BDF (BEIERSD,4005808670017,NIVEA FOR MEN ANTI-CASPA POWER X,250,0,0,0
BDF (BEIERSD,4005808670024,NIVEA FOR MEN ANTI-CASPA PURE X,2500,0,0,0
BDF (BEIERSD,8715200813061,NIVEA FOR MEN BALSAMO SENSITIVE *,10,0,"58,000",0
BDF (BEIERSD,4005900495976,NIVEA FOR MEN GEL AFE DEEP CLEAN X,0,0,"25,900",0
BDF (BEIERSD,4005808670246,NIVEA FOR MEN GEL CAPILAR AQUA X,150,0,0,0
BDF (BEIERSD,4005808670031,NIVEA FOR MEN GEL CAPILAR CREME X,10,0,0,0
BDF (BEIERSD,4005808670260,NIVEA FOR MEN GEL CAPILAR SPORT *,10,0,0,0
BDF (BEIERSD,4005808539864,NIVEA FOR MEN GEL SILVER PRO  TECT,0,0,"22,000",0
BDF (BEIERSD,4005800151514,NIVEA FORMEN GEL AFEITAR SENSITIVE,0,0,"23,900",0
BDF (BEIERSD,4005808229130,NIVEA GEL DE AFEITAR HIDRATANT *,200,0,"20,100",0
BDF (BEIERSD,4005808229093,NIVEA GEL DE AFEITAR REFRESCAN *,200,0,"17,000",0
BDF (BEIERSD,4005900942760,NIVEA GEL FACIAL HYALURON * 200 ML,0,0,"56,300",0
BDF (BEIERSD,4005808846290,NIVEA HAND CREMA ANTI EDAD Q10PLUS,0,0,"26,300",0
BDF (BEIERSD,4005808288892,NIVEA HAPPY TIME PIEL NORMAL  SECA,0,0,0,0
BDF (BEIERSD,4005808288953,NIVEA HAPPY TIME PIEL NORMAL  SECA,0,0,"11,800",0
BDF (BEIERSD,4005808289523,NIVEA HAPPY TIME PIEL NORMAL  SECA,0,0,0,0
BDF (BEIERSD,4005900036704,NIVEA INVISIBLE WOMEN B&W ROLLON *,0,0,"17,500",0
BDF (BEIERSD,4005808177516,NIVEA JABON  ALOE VERA * 90 GR,0,0,0,0
BDF (BEIERSD,4005808213320,NIVEA JABON BAMBOO Y F/NARANJAX 90,0,0,"1,100",0
BDF (BEIERSD,4005808806454,NIVEA JABON DURAZNO,900,0,0,0
BDF (BEIERSD,7702003005152,NIVEA JABON INTIMO FRESCURA DIARIA,0,0,"10,300",0
BDF (BEIERSD,4005900228802,NIVEA JABON INTIMO FRESCURA DIARIA,0,0,"16,200",0
BDF (BEIERSD,4005808806430,NIVEA JABON LECHE X 90 GR,0,0,"1,400",0
BDF (BEIERSD,4005808131044,NIVEA JABON LIQUIDO CREME SOFT FCO,0,0,"6,600",0
BDF (BEIERSD,4005808851331,NIVEA LABIAL  SUN 30,0,0,0,0
BDF (BEIERSD,4005808369621,NIVEA LIP CARE MED PROTECTION FPS,10,0,"21,900",0
BDF (BEIERSD,7702003992414,NIVEA LIP CARE PAGUE 5 LLEVE 6,0,0,0,0
BDF (BEIERSD,7319470031289,NIVEA LIP CARE PAGUE 8 LLEVE,120,0,0,0
BDF (BEIERSD,7702003003332,NIVEA MEN BARRA BLACK&WHITE INVI,200,0,"8,800",0
BDF (BEIERSD,4005808300273,NIVEA MEN COOL KICK AEROSOL FCO *,10,0,"7,700",0
BDF (BEIERSD,4005900513069,NIVEA MEN DEEP BLACK CARBON ROLLON,0,0,"16,900",0
BDF (BEIERSD,7702003009860,NIVEA MEN DEEP DARKWOOD 2 UND *,1500,0,"46,200",0
BDF (BEIERSD,7702003003318,NIVEA MEN DESO SPRAY BLACK&WHITE *,0,0,"10,400",0
BDF (BEIERSD,7702003003233,NIVEA MEN GEL DE AFEITAR SILVER *,20,0,"13,600",0
BDF (BEIERSD,4005900036759,NIVEA MEN INVISIBLE B&W ROLLON *,500,0,"17,400",0
BDF (BEIERSD,4005900036711,NIVEA MEN INVISIBLE B&W SPRAY *,1500,0,"27,000",0
BDF (BEIERSD,7702003001222,NIVEA MEN SILVER PROTEC 2 UND *,1500,0,"43,000",0
BDF (BEIERSD,4005808305766,NIVEA MEN SILVER PROTECT AEROSOL *,0,0,"26,600",0
BDF (BEIERSD,42332886,NIVEA MEN SILVER PROTECT BARRA X,500,0,"13,090",0
BDF (BEIERSD,4005808217281,NIVEA MY SILHOUETTE GEL-CREMA X,2000,0,0,0
BDF (BEIERSD,4005808846283,NIVEA PARA MANOS NUTRITIVA TBO *,750,0,"9,000",0
BDF (BEIERSD,7702003991011,",1NIVEA PREPACK SUN PAGIE 3 LLEVE",50,0,0,0
BDF (BEIERSD,7702003983689,NIVEA Q10 PLUS CONTORNO DE OJOS *,10,0,"53,050",0
BDF (BEIERSD,4005808553846,NIVEA Q10 POWER CREMA FACIAL NOCHE,0,0,"56,800",0
BDF (BEIERSD,4005808257607,NIVEA ROLLON AQUA COOL C/SUAVE X,500,0,"5,400",0
BDF (BEIERSD,7702003990571,NIVEA ROLLON COOL KICK X 2 AHORRE,30,0,0,0
BDF (BEIERSD,4005808257720,NIVEA ROLLON DOBLE EFECTO SUAVE X,50,0,"7,100",0
BDF (BEIERSD,4005808257553,NIVEA ROLLON DRY FOR MEN C/SUAVE X,0,0,"5,800",0
BDF (BEIERSD,7702003991455,NIVEA ROLLON PEAR & BEAUTY X 50 ML,0,0,0,0
BDF (BEIERSD,4005808663927,NIVEA ROLLON SENSITIVE & PURE X 50,0,0,"6,200",0
BDF (BEIERSD,7702003994197,NIVEA ROLLON SILVER PRO  X 50 ML X,0,0,0,0
BDF (BEIERSD,4005808719280,NIVEA ROLLON STRESS PROTECT MEN X,50,0,"9,300",0
BDF (BEIERSD,4005808336845,NIVEA SOF BODY MILK PIEL SECA X,4000,0,"45,000",0
BDF (BEIERSD,4005808802838,NIVEA SOFT BODY MILK PIEL SECA *,400,0,"45,500",0
BDF (BEIERSD,7702003992049,NIVEA SOFT BODY MILK PIEL SECAX,2500,0,0,0
BDF (BEIERSD,4005808588107,NIVEA SOS REPARADORA INTENSIVA FCO,0,0,"10,500",0
BDF (BEIERSD,4005808719242,NIVEA SPRAY STRESS PROTECT MEN X,150,0,"21,500",0
BDF (BEIERSD,4005808719235,NIVEA SPRAY STRESS PROTECT WOMEN X,0,0,"13,400",0
BDF (BEIERSD,4005808555796,NIVEA SUN BLOQ BRONZE FPS 30 * 200,0,0,"74,000",0
BDF (BEIERSD,4005808239566,NIVEA SUN BLOQ LIGHT FEELING FPS,500,0,0,0
BDF (BEIERSD,4005808555963,NIVEA SUN BLOQ LIGHT FEELING FPS,500,0,"25,000",0
BDF (BEIERSD,4005808239603,NIVEA SUN BLOQ LIGHT FEELING FPS50,0,0,"50,500",0
BDF (BEIERSD,7890704857603,NIVEA SUN BLOQ LIGTH FEELING  FPS,30,0,"32,850",0
BDF (BEIERSD,4005808854165,NIVEA SUN BLOQUEADOR FACIAL FPS 50,0,0,"38,600",0
BDF (BEIERSD,4005808856619,NIVEA SUN BLOQUEADOR S.P.F 50 X,1250,0,"24,800",0
BDF (BEIERSD,7702003006289,NIVEA SUN BRONCEADOR FPS6 BAJO 2 *,0,0,"33,200",0
BDF (BEIERSD,4005808855919,",4NIVEA SUN BRONCEADOR ZANAHORIAFPS",50,0,"45,050",0
BDF (BEIERSD,7702003986918,NIVEA SUN FPS 50  X 125 ML GTS LIP,0,0,"24,200",0
BDF (BEIERSD,7702003994203,NIVEA SUN FPS 60 PIEL SENSIBLE X,120,0,0,0
BDF (BEIERSD,4005808694044,NIVEA SUN INVISIBLE PROTECTION FPS,0,0,"36,800",0
BDF (BEIERSD,4005808555901,NIVEA SUN KIDS PROTECTOR SOLAR  50,0,0,"25,500",0
BDF (BEIERSD,8412300002226,",7NIVEA SUN LECHE ZANAHORIA SPF 2 X",20,0,0,0
BDF (BEIERSD,4005900994790,NIVEA SUN P/SOLAR FPS50 TONO MEDIO,0,0,"55,900",0
BDF (BEIERSD,7702003995231,NIVEA SUN PREPACK PAGUE 3 LLEVE,50,0,0,0
BDF (BEIERSD,4005808949007,NIVEA SUN PROTEC&FRESH SPORT 50FPS,0,0,"43,000",0
BDF (BEIERSD,4005900539045,NIVEA SUN PROTECCION Y HIDRATACION,0,0,"69,500",0
BDF (BEIERSD,7702003002632,NIVEA SUN PROTECT & REFRESH FPS 50,0,0,"53,200",0
BDF (BEIERSD,7702003001420,NIVEA SUN PROTECT & SENSITIVE FPS,60,0,"46,400",0
BDF (BEIERSD,7702003006258,NIVEA SUN PROTECT Y SENSITIVE FPS,60,0,"87,500",0
BDF (BEIERSD,7702003006166,NIVEA SUN PROTECT&LIGHT + LABIAL,0,0,"19,600",0
BDF (BEIERSD,4005808569663,",4NIVEA VISAGE ACLAR NATURAL MANCHAS",0,0,0,0
BDF (BEIERSD,8412300001175,NIVEA VISAGE LECHE LIMP HIDRAT X,200,0,"25,000",0
BDF (BEIERSD,4005808182510,NIVEA VISAGE LECHE LIMPIADORA PIEL,0,0,"25,200",0
BDF (BEIERSD,7702003994340,NIVEA VISAGE LECHE+HIDRATANTE X,2000,0,0,0
BDF (BEIERSD,4005808441938,NIVEA VISAGE PURE EFFECT THERMO X,10,0,0,0
BDF (BEIERSD,4005808084500,NIVEA VISAGE Q 10 EYE ROLLON  X 10,0,0,0,0
BDF (BEIERSD,7702003983665,NIVEA VISAGE Q10 PLUS CREMA DIA X,50,0,0,0
BDF (BEIERSD,4005808185276,NIVEA VISAGE TOALLAS DESMAQ SUAVES,0,0,"30,900",0
BDF (BEIERSD,4005808819065,NIVEA VISAGE TOALLITAS DESMAQ X 25,0,0,0,0
BDF (BEIERSD,4005808200108,NIVEA VISAGE TOALLITAS DESMAQ X 25,0,0,"18,900",0
BDF (BEIERSD,4005808183043,NIVEA VISAGE TONICO ASTRINGENTE X,20,0,"23,000",0
BDF (BEIERSD,7702003003370,NIVEA WOMEN BARRA ACLARADO NATURAL,0,0,"9,800",0
BDF (BEIERSD,4005808719129,NIVEA WOMEN DRY COMFORT PLUS SPRAY,0,0,"7,900",0
BDF (BEIERSD,4005808816118,NIVEA WOMEN DRY COMFORT ROLLON *,500,0,"9,100",0
BDF (BEIERSD,4005808257584,NIVEA WOMEN DRY COMFORT ROLLON *,500,0,"6,900",0
BDF (BEIERSD,42240433,NIVEA WOMEN PEARL & BEAUTY BARRA *,0,0,"7,000",0
BDF (BEIERSD,7702003003387,NIVEA WOMEN SPRAY ACLARADO NATURAL,0,0,"9,800",0
BDF (BEIERSD,7702003003356,NIVEA WOMEN SPRAY INV BLACK&WHITE,20,0,"11,300",0
BDF (BEIERSD,7702003459016,PARCHE LEON,0,0,"19,900",0
BDF BEIERSDO,4005900998385,EUCERIN ANTI PIGMENT CONTORNO OJOS,0,0,"229,500",0
BDF BEIERSDO,4005800346583,EUCERIN ANTI-PIGMENT GEL LIMPIADOR,0,0,"99,300",0
BDF BEIERSDO,4005800078804,EUCERIN AQIAPORIN HIDRATANTE 40 ML,0,0,0,0
BDF BEIERSDO,4005800223136,EUCERIN AQUAPHOR POMADA REPARADORA,0,0,"67,100",0
BDF BEIERSDO,4005800158650,EUCERIN AQUAPHOR POMADA REPARADORA,0,0,"88,300",0
BDF BEIERSDO,7804955631929,EUCERIN B&M CREMA ANTI ESTRIASX,1000,0,0,0
BDF BEIERSDO,4005800061585,EUCERIN BABY BAÃ‘O Y SHAMPOO * 240,0,0,"80,300",0
BDF BEIERSDO,4005900259646,EUCERIN BABY SHAMPOO Y BAÃ‘O * 400,0,0,"93,300",0
BDF BEIERSDO,4005800033308,EUCERIN BALSAMO CALMANTE X 200ML,0,0,"48,500",0
BDF BEIERSDO,7501054548829,EUCERIN CREMA CORPORAL PH5 ADVANCE,0,0,"179,500",0
BDF BEIERSDO,4005808551477,EUCERIN CREMA Q10 ACTIVE NOCHE X,500,0,"72,700",0
BDF BEIERSDO,4005800079948,EUCERIN DA CONTROL  PIEL SECA * 40,0,0,"83,500",0
BDF BEIERSDO,4005808583072,EUCERIN DERMA CREMA LECHE X 200 ML,0,0,0,0
BDF BEIERSDO,4005900436962,EUCERIN DERMO PURE MATIFICANTE *,500,0,"156,000",0
BDF BEIERSDO,770200398493,EUCERIN DUCHA 250ML,0,0,0,0
BDF BEIERSDO,4005800021268,EUCERIN HIGIENE INTIMA LIQUIDA *,250,0,"67,200",0
BDF BEIERSDO,4005800144004,EUCERIN HYALURON FILLER TONO MEDIO,0,0,"112,900",0
BDF BEIERSDO,4005800180606,EUCERIN LIMPIADOR FACIAL GEL DERMO,0,0,"149,600",0
BDF BEIERSDO,7702003006913,EUCERIN MIST SPRAY FACIAL HYALURON,0,0,"79,900",0
BDF BEIERSDO,4005900000774,EUCERIN PH5 LOCION * 400 ML,0,0,"143,400",0
BDF BEIERSDO,4005800631221,EUCERIN PH5 OLEOGEL DE DUCHA  *400,0,0,"155,000",0
BDF BEIERSDO,4005800178573,EUCERIN PH5 PIEL SECA Y SENSIBLE *,0,0,"148,300",0
BDF BEIERSDO,4005900140906,EUCERIN PROTECTOR SOLAR FACIAL SUN,0,0,"141,500",0
BDF BEIERSDO,4005900839626,EUCERIN PROTECTOR SOLAR FPS+50 OIL,0,0,"141,000",0
BDF BEIERSDO,4005800269776,EUCERIN SERUM 3D HYALURON FILLER *,0,0,"265,100",0
BDF BEIERSDO,4005900873347,EUCERIN SERUM FACIL DERMO PURE OIL,0,0,"202,500",0
BDF BEIERSDO,4005800065729,EUCERIN SUN CREME FACIAL F.P.S50 X,0,0,0,0
BDF BEIERSDO,4005800066627,EUCERIN SUN NINO SPRAY FPS 50 X,2000,0,"101,600",0
BDF BEIERSDO,4005800005541,EUCERIN SUN SPRAY TRANSPARENTE X,150,0,0,0
BDF BEIERSDO,7804955001180,EUCERIN UREA 10% REPAIR PLUS CREMA,0,0,"92,400",0
BECTON DICKI,382903201099,AGUJA PEN NEEDLES 31 G X 5/16,0,0,800,0
BECTON DICKI,382903201198,BD ULTRA FINE PEN NEEDLES 5MM 3/16,0,0,"70,000",0
BECTON DICKI,010038290300184,GUARDIAN AGUJAS Y JERINGAS 7.6 LTS,0,0,0,0
BECTON DICKI,8428235008998,JERINGA 2 ML 23 X 1,0,0,400,0
BECTON DICKI,0382904918019,JERINGA INSULINA 0.25 ML *31*6MM G,0,0,0,0
BECTON DICKI,382906732019,JERINGA INSULINA ULTRA FINA 1 ML,300,0,"54,800",0
BECTON DICKI,7707041800196,TAPON PRN INJECTION SITE ADAPT X,10,0,0,0
BEGUT SEVENP,7707282990052,CATETER 18G,0,0,"2,200",0
BEGUT SEVENP,7707282990045,CATETER 20 G,0,0,"2,200",0
BEGUT SEVENP,7709122432425,CATETER 22 G,0,0,"2,200",0
BEGUT SEVENP,7709122432456,CATETER 24 G,0,0,"2,200",0
BEGUT SEVENP,7707282990946,CURAS LARGAS KIDS FIGURAS BEGU,20,0,"5,400",0
BEGUT SEVENP,7707282990489,JERINGA INSULINA 1 ML 29GX3/8,0,0,500,0
BEGUT SEVENP,7709104737395,PULSIOMETRO BEGUT,0,0,"85,800",0
BEGUT SEVENP,7707282990403,TERMOMETRO DIGITAL PUNTA FLEXIBLE,0,0,"20,000",0
BEGUT SEVENP,7707282990762,VENDA ELASTICA PIEL 5 * 5 YARDAS,0,0,"5,700",0
BELLEZA EXPR,7702277966692,ACNEGAL LOCION * 30 ML,0,0,"21,800",0
BELLEZA EXPR,7702277953258,ACONDICIONADOR NUTRIT RESTAURAMAX,30,0,"9,500",0
BELLEZA EXPR,7702277576235,AROMASENSE AVENA * 400 ML,0,0,"11,900",0
BELLEZA EXPR,7702277355717,AROMASENSE JABON LIQUIDO GRANADA Y,0,0,"14,500",0
BELLEZA EXPR,7702277347620,ARRURRU ACEITE CORPORAL * 50 ML,0,0,"5,800",0
BELLEZA EXPR,7702277229193,ARRURRU ACEITE CORPORAL SUAVIDAD Y,0,0,"22,000",0
BELLEZA EXPR,7702277039808,ARRURRU AVENA CREMA NATURALS ULTRA,0,0,"26,500",0
BELLEZA EXPR,7702277074526,ARRURRU COLONIA RECIEN NACIDO *,4000,0,"54,900",0
BELLEZA EXPR,7702277138327,ARRURRU CREMA ANTIPAÃ‘ALITIS * 100,0,0,"45,500",0
BELLEZA EXPR,7702277291787,ARRURRU CREMA DELICADA NUTRICION *,0,0,"11,700",0
BELLEZA EXPR,7702277850328,ARRURRU CREMA DELICADA NUTRICION *,0,0,"17,800",0
BELLEZA EXPR,7702277305385,ARRURRU CREMA DELICADA NUTRICION *,0,0,"35,000",0
BELLEZA EXPR,7702277204459,ARRURRU CREMA NUTRICION DELICADA *,0,0,"42,000",0
BELLEZA EXPR,7702277949022,ARRURRU CREMA PROTECTORA COLITA *,10,0,"39,000",0
BELLEZA EXPR,7702277076452,ARRURRU ESTUCHE,0,0,"36,500",0
BELLEZA EXPR,7702277153993,ARRURRU ESTUCHE BABY SHOWER AZUL *,0,0,"47,500",0
BELLEZA EXPR,7702277376484,ARRURRU ESTUCHE BABY SHOWER ROSADO,0,0,"47,500",0
BELLEZA EXPR,7702277943150,ARRURRU KIT VIAJERO AMARILLO,0,0,"31,400",0
BELLEZA EXPR,7702277876465,ARRURRU NAT CREMA HUMECTANTE * 220,0,0,"17,700",0
BELLEZA EXPR,7702277496694,ARRURRU SHAMPOO CABELLO CLARO *,2200,0,"17,500",0
BELLEZA EXPR,7702277880202,ARRURRU SHAMPOO CABELLO OSCURO *,220,0,"17,500",0
BELLEZA EXPR,7702277474944,ARRURRU SHAMPOO CABELLOS CLAROS *,40,0,"25,900",0
BELLEZA EXPR,7702277130871,ARRURRU SHAMPOO MANZANILLA * PAGUE,0,0,"50,000",0
BELLEZA EXPR,7702277157403,ARRURRU SHAMPOO PH EQUILIBRADO *,800,0,"28,500",0
BELLEZA EXPR,7702277131793,ARRURRU SHAMPOO Y BAÃ‘O LIQ 2 EN 1,0,0,"12,500",0
BELLEZA EXPR,7702277157427,ARRURRU SHAMPOO Y BAÃ‘O LIQ 2 EN 1,0,0,"25,500",0
BELLEZA EXPR,7702277109020,ARRURRU SHAMPOO Y BAÃ‘O LIQ 2 EN 1,0,0,"28,500",0
BELLEZA EXPR,7702277250012,ARRURRU SYNDET BAÃ±O LIQUIDO  *,4000,0,"29,900",0
BELLEZA EXPR,7702277481195,ARRURRU TOALLAS HUMEDAS SUAVIDAD Y,0,0,"5,000",0
BELLEZA EXPR,7702277892786,BAMBA SHOCK PLIZADA FASHION COLORS,0,0,"9,900",0
BELLEZA EXPR,7702277081982,BIOHERBAL TRATAMIENTO CAPILAR *,2500,0,"27,300",0
BELLEZA EXPR,7702277920717,CAIMAN SHOCK ANIMAL PRINT PEQUEÃ‘O,0,0,"12,000",0
BELLEZA EXPR,7702277194590,CAIMAN SHOCK MIX COLORS PEQUENO *,60,0,"10,600",0
BELLEZA EXPR,7702277510109,CEPILLO REDONDO PLASTICO ESQUELETO,0,0,"15,000",0
BELLEZA EXPR,7702277236719,CEPILLO SHOCK MADERA * 1 UND,0,0,"39,000",0
BELLEZA EXPR,7702870100028,CLEANCUTIX GEL LIMPIADOR * 115 GR,0,0,0,0
BELLEZA EXPR,7702277527121,COLONIA ARRURRU AZUL * 120 ML,0,0,"25,400",0
BELLEZA EXPR,7702277201564,COLONIA ARRURRU AZUL * 220 ML,0,0,"34,000",0
BELLEZA EXPR,7702277642930,COLONIA ARRURRU AZUL * 800 ML,0,0,"68,600",0
BELLEZA EXPR,7702277683834,COLONIA ARRURRU ROSADA * 220 ML,0,0,"34,300",0
BELLEZA EXPR,7702277617112,COLONIA ARRURRU ROSADA * 800 ML,0,0,"68,600",0
BELLEZA EXPR,7702277078821,CORTA CUTICULA BASICO FREESTYLE *,10,0,"27,100",0
BELLEZA EXPR,7702277082569,DEPILADOR METALICO FREESTYLE NC-22,0,0,"11,500",0
BELLEZA EXPR,7702277148081,DEPILEX CREMA DEPI BIKINI Y AXILAS,0,0,"25,900",0
BELLEZA EXPR,7702277110354,DEPILEX CREMA DEPILADORA GLICERINA,0,0,"25,000",0
BELLEZA EXPR,7702277866077,DEPILEX CREMA DEPILATORIA BIKINI Y,0,0,"26,200",0
BELLEZA EXPR,7702277110323,DEPILEX CREMA PIEL SENCIBLE AVENA,20,0,"25,900",0
BELLEZA EXPR,7702277110347,DEPILEX CREMA VELLO GRUESO 2 UND *,0,0,"25,900",0
BELLEZA EXPR,7702870101179,DESODORANTE PREVENTIVE ZERO ROLLON,0,0,"14,800",0
BELLEZA EXPR,7702277185031,ESPONJA  FREE STYLE POROS X 1 UND,0,0,"11,500",0
BELLEZA EXPR,7707350411021,FERPRO * 60 CAP,0,0,"207,500",0
BELLEZA EXPR,7702277891376,FREESTYLE BROCHA BLUSH AND CONTOUR,0,0,"29,300",0
BELLEZA EXPR,7702277500025,FREESTYLE ENCRESPADOR METALICO * 1,0,0,"9,500",0
BELLEZA EXPR,7702277047315,FREESTYLE RASPACALLO ANATOMICO * 1,0,0,"11,400",0
BELLEZA EXPR,7702277066484,FREESTYLE RASPACALLO PROFESIONAL *,0,0,"8,600",0
BELLEZA EXPR,7702277963752,INTIBON CALENDULA MUJER * 210 GR +,0,0,"26,700",0
BELLEZA EXPR,7702277098188,INTIBON GEL HIDRATANTE VAGINAL 45+,0,0,"65,500",0
BELLEZA EXPR,7702277685012,INTIBON JABON INTIMO 45 + SYNDET *,0,0,"19,600",0
BELLEZA EXPR,7702277628200,INTIBON JABON INTIMO CERO HIPOALER,0,0,"22,400",0
BELLEZA EXPR,7702277659174,INTIBON MUJER VINAGRE DE MANZANA Y,0,0,"21,000",0
BELLEZA EXPR,7702870104101,"INTIBON SABILA,CALENDULA Y HOJA DE",0,0,"8,200",0
BELLEZA EXPR,7702277331384,INTIBON SALVIA Y CALENDULA MUJER *,0,0,"21,000",0
BELLEZA EXPR,7702277190158,INTIBON TOALLAS HUMEDAS INTIMAS 0%,0,0,"7,500",0
BELLEZA EXPR,7702277950479,INTIBON TOALLAS HUMEDAS INTIMAS 0%,0,0,"12,500",0
BELLEZA EXPR,7702277758594,MENTICOL AZUL * 130 ML,0,0,"11,400",0
BELLEZA EXPR,7702277813347,MENTICOL AZUL LOCION * 60 ML,0,0,"6,200",0
BELLEZA EXPR,7702277525370,MOÃ‘OS SHOCK PARA CABELLO * 10 UND,0,0,"20,500",0
BELLEZA EXPR,7702277495222,NUTRIT ACONDICIONADOR ANTICASPA *,50,0,"20,300",0
BELLEZA EXPR,7702277945925,NUTRIT HIDROREPARADOR MORADO * 600,0,0,"21,700",0
BELLEZA EXPR,7702277575764,NUTRIT SHAMPOO KERATINMAX * 600 ML,0,0,"20,400",0
BELLEZA EXPR,7702277264217,NUTRIT SHAMPOO KERATINMAX * 600 ML,0,0,"33,500",0
BELLEZA EXPR,7702277970286,NUTRIT SHAMPOO NEGRO AZABACHE *,6000,0,"22,000",0
BELLEZA EXPR,7702277770428,NUTRIT SHAMPOO REPARAMAX * 600 ML,0,0,"20,500",0
BELLEZA EXPR,7702277653417,POMO FREESTYLE BASE COLORS * 4 UND,0,0,"11,500",0
BELLEZA EXPR,7707350411038,SALUPROS * 60 CAP,0,0,"110,670",0
BELLEZA EXPR,7702277157410,SHAMPOO Y BAÃ‘O LIQ ARRURRU 2 EN 1,0,0,"25,500",0
BELLEZA EXPR,7702277979425,SHOCK CAUCHOS TELA ONDA COLORS * 6,0,0,"14,200",0
BELLEZA EXPR,7702277140641,SUN PRO FAMILIAR PROT SOLAR SPF+,100,0,"71,500",0
BELLEZA EXPR,7702277140689,SUN PRO P/SOLAR BABIES & KIDS SPF+,0,0,"53,900",0
BELLEZA EXPR,7702277140634,SUN PRO P/SOLAR PIEL SENSIBLE SPF,80,0,"70,600",0
BELLEZA EXPR,7702277280958,SUN PRO P/SOLAR PIEL SENSIBLE SPF+,0,0,"73,200",0
BELLEZA EXPR,7702277149316,SUN PRO PIEL MOJADA P/SOLAR SPF+,110,0,"58,500",0
BELLEZA EXPR,7702277459408,SUN PRO PROTECTOR FACIAL Q10 SPF+,90,0,"44,500",0
BELLEZA EXPR,7702277258315,SUN PRO PROTECTOR SOLAR FACIAL SPF,0,0,"43,900",0
BELLEZA EXPR,7702277140627,SUN PRO PROTECTOR SOLAR SPF+ 50 *,20,0,"58,500",0
BELLEZA EXPR,7702277666417,SUN PRO PROTECTOR SOLAR SPF50 *,2200,0,"34,400",0
BELLEZA EXPR,7702277243960,TOALLITAS ARRURRU AVENA KARITE *,170,0,"18,100",0
BELLEZA EXPR,7702277210627,TOALLITAS ARRURRU AVENA KARITE *,200,0,"18,800",0
BELLEZA EXPR,7702277327721,TOALLITAS HUMEDAS ARRURRU ALOE *,190,0,"20,200",0
BELLEZA EXPR,7702277623311,TOALLITAS HUMEDAS ARRURRU ALOE X,170,0,"18,800",0
BELLEZA EXPR,7702277733775,ULTRA NUTRI ACOND RESTAURAMAX *,5500,0,"10,000",0
BELLEZA EXPR,7707350411052,VAGILAC * 28 CAP,0,0,"125,800",0
BERRI ,7709698772345,PASTILLERO AM - PM,0,0,"12,000",0
BERRI ,7709485363374,PULSIOXIMETRO ADULTO,0,0,"97,000",0
BEST ,7707193640510,BEST SURE VAINILLA * 400 GRS,0,0,0,0
BEST ,7707193642149,COBORAL Z * 30 GRAG,0,0,"42,300",0
BEST ,7707193640060,COBORAL Z * 90 GR,0,0,"35,900",0
BEST ,7707193642170,COBORAL Z EMULSION * 221 GR,0,0,"48,900",0
BEST ,7707193642439,DELIFON * 20 COMP,0,0,"7,900",0
BEST ,7707193640114,DELIFON JBE * 120 ML,0,0,"67,900",0
BEST ,7707193640169,EPICORT SOL * 30 ML,0,0,"16,000",0
BEST ,7707193640237,FIBRAL CIRUELA * 12 S/S,0,0,"30,000",0
BEST ,7707193640343,FIBRAL NARANJA * 12 S/S,0,0,"34,500",0
BEST ,7707193640404,LITOMEN * 10 CAPS,0,0,"43,200",0
BEST ,7707193642736,RANTIZ * 3 TABLS,0,0,"20,500",0
BEST ,7707193640589,RINILORAN JBE * 60 ML,0,0,"39,100",0
BIG MEDICAL,7708636936740,DOLPACK ENJUAGUE BUCAL SPRAY * 120,0,0,"32,500",0
BIG MEDICAL,7708636936887,DOLPACK KIDS NENEPACK SOLUCION  *,10,0,"21,000",0
BIG MEDICAL,7708636936757,DOLPACK PLUS ENJUAGUE BUCAL 20% *,10,0,"32,900",0
BIG MEDICAL,7708636936047,DOLPACK REPARADOR ENJUAGUE BUCAL *,0,0,"37,300",0
BIG MEDICAL,7708636936498,LIDOCAINA + EPINEFRINA 1% AMP * 20,0,0,"30,000",0
BIG MEDICAL,7708636936443,LIDOCAINA + EPINEFRINA 2% AMP * 20,0,0,"32,700",0
BIMBO DE COL,7705326001856,ACHIRAS TRES QUESOS PA MI GENTE *,20,0,"2,900",0
BIMBO DE COL,7705326001863,ACHIRAS TRES QUESOS PA MI GENTE *,20,0,"3,500",0
BIMBO DE COL,7705326014078,BIMBO MIGA PAN 250GR,0,0,"6,500",0
BIMBO DE COL,7705326074805,CHOCOSO WOW X 40 GR,0,0,0,0
BIMBO DE COL,7705326074416,GUSTOSO MORA 55G,0,0,0,0
BIMBO DE COL,7705326001368,MINI PAN DE BONOS PA MI GENTE * 24,0,0,"3,600",0
BIMBO DE COL,7705326079084,MR BROWN MINIX AREQUIPE 220 GR *10,0,0,"14,500",0
BIMBO DE COL,7705326020291,PAN ARABE X 4 UNDS,0,0,0,0
BIMBO DE COL,7705326074478,PAN BIMBO 430G,0,0,0,0
BIMBO DE COL,7705326081308,PAN BIMBO ARTESANO * 65 GR,0,0,"1,000",0
BIMBO DE COL,770532607100,PAN BIMBO MANKEKE,0,0,0,0
BIMBO DE COL,7705326018946,PAN BOLA BIMBO,0,0,0,0
BIMBO DE COL,7705326019202,PAN INTEGRAL X 500 GR,0,0,"9,000",0
BIMBO DE COL,7705326019233,PAN MANTEQUILLA X 460,0,0,0,0
BIMBO DE COL,7705326019301,PAN PERRO * 205 GR,0,0,"4,500",0
BIMBO DE COL,7705326088574,PINGUINOS MARINELA COOKIES & CREAM,0,0,"4,700",0
BIMBO DE COL,7705326001511,PINGUINOS MINI COOKIES & CREAM X,120,0,"8,200",0
BIMBO DE COL,7705326080462,PITA POCKET BIMBO PAN ARABE BLANCO,0,0,"5,000",0
BIMBO DE COL,7705326076588,PONQUE BIMBO * 60 GR,0,0,"2,600",0
BIMBO DE COL,7705326079152,PONQUE CASERO BIMBO VAINILLA * 200,0,0,"8,000",0
BIMBO DE COL,7705326079114,SUBMARINO MARINELA AREQUIPE *2 UND,0,0,"3,700",0
BIMBO DE COL,7500810003664,TAKIS FUEGO * 185 GR,0,0,"12,400",0
BIMBO DE COL,7500810001295,TAKIS FUEGO * 50 GR,0,0,"4,500",0
BIMBO DE COL,7705326075505,TORTILLA BIMBO  BLANCA TAMAÃ‘O M X,0,0,"9,400",0
BIMBO DE COL,7705326077844,TORTILLAS FAJITAS VERSATILES * 425,0,0,"13,700",0
BIMBO DE COL,7705326079343,TOSTADAS GUADALUPE INTEGRALES *,2800,0,"9,600",0
BIMBO DE COL,7705326079381,TOSTADAS GUADALUPE INTEGRALES *115,0,0,"4,800",0
BIMBO DE COL,7705326079336,TOSTADAS GUADALUPE MANTEQUILLA *,280,0,"8,400",0
BIMBO DE COL,7705326092007,TOSTADAS GUADALUPE MANTEQUILLA *81,0,0,"4,100",0
BIMBO DE COL,7705326081384,TOSTADOS INTEGRALES GUADALUPE * 81,0,0,"3,600",0
BINZ FARMACE,4008491190428,VIRU-MERZ GEL * 5 GR,0,0,0,0
BIO ESTERIL,17709146799310,AMIKACINA 500MG/2ML SOL INYECT CJA,0,0,"45,000",0
BIO ESTERIL,7709947559772,LAGRIMART * 5 ML,0,0,"28,700",0
BIO ESTERIL,47709146799304,METOCLOPRAMIDA 10MG/2ML SOL INYECT,0,0,"15,000",0
BIO-LINE E.U,7707271130025,BIO-AL POLVO *400 GR,0,0,"49,000",0
BIO-LINE E.U,7707271130018,BIO-AL POLVO X 275 GRS,0,0,0,0
BIO-LINE E.U,7709466934562,CALCIO 28 JBE * 120 ML,0,0,"24,100",0
BIO-LINE E.U,7707271130117,LISIPAR 200 MG *2 TAB,0,0,"25,000",0
BIO-LINE E.U,7707271130056,LISIPAR SUSP * 20 ML,0,0,"22,600",0
BIO-LINE E.U,7707271130094,OXITOPRIM X 10 TBS,0,0,0,0
BIO-LINE E.U,7707271130087,OXITOPRIN SUSP X 60 ML,0,0,0,0
BIO-LINE E.U,7707271130155,PROFERAL * 30 CAP,0,0,"50,400",0
BIO-LINE E.U,7707271130032,PROFERAL PLUS JBE * 240 ML,0,0,"62,200",0
BIOCHEM CONS,7703234102344,C-GRIP (VITA C) GUAYABA-LIMON *,1000,0,"34,500",0
BIOCHEM CONS,7703234103853,C-GRIP KIDS GOMITAS MASTICABLES,0,0,"7,500",0
BIOCHEM CONS,7703234102771,CLARAX GEL * 30 GR,0,0,"27,100",0
BIOCHEM CONS,7703234103242,DOLPIRIN A * 48 TAB,0,0,"30,000",0
BIOCHEM CONS,7703234100425,RODALGIN SUSP * 120 ML,0,0,"25,900",0
BIOCHEM CONS,7703234100678,RODALGIN SUSP * 60 ML,0,0,"16,900",0
BIOCHEM CONS,7703234100975,VITA KH6 X 40 CAPS,0,0,"30,000",0
BIOCHEM FARM,7703234100395,ALERVIDEN * 10 TAB,0,0,"31,000",0
BIOCHEM FARM,7703234104645,ANTYL 3 GR NARANJA - VAINILLA * 20,0,0,"123,400",0
BIOCHEM FARM,7703234102528,AZINOBIN 500 MG * 3 CAP,0,0,"33,500",0
BIOCHEM FARM,7703234104164,BIOPROX * 6 TAB,0,0,"35,000",0
BIOCHEM FARM,7703234103556,CAFIDOL * 100 TAB,0,0,"101,600",0
BIOCHEM FARM,7703234103563,CAFIDOL * 12 TAB,0,0,"14,900",0
BIOCHEM FARM,7703234101378,CLARAX * 100 TAB,0,0,"122,100",0
BIOCHEM FARM,7703234100166,CLARAX BUCAL CON COPA * 180 ML,0,0,"40,900",0
BIOCHEM FARM,7703234102450,EFEZA 50 MG * 2 TAB,0,0,"30,600",0
BIOCHEM FARM,7703234101880,ENZYMED * 100 TAB,0,0,"281,200",0
BIOCHEM FARM,7703234100197,ENZYMED * 20 TAB,0,0,"63,500",0
BIOCHEM FARM,7703234100555,FUSIMED CREMA * 10 GR,0,0,"30,000",0
BIOCHEM FARM,7703234103884,GYNECLOR * 10 OVULOS,0,0,"51,800",0
BIOCHEM FARM,7703234100418,HELMINTREL * 6 TAB,0,0,"30,400",0
BIOCHEM FARM,7703234100203,HELMINZOL * 2 TAB,0,0,"13,600",0
BIOCHEM FARM,7703234104812,HEPATIL JB * 120 ML,0,0,"36,700",0
BIOCHEM FARM,7703234103983,HISTAFLEX * 60 ML,0,0,"55,400",0
BIOCHEM FARM,7703234103105,IVERTREL FRASCO * 5 ML,0,0,"25,700",0
BIOCHEM FARM,7703234100739,LANXIMED 30 MG X 7 CAPS,0,0,"38,500",0
BIOCHEM FARM,7703234103662,MOVIART NARANJA  4.5 GR * 15 S/S,0,0,"87,000",0
BIOCHEM FARM,7703234103686,MOVIART PLUS NARANJA SIN AZUCAR *,10,0,"139,400",0
BIOCHEM FARM,7703234100494,SECNICHEM PED 750 MG * 15 ML,0,0,"29,900",0
BIOCHEM FARM,7703234102917,TRALMED * 10 TAB,0,0,"38,900",0
BIOCHEM FARM,7703234100890,TRESILEN 0.1% CREMA * 15 GR,0,0,"19,900",0
BIOCHEM FARM,7703234100432,TRESILEN 0.5% CREMA X 15 GRS,0,0,"13,100",0
BIOCHEM FARM,7703234100272,TRISULFA * 120 ML,0,0,"22,800",0
BIOCHEM FARM,7703234100296,TRISULFA F * 10 COMP,0,0,"22,500",0
BIOCHEM FARM,7703234100319,TRISULFA F SUSP * 120 ML,0,0,"39,700",0
BIOCHEM FARM,7703234100340,TUSIMED PED * 120 ML,0,0,"26,400",0
BIODERMA LAB,3401528520846,ATODERM ACEITE DE DUCHA BIODERA *,10,0,"219,000",0
BIODERMA LAB,3701129810088,BIODERMA CICABIO CREMA SPF 50+ *,400,0,"100,100",0
BIODERMA LAB,3401348840421,BIODERMA CREMA SEBIUM HYDRA * 40ML,0,0,"132,500",0
BIODERMA LAB,3701129800843,BIODERMA GEL SENSIBIO MOUSSANT *,500,0,"184,500",0
BIODERMA LAB,3701129804384,BIODERMA GEL SENSIBIO MOUSSANT *,500,0,"185,500",0
BIODERMA LAB,3401347869775,BIODERMA HYDRABIO SERUM HIDRATANTE,0,0,"160,500",0
BIODERMA LAB,3401353790100,BIODERMA PHOTODERM MAX SPF 100*,1000,0,"149,500",0
BIODERMA LAB,3701129807385,BIODERMA PROTECTOR SOLAR PHOTODERM,0,0,"119,500",0
BIODERMA LAB,3701129803424,BIODERMA PROTECTOR SOLAR PHOTODERM,0,0,"128,500",0
BIODERMA LAB,3701129803431,BIODERMA PROTECTOR SOLAR PHOTODERM,0,0,"127,500",0
BIODERMA LAB,3701129802731,BIODERMA PROTECTOR SOLAR PHOTODERM,0,0,"126,500",0
BIODERMA LAB,3701129802724,BIODERMA PROTECTOR SOLAR PHOTODERM,0,0,"125,500",0
BIODERMA LAB,3701129807408,BIODERMA PROTECTOR SOLAR PHOTODERM,0,0,"120,500",0
BIODERMA LAB,3401561197425,BIODERMA PROTECTOR SOLAR PHOTODERM,0,0,"120,500",0
BIODERMA LAB,3701129803547,BIODERMA PROTECTOR SOLAR PHOTODERM,0,0,"144,500",0
BIODERMA LAB,3701129803561,BIODERMA PROTECTOR SOLAR PHOTODERM,0,0,"127,500",0
BIODERMA LAB,3401360195318,BIODERMA PROTECTOR SOLAR PHOTODERM,0,0,"126,500",0
BIODERMA LAB,3401360195332,BIODERMA PROTECTOR SOLAR PHOTODERM,0,0,"125,500",0
BIODERMA LAB,3701129809921,BIODERMA PROTECTOR SOLAR PHOTODERM,0,0,"224,900",0
BIODERMA LAB,3401396991779,BIODERMA SENSIBIO H2O AGUA MICELAR,0,0,"158,800",0
BIODERMA LAB,3401360195349,PHOTODERM NUDE TOUCH SPF 50+ FCO *,0,0,"120,100",0
BIODERMA LAB,3701129813614,PHOTODERM XDEFENSE ULTRA-FLUID SPF,0,0,"117,900",0
BIOEQUIVALEN,7708950264949,ALCOHOL * 750 ML,0,0,"10,000",0
BIOEQUIVALEN,7709990543452,ALCOSOFT DESINFECTANTE GLICERINADO,0,0,"25,100",0
BIOEQUIVALEN,7707069712464,ANIS PEPA * 25 S/S,0,0,"7,000",0
BIOEQUIVALEN,7707069712631,AZUFRE * 500 GR,0,0,"7,500",0
BIOEQUIVALEN,7707069729455,AZUL DE METILENO * 30 ML,0,0,"2,000",0
BIOEQUIVALEN,7707069713263,BICARBONATO DE SODIO * 25 S/S,0,0,0,0
BIOEQUIVALEN,7707069775568,BOLDO HOJAS * 25 S/S,0,0,0,0
BIOEQUIVALEN,7706440000060,BROXOL PED JBE * 120 ML,0,0,0,0
BIOEQUIVALEN,7703712010079,CALOVID D * 30 TAB,0,0,"12,200",0
BIOEQUIVALEN,7703432422220,CETIRIZINA GOTAS * 15 ML,0,0,0,0
BIOEQUIVALEN,7706440000084,CICLOVIRAL PED * 90 ML,0,0,0,0
BIOEQUIVALEN,7705959013127,CLARITROMICINA 500 MG * 10 TAB,0,0,"19,000",0
BIOEQUIVALEN,7707069753931,CREOLINA * 240 ML,0,0,"10,500",0
BIOEQUIVALEN,7703712031395,",7CROMOGLICATO DE SODIO 4% NASAL *",100,0,0,0
BIOEQUIVALEN,7709790751750,DEXTROSA 5% * 500 ML,0,0,"3,000",0
BIOEQUIVALEN,8470000217005,DIAMEL * 90 CAP,0,0,0,0
BIOEQUIVALEN,7703006482339,DICLOFENACO 50 MG,0,0,0,0
BIOEQUIVALEN,7703006483336,DICLOFENACO RETARD 100 MG * 20 TAB,0,0,0,0
BIOEQUIVALEN,7707225980171,ESPECULO KIT CITOLOGICO TALLA M *,10,0,"5,000",0
BIOEQUIVALEN,7707200521924,F-VIT JBE * 120 ML,0,0,"6,100",0
BIOEQUIVALEN,20885380040549,FLEXAL FEEL GUANTE NUTRILO TALLA S,0,0,"84,000",0
BIOEQUIVALEN,7703432421117,FLUCONAZOL 150 MG * 1 CAP,0,0,0,0
BIOEQUIVALEN,7700516170888,FORMOL * 30 ML,0,0,"3,000",0
BIOEQUIVALEN,7707338400436,FORTEVITA * 60 CAP,0,0,"73,600",0
BIOEQUIVALEN,7703712032712,GENTAMICINA 160 MG * 1 AMP,0,0,0,0
BIOEQUIVALEN,7707069715113,GLICERINA * 30 ML,0,0,0,0
BIOEQUIVALEN,7707069715168,GLICERINA * 30 ML,0,0,0,0
BIOEQUIVALEN,7707300933863,GUANTE VINILO STRETHC CREM TALLA S,0,0,0,0
BIOEQUIVALEN,6975628330881,GUANTES BESTSURGY DE NITRILO TALLA,0,0,"3,500",0
BIOEQUIVALEN,7707187611861,GUANTES QUIRURGICOS TALLA,80,0,"1,300",0
BIOEQUIVALEN,041376110702,HELLO KITTY * 14 GR,0,0,0,0
BIOEQUIVALEN,700029106560,NUTS ABOUT FLORIDA CRANBERRIES *,190,0,0,0
BIOEQUIVALEN,7792219000676,ONDANSETRON 8 MG * 10 COMP,0,0,"38,500",0
BIOGEN ,7702973011085,AVIRAL SUSP * 120 ML,0,0,0,0
BIOGEN ,7702973040009,DORZOPRES T * 5 ML,0,0,"27,100",0
BIOGEN ,7702973035432,DORZOPRES X 5 ML,0,0,"25,000",0
BIOGEN ,7702973029066,FAZOL SHAMPOO * 100 ML,0,0,"37,800",0
BIOGEN ,7702973026928,HIDROXIDO ALUMINIO + SIMETICONA *,30,0,"6,000",0
BIOGEN ,7702973028014,OPTIMOL GOTAS * 5 ML,0,0,"14,800",0
BIOHEALTHY,7709167357387,BIOFOLIC SD * 30 CAP,0,0,"122,000",0
BIOHEALTHY,7709988911126,CLARUS SUPLEMENTO DIETARIO CJA *,600,0,"190,000",0
BIOPAS ,7594002621408,BRAVELLE 75 UI * 1 AMP,0,0,0,0
BIOPAS ,7503000883510,",7CHORAGON 5000 U.I * 3 AMP",0,0,"265,000",0
BIOPAS ,4260085521357,FINACEA GEL * 30 GR,0,0,"179,000",0
BIOPAS ,7703331102902,ICADEN CREMA * 20 GR,0,0,"92,600",0
BIOPAS ,4030729001473,NEUPRO 4 MG * 14 UND,0,0,"141,600",0
BIOPAS ,4030729001480,NEUPRO 6 MG * 14 UND,0,0,"212,500",0
BIOPAS ,4030729001497,NEUPRO 8 MG * 14 UND,0,0,"283,500",0
BIOPAS ,6953462900095,PICOPREP * 2 S/S,0,0,"220,600",0
BIOPAS ,7594002620692,PROTOS 2 GR * 14 S/S,0,0,"300,000",0
BIOPAS ,7594002620685,PROTOS 2 GR * 28 S/S,0,0,"378,500",0
BIOPAS OTX,7315517700118,BIOFIL GEL VAGINAL * 7 TUBOS,0,0,"132,900",0
BIOPAS OTX,5702191011968,DAIVOBET GEL * 30 GR,0,0,"290,900",0
BIOPAS OTX,5702191015317,DAIVOBET UNG * 30 GR,0,0,"265,900",0
BIOPAS OTX,5702191011180,FUCIDIN 2% CREMA * 15 GR,0,0,"113,800",0
BIOPAS OTX,5702191011005,FUCIDIN H CREMA * 15 GR,0,0,"158,200",0
BIOPAS OTX,5702191007008,",7FUCIDIN UNG * 15 GR",0,0,"111,600",0
BIOPAS OTX,4008491759182,",4HEPA MERZ * 5 AMP",0,0,"296,000",0
BIOPAS OTX,4008491330619,HEPA MERZ GRANULADO * 10 S/S,0,0,"78,300",0
BIOPAS OTX,7702092000625,RIVOTRIL * 6 AMP,0,0,0,0
BIOPAS OTX,7896226503592,RIVOTRIL 2.5 MG GOTAS * 20 ML,0,0,"106,200",0
BIOPHARMA DE,7707370610077,GRIPEX X 100 CAP,0,0,0,0
BIOPHARMA DE,7707370610084,GRIPEX X 48 CAP,0,0,0,0
BIOPHARMA DE,7707370610053,ZUKARVIT FRESA X 400 GR,0,0,0,0
BIOSANO LABO,4800573516214,AGUA ESTERIL 5 ML,0,0,"22,200",0
BIOSANO LABO,7800061035101,ATROPINA SULFATO 1MG/1ML CJA * 100,0,0,"48,750",0
BIOSANO LABO,7800061138109,DEXAMETASONA 8MG/2ML CJA,0,0,"3,000",0
BIOSANO LABO,7800061000642,DIPIRONA 2.5GR HIOSCINA * 20MG/5ML,0,0,"250,000",0
BIOSANO LABO,7800061000949,FENITOINA SODICA 250MG/5ML CJA *,100,0,"400,000",0
BIOSANO LABO,7800061325103,METOCLOPRAMIDA 10MG/2ML X 100 AMPS,0,0,"120,000",0
BIOSANO LABO,7803920002016,PENICILINA G BENZATINICA 1.200.000,0,0,"3,500",0
BIOSANO LABO,7803920002108,PENICILINA G BENZATINICA 2.400.000,0,0,"3,500",0
BIOSIDUS S.A,7703153001308,BIOFIGRAN 300 MG *4 VIALES,0,0,"122,800",0
BIOSIDUS S.A,7795355998432,EPOYET 2000 U.I CJA * 25 AMP,0,0,"385,000",0
BIOSIDUS S.A,7703153001209,EPOYET 2000 U.I. AMP,0,0,"17,900",0
BIOTECNIK LA,7702870100073,FOTONE PROTECTOR SOLAR CARA VISAGE,0,0,"36,800",0
BIOTECNIK LA,7702870100097,FOTONE PROTECTOR SOLAR CUERPO PFS,50,0,"60,000",0
BIOTECNIK LA,7702870100103,FOTONE PROTECTOR SOLAR NIÃ‘OS FPS,50,0,"60,000",0
BIOTECNIK LA,7702870100370,FOTONE PROTECTOR SOLAR NIÃ‘OS FPS,50,0,"71,400",0
BIOTECNIK LA,7702870100424,FOTONE PROTECTOR SOLAR NIÃ‘OS FPS,50,0,"30,800",0
BIOTOSCANA F,8901117015500,ARAPLUS 300 MG X 30 TAB,0,0,0,0
BIOTOSCANA F,8901117023147,BECLOMAR (BECLOMETASONA) 250 MCG X,0,0,"19,000",0
BIOTOSCANA F,8901117022850,BECLOMAR (BECLOMETASONA) 50 MCG X,20,0,"13,500",0
BIOTOSCANA F,8901117023406,BIOMETASONA 0.05% SPRAY NASAL X,1000,0,"71,100",0
BIOTOSCANA F,8901117151536,BLEOMICINA (ONCOBLEOCIN) 15 UIAMP,0,0,"88,000",0
BIOTOSCANA F,7707329732201,BROMURO DE IPATROPIO INHALADOR X,200,0,"20,000",0
BIOTOSCANA F,8901117023451,BUDEMAR 0.5 MG X 5 RESPULES,0,0,"85,800",0
BIOTOSCANA F,4032717010009,BUDENOFALK X 10 CAPS,0,0,"36,700",0
BIOTOSCANA F,8901117033863,CRONOPEP 20 MG X 14 TABLS,0,0,0,0
BIOTOSCANA F,8901117050839,CRONOPEP 40 MG X 14 TABLS,0,0,"144,700",0
BIOTOSCANA F,7896261003637,EXELON 1.5 MG X 28 CAPS,0,0,"39,800",0
BIOTOSCANA F,7896261003644,EXELON 3.0 MG * 28 CAP,0,0,"77,300",0
BIOTOSCANA F,7896261003620,EXELON 4.5 MG X 28 CAPS,0,0,"104,300",0
BIOTOSCANA F,7896261003651,EXELON 6.0 MG X 28 CAPS,0,0,"198,900",0
BIOTOSCANA F,7702635725978,EXELON PATCH 15 (13.3 MG/24 H) *,300,0,"482,500",0
BIOTOSCANA F,8901117321199,FLUAMAR 25/125 MCG AUTOHALER X 300,0,0,0,0
BIOTOSCANA F,8901117321175,FLUAMAR 25/250 MCG AUTOHALER X 300,0,0,"213,500",0
BIOTOSCANA F,7798098720346,HAEMATE P 500 U.I. AMP,0,0,0,0
BIOTOSCANA F,8901117152137,IFOSFAMIDA (ONCOFOSFAMIDA) 1GRAMP,0,0,0,0
BIOTOSCANA F,7707188880167,KLEAN-PREP X 1 S/S,0,0,"18,500",0
BIOTOSCANA F,7707188880204,KLEAN-PREP X 4 S/S,0,0,"76,300",0
BIOTOSCANA F,8901117151222,ONDANSETRON 8 MG * 5 AMP,0,0,0,0
BIOTOSCANA F,8901117271425,SALBUTAMOL (ASTHALIN HFA) INHLX,2000,0,"11,500",0
BIOTOSCANA F,7707188881805,SALOFALK 1 GR X 20 S/S,0,0,"245,000",0
BIOTOSCANA F,7707188881799,SALOFALK 500 MG X 20 S/S,0,0,"25,500",0
BIOTOSCANA F,7707188881881,SALOFALK ESPUMA 80GR,0,0,"113,700",0
BIOTOSCANA F,7707188881003,URSOFALK 250 MG X 25 CAPS,0,0,"93,900",0
BIOTOSCANA F,8901117260436,ZOLDRIA (ACIDO ZOLENDRONICO)  AMP,0,0,"40,000",0
BISONTE ,8411135350342,LACTOVIT GEL BAÃ‘O NUTRITIVO *,6000,0,"28,800",0
BISONTE ,8411135351721,LACTOVIT GEL BAÃ‘O REPARADOR *,6000,0,"27,000",0
BISONTE ,8411660650757,LACTOVIT LACTOUREA REPARADORA *,2500,0,"32,400",0
BISONTE ,8411135009677,LACTOVIT LACTOUREA REPARADORA *,4000,0,"30,400",0
BLASKOV ,7702896000784,CEFTRIAXONA 1 GR * 1 AMP,0,0,"9,500",0
BLASKOV ,7703153023096,CIFLOBLAS 200MG/10 ML *1 AMP,0,0,"7,800",0
BLASKOV ,7702896000456,CIPROFLOXACINO 200 MGS AMP X 10 ML,0,0,"3,400",0
BLASKOV ,7702896002030,DIPIRONA (LAPER) GOTAS ORALES X 15,0,0,"10,000",0
BLASKOV ,7702896001088,DIPIRONA 1 GR X 2 ML CJA X 5  AMPS,0,0,0,0
BLASKOV ,7702896000524,DIPIRONA MAGNESICA X 5 AMPS,0,0,0,0
BLASKOV ,7702896002047,ESPASMOKOV (HIOSCINA) COMPUESTO X,10,0,"12,000",0
BLASKOV ,7702896002061,FENACOF GOTAS *5 ML,0,0,"14,800",0
BLAU ,7501559652601,IFOSFAMIDA 1 GR AMP,0,0,"68,200",0
BLAU ,7707291700550,ONDANSETRON 8 MG * 20 AMP,0,0,"58,400",0
BLAU ,7707291700215,SULFATO DE VINBLASTINA 10 MG CJA *,0,0,"69,500",0
BODY HELP,7707303962068,ALMOHADA ANATOMICA,0,0,0,0
BODY HELP,7707303960576,ALMOHADA TIPO LUNA U,0,0,0,0
BODY HELP,7707303962051,ANILLO SUBROTULIANO T. L,0,0,0,0
BODY HELP,7707303962037,ANILLO SUBROTULIANO T. S,0,0,0,0
BODY HELP,7707303961115,BRACE DE MUNECA BILATERAL T. L/XL,0,0,0,0
BODY HELP,7707303960262,BRACE DE MUNECA T. M DERECHO,0,0,0,0
BODY HELP,382250033855,BRACE DE MUNECA UNIVERSAL DERC B Y,0,0,0,0
BODY HELP,7707303960286,BRACE MUECA DERECHA T. S,0,0,0,0
BODY HELP,7707303960361,CABESTRILLO ADULTO T. M,0,0,0,0
BODY HELP,7707303960354,CABESTRILLO ADULTO T. S,0,0,0,0
BODY HELP,7707303960385,CABESTRILLO ADULTO T. XL,0,0,0,0
BODY HELP,7707303960453,CABESTRILLO INFANTIL T,100,0,0,0
BODY HELP,7707303960477,CABESTRILLO INFANTIL T,140,0,0,0
BODY HELP,7707303960460,CABESTRILLO INFANTIL T.,120,0,0,0
BODY HELP,7707303960446,CABESTRILLO INFANTIL T. 8,0,0,0,0
BODY HELP,7707303960439,CABESTRILLO INTANTIL T. 6,0,0,0,0
BODY HELP,7707303960729,CINTURON INDUSTRIAL T. M,0,0,"40,000",0
BODY HELP,7707303960484,CODERA CODO TENISTA T. S,0,0,0,0
BODY HELP,7707303960958,CODERA CON GEL T. S/M,0,0,0,0
BODY HELP,7707303960835,CORRECTOR DE POSTURA T. 12,0,0,0,0
BODY HELP,7707303960859,CORRECTOR POSTURA ELASTICO T. M,0,0,0,0
BODY HELP,7707303960880,CUELLO CERVICAL THOMAS,0,0,"28,300",0
BODY HELP,7707303961023,FAJA ABDOMINAL T L,0,0,0,0
BODY HELP,7707303961009,FAJA ABDOMINAL T. S,0,0,0,0
BODY HELP,7707303961191,FAJA LUMBOSACRA T. L,0,0,0,0
BODY HELP,7707303961528,FAJA LUMBOSACRA T. XL,0,0,0,0
BODY HELP,7707303961597,INMOVILIZADOR DE CLAVICULA T.S,0,0,0,0
BODY HELP,7707303961726,INMOVILIZADOR DE COSTILLA T. S/M,0,0,0,0
BODY HELP,7707303961658,INMOVILIZADOR DE HOMBRO T. S,0,0,0,0
BODY HELP,7707303961689,INMOVILIZADOR DE HOMBRO T. XL,0,0,0,0
BODY HELP,7707303961672,INMOVILIZADOR DE HOMBRO T.L,0,0,0,0
BODY HELP,7707303961665,INMOVILIZADOR DE HOMBRO T.M,0,0,0,0
BODY HELP,7707303961832,MUNEQUERA T M,0,0,0,0
BODY HELP,7707303961849,MUNEQUERA T. L,0,0,0,0
BODY HELP,7707303961825,MUNEQUERA T. S,0,0,0,0
BODY HELP,7707303960231,MUSLERA ANATOMICA T. L/XL,0,0,0,0
BODY HELP,7707303960224,MUSLERA ANATOMICA T. S/M,0,0,0,0
BODY HELP,7707303961993,RODILLERA ROTULA ABIERTA T. M,0,0,0,0
BODY HELP,7707303961986,RODILLERA ROTULA ABIERTA T. S,0,0,0,0
BODY HELP,7707303962099,RODILLERA ROTULADA CERRADA T M,0,0,0,0
BODY HELP,7707303962181,SOPORTE DE HOMBRO UNA PIEZA T. S/M,0,0,0,0
BODY HELP,7707303962273,TOBILLERA ABIERTA T. L,0,0,0,0
BODY HELP,7707303962259,TOBILLERA ABIERTA T. S,0,0,0,0
BODY HELP,7707303962310,TOBILLERA CERRADA T. L,0,0,0,0
BOEHRINGER I,4048846001665,ATROVENT AEROSOL HFA * 10 ML,0,0,"22,300",0
BOEHRINGER I,4048846001672,BERODUAL HFA AEROSOL * 10 ML,0,0,"33,500",0
BOEHRINGER I,4048846002648,BISOLTUSSIN JBE * 120 ML,0,0,"19,000",0
BOEHRINGER I,7703381001354,COMPOFEN * 10 COMP,0,0,"33,000",0
BOEHRINGER I,7703381001811,FURACIN POMADA * 500 GRS,0,0,"127,700",0
BOEHRINGER I,7703381001958,FUROXONA 30MG GOTAS FCO * 30 ML,0,0,"18,000",0
BOEHRINGER I,7703381001989,FUROXONA 50MG SUSP FCO * 120 ML,0,0,"16,900",0
BOEHRINGER I,7703381003242,LISALGIL * 10 TABLS,0,0,"15,900",0
BOEHRINGER I,7703381003211,LISALGIL * 100 TABLS,0,0,0,0
BOEHRINGER I,7703381003150,LISALGIL * 3 AMP,0,0,"28,800",0
BOEHRINGER I,7703381003365,MACRODANTINA 100 MG * 40 CAP,0,0,"105,500",0
BOEHRINGER I,7703381004539,MICARDIS 80 MG * 7 COMP,0,0,"7,700",0
BOEHRINGER I,4048846003461,MICARDIS AMLO 80/10 MG * 14 COMP,0,0,"45,400",0
BOEHRINGER I,7703381004102,MICARDIS PLUS 80/12.5 MG * 14 COMP,0,0,"25,800",0
BOEHRINGER I,7703381004201,MICARDIS PLUS 80/12.5 MG * 28 COMP,0,0,"56,100",0
BOEHRINGER I,4048846003645,MIRAPEX ER 3 MG * 10 COMP,0,0,"124,700",0
BOEHRINGER I,7703381003464,MOBIC 15 MG * 10 TAB,0,0,"88,700",0
BOEHRINGER I,7703381003372,MOBIC 15 MG * 3 AMP,0,0,"63,000",0
BOEHRINGER I,7703381003471,MOBIC 15 MG * 30 TABLS,0,0,"213,300",0
BOEHRINGER I,7703381003235,MOBIC 15 MG * 5 COMPS,0,0,0,0
BOEHRINGER I,7703381003426,MOBIC 7.5 MG * 30 TABLS,0,0,"171,000",0
BOEHRINGER I,7703381003457,MONIS * 20 COMPS,0,0,"35,000",0
BOEHRINGER I,7703381003631,MUCOSOLVAN COMP PED * 120 ML,0,0,"25,000",0
BOEHRINGER I,7703381003693,MUCOSOLVAN JBE ADUL * 120 ML,0,0,"36,200",0
BOEHRINGER I,7703381003723,MUCOSOLVAN JBE PED X 120 ML,0,0,"33,000",0
BOEHRINGER I,7703381004027,NORFORMS * 12 OVULOS,0,0,"18,300",0
BOEHRINGER I,7703381004058,NORFORMS * 24 OVULOS,0,0,"33,800",0
BOEHRINGER I,7703381004010,NORFORMS * 3 OVULOS,0,0,"5,700",0
BOEHRINGER I,7703381004331,PERLUTAL AMP + JERINGA CJA *,10,0,"19,800",0
BOEHRINGER I,4048846004451,PERLUTAL AMPOLLA,0,0,"25,300",0
BOEHRINGER I,4048846001481,PRADAXA 75 MG * 10 CAP,0,0,"29,200",0
BOEHRINGER I,7703381005116,SECOTEX OCAS * 10 COMPS,0,0,"67,100",0
BOEHRINGER I,7703381005024,",4SPIRIVA 18 MG * 10 CAPS",0,0,"91,800",0
BOEHRINGER I,7703381005017,",4SPIRIVA 18 MG * 30 CAPS",0,0,"119,400",0
BOEHRINGER I,7703381005543,",7VENASTAT * 30 CAPS",0,0,"76,500",0
BOEHRINGER I,7703381005604,VENASTAT * 60 CAPS,0,0,"140,000",0
BOIRON ,7702207141939,ARNIGEL *45 GR,0,0,"53,700",0
BOIRON ,7702207141137,OSCILLOCOCCINUM *6 TUBOS,0,0,"35,000",0
BOIRON ,7702207141632,OSTEOCYNECINE X 60 TABLS,0,0,0,0
BOIRON ,7702207158012,QUIETUDE JBE * 200 ML,0,0,"75,800",0
BOIRON ,7702207161166,SEDATIF PC * 40 COMP,0,0,"57,000",0
BOSTON MEDIC,768455064779,BARRERA OSTOMIA FLEXIBLE 45 MM * 5,0,0,"40,000",0
BOSTON MEDIC,300034118192,BARRERA OSTOMIA MOLDEABLE 45 MM X,10,0,0,0
BOSTON MEDIC,768455108800,BARRERA OSTOMIA MOLDEABLE 70 MM X,10,0,"449,000",0
BOSTON MEDIC,768455049363,BARRERA OSTOMIA PEDIATRICA 32 MM X,0,0,0,0
BOSTON MEDIC,768455106707,DUODERM CGF 20 X 30 X 5 UNDS,0,0,"434,500",0
BOSTON MEDIC,768455107254,DUODERM SIGNAL 10 X 10 *5 UND,0,0,"44,900",0
BOTANITAS,7703286116955,CALENDULA * 100 CAP,0,0,"31,000",0
BOTANITAS,7707232092256,COLAGENO * 60 CAP,0,0,"20,600",0
BOTANITAS,7703286100831,LECITINA DE SOYA 1200 MG FCO * 100,0,0,"60,000",0
BOTANITAS,7703286111752,VALERIANA + PASSIFLORA * 60 ML,0,0,"14,500",0
BOYDORR NUTR,7709990658187,PROWHEY KALORI * 460 GR,0,0,"90,500",0
BOYDORR NUTR,7709126643605,PROWHEY KALORI * 900 GR,0,0,"171,400",0
BOYDORR NUTR,7709126643681,PROWHEY ONCARE PLUS VAINILLA * 415,0,0,"138,200",0
BOYDORR NUTR,7709745585119,PROWHEY PLUS PROTEINA NATURAL *,3200,0,"148,200",0
BOYDORR NUTR,7709990077377,PROWHEY PLUS PROTEINA NATURAL *275,0,0,"126,300",0
BRADYSTER,7707269910295,SICNERIN SUPLEMENTO DIETARIO CJA *,0,0,"25,000",0
BREMYMG ,7707062800267,BREMYM-SURE FRESA X 400 GRS,0,0,0,0
BREMYMG ,7707062800342,DITOGEL PLUS * 360 ML,0,0,"40,100",0
BREMYMG ,7707062800199,DITOGEL PLUS X 180 ML,0,0,"18,000",0
BREMYMG ,7707062800038,FERRY-C FOL X 30 TABLS,0,0,"27,000",0
BREMYMG ,7707062800083,FLEMALIS JBE * 120 ML,0,0,"27,900",0
BREMYMG ,7707062800434,NITROFUR * 500 GR,0,0,"61,900",0
BREMYMG ,7707062800250,NITROFURAZONA POMADA X 40 GRS,0,0,0,0
BREMYMG ,7707062800304,PROXANIDA SUSP X 30 ML,0,0,"19,900",0
BREMYMG ,7707062800762,SOY CAL D * 90 CAPS,0,0,"22,000",0
BREMYMG ,7707068200120,",7ZINCVIT GRANUL VAINILLA X",2000,0,0,0
BREMYMG ,7707062800106,ZINCVIT JBE X 240 ML,0,0,0,0
BRISTOL MYER,7750548000026,ABILIFY 15 MG X 10 TABLS,0,0,0,0
BRISTOL MYER,7795990001597,BYETTA 250 MG X 1.2 ML/5 MG AMP,0,0,"183,500",0
BRISTOL MYER,7501233286580,DICLOCIL 125 MG SUSP X 100 ML,0,0,0,0
BRISTOL MYER,7702205830507,HYDREA 500 MG * 100 CAP,0,0,"375,000",0
BRISTOL MYER,7501095401503,ISCOVER 75 MG X 14 TABLS,0,0,0,0
BRISTOL MYER,8027950150038,IXEMPRA 15 MG AMP,0,0,"15,350",0
BRISTOL MYER,7861004505013,KENACORT I.M * 1 AMP,0,0,"26,800",0
BRISTOL MYER,7896016806193,",7MONOPRIL 10 MG X 10 TABLS",0,0,0,0
BRISTOL MYER,3000033631193,REYATAZ 200 MG X 60 CAPS,0,0,0,0
BRISTOL MYER,3000033622634,REYATAZ 300 MG X 30 CAPS,0,0,"889,000",0
BRISTOL MYER,768455106905,STOMAHESIVE PASTA X 56.7 GR,0,0,"85,000",0
BRISTOL MYER,7702205809077,ZERIT 40 MG X 60 TABLS,0,0,0,0
BSN MEDICAL,7707331801308,APOSITO ADHESIVO ELASTICO,0,0,"2,000",0
BSN MEDICAL,7592827000149,ASIENTO INVALIDO,0,0,"31,000",0
BSN MEDICAL,7707331801599,CURITAS COVERPLAST COLOR PIEL X,1000,0,"15,000",0
BSN MEDICAL,7702003009693,CURITAS COVERPLAST REDONDA X 100,0,0,"10,000",0
BSN MEDICAL,726490000101,",40CURITAS COVERPLAST TRANSPARENTE X",10,0,0,0
BSN MEDICAL,7702003009938,CURITAS COVERPLAST TRANSPARENTE X,10,0,"15,000",0
BSN MEDICAL,7707331800325,CURITAS COVERPLAST X 10 UNS,0,0,0,0
BSN MEDICAL,4042809825008,CURITAS LEUKOPLAST KIDS HERO SUPER,0,0,"12,500",0
BSN MEDICAL,7707331800431,CUTIMED GEL * 25 GR,0,0,"62,500",0
BSN MEDICAL,7707331800424,CUTIMED GEL X 15 GRS,0,0,"43,000",0
BSN MEDICAL,4042809287448,CUTIMED SILTEC STERILE 15X15 CM X,10,0,"455,000",0
BSN MEDICAL,7702003134128,ESPARADRAPO LEUKOPOR BLANCO 1/2 X,50,0,0,0
BSN MEDICAL,7702003247224,",7ESPARADRAPO LEUKOPOR PIEL 1 X 5",0,0,0,0
BSN MEDICAL,7702003247125,",7ESPARADRAPO LEUKOPOR PIEL 1/2 X 5",0,0,"10,400",0
BSN MEDICAL,4042809578522,FIXOMULL SKIN SENSITIVE 10CM X 2MT,0,0,"52,500",0
BSN MEDICAL,4042809199291,LEUKOMED APOSITO 15 CM X 8 CM  *,500,0,0,0
BSN MEDICAL,4042809199239,LEUKOMED APOSITO 5 CM X 7.2 CM  *,50,0,"68,000",0
BSN MEDICAL,7707331800509,LEUKOPLAS ESPARADRAPO 4 * 5 YD,0,0,"42,600",0
BSN MEDICAL,7707331800554,LEUKOPLAS ESPARADRAPO HOSPITALARIO,0,0,"143,500",0
BSN MEDICAL,77010612,LEUKOPLAS ESPARADRAPO TELA 1/2 * 1,0,0,"4,000",0
BSN MEDICAL,77010636,LEUKOPLAS ESPARADRAPO TELA 1/2 * 5,0,0,"10,500",0
BSN MEDICAL,7707331801926,LEUKOPOR ESPARADRAPO PIEL 2.50CM X,0,0,"19,600",0
BSN MEDICAL,7707066062135,MEDIAS NO VARIX PANTIMEDIA MEDIANA,0,0,"120,000",0
BSN MEDICAL,7707066095065,MEDIAS NO-VARIX MEDIANA COMPRESION,0,0,"71,000",0
BSN MEDICAL,7707066080887,MEDIAS NO-VARIX UNISEX MUSLO 18-22,0,0,"75,300",0
BSN MEDICAL,726560000102,",40PARCHE COVERPLAST PARA AMPOLLAS *",50,0,"28,000",0
BSN MEDICAL,726560000302,",40PARCHE COVERPLAST PARA AMPOLLAS *",70,0,"31,000",0
BSN MEDICAL,7707331802961,PARCHE OCULAR COVERLET ADULTO * 20,0,0,"22,500",0
BSN MEDICAL,7707331802954,PARCHE OCULAR COVERLET JUNIOR * 20,0,0,"22,500",0
BSN MEDICAL,4042809484960,VENDA DE YESO 3 X 3 YDS GYPSONA,0,0,"12,000",0
BSN MEDICAL,4042809379068,VENDA DE YESO 4 X 5 YDS GYPSONA,0,0,"19,200",0
BSN MEDICAL,4042809379082,VENDA DE YESO 6 X 5 YDS  GYPSONA,0,0,"25,100",0
BUSSIE FARMA,7702502011210,AERIUS 5 MG * 10 TAB,0,0,"111,800",0
BUSSIE FARMA,7702502017571,AERIUS 5 MG * 30 TAB,0,0,"176,200",0
BUSSIE FARMA,7501050618816,AERIUS JBE * 15 ML,0,0,"29,000",0
BUSSIE FARMA,7702502011227,AERIUS JBE X 60 ML,0,0,"100,000",0
BUSSIE FARMA,7896548163818,AFLAREX GOTAS X 5 ML,0,0,"54,000",0
BUSSIE FARMA,7702195100475,ARIPRAZOL 15 MG * 30 TAB,0,0,"393,400",0
BUSSIE FARMA,7702195056369,ARMOL 70 MG * 4 TAB,0,0,"14,000",0
BUSSIE FARMA,7702195086151,ASMONT 4 MG * 30 TAB,0,0,"35,000",0
BUSSIE FARMA,7702195107702,ASMONT 4 MG * 90 TAB,0,0,0,0
BUSSIE FARMA,7702195085338,ASMONT 5 MG * 30 TAB,0,0,"27,900",0
BUSSIE FARMA,7702195107719,ASMONT 5 MG * 90 TAB,0,0,"97,800",0
BUSSIE FARMA,7702195050251,AXO 10 MG * 10 TAB,0,0,0,0
BUSSIE FARMA,7702195050268,AXO 20 MG * 10 TAB,0,0,0,0
BUSSIE FARMA,7702195066023,AXO 40 MG * 10 TAB,0,0,0,0
BUSSIE FARMA,7896548140185,AZOPT GOTAS * 5 ML,0,0,"34,600",0
BUSSIE FARMA,7702195316005,BATEN 150 MG * 1 CAP,0,0,"60,500",0
BUSSIE FARMA,7702195006173,BATEN 150 MG * 2 CAP,0,0,"114,200",0
BUSSIE FARMA,7702195316104,BATEN 200 MG * 5 CAP,0,0,"292,000",0
BUSSIE FARMA,7702195119521,BATEN S * 4 CAP,0,0,"98,600",0
BUSSIE FARMA,7702195043413,BATEN SUSP * 20 ML,0,0,"121,500",0
BUSSIE FARMA,7703763860920,BUMETIN RETARD 300 MG X 40 TAB  LA,0,0,"103,600",0
BUSSIE FARMA,7702195310829,CARBOLIT 300 MG X 30 TABLS,0,0,"22,600",0
BUSSIE FARMA,7702195057304,CELECOXIB 200 MG * 10 CAP,0,0,"11,000",0
BUSSIE FARMA,7702195333323,COLCHIMEDIO * 40 TAB,0,0,"63,100",0
BUSSIE FARMA,7702195093333,CORDURE 10 MG X 14 TABLS,0,0,"90,900",0
BUSSIE FARMA,7703763993888,DERMA Q * 20 GR,0,0,"54,500",0
BUSSIE FARMA,7703763993895,DERMA Q * 40 GR,0,0,"73,000",0
BUSSIE FARMA,7702502017564,DESALEX 5 MG X 30 TABLS,0,0,"180,100",0
BUSSIE FARMA,7702502012200,DESALEX JBE *60 ML,0,0,"99,100",0
BUSSIE FARMA,7702502012194,DESALEX JBE X 15 ML,0,0,"39,300",0
BUSSIE FARMA,7703763995196,DESLER 5 MG * 30 TAB,0,0,"96,800",0
BUSSIE FARMA,7702195077081,DEXIO 5 MG X 10 TABS,0,0,"39,800",0
BUSSIE FARMA,7702195076992,DEXIO JBE X 60 ML,0,0,"53,000",0
BUSSIE FARMA,7702195074066,DORMEBEN 10 MG X 10 TABLS,0,0,"51,500",0
BUSSIE FARMA,7702195098161,DUPLOT 15 MG X 30 TABLS,0,0,0,0
BUSSIE FARMA,7702195086656,EMCLAREX GEL * 30 GR,0,0,"150,000",0
BUSSIE FARMA,7702195113956,EMCLAREX GEL *30 GR + PROT-CELL *5,0,0,"133,500",0
BUSSIE FARMA,7703763310227,ESOZ 20 MG X 30 TAB,0,0,"100,100",0
BUSSIE FARMA,7702195725715,ESOZ 40 MG * 30 TAB,0,0,"204,000",0
BUSSIE FARMA,7703763997756,ESOZ 40 MG * 60 CAP,0,0,"289,400",0
BUSSIE FARMA,7703763180271,FADROX 500 MG SUSP X 80 ML,0,0,"70,000",0
BUSSIE FARMA,7703763180226,FADROX 500 MG X 12 CAPS,0,0,"88,100",0
BUSSIE FARMA,7702195131370,FILTROQUINONA X 30 GRS,0,0,0,0
BUSSIE FARMA,7591044403153,FLAGYL 250 MG SUSP X 120 ML,0,0,"44,800",0
BUSSIE FARMA,7501165006508,FLAGYL 500 MG *30 COMP,0,0,"62,200",0
BUSSIE FARMA,7703202114348,FLAGYL 500 MG AMP X 100 ML,0,0,"39,300",0
BUSSIE FARMA,7591044402255,FLAGYL 500 MG X 10 OVULOS,0,0,"23,000",0
BUSSIE FARMA,7591044403177,FLAGYL NISTATINA * 10 OVULOS,0,0,"60,000",0
BUSSIE FARMA,7707290950079,FREX CLEAN SOLUCION * 80 ML,0,0,"115,000",0
BUSSIE FARMA,770729095129,FREX CLEAN-T * 80 ML,0,0,"92,500",0
BUSSIE FARMA,7702195118425,FREX CLEAN-T * 80 ML,0,0,"93,800",0
BUSSIE FARMA,7707290950130,FREXCUR X 60 CAPS,0,0,"110,600",0
BUSSIE FARMA,7707290950031,HIPERSOL SOL OFT 0.5% X 5 ML,0,0,"25,900",0
BUSSIE FARMA,7702195310355,KETRON 10 MG X 10 TABLS,0,0,"27,100",0
BUSSIE FARMA,7702195210303,KETRON X 5 AMPS,0,0,0,0
BUSSIE FARMA,7702195000553,MOLTOBEN JBE * 70 ML,0,0,"173,200",0
BUSSIE FARMA,7702195078569,MOXAR 5 MG * 30 TAB,0,0,"147,300",0
BUSSIE FARMA,770219005096,MOXAR GOTAS * 30 ML,0,0,"100,000",0
BUSSIE FARMA,7702195096419,MOXAR GOTAS X 30 ML,0,0,"100,000",0
BUSSIE FARMA,7702195102936,MOXAR SI * 30 TAB,0,0,"163,500",0
BUSSIE FARMA,7702195082467,NITAZOFIN 500 MG X 6 TABS,0,0,"56,500",0
BUSSIE FARMA,7702195082191,NITAZOFIN 6% SUSP *60 ML,0,0,"35,200",0
BUSSIE FARMA,7703763994861,OCAM GEL * 40 GR,0,0,"51,500",0
BUSSIE FARMA,7702195086663,OJOS A EMULGEL X 15 GRS,0,0,0,0
BUSSIE FARMA,7702195006098,ORAZOLE 40 MG * 1 AMP,0,0,"32,200",0
BUSSIE FARMA,7702195105890,ORAZOLE 40 MG * 30 CAP,0,0,"65,000",0
BUSSIE FARMA,7702195333217,ORAZOLE 40 MG X 15 CAPS,0,0,"124,400",0
BUSSIE FARMA,7702771218211,PLASIL * 5 AMP,0,0,"42,600",0
BUSSIE FARMA,7591044218122,PLASIL 10 MG * 30 COMP,0,0,"70,400",0
BUSSIE FARMA,7891058059736,PLASIL JBE X 100 ML,0,0,"12,800",0
BUSSIE FARMA,7702195087431,PODOX GEL X 10 GR,0,0,"69,500",0
BUSSIE FARMA,7702195131684,PRIMAX CREMA * 20 GR,0,0,"63,000",0
BUSSIE FARMA,7702195131691,PRIMAX LOCION *30 GR,0,0,"46,000",0
BUSSIE FARMA,7702195232763,PRIMAX SOLUCION X 30 ML,0,0,"41,900",0
BUSSIE FARMA,7702195131677,RETICREM CREMA X 30 GRS,0,0,"43,300",0
BUSSIE FARMA,7702195131660,RETIGEL GEL X 30 GRS,0,0,"43,000",0
BUSSIE FARMA,7702195100048,REX 10 MG * 30 TAB,0,0,"126,600",0
BUSSIE FARMA,7702195100147,REX 20 MG *30 TAB,0,0,"140,000",0
BUSSIE FARMA,7702195689741,REX 40 MG * 30 TAB,0,0,"182,500",0
BUSSIE FARMA,7702195106910,REX 40 MG X 15 TAB,0,0,0,0
BUSSIE FARMA,7702195130854,RIFAXIGAL * 100 ML,0,0,"55,300",0
BUSSIE FARMA,7702195080777,ROSTRO A EMULSION X 30 GRS,0,0,0,0
BUSSIE FARMA,7702195070341,SATOREN 100 MG * 15 TAB,0,0,"120,000",0
BUSSIE FARMA,7702195046377,SATOREN H 50/12.5 MG * 15 TAB,0,0,"165,800",0
BUSSIE FARMA,7702195070457,SATOREN H FORTE 100/25MG * 30 TAB,0,0,"242,000",0
BUSSIE FARMA,7702195234538,SEBOTAR SHAMPOO X 120 ML,0,0,0,0
BUSSIE FARMA,7703763540334,SULAMP 250MG *100 ML,0,0,"92,900",0
BUSSIE FARMA,7703763483051,TIOCOLFEN * 15 TAB,0,0,"57,000",0
BUSSIE FARMA,7702195105678,TRADIOL * 10 TAB,0,0,"39,600",0
BUSSIE FARMA,7702195093579,URIPUR 0.4 MG X 30 CAPS,0,0,0,0
BUSSIE FARMA,7702195081286,VENLAX 150 MG X 20 CAPS,0,0,"178,000",0
BUSSIE FARMA,7702195081255,VENLAX 75 MG X 20 CAPS,0,0,"126,000",0
BUSSIE FARMA,7702195232909,VIOLETINA X 30 ML,0,0,0,0
BUSSIE FARMA,7702195005114,ZARET 200 MG X 15 ML,0,0,"85,500",0
BUSSIE FARMA,7702195005190,ZARET 500 MG * 3 TAB,0,0,"97,700",0
BUSSIE FARMA,7702195109772,",7ZARET 500 MG X 5 TAB",0,0,0,0
BUSSIE FARMA,7702195086465,ZELTA 10 MG I.M. AMP,0,0,"41,000",0
BUSSIE LABIN,7707177972781,AIRBRON 10 MG * 10 TAB,0,0,"42,900",0
BUSSIE LABIN,7707177972842,AIRBRON 4 MG * 10 TAB,0,0,"35,000",0
BUSSIE LABIN,7707177971777,AIRBRON 5 MG * 10 TAB,0,0,"40,000",0
BUSSIE LABIN,7707177972392,AMBROXOL 30 MG * 120 ML,0,0,"13,000",0
BUSSIE LABIN,7800018161235,ANULETTE * 21 COMP,0,0,"17,000",0
BUSSIE LABIN,7707177970336,BENNE SUSP * 120 ML,0,0,"20,900",0
BUSSIE LABIN,7707177970091,CLOTRIMAZOL * 30 ML,0,0,"6,400",0
BUSSIE LABIN,7707177971166,CROMOGLICATO DE SODIO 2% OFTENO *,50,0,"10,000",0
BUSSIE LABIN,7707177971142,CROMOGLICATO DE SODIO 4% OFTENO *,50,0,"7,000",0
BUSSIE LABIN,7707177971616,ERASSIN 100 MG * 2 TAB,0,0,"18,000",0
BUSSIE LABIN,7707177972064,ESPIROLAN 100 MG * 20 TAB,0,0,"33,000",0
BUSSIE LABIN,7707177970381,K-MICOT * 14 TAB,0,0,"84,000",0
BUSSIE LABIN,7707177971579,LAXIUM 5 MG * 10 TAB,0,0,"6,700",0
BUSSIE LABIN,7707177972910,NAPROX SUSP * 80 ML,0,0,"16,000",0
BUSSIE LABIN,7707177971791,PIRIDOXINA TAB,0,0,0,0
BUSSIE LABIN,7707177972002,PRATEN 1 MG * 30 TAB,0,0,"13,400",0
BUSSIE LABIN,7800018160580,SPIRON 1 MG * 20 TAB,0,0,"10,500",0
BUSSIE LABIN,7800018160597,SPIRON 2 MG * 20 TAB,0,0,"17,000",0
BUSSIE LABIN,7800018129365,SPIRON GOTAS * 30 ML,0,0,"13,400",0
BUSSIE LABIN,7707177972156,SULFAGIL * 30 GR,0,0,"14,500",0
BUSSIE LABIN,7707177970220,TINIDAZOL SUSP * 15 ML,0,0,"12,000",0
BUSSIE LABIN,7707177972668,ZOAR JARABE * 60 ML,0,0,"12,000",0
BUSSIE OTC,7702195104572,CREMOQUINONA 4% NOCHE * 30 GR,0,0,"39,600",0
BUSSIE OTC,7703381002467,ISODINE 200 MG * 24 OVULOS,0,0,"76,000",0
BUSSIE OTC,7703381002382,ISODINE BUCOFARINGEO * 60 ML,0,0,"17,600",0
BUSSIE OTC,7703381002498,ISODINE SOLUCION * 120 ML,0,0,"25,900",0
BUSSIE OTC,7703381002559,ISODINE SOLUCION * 60 ML,0,0,"14,100",0
BUSSIE OTC,7702195066665,KILOX GOTAS (IVERMECTINA) * 5 ML,0,0,"43,000",0
BUSSIE OTC,7702195094859,LASS PED SUPOSITORIOS GLICERINA *,50,0,"91,900",0
BUSSIE OTC,7502273992974,MICRODACYN HYDROGEL 60 SPRAY * 240,0,0,"87,300",0
BUSSIE OTC,7702195004681,OTICAINA * 10 ML,0,0,"22,100",0
BUSSIE OTC,7707177972705,SOLHIDREX SUERO ORAL UVA * 30 S/S,0,0,"75,000",0
BUSSIE OTC,77011626,SULFAPLATA * 30 GR,0,0,"34,400",0
BUSSIE OTC,7702195131639,SULFAPLATA *100 GR,0,0,"57,000",0
BUSSIE OTC,7702195131622,SULFAPLATA *60 GR,0,0,"50,800",0
BUSSIE OTC,7702195093791,TOPISULFA POLVO X 18 GR,0,0,"20,000",0
BUSSIE OTC,7702195205750,TREDA CJA * 6 S/S,0,0,"47,400",0
BUSSIE RECIP,7702195713408,CAPTOPRIL 25 MG CJA *30 TAB,0,0,"2,800",0
BUSSIE RECIP,7702195057410,CAPTOPRIL 50MG CJA *,2500,0,"28,500",0
BUSSIE RECIP,7702195207716,CEFALEXINA CAP 500 MG  CJAX100 CAP,0,0,"45,000",0
BUSSIE RECIP,7702195712722,KETOCONAZOL TAB 200 MG  200 MG,20150,0,"3,200",0
BUSSIE RECIP,7702195041525,LINCOMICINA 600MG AMP * 2ML RECIPE,0,0,"3,450",0
BUSSIE RECIP,7702195051821,METOCARBAMOL TAB 750 MG    750 MG,20,0,"7,000",0
BUSSIE RECIP,7702195070099,TRAZODONA 50 MG * 50 TAB,0,0,"25,000",0
BUSSIE RECIP,7702195084379,VITAMINA B12 * 6 AMP,0,0,"15,000",0
CANNBIA LAB,7708109188126,NOVEIN PLUS 120 GR,0,0,"110,000",0
CANTABRIA LA,8470002116511,BIRETIX CLEANSER GEL LIMPIADOR *,400,0,"162,000",0
CARLOS ALBER,7709990595215,CHIC MIX,0,0,"1,500",0
CARLOS ALBER,7709990595246,CIRUELAS,0,0,"4,400",0
CARLOS ALBER,7709990423655,GOMITAS * 40 GR,0,0,"3,300",0
CARLOS ALBER,7709990423679,MANI AJONJOLI,0,0,"3,300",0
CARLOS ALBER,7709990595239,MANI DULCE,0,0,"3,300",0
CARLOS ALBER,7709990163605,MANI LIMON,0,0,"1,500",0
CARLOS ALBER,7709990423631,MANI NATURAL,0,0,"1,600",0
CARLOS ALBER,7702409009709,MANI PICANTE,0,0,"3,300",0
CARLOS ALBER,7709990595222,MANI SALADO,0,0,"3,300",0
CARLOS ALBER,7709990595277,MANI UVAS,0,0,"3,300",0
CARLOS ALBER,7709990423693,MIXTON DULCE,0,0,"3,300",0
CARLOS ALBER,7709990423600,PAPA NATURAL * 40 GR,0,0,"3,300",0
CARLOS ALBER,7709990581775,PISTACHO,0,0,"8,100",0
CARLOS ALBER,7709990581706,SEMILLAS CHOCOLATE,0,0,"1,800",0
CARLOS ALBER,7709990423648,UVAS PASAS,0,0,"3,300",0
CASA LUKER,7861002900117,FERRERO ROCHER CHOCOLATE 100 GR *8,0,0,"31,800",0
CASA LUKER,8000500029350,KINDER BUENO,0,0,0,0
CASA LUKER,8000500050897,KINDER BUENO *3 UNID,0,0,"21,000",0
CASA LUKER,80052760,KINDER BUENO *43 GR,0,0,"7,900",0
CASA LUKER,8000500120675,KINDER SORPRESA X 2 UND NIÃ‘A,0,0,"9,400",0
CASA LUKER,7898024395232,NUTELLA *140 GR,0,0,"15,000",0
CASA LUKER,80135463,NUTELLA *200 GR,0,0,"20,500",0
CASA LUKER,80177173,NUTELLA *350 GR,0,0,"30,800",0
CASA LUKER,80751151,NUTELLA SOBRE *15 GR,0,0,"1,800",0
CASA LUKER,7702117112241,UVAS PASAS CUBIERTAS CON CHOCOLATE,0,0,"2,000",0
CERESCOS,7707194539165,ADMISS ESMALTE BRILLO CRISTAL * 10,0,0,"2,700",0
CERESCOS,7707363360040,ADMISS ESMALTE BRILLO SECANTE * 10,0,0,"4,200",0
CERESCOS,7707194537956,ADMISS ESMALTE DIEGO * 10 ML,0,0,"3,200",0
CERESCOS,7707194537574,ADMISS ESMALTE JAIME * 10 ML,0,0,"2,700",0
CERESCOS,7707194534597,ADMISS ESMALTE JUNIOR * 10 ML,0,0,"3,200",0
CERESCOS,7707773835725,ESMALTE PARA UÃ±AS CONTROLADORA,0,0,"8,500",0
CERESCOS,7707109928527,LIMA ADMISS,0,0,"2,000",0
CERESCOS,7707194537178,MASGLO ACEITE REGENERADOR CUTICULA,0,0,"15,000",0
CERESCOS,7707773837958,MASGLO BASE BRILLO PARA HOMBRES *,10,0,"9,500",0
CERESCOS,7707363365373,MASGLO BRILLO EVOLUCION GEL * 13.5,0,0,"11,300",0
CERESCOS,7707773834728,MASGLO ESMALTE BASE ANTIESCAMACION,0,0,"8,500",0
CERESCOS,7707194533460,MASGLO ESMALTE BASE CLINICAL TOTAL,0,0,"13,900",0
CERESCOS,7707194530254,MASGLO ESMALTE BLANCO NACAR * 13.5,0,0,"8,500",0
CERESCOS,7707194534283,MASGLO ESMALTE BRILLO ARCOIRIS *,130,0,"6,700",0
CERESCOS,7707773830768,MASGLO ESMALTE BRILLO CONFIANZA *,10,0,"8,500",0
CERESCOS,7707363368268,MASGLO ESMALTE BRILLO CORAL * 13.5,0,0,"8,500",0
CERESCOS,7707773839723,MASGLO ESMALTE BRILLO DESTELLOS *,10,0,"6,700",0
CERESCOS,7707363362914,MASGLO ESMALTE BRILLO TRES OROS *,10,0,"6,700",0
CERESCOS,7707363361375,MASGLO ESMALTE CALMADA * 13.5 ML,0,0,"6,300",0
CERESCOS,7707773834285,MASGLO ESMALTE DECORACION NEGRO *,10,0,"8,500",0
CERESCOS,7707773834292,MASGLO ESMALTE DECORACION PINO *,130,0,0,0
CERESCOS,7707773834308,MASGLO ESMALTE DECORACION TIZA *,130,0,"8,500",0
CERESCOS,7707773839174,MASGLO ESMALTE DESLUMBRANTE * 13.5,0,0,"8,500",0
CERESCOS,7707194531442,MASGLO ESMALTE DOBLE FOTOCROMATICO,0,0,"8,500",0
CERESCOS,7707194530872,MASGLO ESMALTE EVOLUCION GEL LINDA,0,0,"10,900",0
CERESCOS,7707194532999,MASGLO ESMALTE EVOLUCION GEL NEGRO,0,0,"10,900",0
CERESCOS,7707363364697,MASGLO ESMALTE EVOLUCION GEL NIEVE,0,0,"10,900",0
CERESCOS,7707194536584,MASGLO ESMALTE EVOLUCION GEL NOVIA,0,0,"10,900",0
CERESCOS,7707194537130,MASGLO ESMALTE EXPRESIVA * 13.5 ML,0,0,"8,500",0
CERESCOS,7707194535464,MASGLO ESMALTE FORTALECEDOR * 13.5,0,0,"10,000",0
CERESCOS,7707363361719,MASGLO ESMALTE GEL EVOLUCION BELLA,0,0,"10,900",0
CERESCOS,7707194530308,MASGLO ESMALTE GEL EVOLUCION LIBRE,0,0,"10,900",0
CERESCOS,7707363366950,MASGLO ESMALTE GRANIZADO DORADO *,10,0,"6,600",0
CERESCOS,7707194539530,MASGLO ESMALTE INTREPIDA * 13.5 ML,0,0,"6,300",0
CERESCOS,7707109927452,MASGLO ESMALTE KIDS EXPLORADORA *,80,0,"12,500",0
CERESCOS,7707194538762,MASGLO ESMALTE NATIVA * 13.5 ML,0,0,"6,600",0
CERESCOS,7707363365007,MASGLO ESMALTE NATURAL * 13.5 ML,0,0,"6,600",0
CERESCOS,7707773830614,MASGLO ESMALTE PRIMERA DAMA * 13.5,0,0,"9,500",0
CERESCOS,7707773839143,MASGLO ESMALTE QUISQUILLOSA * 13.5,0,0,"8,500",0
CERESCOS,7707773835749,MASGLO ESMALTE VANGUARDISTA * 13.5,0,0,"6,600",0
CERESCOS,7707363363294,MASGLO GEL EVOLUTION PROFESIONAL *,0,0,"12,000",0
CERESCOS,7707194531336,MASGLO LIMA PROFESIONAL PAQUETE *,10,0,"15,000",0
CERESCOS,7707363365878,MASGLO NOVIA * 13.5 ML + REMOVEDOR,0,0,"12,700",0
CERESCOS,7707194534177,MASGLO REMOVEDOR ALGAS MARINAS *,600,0,"7,500",0
CERO ,7702661072015,ACEITE CERO CON VITAMINA E FCO *,400,0,"11,200",0
CERO ,7702661481,ANTIBACTERIAL EN SPRAY CERO *500ML,0,0,"9,000",0
CERO ,7702661481022,ANTIBACTERIAL SPRAY ALOE *60 ML,0,0,"4,700",0
CERO ,7702661931763,ANTIBACTERIAL SPRAY CERO *250 ML,0,0,"9,000",0
CERO ,7702661481046,ANTIBACTERIAL SPRAY CITRUS MIX *,600,0,"4,700",0
CERO ,7702661930926,BALSAMO RELAJANTE DULCES SUEÃ‘OS *,0,0,"9,000",0
CERO ,7702661262010,BAÃ‘O CORPORAL LIQ PH NEUTRO * 200,0,0,"7,700",0
CERO ,7702661251007,BAÃ‘O ESPUMOSO CERO CHICLE FCO *,100,0,"4,300",0
CERO ,7702661252028,BAÃ‘O ESPUMOSO CERO CHICLE FCO *,200,0,"6,600",0
CERO ,7702661255012,BAÃ‘O ESPUMOSO CERO CHICLE FCO *,400,0,"11,500",0
CERO ,7702661256033,BAÃ‘O ESPUMOSO CERO SANDIA FCO *,100,0,"4,300",0
CERO ,7702661256019,BAÃ‘O ESPUMOSO CERO SANDIA FCO *,200,0,"6,600",0
CERO ,7702661881013,BOLSAS PARA LECHE MATERNA CERO CJA,0,0,"44,800",0
CERO ,7702661381018,CARITA SUAVE BARRA HUMECTANTE X 17,0,0,0,0
CERO ,7702661852013,CEPILLO BUCAL DE SILICONA CERO CON,0,0,"5,700",0
CERO ,7702661951013,CEPILLO LIMPIADOR CHUPO/BIBERON,0,0,0,0
CERO ,7702661262027,CERO BEBES BAÃ‘O LIQ Y SHAMPOO *,200,0,"7,300",0
CERO ,7702661263024,CERO BEBES BAÃ‘O LIQ Y SHAMPOO *,400,0,"10,700",0
CERO ,7702661359024,CERO ESTRY(PREVENIR ESTRIAS) TBO *,0,0,"32,800",0
CERO ,658890501406,CHUPO ENTRETENCION CALABAZA 6+,0,0,0,0
CERO ,7702661143036,COPITOS CERO ALOE VIT E X 80 UND,0,0,0,0
CERO ,7702661148024,COPITOS CERO BOLSA * 50,0,0,0,0
CERO ,7702661149953,COPITOS CERO PAGUE 150 LLEVE,2500,0,"8,300",0
CERO ,7702661143791,COPITOS CERO PAGUE 80 LLEVE,1200,0,"5,100",0
CERO ,7702661148017,COPITOS CERO X 50 UNDS,0,0,"3,700",0
CERO ,7702661355026,CREMA CERO * 110 GR,0,0,"29,800",0
CERO ,7702661353015,CREMA CERO * 50 GR,0,0,"18,500",0
CERO ,7702661353824,CREMA CERO * 50 GR GTS VASELINA TE,0,0,"10,700",0
CERO ,7702661353657,CREMA CERO * 50 GTIS CREMA ALOE *,30,0,"8,200",0
CERO ,7702661351264,CREMA CERO *30 GR,0,0,"9,100",0
CERO ,7702661356788,CREMA CERO CALENDULA *240GR+CREMA,10,0,"59,000",0
CERO ,7702661341289,CREMA CERO CALENDULA X 20 GRS GTS,10,0,0,0
CERO ,7702661342064,CREMA CERO CALENDULA Y VITA E LATA,0,0,"4,100",0
CERO ,7702661341265,CREMA CERO CALENDULA Y VITA E LATA,0,0,"9,700",0
CERO ,7702661443068,CREMA CERO MULTIPROPOSITO POTE *,500,0,"5,900",0
CERO ,7702661355064,CREMA CERO PAGUE 2 LLEVE 3 POTE *,10,0,"24,000",0
CERO ,7702661934283,CREMA CERO PARA BEBES CALENDULA *,20,0,"49,600",0
CERO ,7702661934276,CREMA CERO PARA BEBES ORIGINAL *,240,0,"45,100",0
CERO ,7702661363199,CREMA DERMOPROTECTORA CERO ADULTOS,0,0,"6,600",0
CERO ,7702661151017,EXTRACTOR MANUAL DE LECHE CERO,0,0,"87,900",0
CERO ,7702661456006,GEL ANTIBACTERIAL CERO ALOE FCO *,70,0,"4,700",0
CERO ,7702661456020,GEL ANTIBACTERIAL CERO COLD BREEZE,0,0,"3,950",0
CERO ,7702661083011,GEL FIJADOR CERO EXTRAFUERTE * 250,0,0,"7,300",0
CERO ,7702661083028,GEL FIJADOR CERO EXTRAFUERTE * 500,0,0,"11,100",0
CERO ,7702661271012,JABON ANTIBACTERIAL CERO NATURAL *,0,0,"7,300",0
CERO ,7702661131019,KIT CERO BASICO DE ALIMENTACION,0,0,"46,700",0
CERO ,7702661901018,RASCAENCIAS DE GEL CERO,0,0,"11,700",0
CERO ,7702661707047,TALCO A/BACTERIAL FRESH CERO * 300,0,0,"12,800",0
CERO ,7702661912014,",7VASELINA CERO X 15 GRS",0,0,0,0
CERO ,7702661915015,VASELINA CERO X 50 GRS,0,0,"6,100",0
CERO ,7702661915787,VASELINA PURA * 50 GR GTS VASELINA,0,0,"7,200",0
CERO ,7702661914025,VASELINA PURA CERO X 210 GR,0,0,"15,500",0
CHALVER ,7703889138439,BIFIDOLAC * 6 CAP,0,0,"35,000",0
CHALVER ,7703889138422,BIFIDOLAC * 6 S/S,0,0,"66,400",0
CHALVER ,7703889080004,BIOTROPIN 12 U.I AMP,0,0,0,0
CHALVER ,7703889151919,CETRINE 10 MG * 10 CAP,0,0,"43,100",0
CHALVER ,7703889050755,CETRINE GOTAS * 15 ML,0,0,"35,000",0
CHALVER ,7703889050748,CETRINE JBE * 60 ML,0,0,"29,000",0
CHALVER ,7703889019059,CLOBEZAN CREMA * 25 GR,0,0,"43,500",0
CHALVER ,7703889000798,CUTAMYCON CREMA * 40 GR,0,0,"10,900",0
CHALVER ,7703889064028,CUTAMYCON CREMA VAG/APLIC * 20,0,0,"15,000",0
CHALVER ,7703889064035,CUTAMYCON CREMA VAG/APLIC * 40,0,0,"27,000",0
CHALVER ,7703889000811,CUTAMYCON SOL * 30 ML,0,0,"15,900",0
CHALVER ,7703889154279,DESCONGEL F GRIPA JBE * 60 ML,0,0,"18,700",0
CHALVER ,7703889150370,DESCONGEL SOL NASAL * 30 ML,0,0,"11,100",0
CHALVER ,7703889154903,DESCONGELITO F GRIPA GOTAS * 15 ML,0,0,"19,700",0
CHALVER ,7703889127273,DESLORAN * 60 ML,0,0,"76,200",0
CHALVER ,7703889130297,FEMVULEN AMP + JGA,0,0,"23,000",0
CHALVER ,7703889154026,FLUTURAN * 10 CAP,0,0,"35,500",0
CHALVER ,7703889155993,FLUTURAN *60 ML,0,0,"24,900",0
CHALVER ,7703889155313,FLUZETRIN F * 10 TAB,0,0,"31,700",0
CHALVER ,7703889154323,FLUZETRIN F GOTAS * 15 ML,0,0,"27,600",0
CHALVER ,7703889154347,FLUZETRIN F JBE * 60 ML,0,0,"36,200",0
CHALVER ,7703889108593,HEMATIN FOL * 20 TAB,0,0,"30,600",0
CHALVER ,7703889152732,HEMATIN FOL * 30 TAB,0,0,"57,500",0
CHALVER ,7703889108579,HEMATIN FOL JBE * 120 ML,0,0,"36,200",0
CHALVER ,7703889110107,HEMATIN PLUS * 20 TAB,0,0,"45,600",0
CHALVER ,7703889112316,HEMATIN PLUS GOTAS * 30 ML,0,0,"34,100",0
CHALVER ,7703889112323,HEMATIN PLUS JBE * 120 ML,0,0,"41,300",0
CHALVER ,7703889123596,INFLACOR 8 MG * 2 ML AMP + JERINGA,0,0,"36,500",0
CHALVER ,7703889152466,",7ISIS 20 * 21 TAB",0,0,0,0
CHALVER ,7703889041272,LACTULAX * 12 S/S,0,0,"101,100",0
CHALVER ,7703889016102,LACTULAX SUSP * 240 ML,0,0,"99,990",0
CHALVER ,7703889124401,LEOPROSTIN 3.75 MG AMP,0,0,"400,000",0
CHALVER ,7703889151254,LICOPROS 10 MG * 30 CAP,0,0,"28,600",0
CHALVER ,7703889132154,LINDELLA * 21 TAB,0,0,"10,000",0
CHALVER ,7703889132178,LINFACE * 21 TAB,0,0,"9,500",0
CHALVER ,7703889153661,MULTIDOL 800 MG * 30 CAP,0,0,"77,000",0
CHALVER ,7703889157812,MULTIDOL 800 MG * 30 CAP (2) GTS,100,0,"77,000",0
CHALVER ,7703889154040,NORESTIN AMP + JERINGA,0,0,"19,000",0
CHALVER ,77013101,OFTALMOGENTA GOTAS * 5 ML,0,0,"25,500",0
CHALVER ,7703889144898,PARAXIN * 30 ML,0,0,"55,900",0
CHALVER ,7703889143211,PARAXIN * 60 ML,0,0,"34,500",0
CHALVER ,7703889066183,QUINOPRON SOL OFT * 10 ML,0,0,"35,000",0
CHALVER ,7703889159779,TEREX - 3 CREMA VAGINAL * 20 GR,0,0,"82,000",0
CHALVER ,7703889123978,TIBONELLA 2.5 MG * 28 TAB,0,0,"35,400",0
CHALVER ,7703889000569,TRIGENTAX CREMA * 40 GR,0,0,"48,200",0
CHALVER ,7703889157669,TRIGENTAX LOCION * 50 ML,0,0,"59,200",0
CHALVER ,7703889150455,VAGINSOL * 3 OVULOS,0,0,0,0
CHALVER ,7703889156549,VAGINSOL F CREMA VAGINAL 20 GR * 3,0,0,"92,400",0
CHALVER ,7703889001214,ZAKOR * 30 ML,0,0,"11,100",0
CHALVER ,7703889001207,ZAKOR 100 MG * 6 TAB,0,0,"6,800",0
CIMA ,7707338400948,C-VITAM GEL LIPOSOMADO FACIAL * 30,0,0,"106,400",0
CIMA ,7707338401273,DURACICAT PLUS GEL PROTECTORA * 60,0,0,"58,700",0
CIMA ,7707338400931,ECLIPSE PROTECTOR SOLAR SPF 50 FCO,0,0,"127,059",0
CIMA ,7707338400108,FULLDIET NIÃ‘OS VAINILLA POTE *,4000,0,"42,000",0
CIMA ,7707338400115,FULLDIET NIÃ‘OS VAINILLA POTE *,9000,0,"83,700",0
CIMA ,7707338400917,HYDRADEEP CREMA ULTRAHIDRATANTE *,20,0,"79,900",0
CIMA ,7707338400429,REDUCMAX FCO *60 CAP,0,0,"92,300",0
CIMA ,7707338401099,REFORZA * 60 CAP,0,0,"87,500",0
CIPLA ,8901117099142,FLOHALE 125 MCG AEROSOL BUCAL *,1200,0,"79,000",0
CIPLA ,8901117243712,FORACORT INHALADOR,2000,0,"150,000",0
CIPLA ,8901117231597,SEROHALE 25/250MCG AEROSOL BUCAL *,0,0,"109,000",0
CLIN&CARE,7707361200027,ATTENUE X 60GR,0,0,"34,500",0
CLIN&CARE,7709599265908,PROCALZINK 10% X20GR,0,0,"9,500",0
CLIN&CARE,7707361200034,PROCALZINK FT X 60G,0,0,"31,800",0
CLIN&CARE,7709227266826,VS HIDRA X60GRS,0,0,"6,800",0
CLIN&CARE,7709155048112,W-HIDRA  15% X60GR,0,0,"33,600",0
CLIN&CARE,7709227266864,W-HIDRA 10% X 250G,0,0,"40,900",0
CLIN&CARE,7707361200096,W-HIDRA 40% X60GR,0,0,"39,900",0
CLIN&CARE,7707361200010,W-HIDRA X 60G,0,0,"32,700",0
CLOSTER PHAR,7707184601001,LESGENA 3 GR * 1 S/S,0,0,"23,800",0
CLOSTER PHAR,7704588000966,LOVASTATINA 20 MG * 30 TAB,0,0,0,0
CLOSTER PHAR,7707184601063,TAFLAX FEM * 30 TAB,0,0,"52,500",0
CLOSTER PHAR,7707184600493,XINEBA 10MG *30 TAB,0,0,"72,500",0
CLOSTER PHAR,7707184600523,XINEBA 40MG *20 TAB,0,0,"117,900",0
COASPHARMA M,7703712010819,BRONTOL * 120 ML,0,0,"18,500",0
COASPHARMA M,7703712011168,CLOFENIL GEL * 50 GR,0,0,"25,500",0
COASPHARMA M,7703712014022,DOLICOX JBE NINO *90 ML,0,0,"16,200",0
COASPHARMA M,7703712010314,GASTROFULL MAX CEREZA S/AZUCAR *,350,0,"41,800",0
COASPHARMA M,7703712010307,GASTROFULL MAX SUSP *150 ML CEREZA,0,0,"22,300",0
COASPHARMA M,7703712010284,GASTROFULL SUSP * 350 ML,0,0,"22,200",0
COASPHARMA M,7703712036185,GLIBENCLAMIDA 5 MG * 330 TAB,0,0,"55,000",0
COASPHARMA M,7703712011687,GYNOFIL CREMA VAGINAL 1% X 40 GRS,0,0,"19,000",0
COASPHARMA M,7703712011663,GYNOFIL X 6 TABLS VAG,0,0,"9,700",0
COASPHARMA M,7703712014725,ISEPTIC GARGANTA FRUTOS ROJOS * 12,0,0,"14,400",0
COASPHARMA M,7703712014701,ISEPTIC GARGANTA MIEL Y LIMON * 96,0,0,"113,500",0
COASPHARMA M,7703712010000,NELIND CREMA * 40 GR,0,0,"17,700",0
COASPHARMA M,7703712012318,RONTOS  JBE X 120 ML,0,0,"8,000",0
COASPHARMA M,7703712019232,TROSIFEN JBE * 120 ML,0,0,"22,000",0
COASPHARMA M,7703712010444,ZYRFAR 10 MG *10 TAB,0,0,"45,600",0
COASPHARMA M,7703712010420,ZYRFAR GOTAS *15 ML,0,0,"41,000",0
COASPHARMA M,7703712010437,ZYRFAR JBE X 60 ML,0,0,"34,100",0
COASPHARMA M,7703712014466,MARE OFF 50MG * 72 TAB,0,0,"50,400",0
COASPHARMA M,7703712036307,MINOXIDIL LOCION 5% * 60 ML,0,0,"36,000",0
COASPHARMA M,7703712011557,PENTASOL 5% * 40 GR,0,0,"31,200",0
COASPHARMA M,7703712011137,TRIMESULF  SUSP X 120 ML,0,0,"11,800",0
COASPHARMA M,7703712011458,TRIMESULF F SUSP * 120 ML,0,0,"25,000",0
COASPHARMA M,7703712012714,TRIMESULF SUSP X 60 ML,0,0,"6,000",0
COASPHARMA M,7703712010833,AMOXCLAVER SUSP 325MG * 100 ML,0,0,"86,100",0
COASPHARMA M,7703712013629,CERROKAST 10 MG * 15 TAB,0,0,"78,200",0
COASPHARMA M,7703712011977,CERROKAST 5 MG * 15 TAB,0,0,"42,000",0
COASPHARMA M,7703712014091,CERROKAST 5 MG * 30 TAB,0,0,"78,700",0
COASPHARMA M,7703712014114,DAGYNFIL FEM * 4 TAB,0,0,"95,500",0
COASPHARMA M,7703712011816,DAMICINE CREMA VAGINAL X 40 GR,0,0,"40,000",0
COASPHARMA M,7703712014565,DESLAIR D * 12 CAP,0,0,"31,000",0
COASPHARMA M,7703712021334,DOXICLOR 100 MG * 10 CAP,0,0,"25,400",0
COASPHARMA M,7703712011878,FARMALIP 10 MG X 10 TABLETAS,0,0,"55,000",0
COASPHARMA M,7703712013049,FARMALIP 20 MG X 10 TABLS,0,0,"80,500",0
COASPHARMA M,7703712010680,FARZUL 150 MG * 2 CAP,0,0,"9,500",0
COASPHARMA M,7703712014732,KRODEX COMPUESTO * 20 CAP,0,0,"38,400",0
COASPHARMA M,7703712011359,KRODEX F COMPUESTO SUSP * 120 ML,0,0,"39,000",0
COASPHARMA M,7703712010802,LACOPEN 30 MG X 14 CAPS,0,0,"60,000",0
COASPHARMA M,7703712014152,LEXIB 120 MG * 7 TAB,0,0,"69,500",0
COASPHARMA M,7703712014985,LEXIB 90 MG * 14 TAB,0,0,"61,800",0
COASPHARMA M,7703712035287,TRAMADOL GOTAS * 10 ML,0,0,"16,000",0
COASPHARMA S,7706659500160,AGUA OXIGENADA * 60 ML,0,0,"3,500",0
COASPHARMA S,7703712033405,ALBENDAZOL 200 MG * 2 TAB,0,0,"2,900",0
COASPHARMA S,7703712036284,AMLODIPINO 5 MG * 330 TAB,0,0,"99,000",0
COASPHARMA S,7703712033344,AMOXICILINA 250 MG * 100 ML,0,0,"9,200",0
COASPHARMA S,7703712030077,AMPICILINA 250 MG SUSP * 60 ML,0,0,"10,600",0
COASPHARMA S,7703712030206,AZITROMICINA 500 MG * 3 TAB,0,0,"12,900",0
COASPHARMA S,7703712032187,CLOPIDOGREL 75 MG * 14 TAB,0,0,"20,000",0
COASPHARMA S,7703712030954,CLOTRIMAZOL VAGINAL X 6 TABLS,0,0,"4,600",0
COASPHARMA S,7703712031197,COLCHICINA 0.5 MG * 40 TAB,0,0,"12,000",0
COASPHARMA S,7703712031739,CROMOGLICATO DE SODIO 2% NASAL *,100,0,"10,900",0
COASPHARMA S,7703712034631,DESLORATADINA 5 MG * 10 TAB,0,0,"20,000",0
COASPHARMA S,7703712030244,",7DICLOFENAC 75 MG X 6 AMPS",0,0,0,0
COASPHARMA S,7703712036130,DICLOFENACO 50 MG * 20 TAB,0,0,"5,600",0
COASPHARMA S,7703712035997,ENALAPRIL 20 MG * 20 TAB,0,0,"7,000",0
COASPHARMA S,7703712032620,FLUCONAZOL 200 MG * 5 CAP,0,0,"15,900",0
COASPHARMA S,7703712035485,HIDROXIDO DE ALUMINIO + SIMETICONA,0,0,"19,500",0
COASPHARMA S,7703712032019,HIOSCINA N-BUTIL BROMURO 10 MG *,200,0,"22,000",0
COASPHARMA S,7703712035966,HIOSCINA N-BUTIL BROMURO 10 MG CJA,0,0,"201,300",0
COASPHARMA S,7703712031999,HIOSCINA N-BUTIL BROMURO ACETA *,200,0,"19,000",0
COASPHARMA S,7703712033306,IBUPROFENO 200 MG + METOCARBAMOL,500,0,"26,600",0
COASPHARMA S,7703712030350,IBUPROFENO 800 MG * 60 TAB,0,0,"26,000",0
COASPHARMA S,7703712006928,ISEPTIC GEL ANTIBACTERIAL X 120ML,0,0,"6,000",0
COASPHARMA S,7703712033313,LOVASTATINA 20 MG X 10 TAB,0,0,"6,000",0
COASPHARMA S,7703712064768,MESALIT * 30 ML,0,0,"56,000",0
COASPHARMA S,7703712033177,METOCLOPRAMIDA AMPOLLA CJA *,50,0,"6,850",0
COASPHARMA S,7703712031890,NAPROXENO 125 MG SUSP * 80 ML,0,0,"18,500",0
COASPHARMA S,7703712030459,NAPROXENO 250 MG * 10 TAB,0,0,"6,100",0
COASPHARMA S,7703712036338,NAPROXENO 250 MG *330 TAB,0,0,"115,000",0
COASPHARMA S,7703712035959,NAPROXENO TAB 500 MG COAS  500 MG,20,0,"61,000",0
COASPHARMA S,7703712034969,OMEPRAZOL 20 MG X 20 CAPS,0,0,"5,700",0
COASPHARMA S,7703712035249,ORLISTAT 120 MG * 60 CAP,0,0,"86,500",0
COASPHARMA S,7703712031531,SECNIDAZOL 500 MG * 4 TAB,0,0,"7,500",0
COASPHARMA S,7703712030787,SILDENAFIL 50 MG * 2 TAB,0,0,"5,400",0
COASPHARMA S,7703712033450,SUERO ORAL X 30 S/S,0,0,0,0
COASPHARMA S,7703712035034,SULFADIAZINA DE PLATA * 30 GR,0,0,"16,900",0
COASPHARMA S,7703712034211,SULFATO FERROSO X 120 ML,0,0,0,0
COASPHARMA S,7703712032835,TRIMETOPRIM SULFA 80/400 MG X 20 T,0,0,"3,000",0
COASPHARMA S,7703712030657,VITAMINA C MAST X 100 TABLS,0,0,0,0
COASPHARMA S,7703712036222,VITAMINA C MASTICABLE NARANJA *,1000,0,"49,000",0
COASPHARMA S,7706659502515,VITAVITAM EMULSION SABOR A NARANJA,0,0,"16,000",0
COASPHARMA S,7703712010192,YODOCLIN SOL X 60 ML,0,0,"5,500",0
COASPHARMA S,7706659060183,ZAHARA ACEITE BRONCEADOR 4 SPF *,120,0,"40,000",0
COASPHARMA S,7706659060190,ZAHARA PROTECTOR SOLAR 50 FCO  *,120,0,"55,700",0
COASPHARMA S,7703712061538,ZAS NIÃ‘OS * 60 ML,0,0,"24,500",0
COBICO ,8809033594201,BANDAS PARA NARIZ Y ROSTRO CJA * 6,0,0,"10,800",0
COBICO ,4987205905483,BIGEN CASTAÃ±O INTENSO REF 48,0,0,"22,500",0
COBICO ,4987205905476,BIGEN CASTAÃ±O OSCURO REF 47,0,0,"22,500",0
COBICO ,7703864000287,BIGEN MATIZ 96 BORGOA OSCURO DOBLE,0,0,0,0
COBICO ,4987205905568,BIGEN NEGRO CLARO REF 56,0,0,"20,800",0
COBICO ,4987205905575,BIGEN NEGRO SUAVE NATURAL REF 57,0,0,"22,500",0
COBICO ,7703864000027,BIGEN TINTE CASTANO CAFE MEDIANO,470,0,"24,000",0
COBICO ,4987205900471,BIGEN TINTE CASTANO CAFE MEDIANO,470,0,0,0
COBICO ,7703864000034,BIGEN TINTE CASTANO CAFE OSCURO 48,0,0,"24,000",0
COBICO ,4987205900488,BIGEN TINTE CASTANO CAFE OSCURO 48,0,0,0,0
COBICO ,7703864000126,BIGEN TINTE MATICES BORGONA OSCURO,0,0,"21,600",0
COBICO ,7703864000096,BIGEN TINTE MATICES CAOBA OSCURO,370,0,"21,600",0
COBICO ,4987205900372,BIGEN TINTE MATICES CAOBA OSCURO,370,0,0,0
COBICO ,7703864000089,BIGEN TINTE MATICES CASTANO DORADO,0,0,"15,500",0
COBICO ,4987205900266,BIGEN TINTE MATICES CASTANO DORADO,0,0,0,0
COBICO ,7703864000140,BIGEN TINTE MEN NEGRO INTENS NO,1010,0,0,0
COBICO ,4987205937019,BIGEN TINTE MEN NEGRO INTENSO,1010,0,"32,900",0
COBICO ,7703864000157,BIGEN TINTE MEN NEGRO NATURAL NO,100,0,0,0
COBICO ,7703864000188,BIGEN TINTE NEGRO AZULADO,880,0,"21,600",0
COBICO ,4987205900884,BIGEN TINTE NEGRO AZULADO 88 DOBLE,0,0,0,0
COBICO ,4987205900587,BIGEN TINTE NEGRO INTENSO 58 DOBLE,0,0,"15,500",0
COBICO ,4987205900570,BIGEN TINTE NEGRO NATURAL 57 DOBLE,0,0,"15,500",0
COBICO ,4987205905599,BIGEN TINTE NEGRO ORIENTAL #59 * 6,0,0,"22,500",0
COBICO ,4987205940194,BIGEN TINTE PLUS RUBIO CLARO 8.0,0,0,0,0
COBICO ,8809033596694,CETTUA BANDAS PARA LA NARIZ LIMPIA,0,0,"18,000",0
COBICO ,8809496773496,CETTUA MASCARILLA FACIAL ANTI-EDAD,0,0,"9,700",0
COBICO ,8809033596717,CETTUA PAPEL CONTROL BRILLO FACIAL,0,0,"12,800",0
COBICO ,8809033594249,MASCARILLA CONTROL IMPERFECCION *,10,0,"9,700",0
COCA COLA,77098320,AGUA BRISA *280 ML,0,0,"1,300",0
COCA COLA,7702535012857,AGUA BRISA CON GAS LIMA-LIMON *,6000,0,"2,900",0
COCA COLA,77099938,AGUA BRISA CON GAS LIMA-LIMON *280,0,0,"1,800",0
COCA COLA,7702535025864,AGUA MINERAL MANANTIAL VIDRIO *,5000,0,"3,700",0
COCA COLA,7702535024423,COCA COLA * 1.5 LT,0,0,"7,800",0
COCA COLA,77035684,COCA COLA * 250 ML,0,0,"2,700",0
COCA COLA,7702535010808,",7COCA COLA * 300 ML",0,0,"4,400",0
COCA COLA,7702535011806,COCA COLA * 400 ML,0,0,"3,800",0
COCA COLA,7702535001752,COCA COLA * 600 ML,0,0,"4,300",0
COCA COLA,7702535011805,",7COCA COLA *1.5 LT",0,0,"7,800",0
COCA COLA,7702535025482,COCA COLA *1.75 LT,0,0,"8,300",0
"COCA COLA07997,",770253500,COCA COLA *3 LT,0,0,"12,600",0
"COCA COLA03887,",770253500,COCA COLA *350 ML,0,0,"2,800",0
"COCA COLA07921,",770253500,COCA COLA 1.365 LT,0,0,"4,900",0
COCA COLA,77062079,COCA COLA CON CAFE S/CALORIAS *,2500,0,"1,800",0
COCA COLA,7702535025871,COCA COLA ENERGY S/CALORIAS LATA *,0,0,"2,600",0
COCA COLA,7702535028032,COCA COLA S/AZUCAR S/CALORIAS *,1360,0,"3,600",0
COCA COLA,7702535022139,DEL VALLE NECTAR DURAZNO X 200 ML,0,0,"2,000",0
COCA COLA,7702535014646,FANTA UVA * 400 ML,0,0,0,0
COCA COLA,7702535012055,GASEOSA FANTA PREMIO ROJA BOT *400,0,0,"2,900",0
COCA COLA,7702609010079,GASEOSA KOLA ROMAN SIN AZUCAR *1.5,0,0,"5,100",0
COCA COLA,7702609010277,GASEOSA KOLA ROMAN SIN AZUCAR *400,0,0,"1,700",0
COCA COLA,77093615,GASEOSA QUATRO *250 ML,0,0,"2,100",0
COCA COLA,7702535005910,GASEOSA SPRIT X 3 LITROS,0,0,"7,900",0
COCA COLA,7702535025246,GASEOSA SPRITE LIMA-LIMON LATA *,330,0,"2,500",0
COCA COLA,7702535020371,JUGO DEL VALLE FRESH MADARINA *1.5,0,0,"4,200",0
COCA COLA,7702535030059,JUGO DEL VALLE FRESH MANDARINA CJA,0,0,"2,000",0
COCA COLA,7702535012970,JUGO DEL VALLE FRESH MANDARINA X,500,0,"1,000",0
COCA COLA,7702535030721,JUGO DEL VALLE FRUTAL SALPICON *,500,0,"2,900",0
COCA COLA,7702609009721,KOLA ROMAN 500 ML,0,0,"1,700",0
COCA COLA,070847034322,MONSTER ENERGY ZERO SUGAR LATA *,470,0,"9,200",0
COCA COLA,7702535009673,QUATRO *1.75 LT,0,0,"3,700",0
COCA COLA,7702535011713,SPRITE * 1.5 LT,0,0,"5,800",0
COCA COLA,7702535002767,SPRITE *400 ML,0,0,"2,700",0
COCO COLIMA ,7503008669338,AGUA DE COCO *1LT,0,0,"17,950",0
COFARMA ,7702532210102,ALCANFOR 1/4 ONZA * 60 UND,0,0,"84,000",0
COFARMA ,7702532313209,AMBIENTADOR BON AIRE REPUESTO X 2,0,0,"33,000",0
COLANTA ,7702129073547,CHORIZO CAMPESINO COLANTA * 450G X,0,0,"18,600",0
COLANTA ,7702129010665,COLANTA AVENA SABOR CANELA CJA *,200,0,"2,300",0
COLANTA ,7702129014175,CUAJADA * 250 GR,0,0,"7,200",0
COLANTA ,7702129076586,HAMBURGUESA MIXTA DE RES Y CERDO *,0,0,"16,900",0
COLANTA ,7702129075251,JAMON COLANTA X250G,0,0,0,0
COLANTA ,7702129003674,LECHE ENTERA FLEXIBLE COLANTA X,9000,0,0,0
COLANTA ,7702129004275,LECHE SEMI DESLACTOSADA COLANTA *1,0,0,"6,300",0
COLANTA ,7702129072809,MORCILLA MONT X500G,0,0,0,0
COLANTA ,7702129014267,QUESITO FRESCO SEMIBLANDO GRASO *,30,0,"9,300",0
COLANTA ,7702129025157,QUESO CREMA 400 G,0,0,"9,700",0
COLANTA ,7702129073370,SALCHICHA WEST PREMIUM MONTEFRIO *,0,0,"14,000",0
COLANTA ,7702129073363,SALCHICHA WEST PREMIUM MONTEFRIO *,0,0,"8,200",0
COLANTA ,7702129041355,YOGURT GRIEGO DESCREMADO FRESA *,120,0,"3,200",0
COLANTA ,7702129041331,YOGURT GRIEGO DESCREMADO PIÃ‘A *,120,0,0,0
COLGATE HOGA,77044273,AXION CREMA LIMON *150 GR,0,0,"3,100",0
COLGATE HOGA,7509546053738,AXION LAVAPLATOS LIQUIDO LIMON X,200,0,0,0
COLGATE HOGA,7703812402514,BLANCOX LAVALOZA COCO X 850 ML,0,0,"10,800",0
COLGATE HOGA,7702010210631,FAB DETERGENTE FLORAL * 225 GR,0,0,"5,000",0
COLGATE HOGA,7702010210662,FAB DETERGENTE LIMON X 225 GR,0,0,0,0
COLGATE HOGA,7702010210808,FAB FLORAL * 900 GR,0,0,"5,900",0
COLGATE HOGA,7702010225222,FABULOSO FLORAL X 500 CC,0,0,0,0
COLGATE HOGA,7702010225147,FABULOSO LAVANDA X 500 CC,0,0,0,0
COLGATE HOGA,7703812403016,JABON BLANCOX MANOS FLOR PRIMAVERA,0,0,"9,400",0
COLGATE HOGA,7509546051932,LAVALOZA AXION LIQUIDO LIMON X 750,0,0,"8,000",0
COLGATE HOGA,7702010280948,SOFLAN SUAVITEL ADIOS AL PLANCHADO,0,0,0,0
COLGATE HOGA,7509546676050,SUAVITEL CUIDADO SUPERIOR FRESAS Y,0,0,"2,700",0
COLGATE HOGA,7509546667676,SUAVITEL FLORES DE PRIMAVERA X 2.3,0,0,"14,000",0
COLGATE HOGA,7702010780363,SUAVITEL FRESCA PRIMAVERA X 1 LT *,0,0,"13,700",0
COLGATE HOGA,7702010283130,SUAVITEL FRESCO AROMA DE SOL X 1.5,0,0,"9,800",0
COLGATE PALM,7702010631023,COLGATE CEPILLO 360 + CREMA TOTAL,10,0,"13,100",0
COLGATE PALM,7891024116357,COLGATE CEPILLO 360 ANTIBAC SUAVE,20,0,"11,700",0
COLGATE PALM,7891024316160,COLGATE CEPILLO 360 C/LIMPIAD LENG,0,0,"14,900",0
COLGATE PALM,099176369325,COLGATE CEPILLO 360 GOLD SUAVE * 2,0,0,"21,000",0
COLGATE PALM,7509546055169,COLGATE CEPILLO 360 LUMINOOS WHITE,0,0,"37,700",0
COLGATE PALM,7702010631672,COLGATE CEPILLO 360 LUMINOOS WHITE,0,0,"20,200",0
COLGATE PALM,7509546055121,COLGATE CEPILLO 360 LUMINOUS WHITE,0,0,"15,400",0
COLGATE PALM,7509546055152,COLGATE CEPILLO 360 LUMINOUS WHITE,0,0,"32,900",0
COLGATE PALM,7702010130496,COLGATE CEPILLO 360 SURROUND MEDIO,0,0,"19,000",0
COLGATE PALM,7702010631283,COLGATE CEPILLO 360 SURROUND MEDIO,0,0,0,0
COLGATE PALM,7891024078167,COLGATE CEPILLO BAMBOO SUAVE,0,0,"23,000",0
COLGATE PALM,7509546031828,COLGATE CEPILLO EXTRA CLEAN DURO *,0,0,"14,900",0
COLGATE PALM,7702010630422,COLGATE CEPILLO EXTRA CLEAN SUAVE,20,0,"13,300",0
COLGATE PALM,7793100151224,COLGATE CEPILLO KIDS RABBIT SUAVE,20,0,"3,000",0
COLGATE PALM,035000689610,COLGATE CEPILLO MAX WHITE * 4 UNDS,0,0,"20,000",0
COLGATE PALM,7509546008707,COLGATE CEPILLO NAVIGATOR PLUS 2 X,0,0,"8,400",0
COLGATE PALM,7891024068007,COLGATE CEPILLO ORTHOGARD SUAVE *1,0,0,"27,500",0
COLGATE PALM,7702010631511,COLGATE CEPILLO PREMIER GTS TRIPLE,0,0,"3,600",0
COLGATE PALM,7702010630774,COLGATE CEPILLO PREMIER ULTRA KIDS,0,0,"2,700",0
COLGATE PALM,7509546020549,COLGATE CEPILLO SHREK SUAVE SMILOS,0,0,0,0
COLGATE PALM,7591083017793,COLGATE CEPILLO SLIM SOFT SUAVE *,20,0,"28,100",0
COLGATE PALM,7509546072531,COLGATE CEPILLO TOTAL 12 ADVANCE,360,0,"27,500",0
COLGATE PALM,7509546052892,COLGATE CEPILLO TOTAL CLEAN MINT +,0,0,"31,400",0
COLGATE PALM,7702010660627,COLGATE CEPILLO TRIPLE ACCION XTRA,0,0,"12,500",0
COLGATE PALM,7793100151552,COLGATE CEPILLO ULTRA SOFT SUAVE *,0,0,"33,900",0
COLGATE PALM,7509546008370,COLGATE CEPILLO ZIG-ZAG PLUS MEDIO,0,0,"18,700",0
COLGATE PALM,6920354824395,COLGATE CREMA DENTAL CARBON ACTIVO,0,0,"13,600",0
COLGATE PALM,7891024123188,COLGATE CREMA DENTAL GEL MAX WHITE,0,0,0,0
COLGATE PALM,7509546058030,COLGATE CREMA DENTAL LUMINOS WHITE,0,0,"10,800",0
COLGATE PALM,7702010611582,COLGATE CREMA DENTAL LUMINOS WHITE,0,0,0,0
COLGATE PALM,7509546066486,COLGATE CREMA DENTAL LUMINUS WHITE,0,0,"16,200",0
COLGATE PALM,7702010610257,COLGATE CREMA DENTAL MENTA X 50 CC,0,0,"2,100",0
COLGATE PALM,7702010111716,COLGATE CREMA DENTAL MENTA X 60 CC,0,0,"2,600",0
COLGATE PALM,7702010111563,COLGATE CREMA DENTAL ORIGINAL X 60,0,0,"2,200",0
COLGATE PALM,7793100130243,COLGATE CREMA DENTAL PERIOGARD *,900,0,"31,700",0
COLGATE PALM,7891024123577,COLGATE CREMA DENTAL PRO-ALIVIO X,50,0,"11,300",0
COLGATE PALM,7591083117622,COLGATE CREMA DENTAL SENS/BLANQUEA,0,0,0,0
COLGATE PALM,7891024123744,COLGATE CREMA DENTAL SENSITIVE PRO,0,0,"12,600",0
COLGATE PALM,7509546065816,COLGATE CREMA DENTAL T/ACCION * 63,0,0,"2,300",0
COLGATE PALM,7509546000343,COLGATE CREMA DENTAL T/ACCION *100,0,0,"10,200",0
COLGATE PALM,7702010610844,COLGATE CREMA DENTAL T/ACCION X,1000,0,0,0
COLGATE PALM,7509546003108,COLGATE CREMA DENTAL T/ACCION X 50,0,0,"2,100",0
COLGATE PALM,7702010111723,",7COLGATE CREMA DENTAL T/ACCION X 63",0,0,"2,100",0
COLGATE PALM,7702010631528,COLGATE CREMA DENTAL T/ACCION X 75,0,0,"6,100",0
COLGATE PALM,7702010611681,COLGATE CREMA DENTAL T/ACCION X 75,0,0,0,0
COLGATE PALM,7509546073231,COLGATE CREMA DENTAL TRIPLE ACCION,0,0,"7,700",0
COLGATE PALM,7509546074238,COLGATE CREMA DENTAL TRIPLE ACCION,0,0,"15,700",0
COLGATE PALM,7702010112003,COLGATE CREMA KIDS FRESA GEL FLUOR,0,0,"6,000",0
COLGATE PALM,7509546061160,COLGATE CREMA KIDS SMILES *75 CC 2,0,0,"11,500",0
COLGATE PALM,7891024134405,COLGATE CREMA SENSITIVE ORIGINAL *,0,0,"18,600",0
COLGATE PALM,7509546690285,COLGATE CREMA SENSITIVE PRO ALIVIO,0,0,"31,400",0
COLGATE PALM,7702010611063,COLGATE CREMA SENSITIVE PRO-ALIVIO,0,0,"46,400",0
COLGATE PALM,7891024124628,COLGATE CREMA SENSITIVE PRO-ALIVIO,0,0,"32,900",0
COLGATE PALM,7891024041611,COLGATE CREMA SENSITIVE PRO-ALIVIO,0,0,"29,800",0
COLGATE PALM,7509546690384,COLGATE CREMA SENSITIVE PRO-ALIVIO,0,0,"34,800",0
COLGATE PALM,7509546671550,COLGATE CREMA SENSITIVE PRO-ALIVIO,0,0,"29,500",0
COLGATE PALM,7509546665320,COLGATE CREMA ZERO GEL HIERBABUENA,0,0,"10,500",0
COLGATE PALM,7702010660146,COLGATE ENJU BUCAL PLAX WHITHENING,0,0,0,0
COLGATE PALM,7891024179901,COLGATE ENJUAGUE BUCAL PERIOGARD X,0,0,"21,600",0
COLGATE PALM,7891024136201,COLGATE ENJUAGUE BUCAL PLAX KIDS *,0,0,"16,500",0
COLGATE PALM,7891024183090,COLGATE HILO DENTAL TOTAL C/CERA,250,0,"24,000",0
COLGATE PALM,7509546060781,COLGATE JUNIOR GEL DENTAL MY FIRST,0,0,"25,300",0
COLGATE PALM,7891024136089,COLGATE PLAX * 60 ML,0,0,"4,700",0
COLGATE PALM,7891024180211,COLGATE PLAX 2EN1 FRESH MINT * 250,0,0,"7,800",0
COLGATE PALM,7753442660082,COLGATE PLAX COMPLETE CARE * 500ML,0,0,"18,500",0
COLGATE PALM,7891024033050,COLGATE PLAX ICE GLACIAL *250 ML,0,0,"11,900",0
COLGATE PALM,7891024039625,COLGATE PLAX ICE INFINITY ENJUAGUE,0,0,"10,700",0
COLGATE PALM,7891024027028,COLGATE PLAX ICE INFINITY ENJUAGUE,0,0,"9,100",0
COLGATE PALM,7891024136096,COLGATE PLAX ICE X 250 ML,0,0,"7,300",0
COLGATE PALM,7702010660252,COLGATE PLAX ICE X 500 ML GTS,0,0,"18,000",0
COLGATE PALM,7509546653396,COLGATE SENSITIVE CREMA PRO-ALIVIO,0,0,"15,000",0
COLGATE PALM,7702010611858,COLGATE SENSITIVE PRO-ALIVIO *75ML,0,0,"25,500",0
COLGATE PALM,7891024100431,COLGATE SENSITIVE PRO-ALIVIO CREMA,0,0,"25,500",0
COLGATE PALM,7509546680781,COLGATE SENSITIVE PRO-ALIVIO KIT 1,0,0,"42,100",0
COLGATE PALM,7891024123560,COLGATE SENSITIVE PRO-ALIVIO TBO *,0,0,"19,500",0
COLGATE PALM,7509546057415,COLGATE SMILES KIDS CREMA X 75ML +,0,0,"17,800",0
COLGATE PALM,7509546676258,CREMA COLGATE LUMINOUS WHITE GLOW,70,0,"29,900",0
COLGATE PALM,99176501619,",099CREMA DENTAL COLGATE LUMINOS WHITE",0,0,"14,400",0
COLGATE PALM,7753442351034,CREMA DENTAL COLGATE TRIPLE ACCION,0,0,"21,800",0
COLGATE PALM,7509546077635,JABON LIQUIDO PROTEX FACIAL PUNTOS,0,0,"24,900",0
COLGATE PALM,7891024039571,JABON LIQUIDO PROTEX NUTRI PROTECT,0,0,"12,100",0
COLGATE PALM,7509546676951,JABON PALMOLIVE CARBON *110GR,0,0,"3,800",0
COLGATE PALM,7509546666389,JABON PALMOLIVE NATURALS CARBON X,10,0,"8,000",0
COLGATE PALM,7702010410840,JABON PALMOLIVE OLIVA Y ALOE,0,0,"2,300",0
COLGATE PALM,7509546680644,JABON PROTEX CARBON DETOX 110 GR *,0,0,"14,100",0
COLGATE PALM,7509546063485,LADY SPEED STICK 24/7 ACTIVE FRESH,0,0,"17,300",0
COLGATE PALM,7509546060613,LADY SPEED STICK ACLARADO+VITAMINA,0,0,"26,500",0
COLGATE PALM,7509546059761,LADY SPEED STICK AEROSOL COOL AZUL,0,0,"15,300",0
COLGATE PALM,7509546052526,LADY SPEED STICK AEROSOL PH ACTIVE,0,0,"12,800",0
COLGATE PALM,7702010971778,LADY SPEED STICK AEROSOL PH ACTIVE,0,0,0,0
COLGATE PALM,7509546057569,LADY SPEED STICK AEROSOL PRO 5 X,160,0,"15,300",0
COLGATE PALM,7702010971181,LADY SPEED STICK BARRA ALOE BABY X,0,0,0,0
COLGATE PALM,7509546059808,LADY SPEED STICK BARRA COOL AZUL X,0,0,0,0
COLGATE PALM,7702010971785,LADY SPEED STICK BARRA PH ACTIVE X,0,0,0,0
COLGATE PALM,7509546057682,LADY SPEED STICK BARRA PROFESIONAL,0,0,"14,600",0
COLGATE PALM,7509546004471,LADY SPEED STICK BARRA WILD FRESIA,0,0,0,0
COLGATE PALM,7509546690803,LADY SPEED STICK CARBÃ³N ABSORB *,90,0,"39,700",0
COLGATE PALM,7509546066196,LADY SPEED STICK CLINICAL COMPLETE,0,0,"20,900",0
COLGATE PALM,7509546066219,LADY SPEED STICK CLINICAL COMPLETE,0,0,"6,500",0
COLGATE PALM,7509546066172,LADY SPEED STICK CLINICAL COMPLETE,0,0,"22,000",0
COLGATE PALM,7509546671062,LADY SPEED STICK CLINICAL COMPLETE,0,0,"25,500",0
COLGATE PALM,7509546688244,LADY SPEED STICK CLINICAL POWDER *,0,0,"1,600",0
COLGATE PALM,7509546063461,LADY SPEED STICK COOL AQUA SPRAY *,0,0,"18,300",0
COLGATE PALM,7702010470295,LADY SPEED STICK CREMA MINI FLORAL,0,0,"2,600",0
COLGATE PALM,7509546067940,LADY SPEED STICK DERMA+OMEGA BARRA,0,0,"17,600",0
COLGATE PALM,7509546061092,LADY SPEED STICK DERMA+PERLA SPRAY,0,0,"11,900",0
COLGATE PALM,7509546688220,LADY SPEED STICK DESODORANTE SPRAY,0,0,"17,500",0
COLGATE PALM,7509546063843,LADY SPEED STICK POWER FRESH SPRAY,0,0,"22,700",0
COLGATE PALM,7509546063515,LADY SPEED STICK PRO 5EN1 SPRAY *,10,0,"18,800",0
COLGATE PALM,7509546067230,LADY SPEED STICK ROLL-ON FLORAL X,20,0,"23,000",0
COLGATE PALM,7509546055275,LADY SPEED STICK ROLLON NATURALS &,0,0,"9,300",0
COLGATE PALM,7509546057521,LADY SPEED STICK ROLLON PRO 5 X 50,0,0,"12,800",0
COLGATE PALM,7509546045627,LADY SPEED STICK ROLLON WATERPROOF,0,0,0,0
COLGATE PALM,7509546067902,LADY SPEED STICK SPRAY DERMA+OMEGA,0,0,"18,500",0
COLGATE PALM,7702010971471,LADY SPEED STICK TALC CREMA DOUBLE,0,0,"25,700",0
COLGATE PALM,7702010410277,PALMOLIVE JABON AVENA Y AZUCAR X,130,0,"2,500",0
COLGATE PALM,7702010910975,PALMOLIVE JABON COCO ALGODON X 130,0,0,"2,300",0
COLGATE PALM,7702010910968,PALMOLIVE JABON COCO ALGODON X 130,0,0,0,0
COLGATE PALM,7702010410444,PALMOLIVE JABON CREMA LAVANDA X,1300,0,"1,800",0
COLGATE PALM,7702010410826,PALMOLIVE JABON FUSION NUTRITIVA *,0,0,"2,500",0
COLGATE PALM,7509546066240,PALMOLIVE JABON LIQ/MANOS ALMENDRA,0,0,"7,400",0
COLGATE PALM,7509546078885,PALMOLIVE JABON LIQUIDO HUMECTANTE,0,0,"22,700",0
COLGATE PALM,7509546676111,PALMOLIVE JABON LIQUIDO HUMECTANTE,0,0,"23,200",0
COLGATE PALM,7509546650173,PALMOLIVE JABON PITAHAYA 120GR * 3,0,0,"8,000",0
COLGATE PALM,7702010410307,PALMOLIVE JABON YOGHURT/FRUITS X,130,0,"2,400",0
COLGATE PALM,7033254,PREPAK # 6 COLGATE,0,0,"50,200",0
COLGATE PALM,7702010420924,PROTEX JABON BALANCE SALUDABLE *,130,0,"2,800",0
COLGATE PALM,7891024037911,PROTEX JABON FACE OIL CONTROL X 85,0,0,"8,200",0
COLGATE PALM,7702010921568,PROTEX JABON FOR MEN 10H * 2 SPORT,0,0,"6,100",0
COLGATE PALM,7509546693569,PROTEX JABON GLICERINA + OMEGA 3 *,0,0,"5,200",0
COLGATE PALM,7702010920875,PROTEX JABON LIMPIEZA PROFUNDA *,750,0,"3,500",0
COLGATE PALM,7702010420443,PROTEX JABON LIMPIEZA PROFUNDA X,130,0,"2,700",0
COLGATE PALM,7891024027851,PROTEX JABON LIQ COMPLETE 12 * 250,0,0,"8,700",0
COLGATE PALM,7509546066363,PROTEX JABON LIQ COMPLETE 12 X 221,0,0,"8,100",0
COLGATE PALM,7891024031384,PROTEX JABON LIQ FOR MEN 3EN1 *,2500,0,"8,600",0
COLGATE PALM,7891024028117,PROTEX JABON LIQ PRO-HIDRATA * 250,0,0,"8,500",0
COLGATE PALM,7509546067155,PROTEX JABON LIQ PRO-HIDRATA X 221,0,0,"9,000",0
COLGATE PALM,7891024115862,PROTEX JABON LIQUIDO FOR MEN SPORT,0,0,"17,200",0
COLGATE PALM,7509546074429,PROTEX JABON PRO-HIDRATA ARGAN *,900,0,"2,700",0
COLGATE PALM,7702010420863,PROTEX JABON PRO-HIDRATA BARRA X,130,0,"2,700",0
COLGATE PALM,7509546651422,PROTEX JABON PRO-HIDRATA COCO  * 3,0,0,"8,000",0
COLGATE PALM,7702010420993,PROTEX JABON PRO-HIDRATA MACADAMIA,0,0,"5,200",0
COLGATE PALM,7702010920707,PROTEX JABON PROPOLIS X 13O GR X 3,0,0,0,0
COLGATE PALM,7509546029023,SPED STICK AEROSOL COOL NIGHT X,1650,0,"16,225",0
COLGATE PALM,7509546061535,SPED STICK AEROSOL DRY CONTROL X,160,0,"14,400",0
COLGATE PALM,7702010470431,SPEED STICK 24/7 ACTIVE CREMA * 10,0,0,800,0
COLGATE PALM,7509546045337,SPEED STICK 24/7 EXTREME AERO *,1000,0,"15,900",0
COLGATE PALM,7702010972102,SPEED STICK AEROSOL ADN X 165 ML X,0,0,0,0
COLGATE PALM,7702010470363,SPEED STICK AEROSOL ATAINGUAD X,1650,0,0,0
COLGATE PALM,7509546059747,SPEED STICK AEROSOL COOL AZUL X,1000,0,"13,900",0
COLGATE PALM,7509546059754,SPEED STICK AEROSOL COOL GREEN X,100,0,0,0
COLGATE PALM,7702010971747,SPEED STICK AEROSOL MULTI-PROT X5,0,0,0,0
COLGATE PALM,7702010971860,SPEED STICK AEROSOL STAINGUARD X,160,0,0,0
COLGATE PALM,7509546048253,SPEED STICK AEROSOL STAINGUARD X,160,0,"10,200",0
COLGATE PALM,7509546038322,SPEED STICK AEROSOL WATERPROOF X,160,0,0,0
COLGATE PALM,7509546052755,SPEED STICK BARRA MULTI-PROT X5 X,50,0,"17,600",0
COLGATE PALM,7509546046822,SPEED STICK BARRA STAIN GUARD X 50,0,0,"9,000",0
COLGATE PALM,7509546668666,SPEED STICK CLINICAL ANTIBACTERIAL,0,0,"14,300",0
COLGATE PALM,7509546671055,SPEED STICK CLINICAL COMPLETE X 55,0,0,0,0
COLGATE PALM,7509546069661,SPEED STICK COOL GREEN SPRAY * 150,0,0,"18,300",0
COLGATE PALM,7702010972300,SPEED STICK EXTREME TECH AEROSOL X,0,0,"28,500",0
COLGATE PALM,7509546029139,SPEED STICK GEL COOL NIGHT * 85 GR,0,0,"18,800",0
COLGATE PALM,7509546045320,SPEED STICK GEL EXTREME X 85 GR,0,0,"22,800",0
COLGATE PALM,7702010470370,SPEED STICK GEL MINI MULTI-PROT X,50,0,"2,400",0
COLGATE PALM,7509546055336,SPEED STICK GEL NATURALS & PROTECT,0,0,"13,500",0
COLGATE PALM,7509546651965,SPEED STICK SPRAY ZERO CARBON X 91,0,0,"20,500",0
COLGATE PALM,7509546697512,SPEED STICK XTREME ULTRA GEL 85 GR,0,0,"49,500",0
COLMED ,7703153021160,*OMEPRAZOL 20 MG X 20 CAPS,0,0,"6,500",0
COLMED ,7703153003296,CLORANFENICOL 250 MG * 50 CAP,0,0,"52,600",0
COLMED ,7703153036188,CLOTRIMAZOL 2 % CREMA VAGINAL * 20,0,0,"19,500",0
COLMED ,7703153022938,CLOTRIMAZOL CREMA 1% * 40 GR,0,0,"10,400",0
COLMED ,7702057063580,COMPLEJO B * 3 AMP,0,0,"16,300",0
COLMED ,7703153032159,DICLOFEN SPRAY 40 ML,0,0,"10,000",0
COLMED ,7703153022075,ESOMEPRAZOL 40 MG * 30 TAB,0,0,"48,400",0
COLMED ,7703153013271,GENTAMICINA OFTALMICO * 6 ML,0,0,"10,500",0
COLMED ,7703153013288,GLUCOSAMINA 1500 MG * 15 S/S,0,0,"26,300",0
COLMED ,7703153015695,ILANA 600 MG *1 OVULO,0,0,"77,000",0
COLMED ,7703153021009,KLEAR TOS *20 CAP,0,0,"14,900",0
COLMED ,7703153020255,LEVOCETIRIZINA 5 MG * 10 TAB,0,0,"32,600",0
COLMED ,7703153040628,LEVOTIROXINA 100 MCG * 150 TAB,0,0,"64,000",0
COLMED ,7703153004361,METRONIDAZOL 500 MG * 200 OVULOS,0,0,"158,000",0
COLMED ,7703153018979,OMEGA 3 X 50 CPAS,0,0,0,0
COLMED ,7703153020330,ORLISTAT 120 MG * 30 CAP,0,0,"67,500",0
COLMED ,7703153022846,QUETIAPINA 200 MG * 30 TAB,0,0,"74,900",0
COLMED ,7703153035297,TRAMADOL 37.5 MG + ACETAMINOFEN,3250,0,"64,000",0
COLMED ,7707263003535,TRIDAR CREMA * 40 GR,0,0,"35,000",0
COLOMBIANA K,7702425103238,HUGGIES ACTIVE SEC ET 4-XG OFERTA,0,0,"35,500",0
COLOMBIANA K,7702425856424,HUGGIES NATURAL CARE ETP XXG/5 *,20,0,"50,000",0
COLOMBIANA K,036000180855,GOOD NITES L-XL X 9 UND,0,0,"24,100",0
COLOMBIANA K,036000180800,GOOD NITES S-M X 11 UND,0,0,"29,400",0
COLOMBIANA K,36000180855,HUGG GOODNITES X 9,0,0,"19,000",0
COLOMBIANA K,7702425807853,HUGGIES ACTIVE SEC AJUSTE PERF  ET,0,0,"37,500",0
COLOMBIANA K,7702425807334,HUGGIES ACTIVE SEC AJUSTE PERF ET,20,0,"16,200",0
COLOMBIANA K,7702425,HUGGIES ACTIVE SEC AJUSTE PERF ET,30,0,"19,900",0
COLOMBIANA K,7702425807099,HUGGIES ACTIVE SEC AJUSTE PERF ET,30,0,"30,900",0
COLOMBIANA K,7702425805873,HUGGIES ACTIVE SEC AJUSTE PERF ET,40,0,"37,900",0
COLOMBIANA K,7702425551831,",7HUGGIES ACTIVE SEC ET 1-P * 30 UND",0,0,"12,900",0
COLOMBIANA K,7702425801479,HUGGIES ACTIVE SEC ET 2-M * 30 UND,0,0,"25,500",0
COLOMBIANA K,7702425803664,HUGGIES ACTIVE SEC ET 2-M AHORRA,260,0,"15,200",0
COLOMBIANA K,7702425802698,HUGGIES ACTIVE SEC ET 3-G PAGUE 32,0,0,"22,300",0
COLOMBIANA K,7702425801615,HUGGIES ACTIVE SEC ET 4-XG *30 UND,0,0,"36,800",0
COLOMBIANA K,7702425803497,HUGGIES ACTIVE SEC ET 4-XG ETAP,300,0,"22,900",0
COLOMBIANA K,7702425111721,HUGGIES ACTIVE SEC ET 4-XG PAGUE,400,0,"55,800",0
COLOMBIANA K,7702425549739,HUGGIES ACTIVE SEC ET 5-XXG  PAGUE,0,0,"21,800",0
COLOMBIANA K,7702425486454,HUGGIES ACTIVE SEC ET 5-XXG PAGUE,40,0,"63,500",0
COLOMBIANA K,7702425282360,HUGGIES ACTIVE SEC PANTS ET 3-G *,20,0,"26,500",0
COLOMBIANA K,7702425810426,HUGGIES ACTIVE SEC PANTS ET 4-XG *,0,0,"40,500",0
COLOMBIANA K,7702425617353,HUGGIES ACTIVE SEC PANTS ET 6-XXXG,0,0,"41,800",0
COLOMBIANA K,7809604031518,HUGGIES DERMACARE RECIEN NACIDO *,70,0,"63,100",0
COLOMBIANA K,7896018704398,HUGGIES EXTRA SUAVE JABON EN BARRA,0,0,"4,000",0
COLOMBIANA K,7751493006903,HUGGIES NATURAL CARE AJUS/PERFECTO,0,0,"48,500",0
COLOMBIANA K,7702425800236,HUGGIES NATURAL CARE ETAP 3 GDE *,40,0,"40,100",0
COLOMBIANA K,7702425800342,HUGGIES NATURAL CARE ETAP 3 GDE *,50,0,"38,700",0
COLOMBIANA K,7702425800489,HUGGIES NATURAL CARE ETAP 5 XXG *,50,0,"99,600",0
COLOMBIANA K,7702425547650,HUGGIES NATURAL CARE ETAP 5 XXG *,50,0,"47,800",0
COLOMBIANA K,7702425802247,HUGGIES NATURAL CARE NIÃ‘AS ET 2/M,0,0,"39,000",0
COLOMBIANA K,7702425805088,HUGGIES NATURAL CARE NIÃ‘AS ET 2/M,0,0,"43,700",0
COLOMBIANA K,7702425805101,HUGGIES NATURAL CARE NIÃ‘AS ET 3/G,0,0,"55,000",0
COLOMBIANA K,7702425802353,HUGGIES NATURAL CARE NIÃ‘AS ET G/3,0,0,"48,500",0
COLOMBIANA K,7702425805095,HUGGIES NATURAL CARE NIÃ‘OS ET 2/M,0,0,"43,700",0
COLOMBIANA K,7702425802360,HUGGIES NATURAL CARE NIÃ‘OS ET 3/G,0,0,"46,300",0
COLOMBIANA K,7702425805118,HUGGIES NATURAL CARE NIÃ‘OS ET 3/G,0,0,"52,400",0
COLOMBIANA K,7702425805071,HUGGIES NATURAL CARE NIÃ‘OS XG/4 *,0,0,"48,500",0
COLOMBIANA K,7794626007149,HUGGIES NATURAL CARE PREMATURO *,300,0,"15,300",0
COLOMBIANA K,7702425802117,HUGGIES NATURAL CARE PRIM 100 DIAS,0,0,"23,900",0
COLOMBIANA K,7702425802179,HUGGIES NATURAL CARE RECIEN NACIDO,0,0,"35,600",0
COLOMBIANA K,7702425802155,HUGGIES NATURAL CARE RN ETP 1 * 30,0,0,"21,400",0
COLOMBIANA K,7702425802278,HUGGIES NATURAL CARE TALLA M/2 *,600,0,"59,100",0
COLOMBIANA K,7702425807440,HUGGIES NATURAL CARE UNISEX ET G/3,0,0,"52,800",0
COLOMBIANA K,7702425807433,HUGGIES NATURAL CARE UNISEX ET M/2,0,0,"44,000",0
COLOMBIANA K,7702425549128,",7HUGGIES NATURAL CARE XG ETAP 4 X",500,0,"52,200",0
COLOMBIANA K,7702425723054,HUGGIES NATURAL CARE XG/4 * 40 UND,0,0,"70,800",0
COLOMBIANA K,7702425521131,HUGGIES NATURAL CARE XXG ETAP 5 X,20,0,"24,500",0
COLOMBIANA K,7702425547643,HUGGIES NATURAL CARE XXG ETAP 5 X,20,0,"22,600",0
COLOMBIANA K,7702425535121,HUGGIES NATURAL GRANDE X 50 UNDS,0,0,"37,300",0
COLOMBIANA K,7702425535114,HUGGIES NATURAL MEDIO X  50 UNDS,0,0,"31,300",0
COLOMBIANA K,7702425541481,HUGGIES PANTS G X 22,0,0,"19,700",0
COLOMBIANA K,7702425545281,HUGGIES RECIEN NACIDO * 50,0,0,"18,500",0
COLOMBIANA K,7702425804760,HUGGIES TOALLITAS ACTIVE FRESH *,960,0,"6,100",0
COLOMBIANA K,7702425800717,HUGGIES TOALLITAS HUMEDAS LIMPIEZA,0,0,"17,000",0
COLOMBIANA K,7702425804531,HUGGIES TOALLITAS HUMEDAS LIMPIEZA,0,0,"53,700",0
COLOMBIANA K,7702425804821,HUGGIES TOALLITAS MANITOS Y CARITA,0,0,"10,000",0
COLOMBIANA K,7702425321670,HUGGIES TRIPLE PROTECCION  G/3 *,250,0,"22,000",0
COLOMBIANA K,7702425295537,HUGGIES TRIPLE PROTECCION  M/2 *,250,0,"17,500",0
COLOMBIANA K,7702425113213,HUGGIES TRIPLE PROTECCION  XXG/5 *,0,0,"30,300",0
COLOMBIANA K,7702425325067,HUGGIES TRIPLE PROTECCION XG/4 *,250,0,"24,500",0
COLOMBIANA K,7702425803329,KIT BIENVENIDA HUGGIES,0,0,"30,000",0
COLOMBIANA K,7798038152145,KLEENEX CLASSIC PAÃ‘UELOS BOLSA *,80,0,"1,100",0
COLOMBIANA K,7702425640788,KLEENEX PAÃ‘UELO OFERTA 3 CAJAS *,50,0,"16,000",0
COLOMBIANA K,7702425550469,KLEENEX TOALLITAS LIMPIEZA FACIAL,40,0,"8,300",0
COLOMBIANA K,7702425802964,KOTEX + PROTECTORES ULTRAFINA * 12,0,0,"4,800",0
COLOMBIANA K,7702425804746,KOTEX DIARIOS ULTRA FLEXIBLE * 150,0,0,"18,600",0
COLOMBIANA K,7702425550339,KOTEX JABON EVOLUTION * 200ML GTS,40,0,"15,300",0
COLOMBIANA K,7702425802995,KOTEX NOCTURNA+ KOTEX ULTRAFINA *,10,0,"5,600",0
COLOMBIANA K,7702425805354,KOTEX TAMPON EVO DIGITAL MEDIO *,200,0,"15,300",0
COLOMBIANA K,7809604026972,KOTEX TAMPONES CON APLICADOR SUPER,0,0,"22,900",0
COLOMBIANA K,77702425551250,KOTEX TAMPONES EVOLUTION MEDIO PAG,0,0,"2,000",0
COLOMBIANA K,7702425631496,KOTEX TOALLA LIBERTE NORMAL ALAS X,0,0,"3,000",0
COLOMBIANA K,7702425548657,KOTEX TOALLA LIBERTE NORMAL TELA X,0,0,0,0
COLOMBIANA K,7702425631168,KOTEX TOALLA LIBERTE NORMAL TELA X,0,0,"10,500",0
COLOMBIANA K,7702425631304,KOTEX TOALLA LIBERTE ULTRAFINAX 40,0,0,"10,300",0
COLOMBIANA K,7702425548114,KOTEX TOALLA NORMAL PAG 10 LLEV 12,0,0,"2,500",0
COLOMBIANA K,7702425547827,KOTEX TOALLA NORMAL PAG 10 LLEVE,120,0,"2,700",0
COLOMBIANA K,7702425800779,KOTEX TOALLA NORMAL TELA ALAS * 10,0,0,"4,000",0
COLOMBIANA K,7702425547766,KOTEX TOALLA NORMAL TELA ALAS PAG,10,0,"3,500",0
COLOMBIANA K,7702425547773,",7KOTEX TOALLA ULTRAFINA MALLA PAG",100,0,0,0
COLOMBIANA K,7702425804036,KOTEX TOALLA ULTRAFINA TELA PAG 10,0,0,"3,700",0
COLOMBIANA K,7702425547780,KOTEX TOALLA ULTRAFINA TELA PAG 10,0,0,"3,900",0
COLOMBIANA K,7702425800878,KOTEX TOALLA ULTRAFINA TELA X,120,0,"4,400",0
COLOMBIANA K,7702425810174,KOTEX TOALLAS CUIDADO AVANZADO *10,0,0,"6,900",0
COLOMBIANA K,7702425806528,KOTEX ULTRAFINA SPORT  X16UND,0,0,"10,900",0
COLOMBIANA K,7702425031821,KOTEX ULTRAPROTECT FLUJO MEDIO *,240,0,"8,600",0
COLOMBIANA K,7702425522909,PANUELO KLEENEX BOLS DISENOS  10 X,0,0,0,0
COLOMBIANA K,7702425641754,PANUELOS KLEENEX AUTOMOVIL X,500,0,"2,600",0
COLOMBIANA K,036000456103,PAÃ‘AL GOOD NITES UNISEX L-XL * 11,0,0,"30,400",0
COLOMBIANA K,7809604031464,PAÃ‘AL HUGGIES NATURAL CARE ETPA 5,0,0,"78,300",0
COLOMBIANA K,7702425642157,PAÃ‘UELOS KLEENEX CLASICO CUBO *60,0,0,"7,500",0
COLOMBIANA K,7702425552224,PAPEL HIG SCOTT+JUMBO 2E1 PQT X 24,0,0,0,0
COLOMBIANA K,7702425550506,PAPEL HIG. SCOTT MAXI-ROLLO TRIPLE,0,0,"1,900",0
COLOMBIANA K,7702425550599,PAPEL HIG. SCOTT MAXI-ROLLO TRIPLE,0,0,"6,700",0
COLOMBIANA K,7702425548886,PAPEL HIG. SCOTT MAXIROLLO X 1 UND,0,0,"2,400",0
COLOMBIANA K,7702425538634,PAPEL HIG. SCOTT MAXIROLLO X 1UND,0,0,"1,900",0
COLOMBIANA K,7702425548893,PAPEL HIG. SCOTT MAXIROLLO X 4 UND,0,0,0,0
COLOMBIANA K,7702425538764,PAPEL HIG. SCOTT PLUS MEGA 3EN1 X,40,0,0,0
COLOMBIANA K,7751493005708,PLENITUD CLASSIC ADULTO L *20 PREC,0,0,"26,800",0
COLOMBIANA K,7794626003684,PLENITUD CLASSIC TALLA M *,160,0,"23,800",0
COLOMBIANA K,7702425546295,PLENITUD PROTECT MEDIO PAG 15 LLEV,0,0,"31,300",0
COLOMBIANA K,7702425548282,PLENITUD ROPA INT HOMBRE TALLA P/M,0,0,"17,300",0
COLOMBIANA K,7809604017154,PLENITUD ROPA INT HOMBRETALLA M X,80,0,"17,300",0
COLOMBIANA K,7809604017161,PLENITUD ROPA INT MUJER TALLA G X,80,0,"19,000",0
COLOMBIANA K,7751493003537,PLENITUD ROPA INT MUJER TALLA M X,80,0,"17,200",0
COLOMBIANA K,7751493004459,PLENITUD ROPA INT MUJER TALLA XG X,0,0,"16,500",0
COLOMBIANA K,7751493005906,PLENITUD XL * 20 UND,0,0,"42,300",0
COLOMBIANA K,7809604025876,TAMPON KOTEX MEDIO CON APLICADOR,160,0,"23,500",0
COLOMBIANA K,7441008154617,TAMPONES KOTEX CON APLICADOR SUPER,0,0,"14,500",0
COLOMBIANA K,7441008154600,TAMPONES KOTEX MEDIO CON APLICADOR,0,0,"14,500",0
COLOMBIANA K,7702425545912,TOALLA KOTEX 4NOR+3ULT PG6 LL7 7 X,0,0,0,0
COLOMBIANA K,7702425679467,TOALLA SCOTT DURAMAX,0,0,"16,950",0
COLOMBINA S.,7702367000022,ATUN VANCAMPS LOMITOS EN AGUA X,1840,0,"5,500",0
COLOMBINA S.,7707271540077,ATUNEC DESMENUZADO EN ACEITE * 170,0,0,"2,400",0
COLOMBINA S.,7707271540206,ATUNEC PREMIUM LOMITOS AHUMADOS EN,0,0,"4,700",0
COLOMBINA S.,7702149205430,CASSATA ITALIANA,0,0,0,0
COLOMBINA S.,7702149093532,CASSATA NAPOLITANA,0,0,0,0
COLOMBINA S.,7702011013859,CHOCMELOS BANDEJA,0,0,0,0
COLOMBINA S.,7702011276179,COCADITAS GALLETAS ARTESANALES *70,0,0,"6,500",0
COLOMBINA S.,7702011016881,COFFEE DELIGHT BLANDO SURTIDO X,1000,0,0,0
COLOMBINA S.,7702149149444,CONO CHOCO ROBIN,0,0,0,0
COLOMBINA S.,7702149094188,CONO NUCITA,0,0,0,0
COLOMBINA S.,7702011045003,CRAKENAS MULTIGRANOS X 25.5 GR X 6,0,0,0,0
COLOMBINA S.,7702011007070,CRAKENAS SALTIN INTEGRAL  IND X 32,0,0,0,0
COLOMBINA S.,7702011001726,FRUTICAS X 100 UND,0,0,0,0
COLOMBINA S.,7702011049056,GALLETA BRIDGE AREQUIPE X 28 GR X,10,0,0,0
COLOMBINA S.,7702011046000,GALLETA NAVIDENA COLOMBINA SURTIDA,0,0,0,0
COLOMBINA S.,7702011044938,GALLETA WAFER BRIDGE AREQUIPE X 71,0,0,"1,800",0
COLOMBINA S.,7702025147922,GALLETAS NOEL NAVIDEÃ‘AS CHOCOLATE,0,0,"3,900",0
COLOMBINA S.,7702025143931,GALLETAS SURTIDAS BLANCA NOEL *125,0,0,"11,500",0
COLOMBINA S.,7702025143948,GALLETAS SURTIDAS OSCURA NOEL *125,0,0,"10,900",0
COLOMBINA S.,7702011129741,GOMITAS GUSANOS SOUR GRISSLYÂ *Â,800,0,"2,300",0
COLOMBINA S.,7702174085601,GOMITAS TROLLI DONAS FRUTALES * 58,0,0,"1,900",0
COLOMBINA S.,7702011004451,GRISSLY * 478 GR,0,0,0,0
COLOMBINA S.,7702011007285,GRISSLY OSO * 32 GR,0,0,0,0
COLOMBINA S.,7702011007278,GRISSLY OSOS * 32 GR,0,0,"1,140",0
COLOMBINA S.,7411204801387,JUGO NECTAR PETIT COCTEL FRUTA X,200,0,0,0
COLOMBINA S.,7702011125354,KICK MANI *35 GR,0,0,"1,700",0
COLOMBINA S.,7801800100074,LA CONSTANCIA DURAZNO EN MITADES *,0,0,"9,000",0
COLOMBINA S.,7702097036650,LA CONSTANCIA MERMELADA DE FRESA,200,0,0,0
COLOMBINA S.,7702097036643,LA CONSTANCIA MERMELADA DE MORA,2000,0,0,0
COLOMBINA S.,7702097036681,LA CONSTANCIA MERMELADA DE PINA,2000,0,0,0
COLOMBINA S.,7702011046963,MAX COCO *46 GR,0,0,"1,200",0
COLOMBINA S.,7702097037954,MAYONESA COLOMBINA DP PAG 200 LLEV,0,0,0,0
COLOMBINA S.,7702097037121,MOSTANEZA X 200 G,0,0,0,0
COLOMBINA S.,7702830110012,PALETA NUCITA,0,0,0,0
COLOMBINA S.,7702011084095,PASABOCAS DE MAIZ Y QUINUA  UNIDAD,0,0,"2,000",0
COLOMBINA S.,7702011206930,PIAZZA BARQUILLO BONBON BUM * 11.7,0,0,"1,200",0
COLOMBINA S.,7702149093983,ROBIN HOOD CASERO DE GUANABANA *,750,0,"3,500",0
COLOMBINA S.,7702011093226,ROLLO DE HELADO COLOMBINA TIRAMISU,0,0,0,0
COLOMBINA S.,7702097065650,SALCHICHA VIENA LA CONSTANCIA LATA,0,0,"2,400",0
COLOMBINA S.,7702097039514,SALSA AGRIDULCE LA CONSTANCIA *,2220,0,"2,900",0
COLOMBINA S.,7702097051325,SALSA BARBECUE LA CONSTANCIA * 200,0,0,"2,500",0
COLOMBINA S.,7702097039767,SALSA DE CIRUELA LA CONSTANCIA *,200,0,"4,100",0
COLOMBINA S.,7702097037947,SALSA DE TOMATE COLOMBINA DP PAG,200,0,0,0
COLOMBINA S.,7702097038777,SALSA DE TOMATE LA COSNTANCIA X,2000,0,0,0
COLOMBINA S.,7702097037145,SALSA NAPOLITANA SABOR TOCINETA LA,0,0,"3,100",0
COLOMBINA S.,7702097069412,SALSA PARA CARNES LA CONSTANCIA *,10,0,"1,400",0
COLOMBINA S.,7702097037244,SALSA VINAGRETA LA CONSTANCIA *,3250,0,"4,800",0
COLOMBINA S.,7702011093042,VASO NUCITA X 60 GR,0,0,0,0
COLOMBINA S.,7702149093075,VASO SUNDAE COLOMBINA FRUTOS ROJOS,0,0,0,0
COLPHARMA LA,7707184142061,ALGIUM GRIPA X 12 TABLS,0,0,"10,000",0
COLPHARMA LA,7707184142191,ALOPURINOL 300 MG X 30 TABLS,0,0,"10,000",0
COLPHARMA LA,7707184142481,BIOCHECK COLESTEROL TIRA X 10 UNDS,0,0,0,0
COLQUIMICOS,7861000165648,BIRM INMUNOMODULADOR SOL ORAL *,1200,0,"112,500",0
COLQUIMICOS,310119033227,RENU FRESH SOL MULTIPROPOSITO *,1200,0,"28,300",0
COLQUIMICOS,310119033340,RENU FRESH SOL MULTIPROPOSITO *,3550,0,"59,400",0
COLQUIMICOS,310119034347,RENU FRESH SOL MULTIPROPOSITO * 60,0,0,"19,200",0
COLVENFAR,7592307000157,MELANODERM CREMA * 120 GR,0,0,"108,300",0
COLVENFAR,8016887000158,OTOSAN KIT LAVADO NASAL * 230 ML +,0,0,"110,000",0
COLVENFAR,8033224818344,TONIMER BABY ISOTONICA SPRAY * 100,0,0,"80,900",0
COLVENFAR,8033224814087,TONIMER HYPERTONIC BABY SPRAY *,1000,0,"84,200",0
COLVENFAR,8050444850930,TONIMER HYPERTONICO BABY MONODOSIS,0,0,"64,900",0
COLVENFAR,8055510241599,TONIMER HYPERTONICO SPRAY NASAL *,10,0,"84,200",0
COLVENFAR,8033224818535,TONIMER HYPERTONICO SPRAY NASAL *,10,0,"86,400",0
COLVENFAR,8055510241728,TONIMER ISOTONICO SPRAY NORMAL *,100,0,"84,000",0
COLVENFAR,8055510241636,TONIMER ISOTONICO SPRAY SOFT * 100,0,0,"84,000",0
COLVENFAR,8050444856680,TONIMER PANTHEXYL BABY SPRAY * 100,0,0,"91,000",0
COLVENFAR,8050444852958,TONIMER SOLUCION ISOTONICA SPRAY *,0,0,"85,500",0
COMCEL ,7707175320041,TARJETA CLARO 10.000,0,0,"10,600",0
COMCEL ,7707175320249,TARJETA CLARO 20.000,0,0,"21,600",0
COMCEL ,7707175320102,TARJETA CLARO 30.000,0,0,0,0
COMCEL ,7707175320379,TARJETA CLARO 50.000,0,0,"54,000",0
COMERCIALIZA,7707277580312,CROMOGLICATO DE SODIO 2% OFT X5 ML,0,0,"6,200",0
COMERCIALIZA,7707277580428,LUBRIOPH GOTAS 0.5% X 15 ML,0,0,"20,000",0
COMERCIALIZA,7707277580350,OCUBRAX GOTAS X 5 ML,0,0,0,0
COMERCIALIZA,7707277580145,OPERM 4% OFT X 5 ML,0,0,"7,800",0
COMERCIALIZA,7501201310033,SUERO ANTIOFIDICO (ANTIVIPMYN TRI),0,0,"325,000",0
COMERLAT PHA,7707186900522,CLIOGEN T * 20 GR,0,0,"24,900",0
COMERLAT PHA,7709173884730,COMERFLEX GEL POR 50 GRS,0,0,"28,100",0
COMERLAT PHA,7707357640240,ESENCIA APETITO SEXUAL GOUTTE * 30,0,0,"19,000",0
COMERLAT PHA,7707277580565,GLAUCOPHARM 0.5% SOL OFTALMICA * 5,0,0,"6,800",0
COMERLAT PHA,7707341100118,IMPOFIN-Z 500 MG * 3 TAB,0,0,"18,000",0
COMERLAT PHA,7707277580466,OLOPHARM 0.2% GOTAS OFTALMICAS * 5,0,0,"45,000",0
COMERLAT PHA,7707277580336,OPHARDEX GOTAS *5 ML,0,0,"18,500",0
COMERLAT PHA,7707277580183,OPHARFLEX SOL OFT *5 ML,0,0,"12,200",0
COMERLAT PHA,7707277580442,OSMOTEARS GOTAS * 15 ML,0,0,"16,500",0
COMERLAT PHA,4031571056765,PARACETAMOL + CODEINA 500 MG/30 MG,0,0,0,0
COMERLAT PHA,7707186900560,PENVIROX LABIAL CREMA TOPICA  X 15,0,0,0,0
COMERLAT PHA,7707371680017,PROHELIX JARABE EXPECTORANTE  X,1200,0,0,0
COMESTIBLES ,7702174073264,MECHAS LOKAS ALIEN,0,0,"4,600",0
COMESTIBLES ,77021774070959,PIN POP FRESA,0,0,700,0
COMESTIBLES ,7702117009114,GALLETA ITALO WAFER CHOCOLATE *117,0,0,"3,500",0
COMORIENTE,7702168420135,AGUARDIENTE AMARILLO DE MANZANARES,0,0,"58,900",0
COMORIENTE,7702168114409,AGUARDIENTE CRISTAL XS S/AZUCAR *,30,0,"25,000",0
COMORIENTE,7702168117400,AGUARDIENTE CRISTAL XS S/AZUCAR *,70,0,"36,300",0
COMORIENTE,4067700015419,JAGERMEISTER BOTELLA APERITIVO *,700,0,"124,600",0
COMORIENTE,7702168901375,RON VIEJO DE CALDAS CARTA DE ORO 8,0,0,"100,700",0
COMORIENTE,7702168269055,RON VIEJO DE CALDAS LEON DORMIDO *,0,0,"255,400",0
COMORIENTE,7702673001089,VINO BLANCO GRAN CELEBRACION *,26000,0,"69,700",0
COMORIENTE,7703518134252,VINO ESPUMOSO RIVELINO BLANCO *,7500,0,"13,600",0
COMPANIA BAW,7707196390245,FOSFOKAVAR H *60 TAB,0,0,"89,300",0
COMPANIA BAW,7707196390252,FOSFOKAVAR H X 10 GRAG,0,0,"16,500",0
COMPANIA BAW,7707196390269,GINHEMAFER *50 TAB,0,0,"75,500",0
COMPANIA BAW,7707196390047,HIGABYL JBE X 180 ML,0,0,"24,300",0
COMPANIA BAW,7707196390290,MAGNESIUM T X 30 TABLS,0,0,"51,200",0
COMPANIA BAW,7707196390085,OBELID X 30 GRAG,0,0,"45,500",0
COMPANIA BAW,7707177560322,OTITOL NF GOTAS X 5 ML,0,0,"15,000",0
COMPANIA BAW,7707196390092,PIRASTAM X 30 TABLS,0,0,0,0
COMPANIA BAW,7707196390375,PSICOFOS X 30 TABLS,0,0,0,0
COMPANIA BAW,7707196390429,SILIMARINA X 30 CAPS,0,0,0,0
COMPANIA BAW,7707196390115,VAES 20 MG X 30 GRAG,0,0,"29,600",0
CONGRUPO,034000134106,HERSHEY KISSES MILK CHOCOLATE *150,0,0,"26,200",0
CONGRUPO,7501006559002,PALOMITAS DE MAIZ ACT II NATURAL *,0,0,"4,200",0
CONGRUPO,7891010040512,SPLENDA * 100 TAB,0,0,"14,500",0
CONGRUPO,7501007531090,SPLENDA *25 SOBRES,0,0,"10,000",0
CONGRUPO,722776020012,SPLENDA *50 S/S,0,0,"14,000",0
CONGRUPO,722776210529,SPLENDA GRANULADO X 275 GRS,0,0,0,0
CONGRUPO,7501007529936,SPLENDA SOBRES UNDAD,0,0,"1,600",0
CONGRUPO,722776020029,SPLENDA X 120 S/S,0,0,"33,000",0
CONGRUPO,722776200629,SPLENDA X 200 S/S,0,0,"36,400",0
CONGRUPO,0722776001110,SPLENDA X 300 TAB,0,0,"17,800",0
CONVATEC,768455132089,AQUACEL AG + EXTRA 15 CM / 15 CM *,0,0,"199,000",0
CONVATEC,768455124299,AQUACEL AG SURGICAL 9 CM X 25 CM *,0,0,"195,700",0
CONVATEC,768455107223,",76AQUACEL APOSITO HYDROFIBRA 15 X 15",0,0,"375,000",0
CONVATEC,768455127405,AQUACEL EXTRA AG APOSITO 10 CM *,100,0,"65,000",0
CONVATEC,768455140534,AQUACEL FOAM PRO 20 CM * 16.9 CM *,0,0,"679,500",0
CONVATEC,768455132027,AQUACEL PARCHE EXTRA AG+ 10CMX10CM,0,0,"58,200",0
CONVATEC,768455064793,BARRERA OSTOMIA FLEXIBLE 70 MM X 5,0,0,"252,000",0
CONVATEC,4987715092932,BOLSA DRENABLE COLOSTOMIA 57 MM *,10,0,"217,400",0
CONVATEC,4987715092963,BOLSA DRENABLE COLOSTOMIA 70 MM *,10,0,"225,000",0
CONVATEC,768455106929,DUODERM EXTRA THIN (15X15) *10 UND,0,0,"380,000",0
CONVATEC,768455107896,SAF GEL * 85 GR,0,0,"96,400",0
CORPAUL ,7705366103251,CIPROFLOXACINA 200MG/100ML CJA * 1,0,0,"5,500",0
CORPAUL ,7705366202077,CIPROFLOXACINO 100 MG X 5 AMP,0,0,"20,000",0
CORPAUL ,47705366202075,CIPROFLOXACINO 100MG/10ML CJA * 20,0,0,"120,000",0
CORPAUL ,7705366103022,CLORURO DE SODIO 9% * 100 ML,0,0,"4,000",0
CORPAUL ,7705366100014,CLORURO DE SODIO S.S. 9% * 500 ML,0,0,"5,300",0
CORPAUL ,7705366903028,CLORURO DE SODIO S.S. 9% *500 ML,0,0,"5,300",0
CORPAUL ,7705366100052,DEXTROSA 5% S.S X 500 ML B/SA,0,0,"5,300",0
CORPAUL ,7705366908054,FAXOV (LEVOFLOXACINA) SOLUCION 500,0,0,"42,500",0
CORPAUL ,7707207270979,GLICINA 1.5% X 3000 ML,0,0,"21,800",0
CORPAUL ,7861009809321,LACTATO DE RINGER X 500 ML,0,0,"4,400",0
CORPAUL ,7707207270023,SUERO FISIOLOGICO 0.9% * 1000 ML,0,0,"9,700",0
COSMETICOS S,7703378009592,LABIAL HUMECTANTE SAMY # 033,0,0,"6,500",0
COSMETICOS S,7703378007482,ACEITE HUMECTANTE DE CUTICULA * 60,0,0,"7,500",0
COSMETICOS S,7703378003323,AGUA MICELAR DESMAQUILLANTE 125 ML,0,0,"10,500",0
COSMETICOS S,7703378005518,LABIAL HUMECTANTE SAMY #,0010,0,"6,500",0
COSMETICOS S,7703378005594,LABIAL HUMECTANTE SAMY #,0150,0,"6,500",0
COSMETICOS S,7703378005631,LABIAL HUMECTANTE SAMY #,0270,0,"6,500",0
COSMETICOS S,7703378009578,LABIAL HUMECTANTE SAMY #,0320,0,"6,500",0
COSMETICOS S,7703378009585,LABIAL HUMECTANTE SAMY #,0330,0,"6,500",0
COSMETICOS S,7703378005716,LABIAL HUMECTANTE SAMY #,0500,0,"6,500",0
COSMETICOS S,7703378005723,LABIAL HUMECTANTE SAMY #,0550,0,"6,500",0
COSMETICOS S,7703378005860,LABIAL HUMECTANTE SAMY #,1450,0,"6,500",0
COSMETICOS S,7703378005624,LABIAL HUMECTANTE SAMY #,180,0,"6,500",0
COSMETICOS S,7703378006041,LABIAL HUMECTANTE SAMY #,2030,0,"6,500",0
COSMETICOS S,7703378009936,LABIAL HUMECTANTE SAMY #,2140,0,"6,500",0
COSMETICOS S,7703378009967,LABIAL HUMECTANTE SAMY #,2170,0,"6,500",0
COSMETICOS S,7703378009974,LABIAL HUMECTANTE SAMY #,2180,0,"6,500",0
COSMETICOS S,7703378009998,LABIAL HUMECTANTE SAMY #,2200,0,"6,500",0
COSMETICOS S,7703378010031,LABIAL HUMECTANTE SAMY #,2240,0,"6,500",0
COSMETICOS S,7703378010055,LABIAL HUMECTANTE SAMY #,2260,0,"6,500",0
COSMETICOS S,7703378010062,LABIAL HUMECTANTE SAMY #,2270,0,"6,500",0
COSMETICOS S,7703378011465,LABIAL HUMECTANTE SAMY #,2400,0,"6,500",0
COSMETICOS S,7703378011496,LABIAL HUMECTANTE SAMY #,2430,0,"6,500",0
COSMETICOS S,7703378020252,LABIAL HUMECTANTE SAMY #,2840,0,"6,500",0
COSMETICOS S,7703378005754,LABIAL HUMECTANTE SAMY #,760,0,"6,500",0
COSMETICOS S,7703378002234,MAQUILLAJE HIDRATANTE BASE LIQUIDA,0,0,"14,500",0
COSMETICOS S,7703378002241,MAQUILLAJE HIDRATANTE BASE LIQUIDA,0,0,"14,500",0
COSMETICOS S,7703378002258,MAQUILLAJE HIDRATANTE BASE LIQUIDA,0,0,"14,500",0
COSMETICOS S,7703378002227,MAQUILLAJE HIDRATANTE BASE LIQUIDA,0,0,"14,500",0
COSMETICOS S,7703378004085,PESTAÃ‘INA MASCARA 3D CAFE #,020,0,"8,700",0
COSMETICOS S,7703378004108,PESTAÃ‘INA MASCARA 3D NEGRA #,040,0,"9,500",0
COSMETICOS S,7703378004092,PESTAÃ‘INA MASCARA 3D TRANSPARENTE,0,0,"8,700",0
COSMETICOS S,7703378002159,POLVO COMPACTO SIN ESPEJO BEIGE #,00,0,"11,500",0
COSMETICOS S,7703378004368,POLVO COMPACTO SIN ESPEJO CANELA #,0,0,"11,500",0
COSMETICOS S,7703378012295,POLVO COMPACTO SIN ESPEJO EBANO #,00,0,"11,500",0
COSMETICOS S,7703378004382,POLVO COMPACTO SIN ESPEJO MOKA #,080,0,"11,500",0
COSMETICOS S,7703378002166,POLVO COMPACTO SIN ESPEJO SAMY #,030,0,"11,500",0
COSMETICOS S,7703378004344,POLVO COMPACTO SIN ESPEJO SAMY #,040,0,"11,500",0
COSMETICOS S,7703378004351,POLVO COMPACTO SIN ESPEJO SAMY #,050,0,"11,500",0
COSMETICOS S,7703378012301,POLVO COMPACTO SIN ESPEJO SAMY #,100,0,"11,500",0
COSMETICOS S,7703378008458,RUBOR INDIVIDUAL SIN ESPEJO GOLDEN,0,0,"8,500",0
COSMETICOS S,7703378006737,RUBOR INDIVIDUAL SIN ESPEJO LADY #,0,0,"8,500",0
COSMETICOS S,7703378006751,RUBOR INDIVIDUAL SIN ESPEJO ROSA #,0,0,"8,500",0
COSMETICOS S,7703378006720,RUBOR INDIVIDUAL SIN ESPEJO SALMON,0,0,"8,500",0
COSMETICOS S,7703378006690,RUBOR INDIVIDUAL SIN ESPEJO TIERRA,0,0,"8,500",0
COSMETICOS S,7703378006706,RUBOR INDIVIDUAL SIN ESPEJO VANITY,0,0,"8,500",0
COSMETICOS S,7703378004917,SOMBRA COMPACTA INDIVIDUAL SAMY #,00,0,"8,100",0
COSMETICOS S,7703378004931,SOMBRA COMPACTA INDIVIDUAL SAMY #,00,0,"8,100",0
COSMETICOS S,7703378004955,SOMBRA COMPACTA INDIVIDUAL SAMY #,00,0,"8,100",0
COSMETICOS S,7703378004962,SOMBRA COMPACTA INDIVIDUAL SAMY #,00,0,"8,100",0
COSMETICOS S,7703378004993,SOMBRA COMPACTA INDIVIDUAL SAMY #,10,0,"8,100",0
COSMETICOS S,7703378005013,SOMBRA COMPACTA INDIVIDUAL SAMY #,10,0,"8,100",0
COSMETICOS S,7703378006317,SOMBRA COMPACTA INDIVIDUAL SAMY #,20,0,"8,100",0
COSMETICOS S,7703378007185,SOMBRA COMPACTA INDIVIDUAL SAMY #,20,0,"8,100",0
COSMETICOS S,7703378009349,SOMBRA COMPACTA INDIVIDUAL SAMY #,20,0,"8,100",0
COSMETICOS S,7703378009356,SOMBRA COMPACTA INDIVIDUAL SAMY #,20,0,"8,100",0
COSMETICOS S,7703378011298,SOMBRA COMPACTA INDIVIDUAL SAMY #,30,0,"8,100",0
COSMETICOS S,7703378011311,SOMBRA COMPACTA INDIVIDUAL SAMY #,30,0,"8,100",0
COSMETICOS S,7703378011328,SOMBRA COMPACTA INDIVIDUAL SAMY #,30,0,"8,100",0
COSMETICOS S,7703378011342,SOMBRA COMPACTA INDIVIDUAL SAMY #,40,0,"8,100",0
COSMETICOS S,7703378011366,SOMBRA COMPACTA INDIVIDUAL SAMY #,40,0,"8,100",0
COSMETICOS S,7703378011373,SOMBRA COMPACTA INDIVIDUAL SAMY #,40,0,"8,100",0
COSMETICOS S,7703378011618,SOMBRA COMPACTA INDIVIDUAL SAMY #,50,0,"8,100",0
COSMETICOS S,7703378011632,SOMBRA COMPACTA INDIVIDUAL SAMY #,50,0,"8,100",0
COSMETICOS S,7703378011649,SOMBRA COMPACTA INDIVIDUAL SAMY #,50,0,"8,100",0
COSMETICOS S,7703378011663,SOMBRA COMPACTA INDIVIDUAL SAMY #,50,0,"8,100",0
COSMETICOS S,7703378011670,SOMBRA COMPACTA INDIVIDUAL SAMY #,50,0,"8,100",0
COSMETICOS S,7703378012189,SOMBRA COMPACTA INDIVIDUAL SAMY #,60,0,"8,100",0
COSMETICOS S,7703378011656,SOMBRA COMPACTA INDIVIDUAL SEPIA #,0,0,"8,100",0
COSMETICOS S,7703378311626,SOMBRA COMPACTA TRÃO ROSE CHERI #,0,0,"10,200",0
CREACION DE ,7709951595650,FIBOBELL PSYLLIUM,0,0,"44,700",0
CREACION DE ,7709990568936,GOMAS DE GELATINA GOMMI,0,0,"44,000",0
CREACION DE ,7500435247900,PANTENE TONICO CAPILAR ANTICAIDA *,0,0,"46,600",0
CREACION DE ,1090531686,PRUEBA DE CREACION,0,0,0,0
CREACION DE ,11022418,PRUEBA DE CREACION,0,0,0,0
CREACION DE ,110224181515,PRUEBA DE CREACION,0,0,0,0
CREACION DE ,151511515,PRUEBA DE CREACION,0,0,"2,000",0
CREACION DE ,0614143432842,SYNDENT AC PULIZIA PIELES GRASAS *,0,0,"82,400",0
D Y D S A S,7707066098530,ANTIEMBOLICA AL MUSLO TALLA M,0,0,"57,000",0
D Y D S A S,7707315140041,BASTON 4 PUNTOS LORD,0,0,0,0
D Y D S A S,20090009,CABESTRILLO DE DRIL,0,0,"16,200",0
D Y D S A S,7707315140096,CAMINADOR CON RUEDAS LORD,0,0,0,0
D Y D S A S,7592904000048,COMPRESA FRIO PAK,0,0,0,0
D Y D S A S,7703035016529,FAJA ABDOMINAL 12 S/M ACTIVE,0,0,0,0
D Y D S A S,7707315140140,LINTERNA DINAMO,0,0,"11,900",0
D Y D S A S,7707315140218,MARTILLO DE REFLEJOS,0,0,"19,000",0
D Y D S A S,7707066055038,MEDIA M55 BEIGE MUJER TALLA M,0,0,"53,000",0
D Y D S A S,7707066066133,MEDIA M66 NEGRA HOMBRE TALLA M,0,0,0,0
D Y D S A S,7707066093054,MEDIA M93 BEIGE MUJER TALLA L,0,0,0,0
D Y D S A S,7707066093030,MEDIA M93 BEIGE MUJER TALLA M,0,0,0,0
D Y D S A S,7707066066164,MEDIAS M66 NEGRA HOMBRE TALLA XL,660,0,0,0
D Y D S A S,7707315140126,MULETAS TALLA L,0,0,"63,000",0
D Y D S A S,7707315140133,MULETAS TALLA M,0,0,"102,300",0
D Y D S A S,77097771262008,NEBULIZADOR PORTATIL,0,0,"198,000",0
D Y D S A S,770731514195,TENSIOMETRO+FONENDO KIT,0,0,"110,350",0
D Y D S A S,7707291346154,TOBILLERA ORTOPEDICA ABIERTA TALLA,0,0,"26,000",0
DAI DE COLOM,793573829740,GLUCOMETRO FASTCHEK,0,0,0,0
DANONE BABY ,7795323772330,",7NUTRILON 1 X 400 GRS",0,0,0,0
DANONE BABY ,7795323001201,NUTRILON 1 X 800 GR,0,0,0,0
DANONE BABY ,7795323772347,NUTRILON 1 X 900 GRS,0,0,0,0
DANONE BABY ,7795323772354,",7NUTRILON 2 X 400 GRS",0,0,"47,500",0
DANONE BABY ,7795323001225,NUTRILON 2 X 800 GR,0,0,0,0
DANONE BABY ,7795323772361,NUTRILON 2 X 900 GRS,0,0,0,0
DANONE BABY ,7795323772392,",7NUTRILON 3 X 400 GRS",0,0,0,0
DANONE BABY ,7795323001249,NUTRILON 3 X 800 GR,0,0,"75,500",0
DANONE BABY ,7795323772408,NUTRILON 3 X 900 GRS,0,0,0,0
DANONE BABY ,7795323772804,",7NUTRILON AR X 400 GRS",0,0,0,0
DANONE BABY ,7795323001522,NUTRILON AR X 800 GR,0,0,0,0
DANONE BABY ,8712400806107,NUTRILON CONFORT X 400 GRS,0,0,0,0
DANONE BABY ,8712400806282,NUTRILON PEPTI JUNIOR *400 GR,0,0,"174,300",0
DANONE BABY ,8712400806299,NUTRILON PREMATURE X 400 GRS,0,0,0,0
DEKAMED ,7707232930107,LITRISON CAP. CJA *,120,0,"22,000",0
DEKAMED ,011506029549073,SCAR MD GEL * 6 GR,0,0,"168,500",0
DELFOS LABOR,7708588445390,BIOTUSS * 120 ML,0,0,"45,000",0
DELFOS LABOR,7709410101088,DOLOS * 30 CAP,0,0,"65,200",0
DELFOS LABOR,7709410201023,HERBADEL * 240 ML,0,0,"63,100",0
DELFOS LABOR,7709410102092,PROSTAGUD * 60 CAP,0,0,"58,000",0
DELTA COMPAN,7622210966636,BUBBALLO MORA AZUL * 5.5 GR CJA *,70,0,"7,000",0
DELTA COMPAN,7506105616090,TRI EVUP X12 FRUTAS,0,0,"29,300",0
DELTA COMPAN,7702133452222,TRIDENT MORA AZUL DISP X 10 UND X,60,0,0,0
DELTA COMPAN,78930377,TRIDENT SENSATIONS FRESA-NARANJA X,0,0,0,0
DELTA COMPAN,78930384,TRIDENT SENSATIONS MANZANA-PINA X,70,0,0,0
DELTA COMPAN,762210454638,TRIDENT TOTAL FRESA,0,0,"1,300",0
DELTA COMPAN,7622210454577,TRIDENT TOTAL MENTA,0,0,"1,600",0
DENTAID ,8427426064119,CREMA DENTAL VITIS CPC PROTECT *,100,0,"24,900",0
DENTAID ,8427426040656,PERIO AID INTENSIVE CARE ENJ BUCAL,0,0,"29,000",0
DENTAID ,8427426040625,PERIO-AID ACTIVE CONTROL ENJ BUCAL,0,0,"27,400",0
DENTAID ,8427426047174,VITIS CEPILLO DENTAL JUNIOR + GEL,10,0,"18,800",0
DERMACARE,7707163011067,BIODORANT WOMEN X 60 GRS,0,0,0,0
DERMACARE,7707163011050,DELETE GEL CONTORNO OJOS X 15 GR,0,0,0,0
DERMACARE,7707163011098,EMUSYD CREMA COLAPSIBLE X  60 GRS,0,0,0,0
DERMACARE,7707355050102,LABIE BARRA X 5 GRS,0,0,"19,700",0
DERMACARE,7707163010596,LENICORT EMULSION X 60 ML,0,0,0,0
DERMAPLUS,7707163010756,MUPIRAL UNG *15 GR,0,0,"68,600",0
DERMOETIKA S,7709990771787,ATOLYS X 200 ML,0,0,"82,600",0
DERMOETIKA S,7709990474312,PSORILYS X 200 ML,0,0,0,0
DERMOETIKA S,7709990313291,XEROLYS  + X 200 ML,0,0,"89,600",0
DESCARPARCK,7707300930473,GUANTE QUIR ESTERIL TALLA 7,0,0,"1,600",0
DESCARPARCK,7898283816318,GUANTE QUIRURGICO TALLA,60,0,"1,600",0
DESKNZA ,7707335460044,COJIN CERVICAL NORMAL,0,0,"33,000",0
DISANFER,7707145302589,ACEITE CORPORAL NARANJA + VITAMINA,0,0,"8,000",0
DISANFER,7707145301230,ACIDO BORICO X 100G,0,0,"2,900",0
DISANFER,7707145300592,ACIDO BORICO X 60 GR,0,0,"3,000",0
DISANFER,7707271201251,ALCANFOR *40 TAB,0,0,"40,336",0
DISANFER,7700516170408,ALUMBRE X 20 GR,0,0,800,0
DISANFER,7707145300950,ARNICA LOCION *30 ML,0,0,"4,500",0
DISANFER,7707145300684,AZUFRE X 500 GR,0,0,"4,400",0
DISANFER,7707145302763,CALENDULA X 60 GR,0,0,"10,000",0
DISANFER,7707274910662,GLICERINA * 30 ML,0,0,"2,300",0
DISANFER,7707145300837,HOJAS DE SEN X 5 GR,0,0,400,0
DISANFER,7707145302824,PIEDRA POMEZ NATURAL,0,0,"2,900",0
DISANFER,7707145300943,SAL DE NITRO X 10 GR,0,0,300,0
DISANFER,7707145301056,SAL MARINA *100 GR,0,0,"2,500",0
DISANFER,7707145301605,SAL VIGUA X 15 GR,0,0,300,0
DISANFER,7707145301087,VASELINA * 400 GR,0,0,"18,600",0
DISCOB NORTE,7622210589194,BUBBALOO MEGA *39 GR,0,0,"3,900",0
DISCOB NORTE,7622210429377,CHICLETS ADAMS MENTA X 2 TB CJA *,10,0,"30,000",0
DISCOB NORTE,7702133000027,CHICLETS ADAMS X 2 SURT DISP X 100,0,0,"20,600",0
DISCOB NORTE,7622210429209,CHICLETS MENTA,0,0,"1,800",0
DISCOB NORTE,7702011064080,CHOCOMASMELOS,0,0,"1,100",0
DISCOB NORTE,75019907,CLORETS GOMA DE MASCAR MENTA * 2.8,0,0,200,0
DISCOB NORTE,7622210653246,CLORETS MINT PASTILLAS S/AZUCAR *,50,0,"3,200",0
DISCOB NORTE,7750168214292,GALLETA CHIP AHOY,0,0,"1,900",0
DISCOB NORTE,7622201798727,GALLETA CLUB SOCIAL INTEGRAL ARROZ,0,0,"1,100",0
DISCOB NORTE,7622300758943,GALLETA CLUB SOCIAL MANTEQUILLA *,20,0,"1,400",0
DISCOB NORTE,7622210847935,GALLETA CLUB SOCIAL MULTICEREAL *,20,0,"1,400",0
DISCOB NORTE,7622300116521,GALLETA RITZ SALADITAS *22.4 GR,0,0,800,0
DISCOB NORTE,7622300986438,HALLS MINI CEREZA,0,0,"1,600",0
DISCOB NORTE,7622300986582,HALLS MINI EXTRA,0,0,"1,500",0
DISCOB NORTE,7622300986421,HALLS MINI SANDIA,0,0,"1,500",0
DISCOB NORTE,7622210699565,HALLS TROPICAL,0,0,"1,000",0
DISCOB NORTE,7622210626714,HALLS YERBABUENA LYPTUS BOLSA *,1000,0,"21,100",0
DISCOB NORTE,012546615563,TRIDENT BUBLEGUM,0,0,0,0
DISCOB NORTE,7702133265952,TRIDENT CANELA,0,0,0,0
DISCOB NORTE,7622210698117,TRIDENT CITRUS MIX,0,0,"2,500",0
DISCOB NORTE,7622210454638,TRIDENT FRESA,0,0,"1,600",0
DISCOB NORTE,7622201776602,TRIDENT FRESA-FRUTILLA * 8.5 GR,0,0,"1,600",0
DISCOB NORTE,7702133458170,TRIDENT FRESH,0,0,300,0
DISCOB NORTE,7702133456572,TRIDENT FRESH HERBAL S/AZUCAR * 60,0,0,"12,700",0
DISCOB NORTE,7702133867118,TRIDENT FRESH INTENS,0,0,500,0
DISCOB NORTE,7622300991883,TRIDENT FRUIT MIX,0,0,"1,600",0
DISCOB NORTE,7622210454591,TRIDENT MENTA,0,0,"1,700",0
DISCOB NORTE,7702133452162,TRIDENT MENTA,0,0,600,0
DISCOB NORTE,7702133265891,TRIDENT MENTA 8 5G,0,0,0,0
DISCOB NORTE,7702133454844,TRIDENT MENTA SUAVE PAGUE60LLEVE70,0,0,"14,700",0
DISCOB NORTE,7622210707369,TRIDENT ORANGE,0,0,"1,000",0
DISCOB NORTE,7702133462771,TRIDENT RED FRUITS,0,0,300,0
DISCOB NORTE,7506105611668,TRIDENT SPLASH FRESA CON LIMON X,100,0,0,0
DISCOB NORTE,7622210454713,TRIDENT TOTAL FRESA,0,0,"2,200",0
DISCOB NORTE,7702133456671,TRIDENT TOTAL MORA AZUL X 12 UND X,0,0,0,0
DISCOB NORTE,7702133456688,TRIDENT TOTAL MORA AZUL X 16 UND X,0,0,0,0
DISCOB NORTE,7506105604448,"TRIDENT TWIST MENTA-VAINILLA *17,1",0,0,"3,600",0
DISCOB NORTE,7702133263040,TRIDENT WHITE MENTA,0,0,0,0
DISCOB NORTE,7622210454614,TRIDENT YERBABUENA,0,0,"1,800",0
DISLICORES,7794450025029,CATENA CHARDONNAY VINO TINTO * 750,0,0,"132,200",0
DISLICORES,088586601835,CHATEAU ST MICHELLE CABERNET * 750,0,0,"131,900",0
DISLICORES,3500610085338,JP CHENET ICE EDITION BOTELLA *750,0,0,"72,000",0
DISLICORES,3500610093708,JP CHENET ICE EDITION ROSE BOTELLA,0,0,"72,000",0
DISLICORES,7804449113009,MORANDE GRAN RESERVA CHARDONAY *,750,0,0,0
DISLICORES,7804449001597,MORANDE PIONERO CABERNET SAUVIGNON,0,0,0,0
DISLICORES,7804449104014,MORANDE PIONERO CABERNET SAUVIGNON,0,0,0,0
DISLICORES,80176800,NUTELLA *750 GR,0,0,"39,400",0
DISLICORES,8002270666834,SAN PELLEGRINO ARANCIATA 330 ML *,40,0,"47,900",0
DISLICORES,8002270036897,SAN PELLEGRINO CLEMENTINA 330 ML *,0,0,"47,900",0
DISLICORES,8002270686818,SAN PELLEGRINO LIMONATA 330 ML * 4,0,0,"47,900",0
DISLICORES,8002270726811,SAN PELLEGRINO MELOGRANO Y ARANCIA,0,0,"47,900",0
DISLICORES,8412531999890,SEÃ‘ORÃ­O DE GUADIANEJA CHARDONNAY,0,0,0,0
DISLICORES,7804300010775,VINO GATO NEGRO SAUVIGNON BLANCO *,0,0,"54,500",0
DISLICORES,3500610096662,VINO JP CHENET ICE EDITION BOTELLA,0,0,"22,000",0
DISNALPROT,7707265260394,LIKE-COLOR EST CASTANO TABACO,430,0,0,0
DISPROVEN,7702313646038,APLICADORES DE SOMBRAS ZAFHIRSX 3,0,0,0,0
DISPROVEN,7702313832035,ENCRESPADOR DE PESTANAS ZAFHIRS,0,0,"3,000",0
DISPROVEN,7702313544334,LIMA METALICA PICO LORO ZAFHIR * 1,0,0,"3,000",0
DISPROVEN,7702313500330,PINZA DEPILADORA,0,0,0,0
DISTRI LIDER,7702348712081,BUTIFARRA CARIBE CUNIT X 500 GRS,0,0,0,0
DISTRI LIDER,7701101280171,JAMON ESTANDAR PIETRAN X 250 GRS,0,0,0,0
DISTRI LIDER,7702398013978,MORTADELA RICA DUO X 600 GRS  RICA,0,0,0,0
DISTRI LIDER,7701101250396,SALCHICHON TRADICIONAL X 225  GRS,0,0,0,0
DISTRIBUCION,7702406001188,AZUCAR MANUELITA  ALTA PUREZA *,5000,0,"3,500",0
DISTRIBUCION,7702137622980,CLOROX X 2000 CC,0,0,0,0
DISTRIBUCION,7709990424676,ACISKIN ESPUMA INTIMA FEMENINA *,160,0,"55,100",0
DISTRIBUCION,7707281150068,ALERGEX JB * 60 ML,0,0,"56,700",0
DISTRIBUCION,17707284960128,ALKUR SACHET CJA *,300,0,"76,000",0
DISTRIBUCION,7707188720098,BEIRA SUPLEMENTO DIETARIO SOL *,3600,0,"75,000",0
DISTRIBUCION,7707188720302,BENFER ANTIOXIDANTE UVA ROJA * 400,0,0,"62,000",0
DISTRIBUCION,7709990544619,CALCIUN-T ENDULZADO CON STEVIA *,500,0,"183,000",0
DISTRIBUCION,4051452730843,DERMIFANT CREMA CONTORNO DE OJOS *,0,0,"98,300",0
DISTRIBUCION,4051452730850,DERMIFANT CREMA FACIAL UREA 5% *,500,0,"59,200",0
DISTRIBUCION,4051452731352,DERMIFANT LIPOLOTIO CORPORAL UREA,10,0,"64,600",0
DISTRIBUCION,4051452731192,DERMIFANT LIPOLOTIO CORPORAL UREA,50,0,"59,200",0
DISTRIBUCION,4051452730737,DERMIFANT LOCION CORPORAL INFANTIL,0,0,"53,100",0
DISTRIBUCION,4051452730133,DERMIFANT SHAMPOO SUAVE ADULTO *,200,0,"50,600",0
DISTRIBUCION,7707188720463,ENTEROMEB FCO* 60 ML,0,0,"35,000",0
DISTRIBUCION,7707188720210,KEMI CALCIUM D SUPLEMENTO DIETARIO,0,0,"90,000",0
DISTRIBUCION,7709990260717,LIFE SURE-T ENDULZADO CON STEVIA *,0,0,"82,200",0
DISTRIBUCION,17707284960227,LUXFEM SACHET CJA * 28,0,0,"89,300",0
DISTRIBUCION,7707188720104,MIXAGOGO JB * 120 ML,0,0,"36,000",0
DISTRIBUCION,7709099257298,MYOESSENS SUPLEMENTO DIETARIO * 60,0,0,"90,000",0
DISTRIBUCION,7702356215245,NIMEDON 100 MG,0,0,"76,000",0
DISTRIBUCION,7709740450399,NOKTOS JBE * 120 ML,0,0,"20,000",0
DISTRIBUCION,7707188720142,PLASUNU SUPLEMENTO DIETARIO CJA *,10,0,"45,000",0
DISTRIBUCION,7707284960176,REDGRAS PARCHE,0,0,"12,500",0
DISTRIBUCION,7707344270092,RESPIMAR JB * 60 ML,0,0,"77,000",0
DISTRIBUCION,7707348530031,SKINDERM CREMA X 20 GRS,0,0,"11,500",0
DISTRIBUCION,17707284960166,ZINCAL SACHET CJA *,300,0,"89,300",0
DISTRIBUCION,17707284960234,ZIVAL SACHET CJA *,150,0,"76,000",0
DISTRIBUIDOR,7707234231608,AMIODARONA CLORHIDRATO 150MG/3ML *,0,0,"300,400",0
DISTRIBUIDOR,7707234231035,DOBUTAMINA 250 MG AMP X 20 ML,0,0,"10,300",0
DISTRIBUIDOR,7707234231172,NITROGLICERINA 50 MG * 10 ML,0,0,"13,000",0
DISTRIHOSPIT,7707020410057,AGUA DESTILADA ESTERIL X 5 ML X,1000,0,"68,750",0
DISTRIHOSPIT,8906006570962,MEROPENEM 500 MG AMP,0,0,"29,500",0
DISTRIMED DE,7861078301931,MATERNITY MAXI X 10 UND,0,0,"7,900",0
DISTRIPHARGO,7707235580019,NERVI-SERUM VITAMINADO 2ML CJA *,100,0,"30,000",0
DROFARMA LIM,7703166002446,ACEITE DE MANZANILLA X 20 ML,0,0,0,0
DROFARMA LIM,7703166002576,YODO BLANCO X 20 ML,0,0,0,0
ECAR ,7702184640029,ACIDFRUT 500 MG * 75 TAB,0,0,"20,000",0
ECAR ,7702184011911,ACIDO FOLICO 1 MG * 60 TAB,0,0,"10,800",0
ECAR ,7702184530054,ATLETICS LINIMENTO DEPORTIVO  *,2000,0,"40,000",0
ECAR ,7702184010495,ATORVASTATINA 20 MG * 10 TAB,0,0,"7,500",0
ECAR ,7702184030035,ATROPINA 1 MG * 25 AMP,0,0,"42,500",0
ECAR ,7702184690017,BACTRODERM GEL ANTIBACTERIAL * 490,0,0,"18,900",0
ECAR ,7702184570012,BIOSYLUM * 10 S/S,0,0,"46,200",0
ECAR ,7702184020098,COMPLEJO B * 120 ML,0,0,"17,300",0
ECAR ,7702184010082,COMPLEJO B * 250 GRAG,0,0,"49,000",0
ECAR ,7702184620014,LUDIKA 20 MG * 1 TAB,0,0,"24,800",0
ECAR ,7702184620021,LUDIKA 20 MG * 4 TAB,0,0,"78,400",0
ECAR ,7702184620045,LUDIKA 5 MG * 30 TAB,0,0,"86,500",0
ECAR ,7702184620229,LUDIKA GEL LUBRICANTE * 15 S/S,0,0,"34,700",0
ECAR ,7702184510025,MENOCAL * 100 S/S,0,0,"22,500",0
ECAR ,7702184500088,MENOCAL * 100 TAB,0,0,"16,600",0
ECAR ,7702184510032,MENOCAL * 200 S/S,0,0,"31,500",0
ECAR ,7702184500392,MENOCAL MENOS CALORIAS 2 UND * 100,0,0,"15,100",0
ECAR ,7702184500026,MENOCAL POLVO * 50 S/S,0,0,"15,500",0
ECAR ,7702184020616,METRONIDAZOL 250 MG * 120 ML,0,0,"12,800",0
ECAR ,7702184560143,PASEDOL JBE * 60 ML,0,0,"23,400",0
ECAR ,7702184020159,SALBUTAMOL * 120 ML,0,0,"5,700",0
ECAR ,7703451780608,SOREL PLUS SUN PROTECTOR SOLAR GEL,0,0,"69,900",0
ECAR ,7702184110430,SULFATO FERROSO 200MG TAB CJA *,2500,0,"12,700",0
ECAR ,7702184020173,TRIMETOPRIM SULFA 40 MG + 200 MG *,0,0,"9,300",0
ECAR ,7702184020197,TRIMETOPRIM SULFA SUSP 40/200 MG *,0,0,"10,000",0
ECAR ,77014290,VITAMINA B12 * 1 ML,0,0,"4,200",0
ECO DISTRIBU,7708152336048,BOLSA ECO FARMANORTE,0,0,"3,500",0
EDGEWELL,079656552072,BANANA BOAT AQUA PROTECT FPS 50 *,10,0,"48,500",0
EDGEWELL,079656540574,BANANA BOAT AQUA PROTECT FPS 50 *,10,0,"45,000",0
EDGEWELL,079656500882,BANANA BOAT BRONCEADOR ACEITE FPS,80,0,"37,900",0
EDGEWELL,79656500257,BANANA BOAT BRONCEADOR OIL SPF 4 *,0,0,"38,500",0
EDGEWELL,79656500882,BANANA BOAT BRONCEADOR OIL SPF 8 *,0,0,"37,600",0
EDGEWELL,79656120257,BANANA BOAT PROTECTOR SOLAR FPS 50,0,0,"21,800",0
EDGEWELL,079656529296,BANANA BOAT PROTECTOR SOLAR SPF 50,0,0,"53,000",0
EDGEWELL,79656119527,BANANA BOAT PROTECTOR SOLAR SPF 50,0,0,"19,700",0
EDGEWELL,79656525250,BANANA BOAT PROTECTOR SOLAR SPF 50,0,0,"54,900",0
EDGEWELL,7703066685152,BANANA BOAT ULTRA FPS 100 * 118 ML,0,0,"44,900",0
EDGEWELL,7703066686548,BANANA BOAT ULTRA FPS 100 * 118 ML,0,0,"44,900",0
EL MANA ,7707237630248,BRONQUISAN SALVIA BUCOFARINGEO FCO,0,0,"18,000",0
EL MANA ,7707237630064,BRONQUISAN TB MASTICABLES SOBRE *,40,0,"1,900",0
EL MANA ,7707237630156,RHEUMADAUL *60GR,0,0,"20,200",0
ELI LILLY IN,7795990001795,EFFIENT 5 MG X 14 TABLS,0,0,0,0
ELI LILLY IN,7795990000958,HUMALOG 100 MG X 10 ML,0,0,"76,500",0
ELI LILLY IN,7703991449119,HUMALOG KWIKOEN INSULINA LISPRO,1000,0,"129,000",0
ELI LILLY IN,7703991000068,HUMALOG X 5 CARTUCHOS,0,0,"138,300",0
ELI LILLY IN,7501082208337,HUMULIN 70/30 * 10 ML,0,0,"84,800",0
ELI LILLY IN,7501082208153,HUMULIN N * 10 ML,0,0,"86,500",0
ELI LILLY IN,7795990001016,HUMULIN NPH X 5 CARTUCHOS,0,0,"135,400",0
ELI LILLY IN,7501082208047,HUMULIN R * 10 ML,0,0,"86,500",0
ELI LILLY IN,7501082212105,PROZAC 20 MG *28 CAP,0,0,"370,000",0
ELI LILLY IN,7795990001399,STRATTERA 40 MG X 14 CAPS,0,0,"202,300",0
ELI LILLY IN,7501082242416,STRATTERA 80 MG X 14 CAPS,0,0,"234,600",0
ELI LILLY IN,7703991000020,ZYPREXA ZYDIS 10 MG X 14 TABS,0,0,"435,000",0
ESPECIALIDAD,7707239272675,CROMAX 4% * 5 ML,0,0,"33,500",0
ESPECIALIDAD,7707239275232,DISALOT * 5 ML,0,0,"77,900",0
ESPECIALIDAD,7707239270053,DORTIM GOTAS * 6 ML,0,0,"74,100",0
ESPECIALIDAD,7707239277328,FLOBACT D * 5 ML,0,0,"99,400",0
ESPECIALIDAD,7707239272774,FLUSURE T * 5 ML,0,0,"70,000",0
ESPECIALIDAD,7707239270022,FREEGEN * 15 ML,0,0,"66,000",0
ESPECIALIDAD,7707239270060,FREEGEN GEL * 15 ML,0,0,"84,500",0
ESPECIALIDAD,7707239276291,HIALTEARS * 10 ML,0,0,"48,500",0
ESPECIALIDAD,7707239276215,HIALTEARS * 15 ML,0,0,"74,000",0
ESPECIALIDAD,7707239276284,HIALTEARS * 5 ML,0,0,"26,800",0
ESPECIALIDAD,770239275928,KAIROS PF * 5 ML,0,0,"39,200",0
ESPECIALIDAD,7707239278677,KENALER * 5 ML,0,0,"101,600",0
ESPECIALIDAD,7707239279902,KENALER R * 5 ML,0,0,"95,000",0
ESPECIALIDAD,7707239275706,MACULAREDS SUSP FRUTOS VERDES *,3000,0,0,0
ESPECIALIDAD,7707239275713,MULTIAREDS FRUTOS ROJOS SUSP * 300,0,0,"79,500",0
ESPECIALIDAD,7707239270077,OLODINA GOTAS * 5 ML,0,0,"107,400",0
ESPECIALIDAD,7707239271722,OPHTHABRACIN * 5 ML,0,0,"48,500",0
ESPECIALIDAD,7707239272279,OPHTHABRACIN-D * 5 ML,0,0,"68,900",0
ESPECIALIDAD,7707239275942,OPHTHABRACIN-D UNG OFTALMICO * 3.5,0,0,"92,500",0
ESPECIALIDAD,7707239276277,OPHTHACRIL * 15 ML,0,0,"61,900",0
ESPECIALIDAD,7707239276475,OPHTHAKER * 5 ML,0,0,"61,500",0
ESPECIALIDAD,7707239274075,OPHTHAMOLOL * 5 ML,0,0,0,0
ESPECIALIDAD,7707239276079,OPHTHASONA * 5 ML,0,0,"47,500",0
ESPECIALIDAD,7707239270084,OPTICAM * 5 ML,0,0,"75,700",0
ESPECIALIDAD,7707239270039,PREFOX T * 5 ML,0,0,"78,100",0
ESPECIALIDAD,7707239270206,QUIMOX * 5 ML,0,0,"75,700",0
ESSITY (FAMI,7702026312060,ELIMINADOR DE OLORES BAÃ‘O  FCO *,40,0,"3,400",0
ESSITY (FAMI,7702026310653,ELIMINADOR DE OLORES BAÃ‘O PACIFIC,0,0,"13,900",0
ESSITY (FAMI,7702026342159,FAMILIA HOGAR TOALLAS HUMEDAS * 40,0,0,"8,000",0
ESSITY (FAMI,7702026200213,FAMILIA SERVILLETA ACOLCHAMAX *,1000,0,"4,000",0
ESSITY (FAMI,7702026020163,FAMILIA SERVILLETAS CAFETERIA *,1000,0,"2,200",0
ESSITY (FAMI ,7702026624958,FAMILIA TOALLAS ACOLCHOMAX  3EN1 *,0,0,"15,000",0
ESSITY (FAMI,7702026196271,JABON INTIMO NOSOTRAS PRODEFENSE V,0,0,"17,500",0
ESSITY (FAMI,7702026177485,NOSOTRAS ANTIBACTERIAL PLUS TELA *,0,0,"4,400",0
ESSITY (FAMI,7702026155148,NOSOTRAS BUENAS NOCHES NOCTURNA *,20,0,"24,000",0
ESSITY (FAMI,7702026177812,NOSOTRAS DIARIOS ANTIBACTERIAL *,150,0,"2,000",0
ESSITY (FAMI,7702026178123,NOSOTRAS DIARIOS ESPUMA INTIMA X,140,0,"15,000",0
ESSITY (FAMI,7702026178925,NOSOTRAS DIARIOS LARGOS * 50 UND +,0,0,"11,300",0
ESSITY (FAMI,7702026176945,NOSOTRAS DIARIOS LARGOS C/ALAS *,200,0,"6,000",0
ESSITY (FAMI,7702027444654,NOSOTRAS DIARIOS MULTIESTILO * 150,0,0,"18,900",0
ESSITY (FAMI,7702026181758,NOSOTRAS INVISIBLE CLASICA NATURAL,0,0,"5,200",0
ESSITY (FAMI,7702026190552,NOSOTRAS INVISIBLE ORGANICO *10 +,20,0,"9,900",0
ESSITY (FAMI,7702026179663,NOSOTRAS JABON FRESCURA EXTREMA *,20,0,"24,700",0
ESSITY (FAMI,7702026177119,NOSOTRAS JABON INTIMO HERBAL * 200,0,0,"18,000",0
ESSITY (FAMI,7702026180911,NOSOTRAS JABON INTIMO HERBAL * 200,0,0,"19,700",0
ESSITY (FAMI,7702026176761,NOSOTRAS JABON INTIMO HERBAL SOBRE,0,0,"5,500",0
ESSITY (FAMI,7702026179656,NOSOTRAS JABON INTIMO HERBAL X 200,0,0,"20,000",0
ESSITY (FAMI,7702026184483,NOSOTRAS JABON INTIMO HIDRATANTE-V,0,0,"11,900",0
ESSITY (FAMI,7702026193157,NOSOTRAS JABON INTIMO RELAJANTE *,20,0,"15,900",0
ESSITY (FAMI,7702026193133,NOSOTRAS JABON INTIMO RELAJANTE *,50,0,"11,900",0
ESSITY (FAMI,7702026181789,NOSOTRAS JABON INTIMO SENSITI-V *,10,0,"11,100",0
ESSITY (FAMI,7702026177188,NOSOTRAS JABON INTIMO SENSITI-V *,50,0,"11,900",0
ESSITY (FAMI,7702026177508,NOSOTRAS JABON INTIMO SENSITIVE *,70,0,"4,200",0
ESSITY (FAMI,7702026180492,NOSOTRAS JABON SENSITI-V * 200 ML+,0,0,"18,500",0
ESSITY (FAMI,7702027440182,NOSOTRAS MATERNIDAD X 10 + LACTI X,0,0,"14,900",0
ESSITY (FAMI,7702027417788,NOSOTRAS NATURAL PLUS CANAL GEL +2,0,0,"6,500",0
ESSITY (FAMI,7702026198718,NOSOTRAS NATURAL PLUS CANAL GEL X,10,0,"6,500",0
ESSITY (FAMI,7702027417634,NOSOTRAS NATURAL PLUS CANALGEL *30,0,0,"16,700",0
ESSITY (FAMI,7702026145491,NOSOTRAS TAMPON DIGITAL MINI X 10,0,0,"8,800",0
ESSITY (FAMI,7702027444784,NOSOTRAS TAMPON DIGITAL REGULAR *,10,0,"11,500",0
ESSITY (FAMI,7702027435362,NOSOTRAS TAMPON DIGITAL REGULAR X,30,0,"1,890",0
ESSITY (FAMI,7702027435508,NOSOTRAS TAMPONES CON APLICADOR *,80,0,"15,900",0
ESSITY (FAMI,7702026191108,NOSOTRAS TAMPONES REGULAR ORGANICO,0,0,"15,300",0
ESSITY (FAMI,7702027444838,NOSOTRAS TAMPONES SUPER * 12 UND +,0,0,"12,000",0
ESSITY (FAMI,7702027429415,NOSOTRAS ULTRA INVISIBLE TELA ALAS,0,0,"13,100",0
ESSITY (FAMI,7702027429798,NOSOTRAS ULTRA INVISIBLE X 8 UND +,0,0,"6,900",0
ESSITY (FAMI,7702026328719,PAÃ‘UELOS FAMILIA CUBO 60 HOJAS *,20,0,"13,100",0
ESSITY (FAMI,7702026186029,PAPEL HIG FAMILIA  GRANDE PLUS * 1,0,0,"1,300",0
ESSITY (FAMI,7702026190002,PEQUEÃ‘IN BABY PANTS ET 5 X 30 UND,0,0,"41,900",0
ESSITY (FAMI,7707181150588,PEQUEÃ‘IN EXTRAPROTECCION 3/G * 60,0,0,"47,800",0
ESSITY (FAMI,7707181105915,",7PEQUEÃ‘IN EXTRAPROTECCION ET 1 *",100,0,"6,900",0
ESSITY (FAMI,7702026144333,PEQUEÃ‘IN EXTRAPROTECCION ET 1 X,300,0,"19,500",0
ESSITY (FAMI,7707181151332,PEQUEÃ‘IN EXTRAPROTECCION ET 2  X,10,0,"6,800",0
ESSITY (FAMI,7707181105939,PEQUEÃ‘IN EXTRAPROTECCION ET 2 *,300,0,"22,500",0
ESSITY (FAMI,7707181150717,PEQUEÃ‘IN EXTRAPROTECCION ET 2 *,500,0,"37,500",0
ESSITY (FAMI,7707181105946,PEQUEÃ‘IN EXTRAPROTECCION ET 3  X,10,0,"10,200",0
ESSITY (FAMI,7707181150519,PEQUEÃ‘IN EXTRAPROTECCION ET 3 X,500,0,"44,100",0
ESSITY (FAMI,7707181105984,",7PEQUEÃ‘IN EXTRAPROTECCION ET 5  X",10,0,"11,500",0
ESSITY (FAMI,7707181105991,PEQUEÃ‘IN EXTRAPROTECCION ET 5  X,30,0,"37,000",0
ESSITY (FAMI,7707181150526,PEQUEÃ‘IN EXTRAPROTECCION ETAP 4 X,0,0,"54,600",0
ESSITY (FAMI,7707181159253,PEQUEÃ‘IN EXTRAPROTECCION ETP 2 *,30,0,"21,000",0
ESSITY (FAMI,7707181105960,PEQUEÃ‘IN EXTRAPROTECCION ETP 3 X,30,0,"24,400",0
ESSITY (FAMI,7702026031343,PEQUEÃ‘IN PAÃ‘ITOS HUMEDOS ORIG X,50,0,"8,300",0
ESSITY (FAMI,7702026034153,PEQUEÃ‘IN PAÃ‘OS HUMEDOS ACOLCHADA,0,0,"6,300",0
ESSITY (FAMI,7702026314415,PEQUEÃ‘IN PAÃ‘OS HUMEDOS ALOE * 50,0,0,"10,500",0
ESSITY (FAMI,7702026313814,PEQUEÃ‘IN PAÃ‘OS HUMEDOS ALOE * 70,0,0,"13,500",0
ESSITY (FAMI,7702026313845,PEQUEÃ‘IN PAÃ‘OS HUMEDOS ALOE MEGA,0,0,"16,900",0
ESSITY (FAMI,7702026319533,PEQUEÃ‘IN PAÃ‘OS HUMEDOS NARICITAS,0,0,"4,700",0
ESSITY (FAMI,7702026146603,PEQUEÃ‘IN PREMIUM TOUCH ET 2/M *,400,0,"30,000",0
ESSITY (FAMI,7702026146627,PEQUEÃ‘IN PREMIUM TOUCH ET 3/G *,340,0,"28,900",0
ESSITY (FAMI,7702026034238,PEQUEÃ‘IN TOALLITAS ACOLCHAMAX *,400,0,"10,000",0
ESSITY (FAMI,7702026192655,POMYS AGUA MICELAR DESMAQ PEPINO Y,0,0,"17,500",0
ESSITY (FAMI,7702026321475,POMYS RUEDITAS ALGODON *120 UND P/,0,0,"13,000",0
ESSITY (FAMI,7702026154813,TAMPONES NOSOTROS DIGITAL SUPER *,30,0,"16,800",0
ESSITY (FAMI,7702027472114,TENA FOR MEN PROTECTOR * 8 LLEVE,100,0,"10,000",0
ESSITY (FAMI,7702026181949,TENA PANTS CLASICO M * 16 UND,0,0,"53,600",0
ESSITY (FAMI,7702027478055,TENA SLIP CLASICO (ANTES BASIC) XL,0,0,"4,200",0
ESSITY (FAMI,7702027478611,TENA SLIP ULTRA M * 21 UND,0,0,"82,000",0
ESSITY (FAMI,7706026174637,TENA SLIP ULTRA M *30 UND,0,0,"85,000",0
ESSITY (FAMI,7702026195205,TOALLAS HÃºMEDAS TENA 3 EN 1 X 100,0,0,"39,000",0
ESTELENA SAS,7709990275773,SHANPU HAIR STABIL,0,0,0,0
ESTELENA SAS,7709990275711,TONICO HAIR STABIL,0,0,0,0
ETERNA ,7702037202213,BOLSA AGUA CALIENTE CON ACCESORIOS,0,0,"42,200",0
ETERNA ,7702037202220,BOLSA AGUA CALIENTE SIN ACCESORIOS,0,0,"34,500",0
ETERNA ,7701027918189,BRINOR GUANTE DOMESTICO TALLA,80,0,"7,200",0
ETERNA ,7702037650595,CHUPO DE ENTRETENCION MAGICAL 6-18,0,0,"13,300",0
ETERNA ,7702037620307,CHUPO MUNCHI SILICONA PQ X 12U,0,0,0,0
ETERNA ,7702037600408,CHUPO SILICONA MUNCHI F/RAPID X,20,0,0,0
ETERNA ,7702037630238,CORTA UÃ‘AS PARA BEBE MUNCHI,0,0,0,0
ETERNA ,7702037510790,EQUIPO MACRO VENOCLISIS C/A,0,0,"2,000",0
ETERNA ,7709373102122,EXAMTEX GUANTES LATEX PLUS TALLA L,0,0,"27,132",0
ETERNA ,011088452106032,GASA ESTERIL PRECORT 7.6*7.6 SOBRE,0,0,600,0
ETERNA ,7703147300790,GUANTES DE VINILO DESECHABLE TALLA,0,0,"20,000",0
ETERNA ,7702037650557,MUNCHI MAMILA ENTRETENCION MAGICAL,0,0,"8,400",0
ETERNA ,7702037650618,MUNCHI VASO ENTRETENCION MAGICAL,120,0,"10,400",0
ETERNA ,7707195904610,PEZONERA RICHARD,0,0,"3,600",0
ETERNA ,7702037651257,SONAJERO MILKY UNDAD,0,0,"4,400",0
ETERNA ,010402670430141,SONDA FOLEY 2 VIAS N.,240,0,"3,200",0
ETERNA ,7707221290045,SONDA NELATON N. 14,0,0,"3,000",0
ETERNA ,7707187610918,TAPON HEPARINIZADO,0,0,800,0
ETERNA ,7702037620338,TETERO BIBERON MUNCHI BOCA ANCHA 5,0,0,"10,500",0
ETERNA ,7702037650502,TETERO BIBERON MUNCHI BOCA ANCHA 5,0,0,"8,900",0
ETERNA ,7702037650519,TETERO BIBERON MUNCHI BOCA ANCHA 8,0,0,"10,500",0
ETERNA ,7702037620123,TETERO BIBERON MUNCHI BOCA ANGOSTA,0,0,"5,200",0
ETERNA ,7702037651202,TETERO MILKY 7 OZ,0,0,"9,800",0
ETERNA ,7702037651233,TETERO MILKY 8 OZ MARACA,0,0,"10,300",0
ETERNA ,7702037651394,TETERO MUNCHI BOCA ANGOST DECORADO,0,0,"8,000",0
ETERNA ,8003670642183,TETINA ANAT JUGOS 4-64218,0,0,0,0
ETERNA ,7702037511520,TUBO ENDOTRAQUEAL 3.5MM S/BALON  *,0,0,"2,600",0
ETYC ,7707177560339,OFTALETYC-NF,0,0,"17,200",0
EUROETIKA,7704232851623,AKNON GEL * 100 ML,0,0,"56,500",0
EUROETIKA,7704232001189,ARTROFITUM * 30 TAB,0,0,"160,000",0
EUROETIKA,3578831703010,ARTROFITUM 3D 435 MG * 84 CAP,0,0,"107,000",0
EUROETIKA,7704232001219,BIOTOPIX * 50 GR,0,0,"125,900",0
EUROETIKA,7704232920220,BUCCOTHERM ENJ BUCAL S/ALCOHOL *,300,0,"48,500",0
EUROETIKA,7704232001288,CYS-CONTROL * 20 S/S,0,0,"131,500",0
EUROETIKA,7704232002001,ESQUERAT GEL * 30 GR,0,0,"75,900",0
EUROETIKA,7704232001875,EXNA SERUM ANTI-PICAZON PIEL GRASA,0,0,"29,000",0
EUROETIKA,7704232000458,FITOSTIMOLINE * 6 OVULOS,0,0,"96,100",0
EUROETIKA,7704232000946,FITOSTIMOLINE GEL * 15 GR,0,0,"55,100",0
EUROETIKA,7704232000960,FITOSTIMOLINE GEL * 32 GR,0,0,"89,800",0
EUROETIKA,7702207128831,HIRUDOID GEL * 40 GR,0,0,"71,200",0
EUROETIKA,7501124813277,LAMISIL CREMA * 15 GR,0,0,"41,100",0
EUROETIKA,7311620013671,LAMISIL SPRAY * 30 ML,0,0,"50,600",0
EUROETIKA,7704232001127,PENALGIN * 10 TAB,0,0,"75,100",0
EUROETIKA,7704232001240,PENALGIN * 6 TAB,0,0,"42,900",0
EUROETIKA,7704232001738,REPOISE * 30 CAP,0,0,"75,300",0
EUROETIKA,7704232001097,SKINPRED GEL * 15 GR,0,0,"79,500",0
EUROETIKA,7704232001363,SKINPRED ULTRA * 15 GR,0,0,"99,600",0
EUROETIKA,7709990474374,SODERMIX CREMA * 30 GR,0,0,"147,700",0
EUROETIKA,7704232001592,TOPICREM CREMA ULTRA-HIDRATANTE *,20,0,"62,500",0
EUROETIKA,7704232001226,VENATIL * 45 CAP,0,0,"98,500",0
EUROETIKA,7704232001554,VENATIL GEL * 50 ML,0,0,"62,200",0
EUROETIKA,7709990853896,XEROLYS 10 * 200 ML,0,0,"48,500",0
EUROETIKA,7709990474336,XEROLYS 50 * 40 ML,0,0,"79,300",0
EUROFARMA,7702973043529,ACIBIOGEL CANELA * 360 ML,0,0,"20,000",0
EUROFARMA,7702973043789,ACIBIOGEL GUANABANA * 120 ML,0,0,"12,000",0
EUROFARMA,7702973043772,ACIBIOGEL GUANABANA * 360 ML,0,0,"20,000",0
EUROFARMA,7703153016265,ALZIT 10 MG * 28 TAB,0,0,"136,700",0
EUROFARMA,7703153016272,ALZIT 5 MG * 28 TAB,0,0,"68,000",0
EUROFARMA,7891317199739,BETAHISTINA DICLORHIDRATO 16 MG *,30,0,"50,000",0
EUROFARMA,7706263210103,CALMIDOL DC * 40 TAB,0,0,"28,600",0
EUROFARMA,7706263200371,CALMIDOL MAX * 6 TAB,0,0,"13,200",0
EUROFARMA,7501050615365,CELESTONE HYPAK 8 MG * 2 ML,0,0,"30,300",0
EUROFARMA,7703153033880,CLINDAMIZOL OVU VAG 100+400 MG CJA,0,0,"80,100",0
EUROFARMA,7706127002271,CLOBETASOL PROPIONATO 0.05 % CREMA,0,0,"17,500",0
EUROFARMA,7706127001960,CODEFEN * 10 TAB,0,0,"28,100",0
EUROFARMA,7706127003704,DITOPAX * 50 TAB,0,0,"40,500",0
EUROFARMA,7702123008620,DITOPAX F * 25 TAB,0,0,"30,000",0
EUROFARMA,7702502017519,DITOPAX LIQ * 180 ML,0,0,"25,500",0
EUROFARMA,7702502014051,DITOPAX MENTA VAINILLA * 180 ML,0,0,"26,700",0
EUROFARMA,7891317188580,DOLORO 5 MG * 15 TAB,0,0,"58,700",0
EUROFARMA,7891317186951,DOLORO 5 MG * 30 TAB,0,0,"106,200",0
EUROFARMA,7706127001397,ETOX 120 MG * 7 TAB,0,0,"65,700",0
EUROFARMA,7706127001359,ETOX 60 MG * 14 TAB,0,0,"90,000",0
EUROFARMA,7706127001373,ETOX 90 MG * 14 TAB,0,0,"109,800",0
EUROFARMA,7703153015398,GELPIN 50 MG * 2 CAP,0,0,"12,000",0
EUROFARMA,7703153018702,ISPERIN 2 MG * 28 TAB,0,0,"27,400",0
EUROFARMA,7703153018696,ISPERIN 3 MG * 28 TAB,0,0,"29,600",0
EUROFARMA,7709990742862,KAL-D MAX SUPLEMENTO DIETARIO * 30,0,0,"30,000",0
EUROFARMA,7706127005418,KLEAR PLUS * 120 ML,0,0,"53,400",0
EUROFARMA,7706127003728,LET 2.5 MG * 30 TAB,0,0,"70,700",0
EUROFARMA,7703258011424,NEOSALDINA GOTAS * 30 ML,0,0,"63,900",0
EUROFARMA,7706263202603,PAX DIA * 6 GR,0,0,"25,500",0
EUROFARMA,7706263200616,PAX DIA NARANJA * 24 S/S,0,0,"67,000",0
EUROFARMA,7706263200449,PAX MAX GEL * 6 CAP,0,0,"5,000",0
EUROFARMA,7706263003798,PEPSAMAR * 100 TAB,0,0,"35,000",0
EUROFARMA,7706263003026,PEPSAMAR PLUS * 150 ML,0,0,"19,200",0
EUROFARMA,7703258113135,PILOGAN LOCION ULTRA 5% * 60 ML,0,0,"117,500",0
EUROFARMA,7891317196448,PRINF 750 MG * 5 TAB,0,0,"189,100",0
EUROFARMA,7703153020439,PROLANZ FAST 5 MG * 7 TAB,0,0,"16,000",0
EUROFARMA,7709028347564,SINPOX * 100 ML,0,0,"23,000",0
EUROFARMA,7702973015144,STOPEN 20 MG * 2 AMP,0,0,"20,000",0
EUROFARMA,7702973029745,STOPEN 20 MG * 5 AMP,0,0,0,0
EUROFARMA,7702973015069,STOPEN 20 MG AMP,0,0,0,0
EUROFARMA,7702973015076,STOPEN 40 MG * 1 AMP,0,0,"12,600",0
EUROFARMA,7702973015151,STOPEN 40 MG * 2 AMP,0,0,0,0
EUROFARMA,7702973029738,STOPEN 40 MG * 5 AMP,0,0,"60,000",0
EUROFARMA,7702973017070,STOPEN GEL * 20 GR,0,0,"34,000",0
EUROFARMA,7891317013042,TADA 5 MG * 30 TAB,0,0,"170,700",0
EUROFARMA,7706127002660,TROK G * 20 GR,0,0,"59,600",0
EUROFARMA,7891317149963,VAST 20 MG * 30 TAB,0,0,"56,400",0
EUROFARMA,7891317149994,VAST 40 MG * 30 TAB,0,0,"63,600",0
EUROFARMA,7702973444012,",2VIREX * 90 ML",0,0,"48,500",0
EUROFARMA,7702973017018,VIREX AMP,0,0,"30,100",0
EUROFARMA,7702973017032,VIREX UNG TOPICO * 30 GR,0,0,"71,600",0
EUROFARMA,7702973017094,VIREX UNGUENTO LABIAL * 10 GR,0,0,"41,900",0
EUROFARMA,7706263004016,WINADEINE * 100 TAB,0,0,"303,000",0
EUROFARMA,7706263004023,WINADEINE F * 10 TAB,0,0,"55,300",0
EUROPEAN PHA,7709631405187,IRBEVITAE PLUS 300 MG + 12.5 MG *,20,0,"62,500",0
EUROPEAN PHA,7804653720147,VALSARVITAE PLUS 160 +12.5 MG * 28,0,0,"62,900",0
EUROPEAN PHA,7804653720109,VALSARVITAE PLUS 80 MG + 12.5 MG *,0,0,"45,200",0
EVA MARIA ZA,7707369351516,DON CHICHARRON CON SAL * 35 GR,0,0,"2,600",0
EVA MARIA ZA,7709990358377,MANTECADA GOURMET AGUELITA * 70 GR,0,0,"1,600",0
EVE DISTRIBU,7703186581730,FERRO F 800 X 60 TABS,0,0,0,0
EVEREADY DE ,8888021300994,CARGADOR PILAS ENERGIZER  MINI,0,0,0,0
EVEREADY DE ,039800079305,ENERGIZER AAA,0,0,0,0
EVEREADY DE ,039800034083,ENERGIZER LITHIUM AA X 2UNDS,0,0,"11,600",0
EVEREADY DE ,039800015464,ENERGIZER MAX AA *2,0,0,"7,000",0
EVEREADY DE ,039800014009,ENERGIZER MAX AAA *2,0,0,"7,000",0
EVEREADY DE ,039800008688,",88ENERGIZER RECARGABLE AA X 2 UNDS",0,0,"19,000",0
EVEREADY DE ,8888021201444,EVEREADY GOLD AA X 2,0,0,"2,900",0
EVEREADY DE ,8888021201468,EVEREADY GOLD AAA X 2,0,0,"3,100",0
EVEREADY DE ,7501037600032,EVEREADY MEDIANA REF1235X 2 UND,0,0,0,0
EVEREADY DE ,7590005182205,EVERY NIGHT BARRA,0,0,"2,400",0
EVEREADY DE ,4891228550035,MAQUINA SCHICK QUATRO TITANIUM,0,0,"10,000",0
EVEREADY DE ,4891228530198,MAQUINA SCHICK QUATROI DSP 6 UNDS,0,0,0,0
EVEREADY DE ,7591066320186,MAQUINA SCHICK ULTRABARBA DSP X 24,0,0,0,0
EVEREADY DE ,7501057015427,MAQUINA SCHICK XTREME3 2 UND,0,0,0,0
EVEREADY DE ,7591066708021,MAQUINA SCHICK XTREME3 SENSIBL DSP,0,0,0,0
EVEREADY DE ,4891228300838,SCHICK QUATRO TITANIUM SENSITIVE +,0,0,"18,000",0
EVEREADY DE ,7502214738975,SCHICK XTREME ULTIMATE,0,0,"2,800",0
EXELTIS ,8437009433638,DROSPERA 20 * 28 TAB,0,0,"29,700",0
EXELTIS ,8436043011482,EXELAGENO * 30 CAP,0,0,"114,200",0
EXELTIS ,8436043012717,EXELDEK CAJA *30 CAP,0,0,"34,900",0
EXELTIS ,8436043010505,EXELFEM * 30 CAP,0,0,"84,000",0
EXELTIS ,8436043011499,EXELMYO * 30 S/S,0,0,"132,200",0
EXELTIS ,8436043011901,EXELVIT 1 *28 CAP,0,0,"39,300",0
EXELTIS ,7795320051063,GYNOTRAN 750/200MG * 7 OVULOS,0,0,"71,600",0
EXELTIS ,7501303437003,GYNOTRAN 750/200MG * 7 OVULOS,0,0,"75,600",0
EXELTIS ,7795320051056,GYNOTRAN CREMA VAG * 40 GR,0,0,"34,200",0
EXELTIS ,8436043012168,HEMOFOLIC *30 CAP,0,0,"49,300",0
EXELTIS ,8437019299057,HIPERDEXT * 30 CAPS,0,0,"80,500",0
EXELTIS ,8437019299583,SLINDA 4 MG * 28 TAB,0,0,"48,000",0
EXPOFARMA,7703432424019,",7ALPRAZOLAM 0.25 MG X 30 TBS",0,0,"9,100",0
EXPOFARMA,7703432421742,ALPRAZOLAM 0.5 MG X 30 TABLS,0,0,0,0
EXPOFARMA,7703432422916,ATORVASTATINA 10MG * 10 TAB UNIDAD,0,0,"11,400",0
EXPOFARMA,7703432421186,CETIRIZINA JBE X 60 ML,0,0,"9,000",0
EXPOFARMA,77014740,CIPROFLOXACINO GOTAS X 5 ML EXPO,0,0,0,0
EXPOFARMA,7703432424057,CROMOGLICATO DE SODIO 2% NASAL *,100,0,"10,900",0
EXPOFARMA,77015174,CROMOGLICATO DE SODIO 2% OFTALMICO,0,0,"10,900",0
EXPOFARMA,7703432423807,CROMOGLICATO DE SODIO 4% NASAL *,100,0,"9,500",0
EXPOFARMA,7703432424064,CROMOGLICATO DE SODIO 4% NASAL *,100,0,"9,500",0
EXPOFARMA,77015167,CROMOGLICATO DE SODIO 4% OFTALMICO,0,0,"9,500",0
EXPOFARMA,7703432422077,DEXAMETASONA 8 MG X 10 AMP,0,0,"30,000",0
EXPOFARMA,7703432424873,HIOSCINA BUTILBROMURO 10 MG CJA *,30,0,"150,000",0
EXPOFARMA,7703432422817,LOVASTATINA 20 MG X 20 TABLS,0,0,"6,700",0
EXPOFARMA,7703432422107,N-BUTIL BROMURO DE HIOSCINA 20 MGS,0,0,0,0
EXPOFARMA,7703432422251,NIFEDIPINO 30 MG RETARD X 20 TEXPO,0,0,"34,800",0
EXPOFARMA,7703432422268,TEOFILINA R 300 MG X 20 CAPS,0,0,0,0
EXPOFARMA,77012906,TIMOLOL 0.5% X 5 ML,0,0,"5,700",0
EXPOFARMA,7703432421605,TRAMADOL GOTAS * 10 ML,0,0,"10,900",0
FAES FARMA,7707274721541,ARGONUM SOL * 50 ML,0,0,"64,000",0
FAES FARMA,7707274721879,BUDESONIDA (BUDESYNT)200MG AEROSOL,0,0,"75,000",0
FAES FARMA,8436024610055,DEFAL 6 MG * 20 COMP,0,0,"25,000",0
FAES FARMA,8436024610079,DEFAL GOTAS * 13 ML,0,0,"137,900",0
FAES FARMA,8470006568231,FERROPROTINA 40 MG * 30 S/S,0,0,"134,900",0
FAES FARMA,7707274723460,SACRUSYT LA INHALASYNT C/VALVULA,350,0,"70,000",0
FAES FARMA,7707274720285,SALBUTAMOL INHALADOR X 200 DOS BCN,0,0,"10,000",0
FAES FARMA,8470008878956,VENOSMIL 200 MG * 20 CAP,0,0,"78,500",0
FAES FARMA,8470009653767,VENOSMIL 200 MG * 60 CAP,0,0,"210,000",0
FAES OTC,8436024610987,ACECNOU 3 GR * 1 S/S,0,0,"37,900",0
FAES OTC,7707274721091,ECLOSYNT NASAL ADULTOS 50 MCG *,2000,0,"59,000",0
FAES OTC,7707274721985,ORALHERP TUBO * 6 ML,0,0,"20,000",0
FAES OTC,7707274723293,SALES DE REHIDRATACION UVA CJA *,500,0,"62,500",0
FAES OTC,7707274720254,SULFADOXINA 500 MG + PIRIMETAMINA,20,0,"54,000",0
FAES OTC,9705814,TRAUSAN SOL * 50 ML,0,0,"87,900",0
FANUEL FARMA,7707302310143,CALCORD SUSPENSION,0,0,"45,400",0
FANUEL FARMA,7707300040028,NEUTRODERM *120 ML,0,0,"27,900",0
FANUEL FARMA,7707302310013,NUTRAL ZINC VAINILLA X 400 GRS,0,0,"55,216",0
FANUEL FARMA,7707302310020,NUTRAL-PRO POLVO *275 GR,0,0,"72,900",0
FANUEL FARMA,7707302310129,PHYTODERM X 30 GR,0,0,0,0
FANUEL FARMA,7707302310136,PHYTODERM X 50 GR,0,0,"53,100",0
FARMA DE COL,7703454120616,AKATINOL 10 MG X 14 TABLS,0,0,"31,900",0
FARMA DE COL,7592229003151,ARANDA 5/100 MG X 30 CAPS,0,0,"336,000",0
FARMA DE COL,7707173600053,BACTIGRAM F SUSP * 60 ML,0,0,"29,400",0
FARMA DE COL,7703454121903,BONAMES 150 MG X 3 CAPS,0,0,"268,800",0
FARMA DE COL,7703454123341,BRASARTAN CTDN 160 MG / 25 MG * 30,0,0,"144,900",0
FARMA DE COL,7707173600077,BREMIEL JBE ADULTO * 120 ML,0,0,"27,900",0
FARMA DE COL,7707173600084,BREMIEL JBE PEDIATRICO * 120 ML,0,0,"36,900",0
FARMA DE COL,7707173604617,BREMIEL TOS * 20 CAP,0,0,"18,000",0
FARMA DE COL,7703454122030,CALCIBON D *30 TAB,0,0,"60,000",0
FARMA DE COL,7703454123181,CALCIBON D 800 U.I * 30 TAB GTS 15,0,0,"87,900",0
FARMA DE COL,7703454123174,CALCIBON D 800 U.I. * 60 TAB GTS,300,0,"128,900",0
FARMA DE COL,7703454123150,CALCIBON D 800 UI  * 60 TAB,0,0,"100,000",0
FARMA DE COL,7703454129206,CALCIBON D SOYA FORTE X 60 TABLS,0,0,"85,700",0
FARMA DE COL,7703454121491,CALCIBON D SOYA X 60 TABLS,0,0,"85,700",0
FARMA DE COL,7703454122474,CALCIBON D X 15 TAB,0,0,"16,100",0
FARMA DE COL,7703454122542,CALCIBON MIN X 30 TABLS,0,0,"40,000",0
FARMA DE COL,7703454120647,CALCIBON NATAL X 30 TABS,0,0,"47,200",0
FARMA DE COL,7703454120678,CELECTAN SUSP * 30 ML,0,0,"76,400",0
FARMA DE COL,7703454820639,CELECTAN SUSP * 60 ML,0,0,"118,300",0
FARMA DE COL,7707173600091,CICADERM CREMA * 60 GR,0,0,"55,500",0
FARMA DE COL,7703454124904,COLYPAN PLUS * 60 TAB,0,0,"192,200",0
FARMA DE COL,7702635571032,CURAM 1GR * 14 TAB,0,0,"122,500",0
FARMA DE COL,9002260004645,CURAM 250 MG * 100 ML,0,0,"118,200",0
FARMA DE COL,3838957060863,CURAM 500 MG X 12 TABS,0,0,"59,200",0
FARMA DE COL,3838957889570,",3CURAM JUNIOR 457 MG * 70 ML",0,0,"99,200",0
FARMA DE COL,7707173600565,EMBLICARE PLUS CREMA DESMANCHADORA,0,0,"140,000",0
FARMA DE COL,7703454122764,EVALAX * 10 S/S,0,0,"84,000",0
FARMA DE COL,7703454122757,EVALAX * 250 GR,0,0,"97,300",0
FARMA DE COL,7703454124287,FARMA D 2000 UI *30 CAP,0,0,"44,400",0
FARMA DE COL,7707173600718,FERROPLUS JBE X 120 ML,0,0,"73,300",0
FARMA DE COL,7707173600701,FILTRODERM LOCION SOLAR SPF 40+ *,10,0,"88,900",0
FARMA DE COL,7707173600367,FILTRODERM SOLAR EMULSION SPF 43 *,0,0,"88,900",0
FARMA DE COL,7707173602156,FILTRODERM SOLAR EMULSION SPF 43+,20,0,"80,100",0
FARMA DE COL,7707173600558,GUAYAVITAL JALEA X 240 GRS,0,0,"53,600",0
FARMA DE COL,7707173600459,GYNOPLUS * 10 OVULOS,0,0,"75,200",0
FARMA DE COL,7703454124133,HELICOMB *30 CAP,0,0,"70,300",0
FARMA DE COL,7705200080083,HERREX CARAMELO JBE * 120 ML,0,0,"115,000",0
FARMA DE COL,7703454120104,HERREX FOL CARAMELO * 120 ML,0,0,"131,000",0
FARMA DE COL,7703454120128,HERREX GOTAS CARAMELO * 30 ML,0,0,"124,900",0
FARMA DE COL,7703454121989,KEFLEX 1 GR * 10 TAB,0,0,"187,000",0
FARMA DE COL,7592229002680,KEFLEX 250 MG * 100 ML,0,0,"36,600",0
FARMA DE COL,7703454121330,KIDCAL BANANO SUSP X 180 ML,0,0,"40,000",0
FARMA DE COL,7707173600138,METRO F-400 SUSP X 120 ML,0,0,"58,000",0
FARMA DE COL,7707173600220,METRO F-400 X 20 CAPS,0,0,"58,200",0
FARMA DE COL,7703454921152,MILPAX CEREZA * 360 ML,0,0,"99,600",0
FARMA DE COL,7703454921145,MILPAX CHILDREN CHICLE * 150 ML,0,0,"56,700",0
FARMA DE COL,7703454921176,MILPAX MENTA * 360 ML,0,0,"101,000",0
FARMA DE COL,7703454921183,MILPAX PLUS MENTA * 355 ML,0,0,"61,400",0
FARMA DE COL,7707173600756,NEUMOFLUX X 120 ML,0,0,"28,600",0
FARMA DE COL,7707173600237,PELZINC SHAMPOO * 120 ML,0,0,"104,000",0
FARMA DE COL,7501122965619,PROSTIGMINE X 6 AMPS,0,0,"63,600",0
FARMA DE COL,7501122995739,PROTAMINA 5000UI AMP X 5 ML,0,0,"69,800",0
FARMA DE COL,7703454121583,RINOLAST 120 MG X 10 TABS,0,0,"80,000",0
FARMA DE COL,7703454122665,RINOLAST D * 10 TAB,0,0,"83,900",0
FARMA DE COL,7707173600886,SEBIROX SHAMPOO X 120 ML,0,0,"98,175",0
FARMA DE COL,5391520941535,SILENCE ANTIRONQUIDO AERO ORAL FCO,0,0,"63,000",0
FARMA DE COL,7703454920841,STAMYL * 20 GRAGEAS,0,0,"71,000",0
FARMA DE COL,7703454120715,TERATOS ADULTO JBE X 90 ML,0,0,"16,000",0
FARMA DE COL,7703454121675,TERATOS MIEL JBE ADUL X 90 ML,0,0,"13,000",0
FARMA DE COL,7707173600350,TOS-XOL X 120 ML,0,0,"49,500",0
FARMA DE COL,7501299310007,TRIMFAT 60 MG X 60 CAPS,0,0,0,0
FARMA DE COL,7703454122740,UROCIT K * 100 TAB,0,0,"297,200",0
FARMA DE COL,7703454123693,UROCIT K * 28 TAB,0,0,"99,500",0
FARMA DE COL,7707173601050,VITAFEROL 1000 UI X 30 CAPS,0,0,"53,300",0
FARMA DE COL,7707173600466,Z ZINC F FRESA X 360 GRS,0,0,"61,300",0
FARMA DE COL,7707173600954,Z ZINC F PLUS X 30 TABLS,0,0,"46,500",0
FARMA DE COL,7707173600176,Z ZINC F VAINILLA X 360 GRS,0,0,"48,000",0
FARMACOL,7705922102049,API-FOLT X 5 AMP,0,0,"31,000",0
FARMACOL,7705922106023,CICLOXX-2 200 MG X 10 CAPS,0,0,"34,700",0
FARMACOL,7705922106054,ESPASMOBIL * 1 AMP,0,0,"8,500",0
FARMACOL,7705922108089,ESPASMOBIL * 10 S/S,0,0,"75,000",0
FARMACOL,7705922108056,ESPASMOBIL * 100 TAB,0,0,"88,000",0
FARMACOL,7709136875966,ESPASMOBIL * 25 S/S,0,0,"125,000",0
FARMACOL,7705922108072,ESPASMOBIL * 3 S/S,0,0,"23,400",0
FARMACOL,7705922108041,ESPASMOBIL * 50 S/S,0,0,"170,100",0
FARMACOL,7705922110082,FARMA 12 TABLS,0,0,"28,000",0
FARMACOL,7709102493446,GOTINAL MAR SOFT AGUA DE MAR * 100,0,0,"71,100",0
FARMACOL,7705922111072,LAXACOL X 25 S/S,0,0,"143,800",0
FARMACOL,7705922111058,LAXACOL X 3 S/S,0,0,"19,800",0
FARMACOL,7703454123884,NUTRAGESTA * 30 CAP,0,0,"77,000",0
FARMACOL,7705922121057,OMEPRAZOL 20 MG *,1500,0,"32,100",0
FARMACOL,7703454121835,VALERIS  * 7 OVULOS,0,0,"108,500",0
FARMACOL,7703454121842,VALERIS * 3 OVULOS,0,0,"92,100",0
FARMACOL,7703454122450,VALERIS FORTE * 3 OVULOS,0,0,"71,200",0
FARMACOL,7703454122917,VALERIS FORTE * 7 OVULOS,0,0,"108,500",0
FARMACOL,7705922126045,VASOTON * 40 GRAG,0,0,"45,900",0
FARMACOL,7705922127028,VASOTON GEL * 40 GR,0,0,"58,600",0
FARMALOGICA ,7707291520271,CEFRADINA 1 G AMP,0,0,"6,000",0
FARMALOGICA ,7707291520363,IMIPENEM + CILASTATINA 1GR CJA *,100,0,"273,000",0
FARMALOGICA ,7709244726860,MEROPENEM 1 GR AMP,0,0,"62,300",0
FARMALOGICA ,7707291520097,PENICILINA G BENZATINICA 1.200.000,0,0,"3,600",0
FARMALOGICA ,7707291520127,PENICILINA G BENZATINICA 2.400.000,0,0,"13,200",0
FARMALOGICA ,7707291520042,PENICILINA G SOD 1.000.000 U  * 10,0,0,"25,000",0
FARMALOGICA ,7707291520073,PENICILINA G SODICA 5.000.000 U. I,0,0,"30,400",0
FARMASER,7707040610116,LIMITOX JBE * 120 ML,0,0,"45,000",0
FARMASER,7707040610253,MELIZINA 500 MG * 30 TAB,0,0,"47,700",0
FARMASER,7707040620085,NIALGIN * 20 TAB,0,0,"46,500",0
FARMASER,7707040610178,PROAPET JBE * 120 ML,0,0,"37,200",0
FARMASER,7707040610192,REFLUFIN PLUS * 240 ML,0,0,"64,900",0
FARMASER,7707040610000,REFLUFIN SUSP CEREZA * 360 ML,0,0,"83,700",0
FARMASER,7707040620191,SUGASTRIN * 20 TAB,0,0,"20,400",0
FARMASER,7707040610222,TETRAVIT Z JBE * 180 ML,0,0,"45,000",0
FARMASER,7707040610246,TETRAVIT ZR * 30 CAP,0,0,"60,400",0
FARMIONNI,7707184161352,BETAMETASONA 4 MG * 10 AMP,0,0,"40,000",0
FARMIONNI,7707184160157,BICARBONATO DE SODIO 10 MG CJA *,500,0,"72,000",0
FARMIONNI,7707184161086,CLINDAMICINA CREMA VAGINAL TBO *40,0,0,"20,000",0
FARMIONNI,7707184160478,DEXAMETASONA 8MG/2ML CJA * 100 AMP,0,0,"274,500",0
FARMIONNI,7707184160249,DIPIRONA SODICA 2.5GR/5ML CAJ X,1000,0,"130,000",0
FARMIONNI,7703153030353,OMEPRAZOL 40 MG AMP,0,0,"5,500",0
FARPAG ,7705028092541,CLORHEXOL ENJ BUCAL 0.2% * 180 ML,0,0,"41,900",0
FARPAG ,7705028000164,K TRIX ENJUAGUE BUCAL * 180 ML,0,0,"42,000",0
FARPAG ,7705028496554,K-CIT CREMA * 30 GR,0,0,"54,500",0
FARPAG ,7705028000287,K-CIT GEL CON CALENDULA Y ALOE *,150,0,"54,400",0
FARPAG ,7705028000140,ODONTRIX NF ENJ BUCAL * 180 ML,0,0,"36,500",0
FARPAG ,7705028000041,SALIVAR NF SPRAY * 120 ML,0,0,"50,700",0
FASAN ,7705486030000,ANTIBIL ELIXIR X 120 ML,0,0,"5,800",0
FASAN ,7705486020001,ANTIBIL X 2 TABLETAS,0,0,"1,700",0
FASAN ,7705115000084,ARSENAMIDE SOLUCION X 10 ML,0,0,0,0
FASAN ,7705115000152,BILHEPAT X 30 TABS,0,0,0,0
FASAN ,7707209046015,CALGINE OVULOS DE CALENDULA CJA *,20,0,"30,900",0
FASAN ,7705115000060,HONGOSAN SOLUCION *30 ML,0,0,"25,000",0
FASAN ,7705822000186,PARABIL X 3 TABLS,0,0,0,0
FASAN ,77012845,YODOSILATO UNGUENTO * 12 GR,0,0,"13,500",0
FINI ,7908228803287,REGALIZ CINTAS ACIDAS BANANO FRESA,0,0,"4,000",0
FINI ,7898591459627,REGALIZ TUBOS ACIDOS FRESA Y CREMA,0,0,"4,000",0
FINI ,8410525159039,ROLLER FIZZ  *20 GR,0,0,"1,800",0
FINLAY DE CO,7707056218573,VITACEREBRINA CEREZA * 180 ML,0,0,"54,000",0
FINLAY DE CO,7707056200035,VITACEREBRINA JBE CEREZA * 180 ML,0,0,"55,200",0
FINLAY DE CO,7707056200028,VITACEREBRINA JBE LIMON * 180 ML,0,0,"54,000",0
FINLAY DE CO,7707056218245,VITACEREBRINA JBE NARANJA * 180 ML,0,0,"27,000",0
FINLAY DE CO,7707056218566,VITACEREBRINA NARANJA * 180 ML,0,0,"54,000",0
FINLAY DE CO,7707056218511,VITACEREBRINA TAB FCO *,600,0,"26,700",0
FINLAY DE CO,7707056201025,VITACEREBRINA VAINILLA * 250 GR,0,0,"42,500",0
FITO MEDICS,7701872000145,ARTRIFIT * 30 CAP,0,0,"65,300",0
FLEXON ,7707231001129,VENDA ELASTICA FLEXON REF 3X5,0,0,"2,000",0
FRESENIUS KA,17800062002499,ADRENALINA(EPINEFRINA) 1MG/1ML AMP,0,0,"360,000",0
FRESENIUS KA,17800062002758,BICARBONATO DE SODIO 8.4% 10ML CJA,0,0,"250,000",0
FRESENIUS KA,7709990521825,CITARABINA 100 MG X 1 AMP,0,0,"6,400",0
FRESENIUS KA,7709990095050,CLORURO DE SODIO 0.9% * 500 ML,0,0,"3,800",0
FRESENIUS KA,7707298540043,CLORURO DE SODIO SUERO FISIOLOGICO,0,0,"3,600",0
FRESENIUS KA,7707298540067,CLORURO DE SODIO SUERO FISIOLOGICO,0,0,"3,500",0
FRESENIUS KA,7707298540050,CLORURO DE SODIO SUERO FISIOLOGICO,0,0,"2,800",0
FRESENIUS KA,8901038712779,DOCETAXEL 20 MG AMP,0,0,"65,000",0
FRESENIUS KA,7709990735611,DOCETAXEL 80 MG AMP,0,0,"106,000",0
FRESENIUS KA,7709640772829,FREBINI DRINK VAINILLA * 4 UND *,200,0,"40,500",0
FRESENIUS KA,4086000016025,FRESUBIN SABOR FRUTOS DEL BOSQUE *,0,0,"12,000",0
FRESENIUS KA,17800062002680,METAMIZOL SODICO 1GR/2ML CJA * 100,0,0,"30,000",0
FRESENIUS KA,7709990718867,OXALIPLATINO 100MG/20ML * 1 UND,0,0,"127,000",0
FRITO LAY,7702193101337,AVENA QUAKER HOJUELA SIN GLUTEN *,80,0,"13,700",0
FRITO LAY,7702193702046,AVENA QUAKER RICAVENA ORIGINAL 180,0,0,"9,600",0
FRITO LAY,7702189051578,BOLIQUESO * 44 GR,0,0,"1,000",0
FRITO LAY,7702189041975,BOLIQUESO * 48 GR,0,0,"3,000",0
FRITO LAY,7702189059864,CHEESE TRIS * 120 GR,0,0,"5,300",0
FRITO LAY,7702050018747,CHEESE TRIS * 95 GR,0,0,"4,500",0
FRITO LAY,7702189057402,CHEESE TRIS CHEETOS HORNEADOS *,1500,0,"5,200",0
FRITO LAY,7702189056788,CHEESE TRIS CHEETOS HORNEADOS * 42,0,0,"2,500",0
FRITO LAY,7702189056795,CHEESE TRIS CHEETOS HORNEADOS * 80,0,0,"4,100",0
FRITO LAY,7702189018304,CHEETOS 15GM,0,0,"1,100",0
FRITO LAY,7702189056818,CHEETOS HORNEADOS PICANTES *39 GR,0,0,"1,600",0
FRITO LAY,7702189058386,CHOCLITOS PICANTES * 50GR,0,0,"1,700",0
FRITO LAY,7702189011251,CHOKIS * 19 GR,0,0,"2,700",0
FRITO LAY,7702189056887,CHOKIS CHISPAS BLACK * 37 GR,0,0,"2,500",0
FRITO LAY,7702189053572,DETODITO BBQ  EXTRACONTENIDO GTS,220,0,"2,100",0
FRITO LAY,7702189055057,DETODITO BBQ * 250 GR,0,0,"16,500",0
FRITO LAY,7702189019646,DETODITO BBQ * 45 GR,0,0,"3,700",0
FRITO LAY,77021890403050,DETODITO BBQ * 48 GR,0,0,"4,500",0
FRITO LAY,7702189040350,DETODITO BBQ * 48 GR,0,0,"4,500",0
FRITO LAY,7702189011428,DETODITO BBQ * 50 GR,0,0,"4,500",0
FRITO LAY,7702189059932,DETODITO BBQ * 80 GR,0,0,"5,100",0
FRITO LAY,7702189054043,DETODITO BBQ *150 GR,0,0,"6,500",0
FRITO LAY,7702189056986,DETODITO BBQ *290 GR,0,0,"16,500",0
FRITO LAY,7702189055040,DETODITO BBQ *400 GR,0,0,"18,400",0
FRITO LAY,7702189057532,DETODITO BBQ SUPER MEGA *75 GR,0,0,"3,300",0
FRITO LAY,7702189032522,DETODITO BQQ * 70 GR,0,0,"2,100",0
FRITO LAY,7702189060327,DETODITO CHIMICHURRI * 150 GR,0,0,"9,300",0
FRITO LAY,7702189060310,DETODITO CHIMICHURRI * 50 GR,0,0,"3,500",0
FRITO LAY,7702189052629,DETODITO DULCE Y SAL CARAMELO *,1550,0,"11,900",0
FRITO LAY,7702189051035,DETODITO DULCE Y SAL CARAMELO *,1700,0,"11,900",0
FRITO LAY,7702189051028,DETODITO DULCE Y SAL CHISPAS * 180,0,0,"11,900",0
FRITO LAY,7702189058249,DETODITO FLAMINT HOT * 58GR 16%MAS,0,0,"2,800",0
FRITO LAY,7702189054333,DETODITO MIX  EXTRACONTENIDO GTS,220,0,"1,900",0
FRITO LAY,7702189040367,DETODITO MIX * 48 GR,0,0,"4,500",0
FRITO LAY,7702050013322,DETODITO MIX * 50 GR,0,0,"4,500",0
FRITO LAY,7702189032539,DETODITO MIX * 71 GR,0,0,"4,500",0
FRITO LAY,7702189059284,DETODITO MIX * 80 GR,0,0,"5,100",0
FRITO LAY,7702189056658,DETODITO MIX * 85 GR,0,0,"4,000",0
FRITO LAY,7702050032453,DETODITO MIX *45 GR,0,0,"3,200",0
FRITO LAY,7702189057525,DETODITO NATURAL SUPER MEGA *75 GR,0,0,"3,200",0
FRITO LAY,7702189059963,DETODITO POLLO PARRILLERO * 50 GR,0,0,"3,500",0
FRITO LAY,7702189052933,DORITOS BBQ * 36 GR,0,0,"1,400",0
FRITO LAY,7702189060013,DORITOS BBQ DULCE PICANTE * 175 GR,0,0,"9,400",0
FRITO LAY,7702189060006,DORITOS BBQ DULCE PICANTE * 41 GR,0,0,"3,000",0
FRITO LAY,7702189057945,DORITOS DINAMITA LIMON TAQUERO *,500,0,"4,200",0
FRITO LAY,7702189060181,DORITOS DINAMITA RULETA FLAMIN HOT,0,0,"9,300",0
FRITO LAY,7702189060228,DORITOS DINAMITA RULETA FLAMIN HOT,0,0,"4,200",0
FRITO LAY,7702189060556,DORITOS FLAMIN HOT *46 GR,0,0,"2,900",0
FRITO LAY,7702189050618,GALLETA DULCE NAVIDAD SURTIDAS *,220,0,"7,500",0
FRITO LAY,7702189038104,GALLETA QUAKER AVENA,0,0,0,0
FRITO LAY,7702189039149,GALLETA QUAKER FRUTOS AMARILLO *,300,0,"1,100",0
FRITO LAY,7702189019271,GALLETA QUAKER MANZANA CANELA * 30,0,0,"1,100",0
FRITO LAY,7702189053336,GALLETA QUAKER MANZANA Y LINAZA *,30,0,"2,200",0
FRITO LAY,7702189050199,GUDIZ * 55 GR,0,0,"3,000",0
FRITO LAY,7702189031297,MAMUT,0,0,"1,000",0
FRITO LAY,7702189052698,MAMUT BLANCO * 13 GR,0,0,"1,000",0
FRITO LAY,7702189056092,MANI MOTO * 48 GR,0,0,"1,900",0
FRITO LAY,7702189056443,MANI MOTO NAKED MANI CON PASAS *,360,0,"2,000",0
FRITO LAY,7702189056481,MANI MOTO PASAS CON CHOCOLATE * 30,0,0,950,0
FRITO LAY,7702189040541,MANI SALADO * 50 GR,0,0,"3,000",0
FRITO LAY,7702189040565,MANI SALADO *200 GR,0,0,"7,300",0
FRITO LAY,7702189030245,MARGARITA BBQ X 33G,0,0,0,0
FRITO LAY,7702189033536,MARGARITA ONDULADA SABOR A TOMATE,10,0,"3,100",0
FRITO LAY,7702189058614,MARGARITAS ONULADAS FLAMIN HOT X,350,0,"2,700",0
FRITO LAY,7702189050144,NATUCHIPS MULTI CEREAL,0,0,"3,200",0
FRITO LAY,7702189052759,NATUCHIPS PLATANO MADURO CREM *,1300,0,"3,500",0
FRITO LAY,7702050030510,NATUCHIPS YUCA 45G,0,0,0,0
FRITO LAY,7702189058256,PAPAS MARGARITA BBQ * 42GR 17% MAS,0,0,"2,600",0
FRITO LAY,7702189016010,PAPAS MARGARITA CASERAS UNIDAD,0,0,0,0
FRITO LAY,7702189048455,PAPAS MARGARITA CITRUS MANDARINA X,0,0,"1,500",0
FRITO LAY,7702189039316,PAPAS MARGARITA CLASICA ALITAS BBQ,0,0,"1,700",0
FRITO LAY,7702189039231,PAPAS MARGARITA CLASICA NATURAL X,40,0,"1,700",0
FRITO LAY,7702189056696,PAPAS MARGARITA CREMA & CEBOLLA *,30,0,"2,900",0
FRITO LAY,7702189058430,PAPAS MARGARITA CREMA & CEBOLLA *,40,0,"2,300",0
FRITO LAY,7702189058270,PAPAS MARGARITA CREMA & CEBOLLA *,40,0,"2,300",0
FRITO LAY,7702189058263,PAPAS MARGARITA FLAMIN HOT *42 GR,10,0,"2,300",0
FRITO LAY,7702189052247,PAPAS MARGARITA JALAPEÃ‘O,0,0,"3,000",0
FRITO LAY,7702189056153,PAPAS MARGARITA LIMÃ“N  *,1200,0,"4,000",0
FRITO LAY,7702189053602,PAPAS MARGARITA LIMON * 39 GR GTS,30,0,"1,500",0
FRITO LAY,7702189037275,PAPAS MARGARITA LIMON * 48GR FRITO,0,0,"1,800",0
FRITO LAY,7702189059659,PAPAS MARGARITA LIMON * 75 GR,0,0,"4,800",0
FRITO LAY,7702189058294,PAPAS MARGARITA NATURAL * 42GR 17%,0,0,"2,300",0
FRITO LAY,7702189035363,PAPAS MARGARITA ONDULADA MAYONESA,40,0,"1,500",0
FRITO LAY,7702189048738,PAPAS MARGARITA ONDULADA MAYONESA,40,0,"1,900",0
FRITO LAY,7702189048721,PAPAS MARGARITA ONDULADA TOMATE *,40,0,"2,100",0
FRITO LAY,7702189054203,PAPAS MARGARITA ONDULADA TOMATE *,50,0,"2,400",0
FRITO LAY,7702189058317,PAPAS MARGARITA ONDULADAS MAYONESA,0,0,"2,300",0
FRITO LAY,7702189056597,PAPAS MARGARITA ONDULADAS MAYONESA,0,0,"5,000",0
FRITO LAY,7702189055224,PAPAS MARGARITA ONDULADAS MAYONESA,0,0,"2,300",0
FRITO LAY,7702189053626,PAPAS MARGARITA POLLO * 39 GR GTS,30,0,"2,000",0
FRITO LAY,7702189059666,PAPAS MARGARITA POLLO * 75 GR,0,0,"4,800",0
FRITO LAY,7702189051080,PAPAS MARGARITA POLLO TERIYAKI *,170,0,"4,800",0
FRITO LAY,7702189048707,PAPAS MARGARITA POLLO X 46GR EXTRA,0,0,"2,100",0
FRITO LAY,7702189051103,PAPAS MARGARITA RECCLA NATURAL *38,0,0,"3,300",0
FRITO LAY,7702189057433,PAPAS MARGARITA RECETA CLASICA MIX,0,0,"8,500",0
FRITO LAY,7702189051127,PAPAS MARGARITA RECETA CLASICA SAL,0,0,"3,400",0
FRITO LAY,7702189051431,PAPAS MARGARITA RECETA CLASICA SAL,0,0,"9,400",0
FRITO LAY,7702189039224,PAPAS MARGARITA RECETA CLASICA X,150,0,0,0
FRITO LAY,7702189036803,PAPAS MARGARITAS COSTILLAS BBQ *32,0,0,0,0
FRITO LAY,7702189028846,PAPAS MARGARITAS ONDULADA CREM X,320,0,0,0
FRITO LAY,7702189055217,PAPAS MARGARITAS ONDULADA TOMATE X,0,0,"2,100",0
FRITO LAY,7702189028808,PAPAS MARGARITAS TOMATE *32 GR,0,0,"2,500",0
FRITO LAY,7702189042545,PAPAS MEGA PEPPERONI * 42 GR FRITO,0,0,"1,400",0
FRITO LAY,7702189038586,PAPAS ONDULADA QUESO GRATINADO X,280,0,0,0
FRITO LAY,7702193103102,QUAKER AVENA HARINA * 400 GR,0,0,"4,000",0
FRITO LAY,7702193100927,QUAKER AVENA HOJUELA * 400 GR,0,0,"5,800",0
FRITO LAY,7702193623389,QUAKER AVENA HOJUELA * 960 GR,0,0,"8,900",0
FRITO LAY,7702189037558,QUAKER FRUTAS Y CEREALES,0,0,"1,000",0
FRITO LAY,7702189027832,QUAKER GALLETA AVENA CHOCOLATE *,200,0,"11,900",0
FRITO LAY,7702189036223,QUAKER GALLETA FRUTOS ROJOS 408 GR,0,0,"20,000",0
FRITO LAY,7702189053282,QUAKER GALLETAS INTEGRALES GRANOLA,0,0,"2,200",0
FRITO LAY,7702050008885,ROSQUITAS CRONCH 17G,0,0,0,0
FRITO LAY,7702189050076,ROSQUITAS MARGARITA PQT X 15 GR,0,0,0,0
FRITO LAY,7702189009944,TRISSITOS FAM 45 G,0,0,0,0
FRUVERFIT,7709162241032,GRANOLA MIX *300 GR,0,0,"13,600",0
FRUVERFIT,7709162241070,HARINA DE BANANO DESHIDRATADO X,2000,0,"5,300",0
FRUVERFIT,7709831354872,SNACK BANANO,0,0,"4,800",0
FRUVERFIT,7709831354858,SNACK MANGO,0,0,"4,800",0
FRUVERFIT,7709343768280,SNACK MIXTURA,0,0,"5,800",0
FRUVERFIT,7709831354827,SNACK PIÃ‘A,0,0,"4,800",0
FUNAT ,7706849118397,ACEITE DE COCO * 200 ML,0,0,"38,100",0
FUNAT ,7706849116614,ANTAX DIGEST * 100 TAB,0,0,"20,000",0
FUNAT ,7706849118021,ANTAX SUSPENCION DE CALENDULA *,3600,0,"61,200",0
FUNAT ,7706489111336,ESTEVIA ENDULZANTE NATURAL CJA *,500,0,"27,000",0
FUNAT ,7706849110445,LEVADURA DE CERVEZA + VITAMINAS *,10,0,"23,800",0
FUNAT ,7707237630200,RHEUMADAUL *60 CAP,0,0,"44,000",0
FUNAT ,7706849111091,TE MATCHA * 100 GR,0,0,"88,400",0
FUNAT ,7706849116867,TOTUMO FITO SIN AZUCAR JB FCO *,2400,0,"15,100",0
FUNAT ,7706849110360,VALERIANA * 60 ML,0,0,"16,700",0
FUNAT ,7707306380135,ZARZANAT FCO *360 ML,0,0,"18,900",0
GADOR ,7707279930221,ACLADERM MAX EMULGEL ACLARANTE *30,0,0,"118,000",0
GADOR ,7501701400739,ATRIPLA 600 MG +200 MG +300 MG *,300,0,"773,500",0
GADOR ,7709990261219,CRONODERM C * 30 GR,0,0,"129,900",0
GADOR ,7707279930016,DALIC GEL *240 ML,0,0,"55,000",0
GADOR ,7709990261257,DALIC S *100 GR,0,0,"42,000",0
GADOR ,7792183000788,DESIRE 2 MG * 28 TAB,0,0,"78,500",0
GADOR ,7792183490367,RUBI *28 TAB,0,0,"29,600",0
GADOR ,7709990261295,SUNALOE FLUIDO 50+ PROTECTOR SOLAR,0,0,"89,500",0
GALAVIS ,7702182000016,CAFE GALAVIS X 50 GR,0,0,"2,500",0
GALBBENI SAS,7709890697354,PLUS FOOD X 245G,0,0,"35,200",0
GALBBENI SAS,7709890697323,SCARE CREMA * 60 GR,0,0,"74,000",0
GALDERMA DE ,7798007730534,ARCOLANE SHAMPOO 2% * 100 ML,0,0,"85,600",0
GALDERMA DE ,3499320000567,BENZAC AC 2.5% * 60 GR,0,0,"62,900",0
GALDERMA DE ,3499320000765,BENZAC AC 5% * 60 GR,0,0,"119,900",0
GALDERMA DE ,7613035393448,CETAPHIL BABY LOCION HIDRATANTE *,30,0,"91,700",0
GALDERMA DE ,302993923046,CETAPHIL BARRA DERMOLIMPIADORA *,120,0,"58,200",0
GALDERMA DE ,7707184941978,CETAPHIL CREMA HIDRATANTE * 453 GR,0,0,"140,000",0
GALDERMA DE ,3499320004473,CETAPHIL DERMACONTROL HIDRATANTE *,0,0,"153,000",0
GALDERMA DE ,302993925040,CETAPHIL JABON ANTIBACTERIAL BARRA,0,0,"51,600",0
GALDERMA DE ,3499320008341,CETAPHIL JABON BARRA ANTIBACTERIAL,0,0,"59,000",0
GALDERMA DE ,3499320015530,CETAPHIL LIMPIADOR GEL FACIAL PIEL,0,0,"110,000",0
GALDERMA DE ,7897930761674,CETAPHIL LOCION ULTRAHUMECTANTE *,20,0,"119,900",0
GALDERMA DE ,7612076457256,CETAPHIL PROTECTOR SOLAR SUN SPF,500,0,"155,000",0
GALDERMA DE ,772618232950,CETAPHIL RESTORADERM HIDRATANTE *,20,0,"150,000",0
GALDERMA DE ,3499320003728,CETAPHIL SHAMPOO X 200 ML,0,0,"61,700",0
GALDERMA DE ,3499320003827,CLOB X SHAMPOO * 125 ML,0,0,"175,400",0
GALDERMA DE ,7897930760981,CLOB-X CREMA X 30 GRS,0,0,"58,000",0
GALDERMA DE ,3499320001656,DIFFERIN CREMA * 30 GRS,0,0,"85,300",0
GALDERMA DE ,3499320000659,EFFICORT CREMA X 30 GRS,0,0,"93,600",0
GALDERMA DE ,3499320003087,EPIDUO GEL * 30 GR,0,0,"164,300",0
GALDERMA DE ,3499320001496,ERYACNE GEL X 30 GRS,0,0,"63,100",0
GALDERMA DE ,3499320000680,IONAX SCRUB X 60 GRS,0,0,"73,600",0
GALDERMA DE ,3499320002523,LOCERYL LACA 50 MG * 2.5 ML,0,0,"132,900",0
GALDERMA DE ,3499320001359,NUTRACORT LOCION * 120 ML,0,0,"94,900",0
GALDERMA DE ,3499320000291,ROZEX GEL * 30 GR,0,0,"145,000",0
GEDEON RICHT,5997001306130,ESMYA 5 MG * 28 TAB,0,0,"551,000",0
GEDEON RICHT,7703689000455,POSTINOR * 1 TAB,0,0,"16,000",0
GEDEON RICHT,7703689000189,POSTINOR * 2 TAB,0,0,"18,100",0
GEDEON RICHT,5997001361887,TEJANIA * 28 TAB,0,0,"14,800",0
GENFAR ,7705959885922,ACETAMINOFEN + CAFEINA 500 MG / 65,0,0,"46,800",0
GENFAR ,7705959884413,ACETAMINOFEN CODEINA 325/30 MG *,100,0,"14,200",0
GENFAR ,7705959884420,ACETAMINOFEN CODEINA 325/30 MG *,300,0,"38,500",0
GENFAR ,7702605102037,ACETAMINOFEN GOTAS * 30 ML,0,0,"10,100",0
GENFAR ,7702605100071,ACETAMINOFEN JBE * 60 ML,0,0,"4,600",0
GENFAR ,7702605108701,ACETAMINOFEN JBE * 90 ML,0,0,"8,800",0
GENFAR ,7705959885458,ACETAMINOFEN KIDS 100 MG GOTAS *,300,0,"11,700",0
GENFAR ,7702605108510,ACETATO DE ALUMINIO * 120 ML,0,0,"5,200",0
GENFAR ,7705959012601,ACETATO DE ALUMINIO * 25 S/S,0,0,"40,000",0
GENFAR ,7705959012397,ACIDO ACETILSALICILICO 100 MG *,1000,0,"40,000",0
GENFAR ,7705959012403,ACIDO ACETILSALICILICO 100 MG * 30,0,0,"13,800",0
GENFAR ,7702605100088,ACIDO FUSIDICO CREMA * 15 GR,0,0,"15,500",0
GENFAR ,7702605100170,ALBENDAZOL 200 MG * 2 TAB,0,0,"3,500",0
GENFAR ,7702605100446,AMLODIPINO 10 MG * 10 TAB,0,0,"11,600",0
GENFAR ,7702605100392,AMLODIPINO 5 MG * 10 TAB,0,0,"7,000",0
GENFAR ,7702605100385,AMOXICILINA 250 MG * 100 ML,0,0,"12,500",0
GENFAR ,7705959012823,BETAHISTINA DICLORHIDRATO 8 MG *,500,0,"91,500",0
GENFAR ,7702605104284,BETAMETASONA 4 MG * 10 AMP,0,0,"44,500",0
GENFAR ,7702605104291,BETAMETASONA 8 MG * 10 AMP,0,0,"68,500",0
GENFAR ,7702605101061,BETAMETASONA CREMA 0.05% * 40 GR,0,0,"19,700",0
GENFAR ,7702605103720,CANDESARTAN 8 MG * 14 TAB,0,0,"7,300",0
GENFAR ,7702605100682,CEFALEXINA 250 MG * 60 ML,0,0,"12,100",0
GENFAR ,7702605104031,CEFRADINA 1 GM AMP,0,0,"12,900",0
GENFAR ,7702605103645,CEFTRIAXONA 1 GR AMP,0,0,"15,000",0
GENFAR ,7702605103638,CEFTRIAXONA 500 MG AMP,0,0,"14,000",0
GENFAR ,7705959012908,CETIRIZINA DICLORHIDRATO 0.1% JB *,0,0,"14,000",0
GENFAR ,7891317207274,CICLOBENZAPRINA 10 MG * 15 TAB,0,0,"42,500",0
GENFAR ,7702605102211,CLARITROMICINA 500 MG * 10 TAB,0,0,"41,100",0
GENFAR ,7705959012946,CLINDAMICINA 1% SOL TOPICA * 30 ML,0,0,"45,300",0
GENFAR ,7705959013318,CLONIDINA 0.15 MG * 20 TAB,0,0,"16,000",0
GENFAR ,7702605107001,CLOPIDOGREL 75 MG * 14 TAB,0,0,"15,300",0
GENFAR ,7702605107643,COMPLEJO B * 250 TAB,0,0,"66,100",0
GENFAR ,7702605107346,COMPLEJO B AMP * 10 ML,0,0,"45,000",0
GENFAR ,7706263001534,CONMEL 324 * 100 TAB,0,0,"26,000",0
GENFAR ,7702605106257,CROMOGLICATO DE SODIO 2% NASAL *,100,0,"11,500",0
GENFAR ,7702605106059,CROMOGLICATO DE SODIO 4% NASAL *,100,0,"15,000",0
GENFAR ,7702605105571,DEXAMETASONA 4 MG * 10 AMP,0,0,"39,500",0
GENFAR ,7702605105564,DEXAMETASONA 4 MG AMP,0,0,"2,500",0
GENFAR ,7702605105595,DEXAMETASONA 8 MG * 10 AMP,0,0,"46,400",0
GENFAR ,7702605100866,DICLOFENACO 50 MG * 30 TAB,0,0,"8,100",0
GENFAR ,7702605106509,DIPIRONA 1 GR * 2 ML AMP,0,0,"4,200",0
GENFAR ,7702605107131,DOMPERIDONA SUSP * 60 ML,0,0,"52,000",0
GENFAR ,7702605100996,ERITROMICINA 250 MG * 60 ML,0,0,"21,000",0
GENFAR ,7702605101214,FUROSEMIDA 20 MG * 10 AMP,0,0,"34,100",0
GENFAR ,7702605107995,GENFARGRIP * 100 TAB,0,0,"110,000",0
GENFAR ,7702605107902,GENFARGRIP * 12 TAB,0,0,"17,000",0
GENFAR ,7702605108268,GENFARGRIP JBE * 60 ML,0,0,"15,000",0
GENFAR ,7702605107360,GENFARGRIP NOCHE,0,0,"16,700",0
GENFAR ,7702605109135,GLIBENCLAMIDA 5 MG * 30 TAB,0,0,"19,800",0
GENFAR ,7702605107919,GRIPTOTAL * 100 TAB,0,0,"115,800",0
GENFAR ,7705959013561,HEDERA HELIX JBE * 100 ML,0,0,"28,500",0
GENFAR ,7702605101436,HIDROCLOROTIAZIDA 50 MG * 30 TAB,0,0,"5,000",0
GENFAR ,7702605101535,ISOCONAZOL CREMA * 20 GR,0,0,"22,000",0
GENFAR ,7702605104321,IVERMECTINA 0.6 % GOTAS * 5 ML,0,0,"13,500",0
GENFAR ,7702605101825,KETOPROFENO * 6 AMP,0,0,"32,700",0
GENFAR ,7702605101818,KETOPROFENO 200 MG * 10 TAB,0,0,"10,500",0
GENFAR ,7702605101573,KETOROLACO * 10 TAB,0,0,"6,000",0
GENFAR ,7702605101580,KETOROLACO * 5 AMP,0,0,"41,500",0
GENFAR ,7702605337606,KETOROLACO 30 MG * 10 AMP,0,0,"100,300",0
GENFAR ,7702605101610,KETOTIFENO  * 100 ML,0,0,"12,400",0
GENFAR ,7705959880316,LOSARTAN * 100 MG * 100 TAB,0,0,"83,000",0
GENFAR ,7702605890194,LOSARTAN + HIDROCLOROTIAZIDA 50 MG,0,0,"42,100",0
GENFAR ,7705959000141,LOSARTAN 100 MG * 30 TAB,0,0,"50,200",0
GENFAR ,7705959013516,MEMANTINA 10 MG * 28 TAB,0,0,"62,000",0
GENFAR ,7705959880491,METFORMINA 850 MG * 30 TAB,0,0,"30,600",0
GENFAR ,7702605103324,METOCLOPRAMIDA GOTAS * 30 ML,0,0,"5,100",0
GENFAR ,7702605108497,",7NITAZOXANIDA SUSP * 30 ML",0,0,"16,900",0
GENFAR ,7702605108503,NITAZOXANIDA SUSP * 60 ML,0,0,"20,000",0
GENFAR ,7705959000059,OLANZAPINA 5 MG * 14 TAB,0,0,"39,000",0
GENFAR ,7705959881351,OLANZAPINA 5MG * 14 TAB,0,0,"39,100",0
GENFAR ,7705959884185,PREGABALINA 75 MG * 30 CAP,0,0,"33,900",0
GENFAR ,7706263006331,PRIMPERAN * 20 TAB,0,0,"8,000",0
GENFAR ,7705959881016,QUETIAPINA 25 MG * 30 TAB,0,0,"14,500",0
GENFAR ,7705959885762,RIVAROXABAN 15 MG * 30 TAB,0,0,"136,800",0
GENFAR ,7705959885731,ROSUVASTATINA 10 MG * 28 TAB,0,0,"138,300",0
GENFAR ,7702605102839,SECNIDAZOL 250 MG  * 4 TAB,0,0,"3,500",0
GENFAR ,7702605103836,SECNIDAZOL 750 MG * 15 ML,0,0,"15,000",0
GENFAR ,7702605104079,SULFADIAZINA PLATA CREMA * 30 GR,0,0,"14,700",0
GENFAR ,7705959884390,TADALAFILO 20 MG * 1 TAB,0,0,"20,000",0
GENFAR ,7705959884352,TADALAFILO 5 MG  * 28 TAB,0,0,"86,400",0
GENFAR ,7705959013080,",7TERAZOSINA 2 MG * 14 TAB",0,0,"18,000",0
GENFAR ,7702605102655,TRIMETOPRIM SULFA F 160/800MG *,1000,0,"57,500",0
GENFAR ,7702605102785,TRIMETOPRIM SULFA SUSP * 120 ML,0,0,"10,500",0
GENFAR ,7702605111602,VALACICLOVIR 500 MG * 10 TAB,0,0,"106,000",0
GENFAR ,7705959881436,VALSARTAN 80 MG * 14 TAB,0,0,"19,500",0
GENFAR ,7702605108343,VERAPAMILO 80 MG * 50 TAB,0,0,"8,000",0
GENFAR ,7702605909261,VITAMINA C + ZINC 500 MG FRESA *,120,0,"7,000",0
GENFAR ,7702605909285,VITAMINA C + ZINC 500 MG MANDARINA,0,0,"7,000",0
GENFAR ,7702605909308,VITAMINA C + ZINC 500 MG NARANJA *,0,0,"7,000",0
GENFAR ,7702605109234,VITAMINA C 500 MG + ZINC CHICLE *,10,0,"48,000",0
GENFAR ,7702605109258,VITAMINA C 500 MG + ZINC FRESA *,100,0,"77,000",0
GENFAR ,7702605103027,VITAMINA C 500MG NARANJA BOLSA *,120,0,"4,800",0
GENFAR ,7702605103097,VITAMINA C 500MG NARANJA BOLSA *,120,0,"36,000",0
GENFAR ,7702605103683,YODOPOVIDONA ESPUMA * 120 ML,0,0,"8,800",0
GENFAR ,7702605102952,YODOPOVIDONA SOL * 60 ML,0,0,"6,200",0
GENFAR INSTI,7705959880361,ACIDO ACETILSALICILICO 100 MG *,9000,0,"50,000",0
GENFAR INSTI,7702605182626,BETAMETASONA+CLOTRIMAZOL+NEOMICINA,0,0,"5,000",0
GENFAR INSTI,7705959884260,DIHIDROCODEINA JBE * 120 ML,0,0,"15,000",0
GENFAR INSTI,7705959885175,ESOMEPRAZOL 40 MG * 150 TAB,0,0,"100,000",0
GENFAR INSTI,7702605181858,TRIMETOPRIM + SULFAMETOXAZOL  *,1000,0,"58,000",0
GENOMMA LABO,650240010583,ASEPXIA BB MAQUILLAJE ANTI-IMPERFE,0,0,"35,000",0
GENOMMA LABO,650240009549,ASEPXIA BB MAQUILLAJE ANTI-IMPERFE,0,0,"38,500",0
GENOMMA LABO,650240036316,ASEPXIA BB POLVO COMPACTO BRONCE X,0,0,"28,000",0
GENOMMA LABO,7798140259435,ASEPXIA CREMA EXFOLIANTE CARBON *,10,0,"34,900",0
GENOMMA LABO,650240004018,ASEPXIA GEL HERBAL PARA DUCHA *,2500,0,"12,000",0
GENOMMA LABO,650240036965,ASEPXIA JABON BICARBONATO DE SODIO,0,0,"16,000",0
GENOMMA LABO,650240004766,ASEPXIA LOCION ASTRINGENTE FCO *,180,0,"14,500",0
GENOMMA LABO,650240009532,ASEPXIA POLVO COMP BRONCE MATEX 10,0,0,"24,700",0
GENOMMA LABO,650240004001,ASEPXIA SPOT X 28 GRS,0,0,"25,800",0
GENOMMA LABO,650240004223,ASEPXIA TOALLITAS X 10 UNDS,0,0,"15,470",0
GENOMMA LABO,650240004216,ASEPXIA TOALLITAS X 25 UNDS,0,0,"26,180",0
GENOMMA LABO,7798140250371,CICATRICURE BEAUTY CARE SPRAY * 40,0,0,"33,500",0
GENOMMA LABO,650240006753,CICATRICURE CREMA CONTORNO OJOS X,80,0,"32,000",0
GENOMMA LABO,650240009730,CICATRICURE CREMA COP. REAFIRMANTE,0,0,"21,600",0
GENOMMA LABO,650240014598,CICATRICURE CREMA REAFIRMANTE X,4000,0,"21,600",0
GENOMMA LABO,650240057304,CICATRICURE EYE CREAM ANTI ARRUGAS,0,0,"68,500",0
GENOMMA LABO,650240001864,CICATRICURE GEL CICATRICES * 60 GR,0,0,"69,800",0
GENOMMA LABO,650240034145,CICATRICURE GEL CICATRICES * 60+30,0,0,"58,600",0
GENOMMA LABO,7798140259398,CICATRICURE GOLD LIFT NOCHE X 50G,0,0,"85,000",0
GENOMMA LABO,650240024962,CICATRICURE PANTALLA SOLAR FPS 50+,0,0,"46,700",0
GENOMMA LABO,650240005428,DALAY X 30 CAPS,0,0,"24,000",0
GENOMMA LABO,041333001043,DURACELL 9V * 1 UND,0,0,"22,500",0
GENOMMA LABO,041333016634,DURACELL AA * 1 UND,0,0,"4,000",0
GENOMMA LABO,041333001005,DURACELL AA * 2 UND,0,0,"8,000",0
GENOMMA LABO,7506195153628,DURACELL AA * 2 UND,0,0,"8,000",0
GENOMMA LABO,041333014630,DURACELL AA * 2 UND,0,0,"8,000",0
GENOMMA LABO,041333428482,DURACELL AAA * 1 UND,0,0,"4,000",0
GENOMMA LABO,7506195153635,DURACELL AAA * 2 UND,0,0,"8,000",0
GENOMMA LABO,41333001098,DURACELL AAA * 4 UND,0,0,"18,900",0
GENOMMA LABO,041333000985,DURACELL D * 2 UND,0,0,"29,900",0
GENOMMA LABO,650240012693,GOICOECHEA ARNICA X 400 ML,0,0,"27,965",0
GENOMMA LABO,650240032356,GOICOECHEA ARNICA Y MANZANILLA *,400,0,"43,300",0
GENOMMA LABO,650240004605,GOICOECHEA CREMA ANTICELULITISX,4000,0,"23,400",0
GENOMMA LABO,650240026744,GOICOECHEA CREMA CON ALGAS MARINAS,0,0,0,0
GENOMMA LABO,650240026768,GOICOECHEA CREMA CON GINKGO BILOBA,0,0,0,0
GENOMMA LABO,650240009662,GOICOECHEA CREMA MAMÃ€ FCO * 400ML,0,0,"16,000",0
GENOMMA LABO,650240004445,GOICOECHEA CREMA ULTRA NUTRITIVA *,0,0,"15,700",0
GENOMMA LABO,650240010873,GOICOECHEA JALEA REAL X 400 ML,0,0,"27,965",0
GENOMMA LABO,650240014307,HENNA EGIPCIA CHOCOLATE ACOND X,2500,0,"16,400",0
GENOMMA LABO,650240014284,HENNA EGIPCIA CHOCOLATE SHAMPOO X,20,0,"12,400",0
GENOMMA LABO,650240014291,HENNA EGIPCIA DORADO SHAMPOO X 250,0,0,"12,400",0
GENOMMA LABO,650240014345,HENNA EGIPCIA NEGRO ACOND X 250 ML,0,0,"12,400",0
GENOMMA LABO,650240030840,LOMECAN 200 MG * 3 OVULOS,0,0,"56,000",0
GENOMMA LABO,650240006173,LUBRICANTE FORCE HOMBRE X  10 GRS,0,0,"24,000",0
GENOMMA LABO,650240003202,LUBRICANTE MULTI-O MUJER X 10 GRS,0,0,"29,800",0
GENOMMA LABO,650240023965,NEXT GL GRIPA * 10 TAB,0,0,"14,000",0
GENOMMA LABO,650240073182,NIKZON * 14 CAP,0,0,"68,000",0
GENOMMA LABO,7709990384987,SHOT B * 30 CAP,0,0,"47,900",0
GENOMMA LABO,650240004759,SILUET 40 JABON ULTRA SILUET BARRA,0,0,"7,500",0
GENOMMA LABO,650240032691,TEATRICAL CREMA FACIAL ANTIARRUGAS,0,0,"30,800",0
GENOMMA LABO,650240032738,TEATRICAL CREMA FACIAL ANTIARRUGAS,0,0,"46,400",0
GENOMMA LABO,650240077524,TEATRICAL CREMA FACIAL COREANA *,100,0,"32,500",0
GENOMMA LABO,650240077531,TEATRICAL CREMA FACIAL COREANA *,200,0,"47,000",0
GENOMMA LABO,650240014581,TIO NACHO ANTI-EDAD ACOND ACLARADO,0,0,"36,000",0
GENOMMA LABO,650240034176,TIO NACHO ENGROSADOR SHAMPOO+ACOND,0,0,"26,900",0
GENOMMA LABO,650240061011,TIO NACHO HERBOLARIA MILENARIA *,900,0,"45,500",0
GENOMMA LABO,650240011832,TIO NACHO SHAMPOO ACLARADO NATURAL,0,0,"37,800",0
GENOMMA LABO,650240021374,TIO NACHO SHAMPOO CONTROL CASPA X,40,0,"17,500",0
GENOMMA LABO,650240061141,TIO NACHO SHAMPOO ENGROSADOR * 950,0,0,"46,700",0
GENOMMA LABO,7798140258490,TIO NACHO SHAMPOO ULTRA HIDRATANTE,0,0,"31,900",0
GENOMMA LABO,650240037832,TIO NACHO ULTRA HIDRATANTE SHAMPOO,0,0,"34,600",0
GENOMMA LABO,650240006715,TOUCH ME CREMA DEPIL. VELLO GRUESO,0,0,0,0
GENOMMA LABO,7709990384949,UNESIA CREMA * 20 GR,0,0,"36,900",0
GENOMMA LABO,650240069932,X RAY DOL * 80 TAB,0,0,"159,200",0
GENOMMA LABO,650240000027,X RAY GEL 1% * 30 GR,0,0,"34,500",0
GERCO ,7707210530015,CALADERM LOCION * 120 ML,0,0,"28,500",0
GERCO ,7707210531678,CALADERM MANTOPIEL SUPER COMBO *,340,0,0,0
GERCO ,7707210530053,CHAMPIOJO * 24 S/S,0,0,"49,200",0
GERCO ,7707210530060,CHAMPIOJO * 24 S/S,0,0,"49,200",0
GERCO ,7707210531227,CHAMPIOJO RINSE NATURAL LIMON *,1200,0,"25,000",0
GERCO ,05645645,FORZ CREMA * 24 S/S,0,0,"104,300",0
GERCO ,7707210530541,FORZ CREMA * 30 GR,0,0,"31,000",0
GERCO ,7707210530107,FORZ CREMA * 60 GR,0,0,"39,400",0
GERCO ,7707210531043,FORZ SPORT CREMA ANTIROZADURAS *,600,0,"35,900",0
GERCO ,7707210530046,KAOXITURA CEREZA * 120 ML,0,0,"20,000",0
GERCO ,7707210530169,OTOGLICAR * 30 ML,0,0,"10,000",0
GERCO ,7707210530213,SIVITAM GOTAS *30 ML,0,0,"17,500",0
GERCO ,7707210530855,SUPER FORZ SPORT LINIMENTO SPRAY *,0,0,"54,000",0
GERCO ,7707210531074,SUPER FORZ SPORT LINIMENTO SPRAY *,0,0,"54,000",0
GERCO ,7707210530244,TESEIS JBE * 120 ML,0,0,"20,900",0
GFC ,7709012750028,DREPACTIL * 30 CAP,0,0,"36,000",0
GFC ,7708987990835,FILTRO MAX PROT SOLAR SPF50+ CREMA,0,0,"55,000",0
GFC ,7709259315653,FILTRO MAX PROT/SOLAR SPF50 GEL *,60,0,"55,000",0
GFC ,7709259315639,GFC VIT * 30 CAP,0,0,"35,000",0
GFC ,7708987990873,GFCBLOCK PROTECTOR SOLAR SPF50 GEL,0,0,"55,000",0
GFC ,7709835293122,GFCDOL GEL * 60 GR,0,0,"40,000",0
GFC ,7709835293177,RETAXONID 500MG * 6 TB + DREPACTIL,0,0,"39,900",0
GIMED SA,7707341200191,ACEITE DE ALMENDRAS * 220 ML,0,0,"40,200",0
GIMED SA,7707341204953,ACIDO HIALURONICO REAFIRMANTE *,1000,0,"19,000",0
GIMED SA,7707341202546,AFTER SUMMER GEL SOLAR * 300 GR,0,0,"58,000",0
GIMED SA,7707341200672,ALGISIL JBE NINOS *90 ML,0,0,"18,700",0
GIMED SA,7707341200511,ALKADOL 400 MG X 36 CAPS,0,0,0,0
GIMED SA,7707341200801,ALLPAR 500 MG X 6 TABLS,0,0,"78,200",0
GIMED SA,7707341200825,ALLPAR SUSP X 30 ML,0,0,"63,600",0
GIMED SA,7707341202362,ANFORAL SUSP * 350 ML,0,0,"44,000",0
GIMED SA,7707341201594,BABYLIND COLONIA DULCES CARICIAS X,0,0,"20,000",0
GIMED SA,7707341201600,BABYLIND COLONIA DULCES SUENOS X,200,0,"62,500",0
GIMED SA,7707341201617,BABYLIND COLONIA GOTAS DE AMOR X,200,0,0,0
GIMED SA,7707341200245,BABYLIND CREMA X 60 GR,0,0,"20,500",0
GIMED SA,7707341200313,BIOFERMIN JALEA X 260 GRS,0,0,"36,900",0
GIMED SA,7707341200337,BIOFERMIN JBE X 120 ML,0,0,0,0
GIMED SA,7707341200320,BIOFERMIN JBE X 240 ML,0,0,"38,550",0
GIMED SA,7707341201082,BLOCK SUMMER SPF 50 X 60 GRS,0,0,0,0
GIMED SA,7707341201068,CALCIVITAL *30 CAP,0,0,"59,600",0
GIMED SA,7707341203574,CALEDOL * 30 TAB,0,0,"29,200",0
GIMED SA,7707341200580,CALSUIT D FRESA X 400 GRS,0,0,"48,000",0
GIMED SA,7707341200597,CALSUIT D VAINILLA X 400 GRS,0,0,0,0
GIMED SA,7707341200788,CICAL X 60 GRS,0,0,"52,200",0
GIMED SA,7707341205899,CIPRODAN * 5 ML,0,0,"65,000",0
GIMED SA,7707341201525,CLINDAMICINA 2 % CREMA VAGINAL *,400,0,"30,000",0
GIMED SA,7707341200665,CORTICOL 3 * 20 GR,0,0,"41,000",0
GIMED SA,7707341200115,CORTICOL 3 * 40 GR,0,0,"62,100",0
GIMED SA,7707341201495,CORTICOL 3 * 5 ML,0,0,"56,300",0
GIMED SA,7707341200252,CRANBERRY (ARANDANO) X 30 CAPS,0,0,"27,500",0
GIMED SA,7707341209798,CREMA CALENDULA NATURAL DYNAMIC *,90,0,"39,300",0
GIMED SA,7707341201280,DERMOTRIZOL * 20 GR,0,0,"73,000",0
GIMED SA,7707341200474,DRENOTON X 30 CAPS,0,0,"57,000",0
GIMED SA,7707341200528,DYNALAX 50 MG X 15 CAPS,0,0,0,0
GIMED SA,7707341200764,DYNASEX 50 MG *2 TAB,0,0,"24,500",0
GIMED SA,7707341202621,EFRIME SOL BUCOFARINGEO 1.4% MENTA,0,0,"31,100",0
GIMED SA,7707341206681,EFRIMEL NASAL * 60ML,0,0,"62,500",0
GIMED SA,7707341200696,EFRIMEL TOS JBE ADULT X 120 ML,0,0,"45,300",0
GIMED SA,7707341203529,ENHEBRADORES DENTAL ORAL LIFE * 26,0,0,"19,800",0
GIMED SA,7707341202898,ENJUAGUE BUCAL ORAL LIFE MENTA *,250,0,"24,600",0
GIMED SA,7707341202867,EVAFLEN JB * 120 ML,0,0,"35,100",0
GIMED SA,7707341200085,FERZIFOL X 30 CAP,0,0,"51,900",0
GIMED SA,7707341200344,FIBRADYN NARANJA X 300 GRS,0,0,"51,500",0
GIMED SA,7707341203819,FISOHEX GEL *500 GR,0,0,"30,000",0
GIMED SA,7707341203789,FITOCUREX * 15 GR,0,0,"59,976",0
GIMED SA,7707341203550,FITOCUREX * 60 GR,0,0,"91,100",0
GIMED SA,7707341200542,FLAVOFEME X 30 CAPS,0,0,0,0
GIMED SA,7707341203413,FLEXIDYN 480 MG *10 CAP BLANDAS,0,0,"38,500",0
GIMED SA,7707341201006,FLEXIDYN UNG X 40 GR,0,0,0,0
GIMED SA,7707341201129,FLEXIDYN X 30 CAP,0,0,"78,500",0
GIMED SA,7707341200917,FOSFOVITRON X 30 CAP,0,0,"62,300",0
GIMED SA,7707341203505,FUNGOFIN 1% * 15 GR,0,0,"45,000",0
GIMED SA,7707341201013,FUSITOP 2% * 15 GR,0,0,"58,000",0
GIMED SA,7707341200870,GASDOL DOBLE ACCION MENTA SUSP *12,0,0,"39,800",0
GIMED SA,7704189107514,GINKGO BILOBA 40 MG X 30 CAPS,0,0,0,0
GIMED SA,7707341202133,GREEN FLEX *160 GR,0,0,"58,500",0
GIMED SA,7707341203406,HEPATROL * 10 CAP,0,0,"40,700",0
GIMED SA,7707341201891,HEPATROL * 30 CAP,0,0,"97,500",0
GIMED SA,7707341201440,HOIST CREMA VOLUMINIZANTE BUSTOS Y,0,0,0,0
GIMED SA,7707341203635,ILUMINADOR JULIENNE ROSTRO PALO DE,0,0,"20,000",0
GIMED SA,7707341208364,JULIENNE CREMA EXFOLIANTE BAÃ‘O DE,0,0,"35,800",0
GIMED SA,7707197601173,JULIENNE CREMA HUMECTANTE DIA,0,0,"50,600",0
GIMED SA,7707341208746,JULIENNE DERMO LIMPIADOR FACIAL *,20,0,"46,000",0
GIMED SA,7707197602644,JULIENNE DESO CLINICAL WOMEN ROLON,0,0,"13,300",0
GIMED SA,7707341206018,JULIENNE SHAMPOO FORTALECIMIENTO Y,0,0,"41,200",0
GIMED SA,7707341208852,JULIENNE TINTE ESTUCHE DOBLE NEGRO,0,0,"37,000",0
GIMED SA,7707341200375,KENAPELL ZINC SHAMPOO *180 ML,0,0,"72,900",0
GIMED SA,7707860027019,KIT DE ORTODONCIA ORAL,0,0,"49,800",0
GIMED SA,7707341207893,LACTOLIOFIL *10 CAP,0,0,"78,302",0
GIMED SA,7707296440109,LEVADURA DE CERVEZA X 90 CAPS,0,0,0,0
GIMED SA,7707341201051,LIDAL * 10 OVULOS,0,0,"34,000",0
GIMED SA,7707341202164,LIDALCLIN * 3 OVULOS,0,0,"93,600",0
GIMED SA,7707341203215,LIDALCYD JABON INTIMO CALE-VIN-MAN,0,0,"24,700",0
GIMED SA,7707341200771,MAXPAR SUSP *20 ML,0,0,"32,500",0
GIMED SA,7707341200092,MEDIPRIM F * 10 TAB,0,0,"51,000",0
GIMED SA,7707341200443,MEGALL CJA * 30 CAPS,0,0,"43,200",0
GIMED SA,7707341200436,MONIDEM 20 MG X 10 CAP,0,0,"33,500",0
GIMED SA,7707341200429,MONIDEM GEL 0.5% * 30 GR,0,0,"40,500",0
GIMED SA,7707341205561,MULTIFUNGUIN 150 MG,0,0,"45,000",0
GIMED SA,7707341200719,NEUMOTOS EXP *120 ML,0,0,"45,700",0
GIMED SA,7707341201884,NIVOX 0.1GR *60 ML,0,0,"62,400",0
GIMED SA,7707341200405,NOCTABEL * 30 CAP,0,0,"63,200",0
GIMED SA,7707341203543,NOCTABEL * 60 ML,0,0,"62,900",0
GIMED SA,7707296440079,OMEGA 3 + EPA X 50 CAPS,0,0,0,0
GIMED SA,7707341200849,ORAZIT *3 TAB,0,0,"62,500",0
GIMED SA,7707296440116,ORTIGA X 90 TABLS,0,0,0,0
GIMED SA,7707341202140,OXIFAT *30 CAP,0,0,"61,700",0
GIMED SA,7707341205967,OXIGENTA 30VOL 9%,0,0,"7,500",0
GIMED SA,7707341201037,PEDIAPLEN FRUTOS ROJOS X 400  GRS,0,0,0,0
GIMED SA,7707341201501,PIOJOL SHAMPOO * 24 S/S,0,0,"76,500",0
GIMED SA,7707341201150,",7PLENVITAL *30 CAP",0,0,"59,546",0
GIMED SA,7707341202805,PRINUROL *60 CAP,0,0,"59,500",0
GIMED SA,7707341203239,PROPOL GING *120 ML,0,0,"28,000",0
GIMED SA,7707341200207,PROPOLEO ADULTO X 120 ML,0,0,0,0
GIMED SA,7707341200603,PROPOLEO NINOS X 120 ML,0,0,0,0
GIMED SA,7707341201112,PROSTATEC X 30 CAP,0,0,0,0
GIMED SA,7707341200160,PURE SUMMER BRONCEADOR ACEITE X,2400,0,0,0
GIMED SA,7707341200146,PURE SUMMER BRONCEADOR CREMA X 120,0,0,0,0
GIMED SA,7707341201549,RIFATOP 1% * 20 ML,0,0,"56,000",0
GIMED SA,7707341201877,SALES DE MAGNESIO COMPLEX CJA * 30,0,0,"47,500",0
GIMED SA,7707341200726,SIBILAR X 120 ML,0,0,"40,800",0
GIMED SA,7707263003108,SILIX 375 MG *10 TAB,0,0,"48,000",0
GIMED SA,7707341200412,SIN-ATER 20 MG X 10 TAB,0,0,0,0
GIMED SA,7707341200047,TEADEL X 30 CAP,0,0,"53,000",0
GIMED SA,7707341201464,TONIFIK GEL MASAJEADOR COPORAL X,180,0,0,0
GIMED SA,7707341205127,TORFAN-EX * 120 ML,0,0,"46,200",0
GIMED SA,7707323530452,TRANSFERIL * 30 CAP,0,0,"80,500",0
GIMED SA,7707341201204,TRANSFERIL X 15 S/S,0,0,"66,000",0
GIMED SA,7707341206384,UREANOVA SYNDET GEL LIMPIADOR *,6500,0,"28,000",0
GIMED SA,7707341205783,UREANOVA SYNDET GEL LIMPIADOR *,8300,0,"38,000",0
GIMED SA,7707341200559,VENAS-TOP CREMA X 60 GR,0,0,"64,000",0
GIMED SA,7707341200566,VENAS-TOP X 30 CAPS,0,0,"48,000",0
GIMED SA,7707341202812,VIROPIR * 10 ML,0,0,"29,300",0
GIMED SA,7707341208333,VISODEX OFT * 5 ML,0,0,"34,700",0
GIMED SA,7707341202263,VISOLIND *30 CAP,0,0,"63,500",0
GIMED SA,7707341200153,VITAMINA E 1000 U.I. * 30 CAPS,0,0,"63,800",0
GIMED SA,7707296160106,VITAMINA E 400 X 50 CAPS,0,0,0,0
GIMED SA,7707341200276,VITAPLEN FRESA X 400 GRS,0,0,0,0
GIMED SA,7707341201044,VITAPLEN MAMA VAINILLA X 400 GR,0,0,0,0
GIMED SA,7707341200283,VITAPLEN VAINILLA X 400 GRS,0,0,0,0
GIMED SA,7707341202447,WINTREX 125 MG / 5 ML SUSP * 80 ML,0,0,"28,500",0
GLAXOSMITHKL,7707172688670,AMOXAL 250MG SUSP * 60 ML,0,0,"34,500",0
GLAXOSMITHKL,7707172688724,AMOXAL 500 MG SUSP * 60 ML,0,0,"33,600",0
GLAXOSMITHKL,7707172686478,AMOXIL JUNIOR * 100 ML,0,0,"43,400",0
GLAXOSMITHKL,7896269903014,BETNOVATE 0.1% CREMA * 30 GR,0,0,"72,200",0
GLAXOSMITHKL,7707172688700,CLAVULIN 250 MG SUSP * 80 ML,0,0,"84,200",0
GLAXOSMITHKL,7707172688694,CLAVULIN JUNIOR 400/57MG * 60 ML,0,0,"91,400",0
GLAXOSMITHKL,7703363000696,DERMOVATE CAPILAR * 60 ML,0,0,"103,000",0
GLAXOSMITHKL,7861028101116,FLIXOTIDE 250 MG * 60 DOSIS,0,0,"66,900",0
GLAXOSMITHKL,7861028101079,FLIXOTIDE 50 MCG * 120 DOSIS,0,0,"27,500",0
GLAXOSMITHKL,7707172689387,KEPPRA 1000 MG * 30 TAB,0,0,"95,300",0
GLAXOSMITHKL,5413787009602,",7KEPPRA IV 500MG/5ML * 10 AMP",0,0,"250,000",0
GLAXOSMITHKL,7707172689394,KEPPRA SOL * 300 ML,0,0,"123,200",0
GLAXOSMITHKL,3401097239125,NAZIDIL SPRAY NASAL * 50 ML,0,0,"37,500",0
GLAXOSMITHKL,7703363006452,RELVAR 100MCG/25MCG INHALADOR * 30,0,0,"115,200",0
GLAXOSMITHKL,7071726874995,SERETIDE 25/125MCG *120 DOSIS,0,0,"108,900",0
GLAXOSMITHKL,5034643009187,VENTILAN OSP INHALADOR * 200 DOSIS,0,0,"29,800",0
GLAXOSMITHKL,7501043171762,VENTILAN SOLUCION NEBULIZACION *,100,0,"41,700",0
GLAXOSMITHKL,7501043173179,ZANTAC JBE * 150 ML,0,0,"113,100",0
GLAXOSMITHKL,75003067,ZENTEL 4% SUSP * 10 ML,0,0,"21,400",0
GLEDC PHARMA,7707357700951,GLED C VIT MASTICABLE TUTTU FRUTTI,0,0,"40,000",0
GLEDC PHARMA,7707357700920,GLED C VIT NARANJA CJA * 100 TB,0,0,"40,000",0
GLENMARK,7709795835738,GLEMONT L * 14 TAB,0,0,"116,500",0
GLENMARK,8904091189649,SIBET 25MCG/50MCG INH AEROSOL  *,120,0,"66,200",0
GLOBAL MARKE,1770728496015,COLFAST * 50 S/S,0,0,"99,000",0
GLORIA COLOM,7702477423896,ALGARRA ALIMENTO LACTEO NUTRIMENTE,0,0,"5,000",0
GLORIA COLOM,7702617021418,CALIFORNIA NECTAR DURAZNO BOT *900,0,0,"8,200",0
GLORIA COLOM,7702617486675,CALIFORNIA NECTAR MANZANA CAJA *,900,0,"7,600",0
GLORIA COLOM,7702477115272,COMPOTA DE MANZANA CALIFORNIA *113,0,0,"3,700",0
GLORIA COLOM,7702617486538,NECTAR CALIFORNIA MANZANA BOT *,1200,0,"8,200",0
GLORIA COLOM,7702617500777,NECTAR CALIFORNIA TAMARINDO FRASCO,0,0,"3,100",0
GLORIA COLOM,7702477422844,YOGURLE MORA *150 ML,0,0,"1,900",0
GLORIA COLOM,7702477424480,YOGURT ALGARRA FRESA BOTELLA *,10000,0,"15,300",0
GLORIA COLOM,7702477424497,YOGURT ALGARRA MELOCOTON BOTELLA *,0,0,"15,300",0
GLORIA COLOM,7702477424435,YOGURT ALGARRA MELOCOTON VASO *,1500,0,"3,300",0
GMD ,6940746473925,CINTA KINESIOLOGICA NEGRA 5 CM * 5,0,0,"25,000",0
GMD ,7709503826317,LINTERNA LUZ LED DE CONTACTO,0,0,"17,500",0
GMD ,7709628672394,NEBULIZADOR INFANTIL,0,0,"197,800",0
GMD ,7709503826324,NUBE COMPRESOR NEBULIZADOR,50000,0,"360,000",0
GMD ,7709934970214,TENSIOMETRO DIGITAL KARDYO,1000,0,"155,000",0
GOTHA PLAS L,7707202164877,BURETA 150 ML,0,0,"6,000",0
GOTHA PLAS L,7707202166031,CLAMP UMBILICAL ESTERIL,0,0,500,0
GOTHA PLAS L,7707265240150,EQUIPO PERICRANEAL # 22G UNIDAD,0,0,"2,500",0
GOTHA PLAS L,7707202167649,TAPON INTERMITENTE LUER LOCK,0,0,800,0
GRAN ANDINA,7707233052105,CEPILLO Y PEINILLA MOBY,0,0,"22,000",0
GRAN ANDINA,7707233050262,CHUPO ENTRETENCION CADENA CORCHITO,0,0,"12,000",0
GRAN ANDINA,7707233050620,CHUPO ENTRETENCION POP CORCHITO *,10,0,"9,000",0
GRAN ANDINA,7707233051337,CHUPO SILICONA REPUESTOS * 2 UND,0,0,"6,000",0
GRAN ANDINA,7707233052709,KIT CUIDADO PERSONAL CORCHITO,0,0,"55,000",0
GRAN ANDINA,7707233050996,MASAJEADOR ENCIAS CLIP MOBY,0,0,"15,000",0
GRAN ANDINA,7707233051184,PROTECTORES DE PEZON REBEBITOS * 2,0,0,"23,400",0
GRAN ANDINA,7707233051092,TETERO ANTIRREFLUJO BABY SENSITIVE,0,0,"17,000",0
GRAN ANDINA,7707233051115,TETERO ANTIRREFLUJO BABY SLIM MOBY,0,0,"17,000",0
GRAN ANDINA,7707233052907,TETERO BABY LIFE MOBY,0,0,"19,000",0
GRAN ANDINA,7707233050354,TETERO PREMATUROS * 2 ONZ,0,0,"9,000",0
GRUNENTHAL C,7861073963509,ADORLAN * 20 TAB,0,0,"99,000",0
GRUNENTHAL C,7861073963585,ADORLAN * 20 TAB,0,0,"99,000",0
GRUNENTHAL C,7702973035456,ALGIFLEX 7.5 MG X 10 TABS,0,0,"28,000",0
GRUNENTHAL C,7702973047015,ANSILAN 20 MG X 20 CAPS,0,0,"72,400",0
GRUNENTHAL C,7701047110327,B CORT 200 MCG * 120 DOSIS,0,0,"190,500",0
GRUNENTHAL C,7701047110372,B CORT 50 MCG * 200 DOSIS,0,0,"188,000",0
GRUNENTHAL C,7703258011240,BELARA 2 MG * 21 TAB,0,0,"28,400",0
GRUNENTHAL C,4032129037649,BELARINA * 28 TAB,0,0,"28,800",0
GRUNENTHAL C,7707213870170,CERAZETTE * 28 COMP,0,0,"15,000",0
GRUNENTHAL C,7861073963455,COLLOPLUS * 10 ML,0,0,"33,700",0
GRUNENTHAL C,7861073971580,COLLOPLUS * 20 ML,0,0,"44,200",0
GRUNENTHAL C,7702973029073,FAZOL CREMA X 30 GRS,0,0,"30,600",0
GRUNENTHAL C,7702973040764,",7FLACOX 120 MG X 90 CAPS",0,0,0,0
GRUNENTHAL C,7703258011226,MICROFEMIN * 21 TAB,0,0,"7,200",0
GRUNENTHAL C,7703258011158,MIRAVELLE SUAVE X 21 TABLS,0,0,0,0
GRUNENTHAL C,7703258010694,REPARIL GEL * 30 GR,0,0,"64,100",0
GRUNENTHAL C,7701047111904,SINALGEN * 10 TAB,0,0,"66,800",0
GRUNENTHAL C,7701047111911,SINALGEN * 30 TAB,0,0,"167,400",0
GRUNENTHAL C,7703258112978,SINALGEN 5MG/325MG * 90 TAB,0,0,"463,500",0
GRUNENTHAL C,7702973029097,TENSARTAN 100 MG X 15 TABLS,0,0,0,0
GRUNENTHAL C,7703258011059,TRAMAL 100 MG AMP,0,0,"16,900",0
GRUNENTHAL C,7861073963080,TRAMAL 50 MG *10 CAP,0,0,"52,900",0
GRUNENTHAL C,7703258011042,TRAMAL 50 MG AMP,0,0,"9,100",0
GRUNENTHAL C,7861073963103,TRAMAL GOTAS *10 ML,0,0,"99,300",0
GRUNENTHAL C,4032129047914,TRANSTEC * 5 PARCHES,0,0,"176,500",0
GRUNENTHAL C,7702973013836,",7VALCYCLOR 1 GR X 21 TABS",0,0,"349,000",0
GRUNENTHAL C,7702973017599,VALCYCLOR 500 MG X 10 TABLS,0,0,"148,500",0
GRUNENTHAL C,7702973037122,VASODYL 25 MG X 30 TABLS,0,0,0,0
GRUNENTHAL C,7861073963547,VERUM 16 MG * 20 TAB,0,0,"134,200",0
GRUNENTHAL C,7861073963554,VERUM 24 MG * 20 TAB,0,0,"180,400",0
GRUNENTHAL C,8024812011438,VERUM 8 MG * 30 TAB,0,0,"124,000",0
GRUNENTHAL C,8024812011131,VERUM 8 MG * 50 TAB,0,0,"170,000",0
GRUNENTHAL C,7861073911302,ZALDIAR * 10 TAB,0,0,"77,900",0
GRUNENTHAL C,7861073911388,ZALDIAR * 20 TAB,0,0,"130,200",0
GRUNENTHAL C,7707172689301,ZYRTEC GOTAS X 15 ML,0,0,"67,900",0
GRUPO DARNEL,645667107183,PAPEL PLASTICO DARNEL WRAP 30.4 CM,0,0,"4,500",0
GRUPO DARNEL,7702458245202,PLATO 18 CM * 20 UND,0,0,"4,000",0
GRUPO DARNEL,7702458000368,PLATO CRYSTAL 16 CM * 6 UND,0,0,"8,500",0
GRUPO DARNEL,645667010186,VINIPEL TRANSPARENTE AUTOADHERENTE,0,0,"5,000",0
GRUPO DARNEL,645667090287,VINIPEL TRANSPARENTE AUTOADHERENTE,0,0,"10,200",0
GRUPO NUTRES,7702032114825,AGUA DIVERSA COLAGENO FRESA/SANDIA,0,0,"3,000",0
GRUPO NUTRES,7702032115099,AROMATICA TOSH MANZANILLA JENGIBRE,0,0,"10,000",0
GRUPO NUTRES,7702007064827,AVENA POP * 300 GR,0,0,"11,000",0
GRUPO NUTRES,7702007063707,BARRAS TOSH ARANDANOS Y NUECES * 6,0,0,"13,400",0
GRUPO NUTRES,7702007063660,BARRAS TOSH CHOCOLATE * 6 UND,0,0,"15,300",0
GRUPO NUTRES,7709071689499,BENET * 60 GOMAS,0,0,"40,200",0
GRUPO NUTRES,7708962939828,BENET * 60 GOMAS,0,0,"31,100",0
GRUPO NUTRES,7709087022969,BENET FRESA * 400 GR,0,0,"45,000",0
GRUPO NUTRES,7708662913388,BENET GOMAS CITRATO DE MAGNESIO *,40,0,"45,000",0
GRUPO NUTRES,7709189214019,BENET GOMAS ZINC + VITAMINA C * 60,0,0,"42,000",0
GRUPO NUTRES,7709362280503,BENET KIDS GOMAS ZINC + VITAMINA C,0,0,"38,000",0
GRUPO NUTRES,7708957106280,BENET MULTIVITAMINAS Y MINERALES *,0,0,0,0
GRUPO NUTRES,7708662913944,BENET PROTEINA ACTIVE FRUTOS ROJOS,0,0,"9,800",0
GRUPO NUTRES,7709361725296,BENET PROTEINA ACTIVE FRUTOS ROJOS,0,0,"8,500",0
GRUPO NUTRES,7708662913487,BENET PROTEINA ACTIVE FRUTOS ROJOS,0,0,"27,800",0
GRUPO NUTRES,7708662913319,BENET PROTEINA ACTIVE VAINILLA *,250,0,"9,800",0
GRUPO NUTRES,7708662913180,BENET PROTEINA ACTIVE VAINILLA *,340,0,"73,200",0
GRUPO NUTRES,7709225626493,BENET PROTEINA ACTIVE VAINILLA *,350,0,"70,000",0
GRUPO NUTRES,7709071689406,BENET S/AZUCAR VAINILLA BOLSA *,4000,0,"43,000",0
GRUPO NUTRES,7702011128515,BON BON BUM * 50 UND,0,0,"5,000",0
GRUPO NUTRES,7501059289833,CEREAL FITNESS MIEL Y ALMENDRAS *,30,0,"30,000",0
GRUPO NUTRES,7702007088861,CHCOLATINA JET REGALA * 45 GR,0,0,"5,900",0
GRUPO NUTRES,7702011014023,CHOCMELOS * 80 UND,0,0,"16,000",0
GRUPO NUTRES,7702007077841,CHOCO LYNE CLASICO SIN AZUCAR *,1200,0,"12,600",0
GRUPO NUTRES,7702007077834,CHOCO LYNE CLASICO SIN AZUCAR *,2000,0,"18,900",0
GRUPO NUTRES,7702011201355,CHOCO PONKY * 37 GR,0,0,"1,300",0
GRUPO NUTRES,7702007072921,CHOCOLATE BLANCO MONTBLANC BAILEYS,0,0,"25,000",0
GRUPO NUTRES,7702007084542,CHOCOLATE CORONA CLAVOS Y CANELA *,0,0,"20,100",0
GRUPO NUTRES,7702007205046,CHOCOLATE CORONA TRADICIONAL * 250,0,0,"8,000",0
GRUPO NUTRES,7702007084566,CHOCOLATE CORONA VAINILLA * 450 GR,0,0,"18,700",0
GRUPO NUTRES,7702007078718,CHOCOLATE GOL MINI CHOCO POWER *,110,0,800,0
GRUPO NUTRES,7702117013654,CHOCOLATE ITALO BONKISS BOLSA * 18,0,0,"13,500",0
GRUPO NUTRES,7702007072983,CHOCOLATE MONT BLANC BAILEYS * 104,0,0,"13,000",0
GRUPO NUTRES,7702007074475,CHOCOLATE MONT BLANC BAILEYS CREMA,0,0,"5,000",0
GRUPO NUTRES,7702007066630,CHOCOLATE MONTBLANC CON UCHUVA *,800,0,"8,000",0
GRUPO NUTRES,7702007056464,CHOCOLATE MONTBLANC MACADAMIA * 80,0,0,"15,000",0
GRUPO NUTRES,7702007064421,CHOCOLATINA BURBUJET CRUJIVAINILLA,0,0,"2,100",0
GRUPO NUTRES,7702007066852,CHOCOLATINA CRUJI JET MITI MITI *,20,0,"1,000",0
GRUPO NUTRES,7702007068788,CHOCOLATINA GOL MEGA ARANDAMORA *,50,0,"3,200",0
GRUPO NUTRES,7702007057188,CHOCOLATINA GOL MEGA AREQUIPE * 46,0,0,"3,100",0
GRUPO NUTRES,7702007062786,CHOCOLATINA JET BURBUJAS COOKIES &,0,0,"7,500",0
GRUPO NUTRES,7702007072556,CHOCOLATINA JET BURBUJAS COOKIES &,0,0,"13,700",0
GRUPO NUTRES,7702007072051,CHOCOLATINA JET BURBUJET * 100 GR,0,0,"4,800",0
GRUPO NUTRES,7702007063332,CHOCOLATINA JET COMBIJET COOKIES &,0,0,"1,500",0
GRUPO NUTRES,7702007045444,CHOCOLATINA JET COOKIES & CREAM *,10,0,"2,600",0
GRUPO NUTRES,7702007052374,CHOCOLATINA JET COOKIES & CREAM *,20,0,"4,100",0
GRUPO NUTRES,7702007042276,CHOCOLATINA JET COOKIES & CREAM *,50,0,"6,500",0
GRUPO NUTRES,7702007086126,CHOCOLATINA JET JUMBO MINICHIPS *,10,0,"17,000",0
GRUPO NUTRES,77013323,CHOCOLATINA JET LECHE Y CALCIO *,120,0,"2,100",0
GRUPO NUTRES,7702007005592,CHOCOLATINA JET SURTIDO * 24 UND,0,0,"22,800",0
GRUPO NUTRES,7702007066531,CHOCOLATINA JUMBO CARAMEL COOKIE *,0,0,"7,900",0
GRUPO NUTRES,77020070272549,CHOCOLATINA JUMBO COOKIE MAX * 180,0,0,"7,500",0
GRUPO NUTRES,7702007088366,CHOCOLATINA JUMBO EDICION LIMITADA,0,0,"9,200",0
GRUPO NUTRES,7702007082197,CHOCOLATINA JUMBO FEST * 170 GR,0,0,"9,500",0
GRUPO NUTRES,7702007066906,CHOCOLATINA JUMBO NUECES DELUXE *,20,0,"7,800",0
GRUPO NUTRES,7702007057805,CHOCOLATINA MONTBLANC ALMENDRAS *,60,0,"8,500",0
GRUPO NUTRES,7702007056433,CHOCOLATINA MONTBLANC ALMENDRAS *,60,0,"9,400",0
GRUPO NUTRES,7702007074260,CHOCOLISTO * 18 GR,0,0,"1,300",0
GRUPO NUTRES,7702007216103,CHOCOLISTO * 300 GR,0,0,"14,900",0
GRUPO NUTRES,7702007045635,CHOCOLISTO + DUCALES,0,0,"7,900",0
GRUPO NUTRES,7702007032772,CHOCOLISTO LIQUIDO FRESA * 200 ML,0,0,0,0
GRUPO NUTRES,7701101360774,CHORIZO CON TERNERA ZENU * 440 GR,0,0,"18,000",0
GRUPO NUTRES,7702032253760,COLCAFE CAPPUCCINO * 18 GR,0,0,"1,000",0
GRUPO NUTRES,7702032106813,COLCAFE CAPUCHINO CLASICO  LIGHT *,0,0,"7,000",0
GRUPO NUTRES,7702032104376,COLCAFE GRANULADO INSTANTANEO * 85,0,0,"16,000",0
GRUPO NUTRES,7702084057156,DON KAT ADULTOS * 500 GR,0,0,"6,000",0
GRUPO NUTRES,7702084057125,DON KAT GATICOS * 500 GR,0,0,"7,000",0
GRUPO NUTRES,7702085048009,DORIA DELMENU GALLINA CRIOLLA * 60,0,0,0,0
GRUPO NUTRES,7702085003176,DORIA SALSA DE TOMATE RANCHERO *,200,0,"3,000",0
GRUPO NUTRES,7702085002360,DORIA SPAGHETTI SABOR RANCHERO *,250,0,"2,500",0
GRUPO NUTRES,7702085012499,DORIA TORNILLOS CON VERDURAS * 250,0,0,"2,700",0
GRUPO NUTRES,7702085013496,DORIA TORNILLOS CON VERDURAS * 500,0,0,"8,000",0
GRUPO NUTRES,7702025120192,DUCALES * 260 GR,0,0,"7,300",0
GRUPO NUTRES,7702025147595,DUCALES PROVOCACIÃ“N CON CHOCOLATE,0,0,"2,500",0
GRUPO NUTRES,7702025142422,DUCALES PROVOCACION DULCE DE LECHE,0,0,"2,000",0
GRUPO NUTRES,7702025151967,FESTIVAL DE VAINILLA 8 UNIDADES *,60,0,"2,000",0
GRUPO NUTRES,7702025103133,GALLETA FESTIVAL DE FRESA 34.6G *,10,0,0,0
GRUPO NUTRES,7702025146666,GALLETA FESTIVAL MARACU-MANGO * 54,0,0,"1,200",0
GRUPO NUTRES,7702025182152,GALLETA FESTIVAL VAINILLA BOLSA DE,0,0,900,0
GRUPO NUTRES,7702025103119,GALLETA FESTIVAL VAINILLA PAQ * 12,0,0,"22,600",0
GRUPO NUTRES,7702025137909,GALLETA NAV CJ LISTA EXH TIENDA,1960,0,"50,000",0
GRUPO NUTRES,7702025145096,GALLETA TOSH AVENA AJONJOLI Y MIEL,0,0,"1,600",0
GRUPO NUTRES,7702025123452,GALLETA TOSH FUSION DE CEREALES *,30,0,"1,200",0
GRUPO NUTRES,7702011271723,GALLETA WAFER BRIDGE AREQUIPE * 30,0,0,"1,500",0
GRUPO NUTRES,7702011277893,GALLETA WAFER BRIDGE CHCOCOLATE *,30,0,"1,500",0
GRUPO NUTRES,7702011044907,GALLETA WAFER BRIDGE CHCOCOLATE *,70,0,"2,500",0
GRUPO NUTRES,7702011271778,GALLETA WAFER BRIDGE RON CON PASAS,0,0,"1,500",0
GRUPO NUTRES,7702011271563,GALLETA WAFER BRIDGE VAINILLA * 30,0,0,"1,500",0
GRUPO NUTRES,7702025148158,GALLETAS ARBOLITO DE NAVIDAD * 160,0,0,"12,900",0
GRUPO NUTRES,7702011275264,GALLETAS CRAKEÃ‘AS FIBRA MIEL * 30,0,0,900,0
GRUPO NUTRES,7702011276445,GALLETAS CRAKEÃ‘AS INTEGRAL * 25.5,0,0,400,0
GRUPO NUTRES,7702025150977,GALLETAS DUCALES DE NOEL TACO *,1050,0,"3,900",0
GRUPO NUTRES,7702025117017,GALLETAS DUCALES DE NOEL TACO *,1200,0,"4,000",0
GRUPO NUTRES,7702025139897,GALLETAS DUCALES DE NOEL TACO *,2040,0,"6,600",0
GRUPO NUTRES,7702025139392,GALLETAS DULCE NAVIDAD BOLSA * 150,0,0,"3,200",0
GRUPO NUTRES,7702189057327,GALLETAS DULCE NAVIDAD BOLSA * 300,0,0,"5,600",0
GRUPO NUTRES,7702025184873,GALLETAS FINAS NOEL VAINILLA * 170,0,0,"5,000",0
GRUPO NUTRES,7702025110445,GALLETAS MINICHIPS CHOCOCHIPS * 40,0,0,800,0
GRUPO NUTRES,7702025148981,GALLETAS NOEL SULTANA COLCAFE *,1500,0,"6,500",0
GRUPO NUTRES,7702025148998,GALLETAS NOEL SULTANA COLCAFE * 25,0,0,"1,200",0
GRUPO NUTRES,7702007082678,GOL MELO * 4.5 GR,0,0,500,0
GRUPO NUTRES,7702007065862,GOL MINI * 11.5 GR,0,0,"1,200",0
GRUPO NUTRES,7702398040448,HAMBURGUESA * 5 UND,0,0,"5,600",0
GRUPO NUTRES,7702007079517,JET CHOCOLATINA FRESAS CON CREMA *,0,0,"3,500",0
GRUPO NUTRES,7702007212174,JET CHOCOLATINA SABOR AREQUIPE *,300,0,"2,100",0
GRUPO NUTRES,7702007049183,LA ESPECIAL ALMENDRAS Y MARAÃ‘ON *,0,0,"15,470",0
GRUPO NUTRES,7702007033182,LONCHERA CHOCOLISTO,0,0,0,0
GRUPO NUTRES,7702085001615,MACARRON DORIA TAMAÃ‘O FAMILIAR *,10,0,"6,600",0
GRUPO NUTRES,7701101360576,MAIZ ZENU * 415 GR,0,0,"10,600",0
GRUPO NUTRES,7702007063899,MANÃ CON ARÃNDANOS LA ESPECIAL *,0,0,"3,700",0
GRUPO NUTRES,7702007074673,MANI KRAKS LA ESPECIAL CHILE-LIMON,0,0,"1,100",0
GRUPO NUTRES,7702007053401,MANI LA ESPECIAL BARRA DE CARAMELO,0,0,"2,800",0
GRUPO NUTRES,7702007022728,MANI LA ESPECIAL LIGHT * 57 PAQ *,50,0,0,0
GRUPO NUTRES,7702007055269,MANI LA ESPECIAL LIMON PIMIENTA *,10,0,"9,500",0
GRUPO NUTRES,7702007059892,MANI LA ESPECIAL LIMON PIMIENTA *,40,0,"3,200",0
GRUPO NUTRES,7702007013757,MANI LA ESPECIAL MAIZ TOSTADO *,1600,0,"9,300",0
GRUPO NUTRES,7702007009972,MANI LA ESPECIAL MAIZ TOSTADO * 50,0,0,"3,500",0
"GRUPO NUTRES09315,",770218907,MANI LA ESPECIAL MANI CON PASAS *,50,0,"2,000",0
GRUPO NUTRES,7702007228007,MANI LA ESPECIAL MANICERO SALADO *,0,0,"1,200",0
GRUPO NUTRES,7702007528503,MANI LA ESPECIAL PASAS DE 24 PAQ *,0,0,0,0
GRUPO NUTRES,7702007083453,MONT BLANC BOMBONES ALMENDRA 26 GR,0,0,"4,900",0
GRUPO NUTRES,7702007083910,MONT BLANC TRES LECHES 67.5 GR * 5,0,0,"14,300",0
GRUPO NUTRES,7702007072969,MONTBLAC BAILEYS * 52 GR,0,0,"7,400",0
GRUPO NUTRES,7702007056471,MONTBLANC CHOCOLATE BLANCO FRESA *,0,0,"23,000",0
GRUPO NUTRES,7702007037432,MONTBLANC YOGULIM FRUTOS ROJOS *,110,0,0,0
GRUPO NUTRES,7702085021637,MONTICELLO SALSA PESTO GENOVESE *,10,0,"20,000",0
GRUPO NUTRES,7702011021922,NUCITA * 12 UND,0,0,"7,200",0
GRUPO NUTRES,7702011021915,NUCITA CJA * 18 UND,0,0,"17,000",0
GRUPO NUTRES,7702011027528,NUCITA WAFER CUBIERTA DE CHOCOLATE,0,0,"4,000",0
GRUPO NUTRES,7702007060911,PANCAKES DE AVENA TOSH * 300 GR,0,0,"10,900",0
GRUPO NUTRES,7702174079778,PIN POP MANZANA TENTACION BOLSA *,20,0,"12,000",0
GRUPO NUTRES,7702007037463,ROLETTO ROSA * 28 GR,0,0,0,0
GRUPO NUTRES,7702025125173,SALTIN NOEL * 4 TACOS,0,0,"8,100",0
GRUPO NUTRES,7702025126316,SALTIN NOEL SEMILLAS Y CEREALES *,30,0,"8,000",0
GRUPO NUTRES,7702024045168,SALTINAS MANTEQUILLA 4 TACOS * 432,0,0,"12,000",0
GRUPO NUTRES,7702007042702,TOSH ARANDANOS DESHIDRATADOS * 300,0,0,"26,000",0
GRUPO NUTRES,7702032115037,TOSH ARMONIA MOMENTO ENERGIA 24 GR,0,0,"9,800",0
GRUPO NUTRES,7702007074048,TOSH AVENA EN HOJUELAS CHOCOLATE *,0,0,"8,500",0
GRUPO NUTRES,7702007063622,TOSH BARRA CEREAL FRESA 138 GR * 6,0,0,"15,000",0
GRUPO NUTRES,7702402052191,TOSH BARRA HELADA YOGURT GRIEGO *,60,0,"2,600",0
GRUPO NUTRES,7702007065329,TOSH BARRA NUECES Y ARANDANOS * 32,0,0,"3,200",0
GRUPO NUTRES,7702007075267,TOSH CREMA DE ALMENDRAS ESPARCIBLE,0,0,"32,000",0
GRUPO NUTRES,7702025116539,TOSH FRUTOS ROJOS,0,0,0,0
GRUPO NUTRES,7702025145089,TOSH GALLETA AVENA AJONJOLI Y MIEL,0,0,"11,000",0
GRUPO NUTRES,7702025145126,TOSH GALLETA AVENA Y CHOCOLATE *,180,0,"10,400",0
GRUPO NUTRES,047416230850,TOSH GALLETA MIEL,0,0,900,0
GRUPO NUTRES,7702025130801,TOSH GALLETA MOUSSE DE NARANJA *,240,0,"1,700",0
GRUPO NUTRES,7702025130795,TOSH GALLETA MOUSSE DE NARANJA * 6,0,0,"9,400",0
GRUPO NUTRES,7702025141623,TOSH GALLETAS CREMAS SURTIDAS * 12,0,0,"18,700",0
GRUPO NUTRES,7702007036558,TOSH GRANOLA CRUNCHY ALMENDRA *,3000,0,"20,300",0
GRUPO NUTRES,7702007036565,TOSH GRANOLA CRUNCHY ALMENDRAS *,500,0,"23,000",0
GRUPO NUTRES,7702007043808,TOSH GRANOLA CRUNCHY CHOCOLATE *,500,0,"20,000",0
GRUPO NUTRES,7702007036572,TOSH GRANOLA CRUNCHY MANZANA * 300,0,0,"14,000",0
GRUPO NUTRES,7702007042719,TOSH PASABOCAS MIX SILVESTRE * 300,0,0,"27,500",0
GRUPO NUTRES,7702025145201,TOSH PITA CHIPS PIMENTON DULCE *,260,0,"2,400",0
GRUPO NUTRES,33128955,VINO + GALLETAS NOEL,0,0,"24,100",0
GRUPO NUTRES,7701101233085,ZENU ARVERJAS CON ZANOHORIAS * 300,0,0,"6,900",0
GRUPO NUTRES,7701101241042,ZENU JAMONETA MOLDE DE CARNE * 180,0,0,"11,600",0
GRUPO NUTRES,7701101356913,ZENU POLLO CON ADEREZO MAYONESA *,10,0,"18,000",0
GRUPO UNIPHA,764600180363,AXTAR *1 GR AMP I.M,0,0,"60,600",0
GRUPO UNIPHA,7709990701265,AZOMAX 200MG/5ML X 15 ML,0,0,"46,500",0
GRUPO UNIPHA,7709878585895,BRONCEADOR INTENSIVO SOLARIUM SPF,60,0,"14,900",0
GRUPO UNIPHA,764600180653,CLAMICIL BID 1 GR X 14 TABS,0,0,"79,000",0
GRUPO UNIPHA,7502007575756,FLAMYDOL RETARD X 12 CAPS,0,0,"40,000",0
GRUPO UNIPHA,764600239566,FLEXOL 15MG *3 AMP,0,0,"30,000",0
GRUPO UNIPHA,7709990320923,SUVIAR 4 MG X 10 TAB,0,0,"32,700",0
GRUPOSKIES,79200122249,DULCES WONKA NERDS CHERRY ONT X 18,0,0,0,0
GUM ,70942504621,CEPILLO GUM SUPER TIP MEDIANO,4620,0,0,0
GUM ,70942504607,CEPILLO GUM SUPER TIP SUAVE,4600,0,0,0
GUM ,70942124911,CEPILLO GUM TECH PLUS SUAVE   1590,0,0,0,0
GUM ,70942916127,CEPILLO GUM VIAJ CILIND INTERD,16120,0,0,0
GUM ,70942303347,ENJ B.GUM SENSIVITAL X 500 ML REF.,0,0,0,0
GUM ,070942303033,FLOSSER GUM PORTA SEDA MENTA  X 40,0,0,"8,600",0
GUM ,70942303101,FLOSSER PORTA SEDA DESCH-NIOSX,10,0,0,0
GUM ,070942125925,GUM CEPILLO DE DIENTES ULTRA SUAVE,0,0,"19,100",0
GUM ,7502235820697,GUM CEPILLO INTERDENTAL PROXABRUSH,0,0,"27,100",0
GUM ,7630019900225,GUM CEPILLO INTERDENTAL PROXABRUSH,0,0,"27,100",0
GUM ,7630019900188,GUM CEPILLO INTERDENTAL PROXABRUSH,0,0,"27,100",0
GUM ,70942304344,GUM PALILLOS ORTODONCIA SOFT-PICKS,0,0,"9,000",0
GUM ,070942304344,GUM PALILLOS ORTODONCIA SOFT-PICKS,0,0,"9,000",0
GUM ,070942306935,KIT ORTODONCIA GUM,0,0,"18,000",0
GUM ,70942906142,RECAMBIO GUM P/MANGO INTERDENTX  8,0,0,0,0
GUM ,70942302357,TAPAS GUM CEPILLOS DENTALES   X  4,0,0,0,0
HADA ,7702538281465,DESEO JABON LIQ EXPLOSION TROPICAL,0,0,"4,800",0
HADA ,7702538260965,JABON XTREME AVENA,0,0,"1,700",0
HADA ,7702538260958,JABON XTREME FRESH,0,0,"1,700",0
HALEON (GLAX,7702132011406,ADVIL FEM * 10 TAB,0,0,"21,900",0
HALEON (GLAX,7702132011413,ADVIL FEM * 20 TAB,0,0,"39,500",0
HALEON (GLAX,7702132010980,ADVIL GRIPA * 72 CAP,0,0,"157,100",0
HALEON (GLAX,7702132009663,ADVIL MAX * 100 CAP,0,0,"193,600",0
HALEON (GLAX,7702132004330,ADVIL MAX * 16 CAP,0,0,"35,000",0
HALEON (GLAX,7707397792480,ADVIL TEENS * 10 CAP,0,0,"19,100",0
HALEON (GLAX,7707397792473,ADVIL TEENS * 36 CAP,0,0,"61,000",0
HALEON (GLAX,7702132008482,ADVIL ULTRA * 20 CAP,0,0,"42,000",0
HALEON (GLAX,7702132005030,ADVIL ULTRA PAG 20 LLEVE,240,0,"36,400",0
HALEON (GLAX,7896251802639,ANSOLAR LOCION SPF 60+ * 60 GR,0,0,"100,000",0
HALEON (GLAX,7702132011802,CENTRUM MEN * 30 TAB,0,0,"48,600",0
HALEON (GLAX,7702132011819,CENTRUM MEN * 60 TAB,0,0,"84,500",0
HALEON (GLAX,7702132000400,CENTRUM SILVER + 50 PAG 100 LLEV,130,0,"104,200",0
HALEON (GLAX,7702132655464,CENTRUM WOMEN PAG 60 LLEV 90 TAB,0,0,"102,000",0
HALEON (GLAX,7707172688939,DOLEX AVANZADO * 10 TAB,0,0,"12,800",0
HALEON (GLAX,7707172686119,DOLEX FORTE * 8 TAB,0,0,"16,500",0
HALEON (GLAX,7707397791421,DOLEX FORTE * 96 TAB,0,0,"153,600",0
HALEON (GLAX,7451079000867,DOLEX NIÃ‘OS 2+ * 100 TAB,0,0,"110,000",0
HALEON (GLAX,7707172689004,DOLOFLEX GEL * 30 GR,0,0,"20,200",0
HALEON (GLAX,7702132008802,DRISTAN TRIPLE ACCION NF * 100 TAB,0,0,"80,000",0
HALEON (GLAX,7702132001353,DRISTANDOL * 10 TAB,0,0,"5,000",0
HALEON (GLAX,7702132003173,DRISTANDOL * 40 TAB,0,0,"16,000",0
HALEON (GLAX,7703363006230,EMULSION DE SCOTT CEREZA PAGUE *,160,0,"15,700",0
HALEON (GLAX,7703363006261,EMULSION DE SCOTT NARANJA * 160 ML,0,0,"15,700",0
HALEON (GLAX,7703363000528,EMULSION DE SCOTT NARANJA * 180 ML,0,0,"15,700",0
HALEON (GLAX,7703363000511,",7EMULSION DE SCOTT NARANJA * 360 ML",0,0,"24,000",0
HALEON (GLAX,7703363000504,",7EMULSION DE SCOTT NARANJA * 450 ML",0,0,"30,000",0
HALEON (GLAX,7703363006209,EMULSION DE SCOTT TRADICIONAL *,1600,0,"15,700",0
HALEON (GLAX,7707172681060,EMULSION DE SCOTT TRADICIONAL *,1800,0,"15,900",0
HALEON (GLAX,7703363005066,EMULSION DE SCOTT TRADICIONAL *,1800,0,"15,700",0
HALEON (GLAX,7703363005226,",7EMULSION DE SCOTT TRADICIONAL *",3600,0,"24,000",0
HALEON (GLAX,7707172681084,EMULSION DE SCOTT TRADICIONAL *,4500,0,"30,000",0
HALEON (GLAX,7703363005844,EMULSION DE SCOTT TRADICIONAL *,4500,0,"30,000",0
HALEON (GLAX,7703363006315,EMULSION SCOTT FRUTAS TROPICALES *,0,0,"15,900",0
HALEON (GLAX,7703363006292,EMULSION SCOTT FRUTAS TROPICALES *,0,0,"15,900",0
HALEON (GLAX,7702132004460,MAREOL * 12 TAB,0,0,"9,500",0
HALEON (GLAX,7702132104481,MAREOL PAG 72 LLEVE 84 TAB,0,0,"47,400",0
HALEON (GLAX,7702132010751,ROBITUSSIN NIÃ‘OS TOS FRAMBUESA *,10,0,"18,000",0
HALEON (GLAX,7501065064578,SENSODYNE SENSIBILIDAD Y ENCIAS *,10,0,"37,300",0
HALEON (GLAX,7861006110482,TAVEGYL * 5 AMP,0,0,"72,000",0
HALEON (GLAX,7702132018306,TODAY LONG ACTION * PAGUE 3 LLEVE,40,0,"19,800",0
HALEON (GLAX,7702132002671,TODAY LUBRICADO * 6 PRESERVATIVOS,0,0,"27,000",0
HALEON (GLAX,7501124814090,VOLTAREN EMULGEL * 100 GR,0,0,"93,600",0
HALEON (GLAX,7501094916015,VOLTAREN EMULGEL * 30 GR,0,0,"41,600",0
HALEON (GLAX,7501094916022,VOLTAREN EMULGEL * 60 GR,0,0,"73,800",0
HALEON (GLAX,7896261008717,VOLTAREN SPRAY * 85 ML,0,0,"51,000",0
HARTUNG & CI,7702215304234,LANDER BABY CREMA LIQ ORIGINAL *,900,0,"7,400",0
HARTUNG & CI,7702215301561,LANDER BABY CREMA LIQUIDA POTE *,200,0,"7,000",0
HARTUNG & CI,7702215301721,LANDER BABY SHAMPOO ORIGINAL * 100,0,0,"6,000",0
HARTUNG & CI,7702215301615,LANDER CREMA HUMECTANTE PIEL EXTRA,0,0,"6,000",0
HARTUNG & CI,7702215257059,LANDER DESODORANTE TALCO ROLON FCO,0,0,"5,000",0
HARTUNG & CI,7702215130215,LANDER REMOVEDOR  CON PROTEINA X,750,0,"7,300",0
HARTUNG & CI,7702215130208,LANDER REMOVEDOR X 75 ML,0,0,"6,600",0
HARTUNG & CI,7702215303176,LANDER TALCO GTS LANDER CREMA POTE,0,0,"9,000",0
HARTUNG & CI,7702215304098,REMOVEDOR LANDER  CON VITAMINA E *,0,0,"6,300",0
HARTUNG & CI,7702215304104,REMOVEDOR LANDER  TRADICIONAL * 55,0,0,"8,000",0
HEALTHY DE A,751273765225,AM * 30 TAB + PM * 30 TAB,0,0,"70,000",0
HEALTHY DE A,019962797965,BCAAS * 192 GR,0,0,"84,900",0
HEALTHY DE A,019962798061,BCAAS POLVO * 384 GR,0,0,"143,100",0
HEALTHY DE A,751273783496,BIOXIN * 60 UND,0,0,"63,000",0
HEALTHY DE A,751273767854,BON NUIT * 100 CAP,0,0,"77,200",0
HEALTHY DE A,751273778379,BRAINY SUPLEMENTO DIETARIO CJA *,600,0,"68,800",0
HEALTHY DE A,751273785209,CAPELL * 60 CAP,0,0,"71,300",0
HEALTHY DE A,725272730713,CHROMIUM PICOLINATE 1000 MCG * 100,0,0,"50,000",0
HEALTHY DE A,810166770842,CISTIXIN * 60 SOFT,0,0,"46,000",0
HEALTHY DE A,751273787630,COLLAGEN PEPTIDES 1500 MG FCO * 60,0,0,"75,400",0
HEALTHY DE A,810166770859,CORONALL * 60 CAP,0,0,"98,500",0
HEALTHY DE A,019962557927,CREATINA MONOHIDRATADA 3000 MG *,120,0,"80,000",0
HEALTHY DE A,644216136407,CREATINE MONOHYDRATE 3000 MG * 150,0,0,"85,300",0
HEALTHY DE A,019962797569,CREATINE MONOHYDRATE 3000 MG * 300,0,0,"146,600",0
HEALTHY DE A,751273778270,DEFENSE * 60 CAP,0,0,"108,900",0
HEALTHY DE A,751273783281,DIGEZIMES * 60 CAP,0,0,"89,600",0
HEALTHY DE A,751273774258,ENER C EFERV CON ZINC * 10 TAB,0,0,"21,000",0
HEALTHY DE A,751273778584,ENZIMAX * 60 CAP,0,0,"84,000",0
HEALTHY DE A,751273783250,FLORAWELL *60 CAP,0,0,"98,000",0
HEALTHY DE A,644216136704,GERIAVITAL * 60 CAP,0,0,"86,870",0
HEALTHY DE A,751273778294,HIGH T * 30 CAP,0,0,"53,550",0
HEALTHY DE A,855600003971,L-CARNITINE 1500MG LIQUIDO UVA *16,0,0,"87,000",0
HEALTHY DE A,019962797866,L-GLUTAMINE * 360 GR,0,0,"119,500",0
HEALTHY DE A,751273785612,LYNDORA * 30 CAP,0,0,"70,600",0
HEALTHY DE A,751273774869,MEGA CRANBERRY * 60 CAP,0,0,"76,100",0
HEALTHY DE A,751273783243,MEMOBRITE * 60 CAP,0,0,"115,000",0
HEALTHY DE A,787500034420,METHYL B-12 2.000 MCG COMPLEX *,1000,0,"88,000",0
HEALTHY DE A,751273776542,MOBIOL * 60 CAP,0,0,"68,100",0
HEALTHY DE A,644216133406,NEO VEINS *10 TAB,0,0,"25,000",0
HEALTHY DE A,019962552229,NUTRALAX * 30 CAP,0,0,"33,558",0
HEALTHY DE A,644216139804,PEPTIDROL * 30 CAP,0,0,"65,000",0
HEALTHY DE A,644216128006,POTASSIUM 99 MG * 60 TAB,0,0,"47,500",0
HEALTHY DE A,644216134502,SPOROGENEX * 30 CAP,0,0,"104,720",0
HEALTHY DE A,751273786817,SUCANON * 60 CAP,0,0,"66,500",0
HEALTHY DE A,751273785308,SUN-VITA D3 (FEROL D3) 2000 IU *,100,0,"74,300",0
HEALTHY DE A,751273785346,SURFEM *30 SOFTGEL,0,0,"79,000",0
HEALTHY DE A,644216132607,SYLBIN * 10 SOFTGELS,0,0,"20,600",0
HEALTHY DE A,751273762422,TRIPLE AMINO *60 TAB,0,0,"51,000",0
HEALTHY DE A,751273768776,TURBO * 60 CAP,0,0,"91,800",0
HEALTHY DE A,751273772018,VITA A 10.000 + VITA D 400 IU PLUS,0,0,"44,400",0
HEALTHY DE A,751273771707,VITAMINA E 1000 IU + SELENIUM * 50,0,0,"72,700",0
HEALTHY DE A,751273774456,WELLFLEX * 120 CAP,0,0,"118,800",0
HEEL LABORAT,7707336722370,ADRISIN * 50 TAB,0,0,"121,000",0
HEEL LABORAT,7707336727726,CENTREEL * 50 TAB,0,0,"103,500",0
HEEL LABORAT,7707336725661,CERECOMP * 5 AMP,0,0,"121,300",0
HEEL LABORAT,7707336720437,COLOCYNTHIS HOMACCORD HEEL 44 * 30,0,0,"119,000",0
HEEL LABORAT,7707336720512,DIARRHEEL * 50 TAB,0,0,"68,000",0
HEEL LABORAT,7707336720567,DUODENOHEEL * 50 TAB,0,0,"70,000",0
HEEL LABORAT,7707336720604,ENGYSTOL * 5 AMP,0,0,"109,600",0
HEEL LABORAT,7707336720598,ENGYSTOL * 50 TAB,0,0,"92,900",0
HEEL LABORAT,7707336720611,ERIGOTHEEL * 5 AMP,0,0,"59,000",0
HEEL LABORAT,7707336725319,FLEEXI-BALANCE * 28 S/S,0,0,"144,500",0
HEEL LABORAT,7707336722066,GALIUM GOTAS * 30 ML,0,0,"110,200",0
HEEL LABORAT,7707336720789,GRIPP HEEL * 50 TAB,0,0,"80,400",0
HEEL LABORAT,7707336720796,GRIPP-HEEL * 5 AMP,0,0,"112,000",0
HEEL LABORAT,7707336720864,HEPEEL * 50 TAB,0,0,"87,000",0
HEEL LABORAT,77003153032821,KLI HEEL * 50 TAB,0,0,"74,500",0
HEEL LABORAT,7707336720987,KLI-HEEL * 50 TAB,0,0,"90,500",0
HEEL LABORAT,7707336722448,LIVEERPRO * 50 TABS,0,0,"107,000",0
HEEL LABORAT,7707336729447,MATRICEEL * 100 TAB,0,0,"146,800",0
HEEL LABORAT,7707336721243,NERVOHEEL * 50 TAB,0,0,"92,400",0
HEEL LABORAT,7707336721267,NEURO INJEEL * 5 AMP,0,0,"97,100",0
HEEL LABORAT,7707336721298,OCULOHEEL * 50 TAB,0,0,"98,000",0
HEEL LABORAT,7707336721311,OST HEEL * 50 TAB,0,0,"110,000",0
HEEL LABORAT,7707336729928,REN HEEL * 50 TAB,0,0,"96,100",0
HEEL LABORAT,7707336721489,RHEUMA HEEL * 50 TAB,0,0,"85,900",0
HEEL LABORAT,7707336721540,SELENIUM  HOMACCORD 1.1 ML * 5 AMP,0,0,"114,000",0
HEEL LABORAT,7707336728228,SINUSIN * 20 ML,0,0,"123,200",0
HEEL LABORAT,7707336721595,SPASCUPREEL * 5 AMP,0,0,"63,000",0
HEEL LABORAT,7707336721588,SPASCUPREEL * 50 TAB,0,0,"79,100",0
HEEL LABORAT,7707336721618,SPIGELON * 50 TAB,0,0,"73,400",0
HEEL LABORAT,7707336721670,SULFUR-HEEL * 50 TAB,0,0,"72,500",0
HEEL LABORAT,7707336720741,THYREOIDEA COMPOSITUM * 5 AMP,0,0,"189,200",0
HEEL LABORAT,7707336721731,TRAUMEEL * 50 TAB,0,0,"102,000",0
HEEL LABORAT,7707336721762,TRAUMEEL S * 5 AMP,0,0,"121,600",0
HEEL LABORAT,7707336722264,ZEEL COMPUESTO * 5 AMP,0,0,"153,400",0
HEEL LABORAT,7707336721892,ZEEL T * 100 TAB,0,0,"143,100",0
HEEL LABORAT,7707336722257,ZEEL T * 50 TAB,0,0,"109,500",0
HELTI DISTRI,7707674731355,COPA MESTRUAL UVA 2 TALLA A,0,0,"70,600",0
HELTI DISTRI,7707755394660,LUBRICANTE ELIXIR 5 SENSACIONES X,0,0,"18,500",0
HELTI DISTRI,7709169208069,LUBRICANTE FREQUENCY INTENSEC X 15,0,0,"29,900",0
HELTI DISTRI,0614524183127,LUBRICANTE INTIMO SABORIZADO CREMA,0,0,"24,000",0
HELTI DISTRI,7707755393328,LUBRICANTE INTIMO SABORIZADO FRESA,0,0,"25,900",0
HELTI DISTRI,0614524183103,LUBRICANTE INTIMO SABORIZADO LECHE,0,0,"24,000",0
HELTI DISTRI,4049369015061,SATISFYER NUMBER ONE,0,0,"159,900",0
HELTI DISTRI,0094308629292,TITANIUM CONDOMS LUBRICADO CJA * 3,0,0,"10,000",0
HELTI DISTRI,0094308629322,TITANIUM CONDOMS MULTIORGASMOS CJA,0,0,"10,000",0
HELTI DISTRI,0094308629308,TITANIUM CONDOMS RETARDANTE CJA *,30,0,"10,000",0
HELTI DISTRI,0094308629315,TITANIUM CONDOMS ULTRA DELGADO CJA,0,0,"10,000",0
HELTI DISTRI,0614524181789,VIBRADOR OH!A!A ROSE ROJO,0,0,"110,000",0
HENKEL COLOM,7702045200324,BALANCE CLINICAL CREMA MINI  WOMEN,0,0,"5,200",0
HENKEL COLOM,7702045548761,BALANCE CLINICAL CREMA MINI MEN *,40,0,"5,500",0
HENKEL COLOM,7702045563856,BALANCE MEN 2X1 SPORT ENERGY GEL *,0,0,"24,500",0
HENKEL COLOM,7702045402391,BALANCE MEN CLINICAL DERMO PROTECT,0,0,"16,300",0
HENKEL COLOM,7702045556735,BALANCE MEN TOTAL PROTECT ROLLON *,0,0,"11,500",0
HENKEL COLOM,7702045205701,BALANCE MEN ULTRA PROTECTION BARRA,0,0,"38,000",0
HENKEL COLOM,7702045995008,BALANCE MEN ULTRA PROTECTION CREMA,0,0,"21,400",0
HENKEL COLOM,7702045531121,BALANCE MINIROLLON MAXP WOMEN 3 *,20,0,"3,000",0
HENKEL COLOM,7702045531114,BALANCE ROLLON MINI MAXP MEN 3 *,250,0,"3,000",0
HENKEL COLOM,7702045563825,BALANCE WOMEN CARE INVISIBLE BARRA,0,0,"18,000",0
HENKEL COLOM,7702045557244,BALANCE WOMEN INVISIBLE ROLL ON 50,0,0,"26,800",0
HENKEL COLOM,7702045811872,BALANCE WOMEN SOFT CREMA 100 GR *,20,0,"16,900",0
HENKEL COLOM,7702045542981,BALANCE XTREME SOFT WOMEN X 100 GR,0,0,"15,500",0
HENKEL COLOM,7702045714791,CRE PEINAR KONZIL  RIZOS ACEITE DE,0,0,"9,000",0
HENKEL COLOM,7702045565195,IGORA COBRIZO SENSACION,7770,0,"21,800",0
HENKEL COLOM,7702045512649,IGORA TINTE VITAL 1-1 NEGRO AZUL,0,0,"19,000",0
HENKEL COLOM,7702045530124,IGORA TINTE VITAL EST 6-88 RUBI X,20,0,"20,000",0
HENKEL COLOM,7702045128147,IGORA VITAL CASTAÃ‘O CLARO 5-0 * 1,0,0,"17,900",0
HENKEL COLOM,7702045555394,IGORA VITAL CASTAÃ‘O MEDIANO 4-0 *,0,0,"39,200",0
HENKEL COLOM,7702045555400,IGORA VITAL CASTAÃ‘O OSCURO 3-0 *,20,0,"39,500",0
HENKEL COLOM,7702045555295,IGORA VITAL RUBIO CLARO CENIZO 8-1,0,0,"39,500",0
HENKEL COLOM,7702045067330,IGORA VITAL RUBIO MEDIANO 7-00 * 2,0,0,"39,200",0
HENKEL COLOM,7702045555332,IGORA VITAL RUBIO OSCURO *2 TUBOS,60,0,"36,500",0
HENKEL COLOM,7702045565072,KONZIL ACOND JENGIBRE+VITA C FCO *,0,0,"11,200",0
HENKEL COLOM,7702045820447,KONZIL ACOND SEDA LIQ VITA B12 CJA,0,0,"18,000",0
HENKEL COLOM,7702029280342,KONZIL ACOND ULTRA NUTRICION * 340,0,0,"19,300",0
HENKEL COLOM,7702045142167,KONZIL C/PEINAR SEDA LIQUIDA X 2 *,0,0,"25,400",0
HENKEL COLOM,7702045518726,KONZIL CREMA PARA PEINAR TODO TIPO,0,0,800,0
HENKEL COLOM,7702045484854,KONZIL SEDA LIQ VITA 12 SHAMPOO *,30,0,"18,300",0
HENKEL COLOM,7702045557640,KONZIL SHAMPOO COLAGENO+VIT B7 *,370,0,"11,200",0
HENKEL COLOM,7702045050868,KONZIL SHAMPOO SEDA LIQ + COMPLEJO,0,0,"18,400",0
HENKEL COLOM,7702045550313,KONZIL SHAMPOO TODO TIPO SOBRE *,300,0,600,0
HENKEL COLOM,7702045681581,KONZIL TRATAMIENTO ACEITE DE ARGAN,0,0,"46,600",0
HENKEL COLOM,7702045489835,OXIGENTA PALETTE VOL 20 * 50 ML,0,0,"4,100",0
HENKEL COLOM,7702045489842,OXIGENTA PALETTE VOL 30 * 50 ML,0,0,"4,100",0
HENKEL COLOM,7702045556070,PALETTE TINTE COLOR 3-68 CHOCOLATE,0,0,"29,900",0
HENKEL COLOM,7702045524765,PALETTE TINTE COLOR CASTANO CLARO,50,0,"15,000",0
HENKEL COLOM,7702045524864,PALETTE TINTE COLOR CASTAÃ‘O MEDIO,0,0,"15,000",0
HENKEL COLOM,7702045524710,PALETTE TINTE COLOR NEGRO AZUL * 1,0,0,"15,000",0
HENKEL COLOM,7702045524727,PALETTE TINTE COLOR RUBI  6-88 * 1,0,0,"15,000",0
HENKEL COLOM,7702045271799,PALETTE TINTE COLOR RUBIO PERFECTO,0,0,"8,000",0
HENKEL COLOM,7702045524833,PALETTE TINTE COLOR TUBO 4-88 C/NO,0,0,"15,000",0
HENKEL COLOM,7702045524857,PALETTE TINTE COLOR TUBO 7-1 RUBIO,0,0,"11,400",0
HENKEL COLOM,7702045530650,PERFECT TINTE MOUSSE EST,5680,0,"14,500",0
HENKEL COLOM,7702045916263,SHAM KONZIL SOB OLEO COCO + VITA,120,0,"9,000",0
HENKEL COLOM,5410091733377,SHAMPOO SECO DRY EXTRA FRESH GOT2B,0,0,"36,000",0
HENKEL COLOM,7702045535211,SYOSS SHAMPOO MEN CRECIMIENTO X,5000,0,"12,400",0
HENKEL COLOM,7702045261042,TINTE IGORA VITAL TUBO 3-0 CASTANO,0,0,"19,100",0
HENKEL COLOM,7501199416861,XTREME GEL FIJADOR PROFESSIONAL *,10,0,"2,200",0
HENKEL COLOM,7503002163023,XTREME GEL FIJADOR PROFESSIONAL *,20,0,"6,500",0
HERSON DISTR,7707308720328,SKIN MAX *120 ML,0,0,"9,900",0
HERSON DISTR,7707285543248,VITAFER-L LIQUIDO X 20 ML,0,0,"3,000",0
HERSSEN ,7709067204453,RECESS SUPLEMENTO DIETARIO FCO *,600,0,"100,000",0
HERSSEN ,7701872013732,STO VID SUPLEMENTO DIETARIO FCO *,30,0,"68,500",0
HETERO ,8903726255421,FINHET 1 MG * 30 TAB,0,0,"77,200",0
HETERO ,8903726231081,TOLDY 2 MG *30 TAB,0,0,"51,200",0
HIELOS ,7703581000102,HIELO IGLU,0,0,0,0
HIGEA DE COL,7703256210034,BRONTER 4 MG X 20 TABS,0,0,0,0
HIGEA DE COL,7703256210157,NEFRIXINE 400 MG X 14 TABL,0,0,0,0
HIGEA DE COL,7703256140041,SAL DE EPSOM * 4 ONZ,0,0,"3,000",0
HIGIETEX S.A,7702208354024,ALGODON LAMINADO 4*5,0,0,"2,500",0
HIGIETEX S.A,7702208355014,ALGODON LAMINADO 5*5,0,0,"5,000",0
HIGIETEX S.A,7702208356004,ALGODON LAMINADO 6*5,0,0,"5,500",0
HIGIETEX S.A,7702208100508,ALGODON PURO * 50 GR,0,0,"1,900",0
HIGIETEX S.A,7702208100256,ALGODON ZIG-ZAG X 25 GRS,0,0,800,0
HIGIETEX S.A,7702208150022,MOTAS BLANCAS DE ALGODON PURO *,1000,0,"16,000",0
HIGIETEX S.A,7702796811008,VENDA DE YESO 4 X 5,0,0,"6,500",0
HIGIETEX S.A,7702796812005,VENDA DE YESO 5 X 5,0,0,"8,500",0
HIGIETEX S.A,7702796821007,VENDA ELASTICA 4 * 5,0,0,"2,500",0
HIGIETEX S.A,7702796822004,VENDA ELASTICA 5 * 5,0,0,"3,000",0
HIGIETEX S.A,7702796823001,VENDA ELASTICA 6 * 5,0,0,"3,500",0
HOME LIFE,150221675,LIFE TRANSFER FACTOR X,900,0,"198,000",0
HOME LIFE,6939663924238,TENSIOMETRO DIGITAL BASIC,110,0,"174,100",0
HOME MEDICAL,713541841406,OXIMETRO PULSO AS 303 AMARILLO CON,0,0,"116,250",0
HUDEN ,7707372823635,VIDELEN PROTECTOR SOLAR TONO MEDIO,0,0,"119,700",0
HUMAN BIOSCI,7709853701159,CYSTRON 4MG *30 TAB,0,0,"120,000",0
HUMANCARE,7707271451694,AQUALEN KIDS EMULSION HIDRATANTE *,0,0,"104,100",0
HUMANCARE,7702714511386,AQUALEN X 240 GR,0,0,"91,000",0
HUMANCARE,7705323141128,GLIFORMIN 850 MG * 30 TAB,0,0,"25,000",0
HUMANCARE,7705323194018,IRBETT 150 MG X 16 TABS,0,0,0,0
HUMANCARE,7705323194025,IRBETT 150 MG X28 TAB,0,0,0,0
HUMANCARE,7707274980115,LIMPIAVEN X 240 ML,0,0,"89,700",0
HUMANCARE,7707271451991,REPITEL CREMA *50 ML,0,0,"59,800",0
HUMANCARE,7707274980078,REPITEL CREMA X 40 GRS,0,0,"60,000",0
HUMANCARE,7707271451052,SOYL JABON *100 GR,0,0,"37,000",0
HUMANCARE,7707271451205,SOYL SYNDET LIQ X 240 ML,0,0,"66,500",0
HUMAX PHARMA,7707288820841,ALIZAPRIDA 50 MG * 20 TAB,0,0,"65,000",0
HUMAX PHARMA,7707288821619,ALIZAPRIDA GOTAS * 15 ML,0,0,"30,000",0
HUMAX PHARMA,77016676,ANTILIP 4 MG * 15 S/S,0,0,"31,500",0
HUMAX PHARMA,7707288820247,BISACODILO 5 MG * 100 TAB,0,0,"39,500",0
HUMAX PHARMA,7707288820575,BYE-BYE REPELENTE ADULTO CREMA *,600,0,"17,500",0
HUMAX PHARMA,7707288821008,BYE-BYE REPELENTE FORTE CREMA *,1200,0,0,0
HUMAX PHARMA,7707288820773,BYE-BYE REPELENTE FORTE CREMA * 60,0,0,"13,600",0
HUMAX PHARMA,7707288820780,BYE-BYE REPELENTE NINOS CREMA * 60,0,0,"10,400",0
HUMAX PHARMA,7707288821022,BYE-BYE REPELENTE NIÃ‘OS CREMA *,120,0,"10,500",0
HUMAX PHARMA,7707288821633,BYE-BYE REPELENTE SPRAY ADULTOS *,10,0,"12,000",0
HUMAX PHARMA,7707288824504,BYE-BYE REPELENTE SPRAY NIÃ‘OS *,120,0,"16,500",0
HUMAX PHARMA,7707288821961,BYE-BYE ROLLON * 40 ML,0,0,"6,200",0
HUMAX PHARMA,7707288822319,CARDIOTAN 160/12.5 MG * 30 TAB,0,0,0,0
HUMAX PHARMA,7707288821152,CLONAZEPAM 2 MG * 30 TAB,0,0,"7,800",0
HUMAX PHARMA,7707288821268,CLOROQUINA 250 MG * 250 TAB,0,0,"180,000",0
HUMAX PHARMA,7707288824214,CLOZAM 2.5MG/ML GOTAS * 20 ML,0,0,"37,500",0
HUMAX PHARMA,7707288820650,CLOZAPINA 100 MG * 20 TAB,0,0,"28,300",0
HUMAX PHARMA,7707288820803,CLOZAPINA 25 MG * 20 TAB,0,0,"9,000",0
HUMAX PHARMA,7707288821183,CROTAMITON LOCION * 60 ML,0,0,"7,500",0
HUMAX PHARMA,7707321981980,EMTRIFOVIR * 30 TAB,0,0,"35,000",0
HUMAX PHARMA,7707288820902,ESPIRONOLACTONA 25 MG * 20 TAB,0,0,"4,500",0
HUMAX PHARMA,7501123002306,FIRAC * 10 TAB,0,0,"32,000",0
HUMAX PHARMA,7707288820674,",7HALOPERIDOL GOTAS * 15 ML",0,0,"5,300",0
HUMAX PHARMA,7707288822975,IPIPRAL 15 MG * 10 TAB,0,0,"52,300",0
HUMAX PHARMA,7707288820025,LAMIVUDINA 150 MG + ZIDOVUDINA 300,0,0,"33,900",0
HUMAX PHARMA,7707288825006,MESILAX 4G / 60 ML * 7 ENEMAS,0,0,"146,000",0
HUMAX PHARMA,7709990112474,NUTRANOVA ADULTOS VAINILLA POTE *,40,0,"36,600",0
HUMAX PHARMA,7709990112429,NUTRANOVA KIDS FRESA * 400 GR,0,0,"30,600",0
HUMAX PHARMA,7709990817393,NUTRANOVA KIDS VAINILLA * 400 GR,0,0,"29,800",0
HUMAX PHARMA,7707288824177,RISPERIDONA RISDONA TAB 1 MG,0,0,"6,500",0
HUMAX PHARMA,7707288825792,RUVAX 20 MG * 30 TAB,0,0,"150,000",0
HUMAX PHARMA,7707288825808,RUVAX 40 MG * 30 TAB,0,0,"145,000",0
HUMAX PHARMA,7707288823668,",7WARCOK 5 MG * 30 TAB",0,0,0,0
IBANEZ CASTI,7702117012503,ALMENDRA FRANCESA VALENTIN X 90 GR,0,0,0,0
IBANEZ CASTI,7702117011964,ALMENDRA FRANCESA X 27 GRS,0,0,0,0
IBANEZ CASTI,7702158916532,AMBIENTADOR ELECT BRIZZE RPTO,0,0,0,0
IBANEZ CASTI,7702130213031,AREQUIPE VASO PROLECHE,0,0,0,0
IBANEZ CASTI,7700518020188,ATUN ALAMAR EN ACEITE DE OLIVA X,150,0,0,0
IBANEZ CASTI,7700618020027,ATUN ALAMAR LOMITO EN ACEITE X 180,0,0,0,0
IBANEZ CASTI,7700618020058,ATUN ALAMAR RALLADO EN ACEITE X,1700,0,0,0
IBANEZ CASTI,7622210776952,CHICLETS MENTA,0,0,200,0
IBANEZ CASTI,7702175104042,COLOREY X 60 GR,0,0,0,0
IBANEZ CASTI,7702175104011,COMINO PURO X 44 GR,0,0,0,0
IBANEZ CASTI,7700604019851,CREMA DE LECHE REPOSTERIA PARMALAT,0,0,0,0
IBANEZ CASTI,7703518010099,CREMA DE WHISKEY DE LA CORTE X 700,0,0,0,0
IBANEZ CASTI,7702312120010,ENCURTIDOS EN VINAGRE X,5000,0,0,0
IBANEZ CASTI,7702103000262,FROOT LOOPS X 230G,0,0,0,0
IBANEZ CASTI,7622300758998,GALLETA CLUB SOCIAL NAPOLITANA X,260,0,0,0
IBANEZ CASTI,7622300769208,GALLETA CLUB SOCIAL SANDWICH QUESO,0,0,0,0
IBANEZ CASTI,7622300134051,GELATINA ROYAL CEREZA,0,0,0,0
IBANEZ CASTI,7622300134037,GELATINA ROYAL FRESA,0,0,0,0
IBANEZ CASTI,7622300134075,GELATINA ROYAL LIMON,0,0,0,0
IBANEZ CASTI,7622300134105,GELATINA ROYAL MORA,0,0,0,0
IBANEZ CASTI,7622300134068,GELATINA ROYAL NARANJA,0,0,0,0
IBANEZ CASTI,7895800444306,HALLS EXTRA-FUERTE X 12 UNDS DE 30,0,0,0,0
IBANEZ CASTI,7702103000330,KELLOGS MEGA PAQUETICOS CHOCO POPS,0,0,0,0
IBANEZ CASTI,7591057001025,KORN FLAKES X 200 GR,0,0,"11,100",0
IBANEZ CASTI,7700604006356,LECHE CONDENSADA LATA PARMALAT X,400,0,0,0
IBANEZ CASTI,7707271380550,LECHE SOYA SOY FRESA X 200 GR,0,0,0,0
IBANEZ CASTI,7707271380543,LECHE SOYA SOY NATURAL X 200 GR,0,0,0,0
IBANEZ CASTI,7702005600829,MARLBORO BLUE KS BOX X 10,0,0,0,0
IBANEZ CASTI,7702005004474,MARLBORO GOLD X 10,0,0,0,0
IBANEZ CASTI,7591146000120,MARLBORO GOLD X 20,0,0,0,0
IBANEZ CASTI,7702005600690,MARLBORO ICE EXPRESS X,100,0,0,0
IBANEZ CASTI,7702005600492,MARLBORO ICE EXPRESS X,200,0,0,0
IBANEZ CASTI,7702993018972,MENTA CHAO-CHAO,0,0,700,0
IBANEZ CASTI,7702175104288,OREGANO PURO X 10 GR,0,0,0,0
IBANEZ CASTI,7702174070942,PIP POP BON BON BUMBA FRUTALES X,240,0,0,0
IBANEZ CASTI,7702312240237,SALSA CORUNA AJO X 155 GR,0,0,0,0
IBANEZ CASTI,7702175157369,SAZONAREY X 75 GR,0,0,0,0
IBANEZ CASTI,7501001309640,TRAS JABON X 150 GR,0,0,0,0
IBANEZ CASTI,7702175104059,TRICOMPLETO X 51 GR,0,0,0,0
IBANEZ CASTI,7895800817933,TRIDENT RIO WATERMELON CARNIVAL 26,0,0,0,0
IBANEZ CASTI,7622300736552,TRIDENT SENSATION MANGO,0,0,0,0
ICOM ,7704768004357,ADELGIN SUPLEMENTO DIETARIO FCO *,90,0,"63,700",0
ICOM ,7707200903157,AMZOL FEM *10 OVULOS,0,0,"40,000",0
ICOM ,7704768003190,ANTIZOX 1% * 20 GR,0,0,"23,200",0
ICOM ,7707200907155,B-PLEJ JB *120 ML,0,0,"13,700",0
ICOM ,7707200902549,BOLSA AGUA CALIENTE S/ACCESORIOS *,0,0,"30,000",0
ICOM ,7704768005118,CALFAFEM D * 30  CAPS,0,0,"24,800",0
ICOM ,7707200905779,CALFAFEM D *30 CAP,0,0,"35,000",0
ICOM ,7707200900040,CATALAC JBE * 90 ML,0,0,"7,000",0
ICOM ,7707200903485,CEREBRYL *30 CAP,0,0,"64,000",0
ICOM ,7704768001226,CLOPIDOGREL 75 MG * 14 TAB,0,0,"26,000",0
ICOM ,7704768003152,CLORITIMICOTIN 2% CREMA VAGINAL *,20,0,"35,500",0
ICOM ,7704768001165,CODILAN JBE * 120 ML,0,0,"12,000",0
ICOM ,7704768003589,CREMA DE LIMON HUMECTANTE LABIAL*,70,0,500,0
ICOM ,7707200909456,DERMODINA X 25 S/S,0,0,0,0
ICOM ,7704768003091,"DESLORATAMIN 2,5 MG * 5 ML",0,0,"50,000",0
ICOM ,7704768001172,DEXONAV JBE * 120 ML,0,0,"20,000",0
ICOM ,7704768001073,DICLOFENACO GEL 1 % * 50 GR,0,0,"9,100",0
ICOM ,7707200909197,DOLIVIUM * 120 ML,0,0,"20,000",0
ICOM ,7707200902396,DOLIVIUM FLASH X 8 CAP,0,0,"11,100",0
ICOM ,7707200907179,DRENAPLUS * 30 CAP,0,0,"42,500",0
ICOM ,7707200901795,DUONAZOL 200 MG CJA *3 OVULOS,0,0,"45,700",0
ICOM ,7704768001189,ESTOLAS * 100 TAB,0,0,"130,000",0
ICOM ,7707200909357,ESTOLAS X 100 TBS,0,0,0,0
ICOM ,7704768004579,GASA ESTERIL FAST CARE 4X4 (10X10),0,0,"1,000",0
ICOM ,7704768003176,GASLID PLUS DOBLE ACCION MENTA *,360,0,"50,200",0
ICOM ,7704768003169,GASLID PLUS DOBLE ACCION MENTA CJA,0,0,"19,000",0
ICOM ,7707200908916,GINSEG X 60 TBS,0,0,0,0
ICOM ,7707200908305,ICOMVIT TAB EFERVECENTRES X,100,0,"11,300",0
ICOM ,7707200905243,LACOXIL JBE X 120 ML,0,0,"18,000",0
ICOM ,7707200909111,LOSAN 50 MG X 15 TBS,0,0,"28,500",0
ICOM ,7707200904345,MICROPORE PIEL 1,0,0,"4,000",0
ICOM ,7707200900163,NIDAZ 1GR *2 TAB,0,0,"24,000",0
ICOM ,7704768001851,NIDAZ 500 MG * 4 TAB,0,0,"33,700",0
ICOM ,7704768007204,PERFILADOR DE CEJAS * 2 UND,0,0,"7,000",0
ICOM ,7704768002124,PROTECTOR SOLAR BALAO SPF 50+ *,1200,0,"43,000",0
ICOM ,7707200908138,Q-LMMUNE * 60 CAP,0,0,"64,200",0
ICOM ,7704768003497,RELAXUS * 15 CAP,0,0,"25,000",0
ICOM ,7707200900293,SOTTILE POLVO COMPACTO * 14 GR # 4,0,0,"5,800",0
ICOM ,7707200906912,SOTTILE POLVO COMPACTO * 14 GR # 6,0,0,"5,800",0
ICOM ,7704768000403,TIDAX 500 MG * 6 TAB,0,0,"45,000",0
ICOM ,7704768002841,TUTOS JBE * 120 ML,0,0,"25,000",0
ICOM ,7707200908121,VARICAPS X CAPSULAS,0,0,"57,000",0
ICOM ,7704768003343,VASELINA X 20 GR,0,0,"1,500",0
ICOM ,7704768002490,VESTA TOALLITAS HUMEDAS INTIMAS X,20,0,"4,000",0
ICOM ,7707200903256,VITALOR SD *240 ML,0,0,"28,100",0
ICOM ,7704768002452,VITAMINA E 400 UI + VITAMINA A,35000,0,"74,000",0
ICOM ,7704768005552,WETLIPS PROTECTOR LABIAL NEUTRO *,40,0,"11,000",0
ICOM ,7704768004166,WHOLE FRESH CREMA DENTAL MENTA *,750,0,"13,000",0
ICOM ,7704768004838,WHOLE FRESH ENJ BUCAL ORIGINAL *,250,0,"6,500",0
ICOM ,7707200901801,ZEPILAR SHAMPOO CONTROL CASPA *,1800,0,"29,500",0
IDEFAR ,7707331332307,ACNITINE SYNDET FACIAL X 120 GR,0,0,0,0
IDEFAR ,7707331332055,",7BLOKSOL CREMA SPF 60 X 60 GRS",0,0,0,0
IDEFAR ,7707331332062,",7BLOKSOL GEL SPF 45 X 60 GRS",0,0,0,0
IDEFAR ,7707331332086,C-SERUM GEL X 30 GR,0,0,0,0
IDEFAR ,7707331331010,CASACINE 0.025% CREMA *20 GR,0,0,"74,000",0
IDEFAR ,7707331331041,",7CASACINE 0.075% CREMA X 20 GR",0,0,"96,100",0
IDEFAR ,7707331331072,DESONISAL 0.1% SOL *30 ML,0,0,"49,900",0
IDEFAR ,7707313331249,FLUCORTRIF 0.05%,0,0,"54,600",0
IDEFAR ,7703550028007,",7OXYPOR GEL 5% X 60 GR",0,0,"77,800",0
IDEFAR ,7707331331133,",7SUPREIN 100 MG X 10 TABS",0,0,"47,000",0
IDEFAR ,7703550002014,",7SUPREIN 100 MG X 20 TABLS",0,0,0,0
IDEFAR ,7707331331171,UGARPAN 40 MG X 14 TABS,0,0,"100,000",0
ILAB ,7707372342136,HIALSOFT * 10 ML,0,0,"66,500",0
ILAB ,7707372340019,LABSOFT 0.5% LUBRICANTE OCULAR *15,0,0,"54,000",0
ILAB ,770737234302,MACUCAPS *30 CAP,0,0,"69,000",0
ILAB ,7707372340057,MEIBOMAX SUPLEMENTO DIETARIO CJA *,0,0,"75,000",0
INCIT LABORA,7707239380301,BLOQ UV TOTAL SPF 40 EMULSION X,1000,0,0,0
INCIT LABORA,7707239380097,EQ GEL X 120 GR,0,0,"77,300",0
INCOBRA CONS,076690000361,AGUA DE FLORIDA X  22 ML,0,0,"3,000",0
INCOBRA CONS,7703086500220,AGUA FLORIDA PONCE DE LEON * 22 ML,0,0,"2,000",0
INCOBRA CONS,7703086500237,AGUA FLORIDA PONCE DE LEON * 86 ML,0,0,"6,100",0
INCOBRA CONS,7706310000251,CEBIFAN GOTAS * 30 ML,0,0,"15,500",0
INCOBRA CONS,7706309000750,DOLUMBAR *10 TAB,0,0,"14,500",0
INCOBRA CONS,7706309001177,DOLUMBAR CJA * 50 TB,0,0,"14,500",0
INCOBRA CONS,7706309000552,INTIFEM BAÃ‘O INTIMO * 120ML UNDAD,0,0,"12,500",0
INCOBRA CONS,7706440000183,MICOSAN GOTAS * 30 ML,0,0,"16,700",0
INCOBRA CONS,7703086500206,NIXODERM ASTRINGENTE LOCION PUNTOS,0,0,"13,600",0
INCOBRA CONS,7706309684363,NIXODERM JABON AZUFRE ALOE VERA *,10,0,"13,800",0
INCOBRA CONS,7706309000293,NUMOTIZINE X 90 GRS,0,0,"35,938",0
INCOBRA CONS,7706310000145,TUSSYL GOTAS * 30 ML,0,0,"28,400",0
INCOBRA CONS,7706310000152,TUSSYL JBE * 120 ML,0,0,"20,500",0
INCOBRA CONS,7706310000237,TUSSYL MIEL JBE * 180 ML,0,0,"26,000",0
INCOBRA FARM,7706440000022,APOTOX SUSP * 120 ML,0,0,"32,900",0
INCOBRA FARM,7706440000664,BACKPAIN GEL * 40 GR,0,0,"28,200",0
INCOBRA FARM,7706309001085,BROXOL-D *60  ML,0,0,"45,000",0
INCOBRA FARM,7706309000279,CLOBAK 6 MG * 10 TAB,0,0,"11,100",0
INCOBRA FARM,7706309000385,CLOBAK GOTAS * 13 ML,0,0,"95,100",0
INCOBRA FARM,7706309000507,CLOBAK GOTAS * 6.5 ML,0,0,"93,200",0
INCOBRA FARM,7706309000576,COGNIZIN * 5 AMP,0,0,"113,000",0
INCOBRA FARM,7706309000583,COGNIZIN 500 MG * 20 TAB,0,0,"142,900",0
INCOBRA FARM,7706309000446,CORASAN CREMA * 40 GR,0,0,"42,000",0
INCOBRA FARM,7706440000107,DECAMIL B 12 * 1 AMP,0,0,"16,500",0
INCOBRA FARM,7706310000176,FERMOLAC AMP BEBIBLE,0,0,"7,700",0
INCOBRA FARM,77011367,GIARDALAM * 14 COMP,0,0,"10,000",0
INCOBRA FARM,7706309000064,GIARDALAM JBE * 70 ML,0,0,"18,000",0
INCOBRA FARM,7706309000255,LACTOBAC AMP,0,0,"10,900",0
INCOBRA FARM,7706309596604,MEGABION * 30 CAP,0,0,"40,000",0
INCOBRA FARM,7706309000262,NAFAZOL ADULT GOTAS * 15 ML,0,0,"19,500",0
INCOBRA FARM,7706309000415,NAFAZOL PEDIATRICO GOTAS * 15 ML,0,0,"12,000",0
INCOBRA FARM,7706440000206,NECROTON * 8 CAP,0,0,"48,600",0
INCOBRA FARM,7706440000213,NECROTON SUSP * 120 ML,0,0,"23,500",0
INCOBRA FARM,7706309000880,NECROXIL AMP * 5 ML,0,0,"35,100",0
INCOBRA FARM,7706309000743,NECROXIL JBE * 180 ML,0,0,"26,000",0
INCOBRA FARM,7706440000695,NEURO 15 * 30 CAP,0,0,"34,500",0
INCOBRA FARM,7703086944758,NEURO 15 * 60 CAP,0,0,"56,400",0
INCOBRA FARM,7706440000725,NEURO 15 JBE * 120 ML,0,0,"43,500",0
INCOBRA FARM,7706309001061,NEURO-15 NF * 20 CAP,0,0,"116,500",0
INCOBRA FARM,7706309000606,NEUROBASAL 1200 MG * 20 TAB,0,0,"66,400",0
INCOBRA FARM,7706309001023,OFTALMOTRIALER 2% SOL OFTALMICA *,50,0,"49,100",0
INCOBRA FARM,7706309000132,OFTALMOTRISOL * 15 ML,0,0,"25,900",0
INCOBRA FARM,7706310000220,SILIGAS X 10 TABLS,0,0,"9,500",0
INCOBRA FARM,7706440000435,TANDERIL 2ML *1 AMP,0,0,"12,900",0
INNOFAR SA,7707351380227,DERMOESTIMULINA CREMA VAGINAL X 60,0,0,"72,700",0
INNOFAR SA,3564300001879,RESPIMER HYPERTONIC NASAL SPRAY *,10,0,"57,000",0
INNOFAR SA,3401360060791,XERODIANE AP+ CREMA EMOLIENTE *,2000,0,"112,500",0
INNOVAPHARM ,6101184073935,COLAGESKIN X 200 GR,0,0,0,0
INNOVAPHARM ,8470001639479,LACERBLANC ENJUAGUE BUCAL DIARIO X,0,0,0,0
INNOVAPHARM ,7707325640012,PERIOXIDIN ENJUAGUE BUCAL X 200 ML,0,0,0,0
INOVY ,850004358399,BASTON SELFIE - VERSION 02 BLACK,0,0,"43,900",0
INOVY ,6970280945015,CARGADOR CARRO HQ,0,0,"12,500",0
INOVY ,6970280942403,CARGADOR QUALCOMM,0,0,"34,000",0
INOVY ,850004358450,SOPORTE NEGRO CARGADOR INALAMBRICO,0,0,"82,900",0
INTERBEL,7705854689724,DILUSOR DE ESMALTE COSMELIDER * 60,0,0,"5,000",0
INTERBEL,7707180630326,SILICONA  INTERBEL * 36 SOBRES,0,0,"43,200",0
INTERBEL,7707223660020,TINTURA LIQUIDA COLOR-1 NEGRO * 30,0,0,"8,000",0
INTERLABS S.,7703538000032,ANTIPLAC-B ENJUAGUE BUCO X 180 ML,0,0,"15,800",0
INTERLABS S.,7703598000018,ANTIPLAC-B GEL ORAL X 35 GRS,0,0,"15,900",0
INTERNACIONA,7703109204036,JABON INTIMO LIQ X 12 S/S,0,0,0,0
INTERNACIONA,7703109101151,TABU LOCION X 20 ML,0,0,"4,200",0
INVERFARMA,7707300932439,BOLSA PARA HIELO  X,80,0,"6,700",0
INVERFARMA,7707300934075,CABESTRILLO TALLA L,0,0,"24,000",0
INVERFARMA,7707300934051,CABESTRILLO TALLA S,0,0,"20,000",0
INVERFARMA,7707300932224,EQUIPO CISTOFLO       2014D X 2000,0,0,"21,063",0
INVERFARMA,7707300935430,EQUIPO MACROGOTEO S/A ZIBOJECT,0,0,"2,000",0
INVERFARMA,7707300930497,GUANTE ESTERIL TALLA,80,0,0,0
INVERFARMA,7707300930121,GUANTE EXAMEN NO ESTERIL TALLA L *,0,0,"54,900",0
INVERFARMA,7707300933207,GUANTE VINILO TRANSPARENTE TALLA M,0,0,"14,000",0
INVERFARMA,7707300933191,GUANTE VINILO TRANSPARENTE TALLA S,0,0,0,0
INVERFARMA,7707300935621,RECOLECTOR DE ORINA,0,0,600,0
INVERFARMA,7707300933504,SABANA PLANA *1 UND,0,0,"5,400",0
INVERFARMA,7707300935447,SET DE INFUSION IV,0,0,"3,000",0
INVERFARMA,7707300932354,SONDA FOLEY 2 VIAS N.,180,0,"8,800",0
INVERFARMA,7707300932583,VENDA DE YESO 4,0,0,"6,600",0
IPANEMA ,7909806650729,CARTAGO ATLANTA AJ521 TALLA,390,0,"25,900",0
IPANEMA ,7909806650736,CARTAGO ATLANTA AJ521 TALLA,400,0,"25,900",0
IPANEMA ,7909806650743,CARTAGO ATLANTA AJ521 TALLA,410,0,"25,900",0
IPANEMA ,7909806650750,CARTAGO ATLANTA AJ521 TALLA,420,0,"25,900",0
IPANEMA ,7909510852174,CHANCLA CLASSICA FINE FEM AD BEIGE,0,0,"17,900",0
IPANEMA ,7909510852181,CHANCLA CLASSICA FINE FEM AD BEIGE,0,0,"17,900",0
IPANEMA ,7909510852198,CHANCLA CLASSICA FINE FEM AD BEIGE,0,0,"17,900",0
IPANEMA ,7909510852204,CHANCLA CLASSICA FINE FEM AD BEIGE,0,0,"17,900",0
IPANEMA ,7909510852129,CHANCLA CLASSICA FINE FEM AD NEGRO,0,0,"17,900",0
IPANEMA ,7909510852136,CHANCLA CLASSICA FINE FEM AD NEGRO,0,0,"17,900",0
IPANEMA ,7909510852143,CHANCLA CLASSICA FINE FEM AD NEGRO,0,0,"17,900",0
IPANEMA ,7909510852150,CHANCLA CLASSICA FINE FEM AD NEGRO,0,0,"17,900",0
IPANEMA ,7909806753574,CHANCLA CLASSICA HAPPY AK983 TALLA,0,0,"19,900",0
IPANEMA ,7909806753581,CHANCLA CLASSICA HAPPY AK983 TALLA,0,0,"19,900",0
IPANEMA ,7909806753598,CHANCLA CLASSICA HAPPY AK983 TALLA,0,0,"19,900",0
IPANEMA ,7909806753604,CHANCLA CLASSICA HAPPY AK983 TALLA,0,0,"19,900",0
IPANEMA ,7909806753611,CHANCLA CLASSICA HAPPY AK983 TALLA,0,0,"19,900",0
IPANEMA ,7909806753642,CHANCLA CLASSICA HAPPY AK984 TALLA,0,0,"19,900",0
IPANEMA ,7909806753659,CHANCLA CLASSICA HAPPY AK984 TALLA,0,0,"19,900",0
IPANEMA ,7909806753666,CHANCLA CLASSICA HAPPY AK984 TALLA,0,0,"19,900",0
IPANEMA ,7909806753673,CHANCLA CLASSICA HAPPY AK984 TALLA,0,0,"19,900",0
IPANEMA ,7909806753680,CHANCLA CLASSICA HAPPY AK984 TALLA,0,0,"19,900",0
IPANEMA ,7909806753437,CHANCLA CLASSICA HAPPY AK985 TALLA,0,0,"19,900",0
IPANEMA ,7909806753444,CHANCLA CLASSICA HAPPY AK985 TALLA,0,0,"19,900",0
IPANEMA ,7909806753451,CHANCLA CLASSICA HAPPY AK985 TALLA,0,0,"19,900",0
IPANEMA ,7909806753468,CHANCLA CLASSICA HAPPY AK985 TALLA,0,0,"19,900",0
IPANEMA ,7909806753475,CHANCLA CLASSICA HAPPY AK985 TALLA,0,0,"19,900",0
IPANEMA ,7909937227661,CHANCLA CLASSICA HAPPY AR968 TALLA,0,0,"19,900",0
IPANEMA ,7909937227708,CHANCLA CLASSICA HAPPY AR969 TALLA,0,0,"19,900",0
IPANEMA ,7909937227722,CHANCLA CLASSICA HAPPY AR969 TALLA,0,0,"19,900",0
IPANEMA ,7909937227739,CHANCLA CLASSICA HAPPY AR969 TALLA,0,0,"19,900",0
IPANEMA ,7900204847841,CLASSICA HAPPY XIX FEM BW340 TALLA,0,0,"19,900",0
IPANEMA ,7900204847858,CLASSICA HAPPY XIX FEM BW340 TALLA,0,0,"19,900",0
IPANEMA ,7900204847865,CLASSICA HAPPY XIX FEM BW340 TALLA,0,0,"19,900",0
IPANEMA ,7900204847872,CLASSICA HAPPY XIX FEM BW340 TALLA,0,0,"19,900",0
IPANEMA ,7900204847889,CLASSICA HAPPY XIX FEM BW340 TALLA,0,0,"19,900",0
IPANEMA ,7900204847988,CLASSICA HAPPY XIX FEM BW342 TALLA,0,0,"19,900",0
IPANEMA ,7900204847995,CLASSICA HAPPY XIX FEM BW342 TALLA,0,0,"19,900",0
IPANEMA ,7900204848008,CLASSICA HAPPY XIX FEM BW342 TALLA,0,0,"19,900",0
IPANEMA ,7900204848015,CLASSICA HAPPY XIX FEM BW342 TALLA,0,0,"19,900",0
IPANEMA ,7900204848022,CLASSICA HAPPY XIX FEM BW342 TALLA,0,0,"19,900",0
IPANEMA ,7900204848053,CLASSICA HAPPY XIX FEM BW343 TALLA,0,0,"19,900",0
IPANEMA ,7900204848060,CLASSICA HAPPY XIX FEM BW343 TALLA,0,0,"19,900",0
IPANEMA ,7900204848077,CLASSICA HAPPY XIX FEM BW343 TALLA,0,0,"19,900",0
IPANEMA ,7900204848084,CLASSICA HAPPY XIX FEM BW343 TALLA,0,0,"19,900",0
IPANEMA ,7900204848091,CLASSICA HAPPY XIX FEM BW343 TALLA,0,0,"19,900",0
IPANEMA ,7909937155636,RIDER STREET SLIDE AD AR406 TALLA,30,0,"29,900",0
IPANEMA ,7909937155643,RIDER STREET SLIDE AD AR406 TALLA,30,0,"29,900",0
IPANEMA ,7909937155650,RIDER STREET SLIDE AD AR406 TALLA,40,0,"29,900",0
IPANEMA ,7909937155667,RIDER STREET SLIDE AD AR406 TALLA,40,0,"29,900",0
IPANEMA ,7909937155674,RIDER STREET SLIDE AD AR406 TALLA,40,0,"29,900",0
IPANEMA ,7909937155681,RIDER STREET SLIDE AD AR406 TALLA,40,0,"29,900",0
IPCA LABORAT,8901079007056,GLYREE M 1 X 30 TAB,0,0,0,0
IPCA LABORAT,8901079007063,GLYREE M 2 X 30 TAB,0,0,0,0
IPCA LABORAT,8901079006103,HCQS 200 MG * 30 TAB,0,0,"68,500",0
IPCA LABORAT,8901079008244,INOSERT 100 MG X 30 TBS,0,0,"115,600",0
IPCA LABORAT,8901079008237,INOSERT 50 MG * 30 TAB,0,0,"108,500",0
IPCA LABORAT,8901079008558,OLEX 10 MG X 30 TAB,0,0,0,0
IPCA LABORAT,8901079006295,",8OLEX 5 MG X 30 TAB",0,0,0,0
IPCA LABORAT,8901079006535,",8RAMCOR 5 MG * 28 CAP",0,0,"113,800",0
ISDIN ,8429420184527,ISDIN CREMA ANTIESTRIAS WOMAN *,2500,0,"137,000",0
ISDIN ,8429420161214,ISDIN FOTOPROTECTOR GEL CREAM SPF,50,0,"188,800",0
ISDIN ,8429420251984,ISDIN FOTOPROTECTOR GEL CREAM SPF,50,0,"188,800",0
ISDIN ,8429420279209,ISDIN FOTOULTRA REDNESS SPF 50+ *,50,0,"149,000",0
ISDIN ,8429420175327,ISDIN GLICOISDIN 25% INTENSE GEL *,0,0,"219,100",0
ISDIN ,8429420070875,ISDIN PROTECTOR SOLAR ERYFOTONA AK,0,0,"149,000",0
ISDIN ,8429420154186,ISDIN PROTECTOR SOLAR FOTOP FUSION,0,0,"137,600",0
ISDIN ,8429420160668,ISDIN PROTECTOR SOLAR FOTOULTRA,1000,0,"147,000",0
ISDIN ,8429420160804,ISDIN PROTECTOR SOLAR FOTOULTRA,1000,0,"136,000",0
ISDIN ,8429420095397,ISDIN PROTECTOR SOLAR FOTOULTRA,1000,0,"135,500",0
ISDIN ,8429420188020,ISDIN PROTECTOR SOLAR FOTP PED WET,0,0,"158,500",0
ISDIN ,8429420252493,ISDIN SERUM ISDINCEUTICS MELACLEAR,0,0,"239,900",0
ISDIN ,8470001880154,ISDIN SOLUCION MICELLAR 4 EN 1 *,100,0,"41,000",0
ISDIN ,8470001541871,ISDIN UREADIN ULTRA CREMA CORPORAL,0,0,"97,600",0
ISDIN ,8470001556349,NUTRADEICA SHAMPOO ANTICASPA * 200,0,0,"92,200",0
ISDIN ,8470002451001,UREADIN CREMA ANTIARRUGAS SPF20 *,50,0,"97,000",0
ISDIN COLOMB,7898939803174,ERYFOTONA * 50 ML,0,0,"127,500",0
ISIS PHARMA,3760269770348,SUAVIGEL DE LARGA DURACION GEL *,400,0,"103,600",0
ISIS PHARMA,3760269771338,TEEN DERM HYDRA CREMA HIDRATANTE *,0,0,"95,900",0
JANSSEN CILA,7501109900503,DAKTARIN GEL ORAL *78 GR,0,0,"99,900",0
JANSSEN CILA,7703145000937,DUROGESIC 25 MCG/H X 5  PARCHES,0,0,"47,400",0
JANSSEN CILA,7703145703005,EVRA X 3 PARCHES,0,0,"130,000",0
JANSSEN CILA,7501100069056,FLOXSTAT 400 MG X 8 TABLS,0,0,0,0
JANSSEN CILA,7501100053024,FUNGISTAT 80 MG X 3 OVULOS,0,0,0,0
JANSSEN CILA,7703145001347,HALOPIDOL 5 MG X 5 AMPS,0,0,"195,000",0
JANSSEN CILA,7501109910250,HARMETONE SUSP *60 ML,0,0,"54,500",0
JANSSEN CILA,7703145905003,INVEGA 3 MG X 14 TABLS,0,0,"71,500",0
JANSSEN CILA,7703145906000,INVEGA 6 MG X 14 TABLS,0,0,"142,500",0
JANSSEN CILA,7501109900251,NIZORAL CREMA X 40 GRS,0,0,0,0
JANSSEN CILA,7501109900237,NIZORAL SUSP X 60 ML,0,0,0,0
JANSSEN CILA,7703145001026,ORTHO GYNEST ESTRIOL X 6 OVUL,0,0,0,0
JANSSEN CILA,7703145005000,PARIET 20 MG X 14 COMPS,0,0,"157,900",0
JANSSEN CILA,7501109911332,PRILIGY 30 MG X 3 TABLS,0,0,0,0
JANSSEN CILA,7501109911325,PRILIGY 60 MG X 3 TABLS,0,0,0,0
JANSSEN CILA,7501100089313,PROGRAF 1 MG X 50 CAPS,0,0,"250,000",0
JANSSEN CILA,7501109904549,REMINYL ER 8 MG X 7 CAPS,0,0,"20,900",0
JANSSEN CILA,7501109901609,RISPERDAL 1 MG X 20 TABLS,0,0,"9,500",0
JANSSEN CILA,7501109901616,RISPERDAL 2 MG X 20 TABLS,0,0,"25,000",0
JANSSEN CILA,7501109901623,RISPERDAL 3 MG X 20 TABLS,0,0,"28,400",0
JANSSEN CILA,7703145903184,",0RISPERDAL CONSTA 25 MG AMP",0,0,"369,000",0
JANSSEN CILA,7703145908004,RISPERDAL CONSTA 37.5 MG AMP,0,0,"398,000",0
JANSSEN CILA,7501109911134,RISPERDAL QUICKLET 1 MG X 20 TABLS,0,0,0,0
JANSSEN CILA,7703145001101,SPORANOX SOL ORAL X 150 ML,0,0,"234,800",0
JANSSEN CILA,7501109908301,SPORANOX X 28 CAPS,0,0,"78,000",0
JANSSEN CILA,7501109900558,SPORASEC X 12 CAPS,0,0,0,0
JANSSEN CILA,7703145000227,STUGERON 75MG *20 COMP,0,0,"32,900",0
JANSSEN CILA,127703145001255,TOPAMAC 25 MG *28 TAB,0,0,"20,000",0
JANSSEN CILA,7795314891972,TOPAMAC SPRINKLE 15 MG X 60 CAPS,0,0,0,0
JANSSEN CILA,7501109904204,TRAMACET X 10 TABS,0,0,0,0
JAQUIN ,7707290990099,GLUCOPATIQUE * 30 ML,0,0,"37,000",0
JGB ,7702560008856,ALCOHOL JGB * 3800 ML,0,0,"49,000",0
JGB ,7702560000386,ALGODON JGB * 100 GR,0,0,"8,900",0
JGB ,7702560000379,ALGODON JGB * 50 GR,0,0,"4,800",0
JGB ,7701126701552,ALGODON JGB POMOS X 500 GRS,0,0,0,0
JGB ,7702560000393,ALGODON JGB X 250 GRS,0,0,0,0
JGB ,77025600069687,BRONQUISOL FLEM ADULTO * 120 ML,0,0,"38,500",0
JGB ,7702560033353,BRONQUISOL FORTE TOS ADULTOS * 120,0,0,"40,000",0
JGB ,7702560032233,BRONQUISOL SPRAY GARGANTA CEREZA X,0,0,"14,000",0
JGB ,7702560032240,BRONQUISOL SPRAY GARGANTA UVA X,1200,0,"14,000",0
JGB ,7702560035869,CEPILLO FLUOCARDENT KIDS 5+ RATONA,0,0,"7,700",0
JGB ,7702560003707,CEPILLO FLUOCARDENT KIDS DIAMANTE,0,0,"6,200",0
JGB ,7702560042003,CEPILLO FLUOCARDENT KIDS RATON * 1,0,0,"7,400",0
JGB ,7702560032981,CEPILLO FLUOCARDENT MULTI CONTROL,50,0,"8,000",0
JGB ,7702560022524,CEPILLO FLUOCARDENT MULTI-ACTION *,0,0,"1,700",0
JGB ,7702560025136,CEPILLO FLUOCARDENT UL KIDS RATONA,0,0,"7,700",0
JGB ,7702560037580,CEPILLO FLUOCARDENT ULTRA PLUS 2X1,0,0,"10,300",0
JGB ,7702560003608,COPITOS JGB APLICADORES FCO *,500,0,"1,700",0
JGB ,7702560025235,COPITOS JGB X 75 UNDS,0,0,0,0
JGB ,7702560000836,CREMA DENTAL FLUOCAR/MENTA TBO X,100,0,0,0
JGB ,7702560000812,CREMA DENTAL FLUOCAR/MENTA TBO X,500,0,"2,600",0
JGB ,7702560030000,CREMA DENTAL FLUOCARDENT KIDS KUNG,0,0,0,0
JGB ,7702560000829,CREMA DENTAL FLUOCARDENT MENTA *,750,0,"6,000",0
JGB ,7702560006104,CREMA DENTAL FLUOCARDENT MENTA PAG,0,0,0,0
JGB ,7702560006296,CREMA DENTAL FLUOCARDENT MENTA PAG,0,0,"2,000",0
JGB ,7702560006555,CREMA DENTAL FLUOCARDENT MENTA PAG,0,0,0,0
JGB ,7702560044717,CREMA DENTAL FLUOCARDENT NIÃ‘OS *,50,0,"8,500",0
JGB ,7702560027963,CREMA DENTAL FLUOCARDENT SENSITIBE,0,0,"8,700",0
JGB ,7702560007163,DIOXODIN ESPUMA X 120 ML,0,0,0,0
JGB ,7702560007156,DIOXODIN ESPUMA X 60 ML,0,0,"7,800",0
JGB ,7702560007149,DIOXODIN SOLUCION X 60 ML,0,0,"7,800",0
JGB ,7702560026683,ELIXIR DE HIERRO Y COMPLEJO B X,3100,0,"11,000",0
JGB ,7702560045011,ENJ BUCAL FLUOCARDENT FRESCURA MAX,0,0,"7,500",0
JGB ,7702560045035,ENJ BUCAL FLUOCARDENT ZERO ALCOHOL,0,0,"7,500",0
JGB ,7702560033636,ESPUMA DE AFEITAR CLASICA X 396 GR,0,0,"19,200",0
JGB ,7702560004407,ESPUMA DE AFEITAR JGB CLASICA *,3960,0,"42,000",0
JGB ,7702560027444,ESPUMA DE AFEITAR JGB HUMECTANTE X,0,0,"17,800",0
JGB ,7702560040993,FLUOCARDENT CREMA DENTAL SENSITIVE,0,0,"24,400",0
JGB ,7702560032264,FLUOCARDENT ENJ BUCAL 7 BENEFICIOS,0,0,"6,600",0
JGB ,7702560033520,FLUOCARDENT ENJ BUCAL 7 BENEFICIOS,0,0,"7,100",0
JGB ,7702560010781,FLUOCARDENTCREMA DENTAL T/ACCION 2,0,0,0,0
JGB ,7702560028656,GEL ANTIBACTERIAL JGB COOL BLUE X,80,0,"6,400",0
JGB ,7702560028380,GEL ANTIBACTERIAL JGB PURE PINK X,80,0,"6,500",0
JGB ,7704824000477,GINKGO BILOBA 40 MG X  30CAP,0,0,"14,800",0
JGB ,7702560042065,KIT DENTAL FLUOCARTDENT ADULTO * 1,0,0,"24,000",0
JGB ,7702560032837,KOLA GRANULADA JGB CHOCOLATE X 130,0,0,"7,000",0
JGB ,7702560032851,KOLA GRANULADA JGB CHOCOLATE X 900,0,0,0,0
JGB ,7702560026201,KOLA GRANULADA JGB FRESA * 330 GR,0,0,"25,700",0
JGB ,7702560046254,KOLA GRANULADA JGB FRESA * 330 GTS,0,0,"29,900",0
JGB ,7702560024566,KOLA GRANULADA JGB FRESA * 330 GTS,0,0,"28,800",0
JGB ,7702560043499,KOLA GRANULADA JGB FRESA * 330 GTS,0,0,"32,100",0
JGB ,7702560026225,KOLA GRANULADA JGB TRADICIONAL *,330,0,"25,000",0
JGB ,7702560043406,KOLA GRANULADA JGB TRADICIONAL *,330,0,"29,900",0
JGB ,7702560026133,KOLA GRANULADA JGB TRADICIONAL X,300,0,"1,000",0
JGB ,7702560010361,KOLA GRANULADA JGB VAINILLA X 100O,0,0,0,0
JGB ,7702560033834,LOCION LAGE AZUL PAGUE 250 LLEVE,350,0,"16,100",0
JGB ,7702560006463,LOCION LAGE VERDE PAGUE 250 LLEVE,30,0,"13,000",0
JGB ,7702560006456,LOCION LAGE X 130 ML,0,0,0,0
JGB ,7702560009617,LOCION LAGE X 130 ML GTS ALGODON X,0,0,0,0
JGB ,7702560023996,OMEGA 3 + VITAMINA E FCO * 50 CAPS,0,0,"15,950",0
JGB ,7702560037344,OMEGA 3 1000 MG+ VITAMINA E 10 U.I,0,0,"23,000",0
JGB ,7702560043864,PADS FACIALES * 50 UND,0,0,"13,100",0
JGB ,7702560007521,POMOS JGB * 100 MG,0,0,"8,000",0
JGB ,7702560049705,PROPOLEO ADULTO * 180 ML,0,0,"20,000",0
JGB ,7702560043222,PROPOLEO CASA NATURA ADULTOS * 300,0,0,"19,700",0
JGB ,7702560032943,REMOVEDOR SUAVISOL CERAMIDAS PAGUE,0,0,"5,700",0
JGB ,7702560033568,REMOVEDOR SUAVISOL COLORES OSCUROS,0,0,"5,700",0
JGB ,7702560009020,REMOVEDOR SUAVISOL HUMECTANTE X 35,0,0,0,0
JGB ,7702560032936,",7REMOVEDOR SUAVISOL ORIGINAL PAGUE",50,0,"5,700",0
JGB ,7702560019234,REMOVEDOR SUAVISOL PRO/VIT E FCO X,0,0,0,0
JGB ,7702560032301,REMOVEDOR SUAVISOL TEENS,0,0,"5,700",0
JGB ,7702560032912,REMOVEDOR SUAVISOL X 75 VIT-E GTS,30,0,0,0
JGB ,7702560009082,SEDA DENTAL FLUOCARDENT PAG 25LLEV,0,0,"8,000",0
JGB ,7702560045806,SEDA DENTAL FLUOCARDENT PREVENCION,0,0,"15,000",0
JGB ,7702560033988,SEDA DENTAL JGB 5 BENEFICIOS MENTA,0,0,"8,200",0
JGB ,7702560030826,SEDA DENTAL KIDS KUNG FU PANDA *,350,0,"6,000",0
JOHNSON & JO,7702031925118,LANCETAS ONE TOUCH DELICA *,250,0,"20,000",0
JOHNSON & JO,353885801003,ONE TOUCH LANCETAS ULTRA *,1000,0,"55,000",0
JOHNSON & JO,4030841490025,ONE TOUCH LANCETAS ULTRA SOFT * 25,0,0,"25,000",0
JOHNSON & JO,7702031436119,ONE TOUCH SELECT *,500,0,"120,000",0
JOHNSON & JO,353885007252,ONE TOUCH SELECT TIRAS REACTIVAS *,0,0,"55,000",0
JOHNSON & JO,7702031021162,ONE TOUCH ULTRA TIRA * 25 UND 2 +,10,0,"120,000",0
JOHNSON & JO,7702031020776,ONE TOUCH ULTRA TIRA X 50 X 2 AH,200,0,"183,900",0
JOHNSON & JO,353885006217,ONE TOUCH ULTRA TIRAS REACTIVAS *,10,0,"23,000",0
JOHNSON & JO,353885160254,ONE TOUCH ULTRA TIRAS REACTIVAS *,20,0,"52,300",0
JOHNSON & JO,353885771504,ONE TOUCH ULTRA TIRAS REACTIVAS *,50,0,"120,000",0
JOHNSON & JO,7709816316482,ONETOUCH DELICA PLUS LANCETAS * 25,0,0,"18,500",0
JOHNSON Y JO,7702134103307,AGAROL VAINILLA * 240 ML,0,0,"19,000",0
JOHNSON Y JO,7702031501398,CAREFREE BRISA PAG 10 LLEV,150,0,"2,500",0
JOHNSON Y JO,7702031604174,CAREFREE MULTIFLEXI S/FRAGANCIA *,60,0,"8,600",0
JOHNSON Y JO,7702031604181,CAREFREE MULTIFLEXI S/FRAGRANCIA *,0,0,"14,600",0
JOHNSON Y JO,7702031504467,CAREFREE PANTY TANGA NATURAL FRESH,0,0,0,0
JOHNSON Y JO,7702031970750,CAREFREE PROT * 150 UND,0,0,0,0
JOHNSON Y JO,7702031570837,CAREFREE PROTECTORES S/PERFUME *,200,0,"16,000",0
JOHNSON Y JO,7891010697266,",7CEPILLO REACH CONFORT CLEAN 2X1",0,0,0,0
JOHNSON Y JO,7891010505684,CLEAN & CLEAR GEL ANTI-ACNE RAPIDA,0,0,0,0
JOHNSON Y JO,7702031039204,CLEAN & CLEAR JABON EXFOLIANTE *,800,0,0,0
JOHNSON Y JO,7702031927457,DESITIN CREAMY * 113 GR,0,0,"47,900",0
JOHNSON Y JO,7702031919872,DESITIN GTS TOALLAS * 50 UNG * 113,0,0,"27,900",0
JOHNSON Y JO,7702031927440,DESITIN UNG * 113 GR,0,0,"41,000",0
JOHNSON Y JO,7702031821816,DESITIN UNG * 113 GR GTS DESITIN *,0,0,"27,200",0
JOHNSON Y JO,7702031986782,DESITIN UNG * 113 GR GTS TOALLAS *,0,0,"21,600",0
JOHNSON Y JO,7702031927471,DESITIN UNG * 28 GR,0,0,"14,000",0
JOHNSON Y JO,7702035886088,DRAMAMINE * 96 TAB,0,0,"28,800",0
JOHNSON Y JO,7590520989413,",7GLADE AER FLORAL PERFECTION LATA *",0,0,0,0
JOHNSON Y JO,7790520527172,GLADE TOQUE LAVANDA 2 * 1 REPUESTO,0,0,0,0
JOHNSON Y JO,7706634012756,JELCO  22G X 1,0,0,"2,600",0
JOHNSON Y JO,7702031139669,JOHNSON ACEITE ORIG * 300 ML GTS,100,0,"20,300",0
JOHNSON Y JO,7891010581800,JOHNSON ACEITE RECIEN NACIDO * 100,0,0,"8,900",0
JOHNSON Y JO,7702031878421,JOHNSON ACOND EXTRA HUMECTANTE *,400,0,0,0
JOHNSON Y JO,7702031998167,JOHNSON ACOND FRAGANCIA PROLONGADA,0,0,"12,200",0
JOHNSON Y JO,7702031293583,JOHNSON ACOND FUERZA Y VITA E *,4000,0,"32,600",0
JOHNSON Y JO,7702031604501,JOHNSON ACOND GOTAS DE BRILLO *,2000,0,"19,400",0
JOHNSON Y JO,7702031604518,JOHNSON ACOND GOTAS DE BRILLO *,4000,0,"28,500",0
JOHNSON Y JO,7702031293422,JOHNSON ACOND GOTAS DE BRILLO *,4000,0,"28,500",0
JOHNSON Y JO,7891010030452,JOHNSON ACOND ORIGINAL * 200 ML,0,0,"14,700",0
JOHNSON Y JO,7702031293446,JOHNSON ACONDICIONADOR HIDRATACION,0,0,"30,300",0
JOHNSON Y JO,7702031318538,JOHNSON BABY BAÃ‘O LIQ HIDRATACION,0,0,"36,500",0
JOHNSON Y JO,7702031964292,JOHNSON BABY CREMA LIQ HIDRATACION,0,0,"11,700",0
JOHNSON Y JO,7702031964308,JOHNSON BABY CREMA LIQ HIDRATACION,0,0,"17,500",0
JOHNSON Y JO,7891010919221,JOHNSON BABY LOCION ANTIMOSQUITO *,0,0,"43,200",0
JOHNSON Y JO,7702031258346,JOHNSON BABY PAÃ‘ITOS HUMEDOS *,1000,0,"10,400",0
JOHNSON Y JO,7702031258070,JOHNSON BABY PAÃ‘ITOS HUMEDOS/ALOE,0,0,"6,900",0
JOHNSON Y JO,7702031293217,JOHNSON BABY SHAMPOO MANZANILLA *,10,0,"14,000",0
JOHNSON Y JO,7702031293484,JOHNSON BABY SHAMPOO MANZANILLA *,10,0,"44,900",0
JOHNSON Y JO,7702031293231,JOHNSON BABY SHAMPOO MANZANILLA *,20,0,"21,100",0
JOHNSON Y JO,7702031293248,JOHNSON BABY SHAMPOO MANZANILLA *,40,0,"32,600",0
JOHNSON Y JO,7702031293255,JOHNSON BABY SHAMPOO MANZANILLA *,70,0,"47,000",0
JOHNSON Y JO,7702031291534,JOHNSON BABY SHAMPOO ORIGINAL *,1000,0,"14,000",0
JOHNSON Y JO,7702031291527,JOHNSON BABY SHAMPOO ORIGINAL *,7500,0,"48,000",0
JOHNSON Y JO,7702031933540,JOHNSON BAÃ‘O LIQ HUMECTANTE * 200,0,0,"14,300",0
JOHNSON Y JO,7891010036355,JOHNSON BAÃ‘O LIQ PIES A CABEZA *,20,0,"24,700",0
JOHNSON Y JO,7702031668435,JOHNSON BAÃ‘O LIQ TOQUE FRESCO *,200,0,"14,300",0
JOHNSON Y JO,7702031318453,JOHNSON BAÃ‘O LIQUIDO BEBE AVENA *,0,0,"33,100",0
JOHNSON Y JO,7891010814090,JOHNSON BODY WASH EXTRACTO SEMILLA,0,0,"7,200",0
JOHNSON Y JO,7891010654238,JOHNSON BODY WASH MIEL Y LINAZA *,20,0,"7,200",0
JOHNSON Y JO,7702031142867,JOHNSON COLONIA ANTES DE DORMIR X,20,0,0,0
JOHNSON Y JO,7702031515210,JOHNSON COLONIA DULCES SUENOS *,2000,0,"27,600",0
JOHNSON Y JO,7891010013462,JOHNSON COLONIA GOTAS DE ESTRELLAS,0,0,"17,600",0
JOHNSON Y JO,7891010031435,JOHNSON COLONIA GOTAS DE LUNA *,1000,0,"10,700",0
JOHNSON Y JO,7702031162797,JOHNSON CREMA HIDRATANTE PROTEINAS,0,0,0,0
JOHNSON Y JO,7891010014810,JOHNSON CREMA LAVANDA Y MANZANILLA,0,0,"12,100",0
JOHNSON Y JO,7891010013981,JOHNSON CREMA LAVANDA Y MANZANILLA,0,0,"14,200",0
JOHNSON Y JO,7702031927334,JOHNSON CREMA LIQ BABY ORIGINAL *,80,0,"58,800",0
JOHNSON Y JO,7891010927622,JOHNSON CREMA NUTRICION INTENSA X,20,0,0,0
JOHNSON Y JO,7702031989530,JOHNSON CREMA PIEL DE ENSUENO X,4000,0,0,0
JOHNSON Y JO,7702031895442,JOHNSON CREMA PIEL DE ENSUENO X,4000,0,0,0
JOHNSON Y JO,7702031926450,JOHNSON CREMA SOFT PIEL FRESCA X,200,0,0,0
JOHNSON Y JO,7702031407348,JOHNSON JABON ADULTO REFRESCANTE 3,0,0,"12,400",0
JOHNSON Y JO,7702031407430,JOHNSON JABON ADULTO ROSAS SANDALO,0,0,"11,700",0
JOHNSON Y JO,7702031414360,JOHNSON JABON ALOE Y VITAMINA E *,10,0,"3,800",0
JOHNSON Y JO,7702031900849,JOHNSON JABON ANTES DE DORMIR *,1250,0,"2,200",0
JOHNSON Y JO,7702031900962,JOHNSON JABON AVENA 3 UND * 125 GR,0,0,"5,500",0
JOHNSON Y JO,7702031900870,JOHNSON JABON BABY ANTES DE DORMIR,0,0,"5,300",0
JOHNSON Y JO,7702031900528,JOHNSON JABON BABY AVENA * 125 GR,0,0,"2,500",0
JOHNSON Y JO,7702031369097,JOHNSON JABON BABY AVENA 3 UND *,120,0,"5,400",0
JOHNSON Y JO,7702031902997,JOHNSON JABON BABY AVENA NATURAL *,0,0,"1,800",0
JOHNSON Y JO,7702031959601,JOHNSON JABON BABY HORA DE JUGAR *,0,0,"2,400",0
JOHNSON Y JO,7702031900597,JOHNSON JABON BABY HUMECT 3 UND *,10,0,"6,800",0
JOHNSON Y JO,7702031900832,JOHNSON JABON BABY PROTEINAS LECHE,0,0,"2,200",0
JOHNSON Y JO,7702031278474,JOHNSON JABON LIBRE DE GERMENES *,10,0,"4,900",0
JOHNSON Y JO,7702031974182,",7JOHNSON JABON MANZANILLA 3 UND *",120,0,"6,300",0
JOHNSON Y JO,7702031900924,JOHNSON JABON ORIGINAL 3 UND * 125,0,0,"6,000",0
JOHNSON Y JO,7702031900917,JOHNSON JABON ORIGINAL ADULTO *,1250,0,"2,100",0
JOHNSON Y JO,7702031414575,JOHNSON JABON ROSAS Y SANDALO *,1100,0,"3,800",0
JOHNSON Y JO,7702031958987,",7JOHNSON JABON ULTRA FRESH * 125 GR",0,0,"7,200",0
JOHNSON Y JO,7702031974192,",7JOHNSON JABON VAINILLA X 125 GR X",30,0,0,0
JOHNSON Y JO,7702031258087,JOHNSON PAÃ‘ITOS ORIG REPUESTO PAG,0,0,"6,000",0
JOHNSON Y JO,7702031714309,JOHNSON SHAMPOO ANTES DE DORMIR *,20,0,"19,000",0
JOHNSON Y JO,381370037477,JOHNSON SHAMPOO ANTES DE DORMIR *,40,0,"14,900",0
JOHNSON Y JO,7702031293514,JOHNSON SHAMPOO BABY ORIGINAL *,1000,0,"48,400",0
JOHNSON Y JO,7702031413424,JOHNSON SHAMPOO FUERZA Y VITA E *,20,0,"19,400",0
JOHNSON Y JO,7702031413431,JOHNSON SHAMPOO FUERZA Y VITA E *,40,0,"30,000",0
JOHNSON Y JO,7702031293637,JOHNSON SHAMPOO FUERZA Y VITA E *,70,0,"45,200",0
JOHNSON Y JO,7702031293354,JOHNSON SHAMPOO GOTAS DE BRILLO *,20,0,"19,500",0
JOHNSON Y JO,7702031293361,JOHNSON SHAMPOO GOTAS DE BRILLO *,40,0,"30,000",0
JOHNSON Y JO,7702031293378,JOHNSON SHAMPOO GOTAS DE BRILLO *,70,0,"45,200",0
JOHNSON Y JO,7702031083719,JOHNSON SHAMPOO MANZANILLA * 200 M,0,0,"12,200",0
JOHNSON Y JO,7702031954972,JOHNSON SHAMPOO ROMERO * 400 ML +,0,0,"18,100",0
JOHNSON Y JO,7702031031604,JOHNSON SHAMPOO ROMERO Y PROTEC UV,0,0,"12,800",0
JOHNSON Y JO,7891010877958,JOHNSON SOFT BAÃ‘O LIQ. RELAX *,2000,0,"8,200",0
JOHNSON Y JO,7702031668466,JOHNSON TALCO BABY TOQUE FRESCO *,20,0,"16,200",0
JOHNSON Y JO,7891010568764,JOHNSON TOALLITAS DULCES SUEÃ‘OS *,0,0,"6,500",0
JOHNSON Y JO,7891010657529,JOHNSON TOALLITAS TOQUE FRESCO *,480,0,"6,200",0
JOHNSON Y JO,7702031407188,JOHNSONS JABON ANTES DE DORMIR * 3,0,0,"15,500",0
JOHNSON Y JO,7702031038207,JONHSON TALCO BABY ANTES DE DORMIR,0,0,"32,500",0
JOHNSON Y JO,7702031277910,LISTERINE ANTICARIES ZERO * 500 ML,0,0,"22,000",0
JOHNSON Y JO,7702031311768,LISTERINE ANTICARIES ZERO * 500 ML,0,0,"22,200",0
JOHNSON Y JO,7702031278870,LISTERINE ANTICARIES ZERO MENTA *,10,0,"16,300",0
JOHNSON Y JO,7702031976394,LISTERINE ANTICARIES ZERO MENTA *,20,0,"12,200",0
JOHNSON Y JO,7702031809869,LISTERINE CONTROL CALCULO * 180 ML,0,0,"7,500",0
JOHNSON Y JO,7702031952763,LISTERINE CONTROL CALCULO * 360 ML,0,0,"14,100",0
JOHNSON Y JO,7702035428899,LISTERINE CONTROL CALCULO * 500 ML,0,0,"20,900",0
JOHNSON Y JO,7702031990086,LISTERINE CONTROL CALCULO * 500 ML,0,0,"21,800",0
JOHNSON Y JO,7891010974336,LISTERINE COOL MINT ZERO ALCOHOL *,0,0,"29,300",0
JOHNSON Y JO,7702035833815,LISTERINE CUIDADO TOTAL * 180 ML,0,0,"16,400",0
JOHNSON Y JO,7702031887911,LISTERINE CUIDADO TOTAL ZERO MENTA,0,0,"11,000",0
JOHNSON Y JO,7702031278887,LISTERINE CUIDADO TOTAL ZERO MENTA,0,0,"9,000",0
JOHNSON Y JO,7702031887928,LISTERINE CUIDADO TOTAL ZERO MENTA,0,0,"13,900",0
JOHNSON Y JO,7702035432186,LISTERINE FRESH X 1000 ML,0,0,0,0
JOHNSON Y JO,7702031942047,LISTERINE JABON AVENA X 125 GR X 3,0,0,0,0
JOHNSON Y JO,7702035406811,LISTERINE PROT.DIENTES-ENCIAS *,1800,0,"10,300",0
JOHNSON Y JO,7702035406873,",7LISTERINE PROT.DIENTES-ENCIAS *",3600,0,"16,800",0
JOHNSON Y JO,7702031793991,LISTERINE WHITENING * 236 ML,0,0,"12,200",0
JOHNSON Y JO,7702031794004,LISTERINE WHITENING * 473 ML,0,0,"26,500",0
JOHNSON Y JO,7702031927129,LISTERINE WHITENING * 473 ML GTS,230,0,"14,300",0
JOHNSON Y JO,7702031573012,LISTERINE WHITENING ANTIMANCHAS *,50,0,"15,200",0
JOHNSON Y JO,7702031544616,LISTERINE WHITENING ANTIMANCHAS *,50,0,"27,100",0
JOHNSON Y JO,7702035475275,LUBRIDERM AVENA * 400 ML,0,0,"23,500",0
JOHNSON Y JO,7702031278221,LUBRIDERM ETAPA PREVENCION FPS30 *,0,0,"13,200",0
JOHNSON Y JO,7702031278245,LUBRIDERM ETAPA PREVENCION FPS30 *,0,0,"61,100",0
JOHNSON Y JO,7702031278252,LUBRIDERM ETAPA PREVENCION FPS30 *,0,0,"65,000",0
JOHNSON Y JO,7702031278238,LUBRIDERM ETAPA PREVENCION UV 30 *,0,0,"21,500",0
JOHNSON Y JO,7702031280316,LUBRIDERM ETAPA RESTAURACION * 240,0,0,"21,500",0
JOHNSON Y JO,7702031280323,LUBRIDERM ETAPA RESTAURACION * 400,0,0,"32,900",0
JOHNSON Y JO,7702031278269,LUBRIDERM ETAPA REVITALIZACION *,240,0,"21,500",0
JOHNSON Y JO,7702035455055,LUBRIDERM HUMECTACION DELICADA *,120,0,"19,000",0
JOHNSON Y JO,7702031244554,LUBRIDERM HUMECTACION DELICADA *,400,0,"44,000",0
JOHNSON Y JO,7702031927310,LUBRIDERM MEN 3 EN 1 CON FRAGANCIA,0,0,"49,500",0
JOHNSON Y JO,7702035456687,LUBRIDERM NUTRITIVA * 400 ML,0,0,0,0
JOHNSON Y JO,7702035475060,LUBRIDERM NUTRITIVA ANTIOXIDANTE *,0,0,"6,000",0
JOHNSON Y JO,7702035892706,LUBRIDERM RENOVACION CELULAR * 200,0,0,"15,200",0
JOHNSON Y JO,7702035892676,LUBRIDERM RENOVACION CELULAR * 400,0,0,"23,900",0
JOHNSON Y JO,7501007528939,LUBRIDERM REPARACION INTENSIVA *,120,0,"21,400",0
JOHNSON Y JO,7702035870384,LUBRIDERM REPARACION INTENSIVA *,200,0,"34,300",0
JOHNSON Y JO,7702031603726,LUBRIDERM REPARACION INTENSIVA *,200,0,"30,700",0
JOHNSON Y JO,7702035870407,LUBRIDERM REPARACION INTENSIVA *,400,0,"55,000",0
JOHNSON Y JO,7702031311218,LUBRIDERM REPARACION INTENSIVA *,750,0,"76,400",0
JOHNSON Y JO,7501007528434,LUBRIDERM REPARACION INTENSIVA *,940,0,"79,600",0
JOHNSON Y JO,7702035916679,LUBRIDERM UV-15 PROTECTOR SOLAR *,70,0,"70,800",0
JOHNSON Y JO,7702134901101,MYLANTA * 50 TAB,0,0,"18,700",0
JOHNSON Y JO,7702031245315,NEKO JABON BLANCO EXTRA SUAVE *,1100,0,"7,400",0
JOHNSON Y JO,7702031998679,NEKO JABON FRESH,0,0,"2,400",0
JOHNSON Y JO,77010131,NEKO LOCION CUTIS GRASO * 45 ML,0,0,"5,700",0
JOHNSON Y JO,77013989,NEKO LOCION HERBAL CUTIS MIXTO *,450,0,"7,200",0
JOHNSON Y JO,7702035800244,NEKO LOCION HERBAL CUTIS MIXTO *,800,0,"11,900",0
JOHNSON Y JO,7891010882983,NEUTROGENA HYDRO BOOST WATER GEL *,0,0,"84,000",0
JOHNSON Y JO,7702031905240,NEUTROGENA JABON ORIGINAL BARRA *,80,0,"19,500",0
JOHNSON Y JO,7702031532583,NEUTROGENA LIMPIADOR EXFOLIANTE *,10,0,"51,700",0
JOHNSON Y JO,70501053607,NEUTROGENA OIL FREE CLEAR * 124 ML,0,0,"52,400",0
JOHNSON Y JO,7891010245214,NEUTROGENA PURIFIED SKIN LIMPIADOR,0,0,"50,800",0
JOHNSON Y JO,7891010250997,NEUTROGENA SUN FRESH FACIAL SPF 70,0,0,"65,000",0
JOHNSON Y JO,7891010253219,NEUTROGENA SUN FRESH FPS70 P/SOLAR,0,0,"81,400",0
JOHNSON Y JO,7702715430969,NICORETTE 2 MG MENTA X 30 GOMAS,0,0,0,0
JOHNSON Y JO,7702031919643,O.B. TAMPON * 3 UND,0,0,"11,100",0
JOHNSON Y JO,7702031815624,O.B. TAMPON C/APLICADOR MEDIO PACK,0,0,"15,100",0
JOHNSON Y JO,7702031010630,O.B. TAMPON DIGITAL MEDIO *,100,0,"8,300",0
JOHNSON Y JO,7891010247829,O.B. TAMPON DIGITAL SUPER *,100,0,"8,100",0
JOHNSON Y JO,7702031604136,O.B. TAMPON DIGITAL SUPER * 10 UND,0,0,"10,100",0
JOHNSON Y JO,7891010039165,O.B. TAMPON MIN/MEDIO DUO PACK,0,0,0,0
JOHNSON Y JO,7891010924010,REACH CEPILLO BATMAN NINOS,0,0,0,0
JOHNSON Y JO,789101925550,REACH CEPILLO ECO,0,0,0,0
JOHNSON Y JO,7891010501136,REACH SEDA DENTAL BLANQUEADORAX 40,0,0,0,0
JOHNSON Y JO,7891010884598,REACH SEDA DENTAL CUIDADO TOTAL *,40,0,"11,200",0
JOHNSON Y JO,7891010038953,REACH SEDA DENTAL EXPANSION PLUS *,0,0,"24,000",0
JOHNSON Y JO,7702031777977,REACH SEDA DENTAL MENTA * 35 LLEVE,0,0,"16,600",0
JOHNSON Y JO,7702035915559,SINUTAB * 96 TAB,0,0,"48,000",0
JOHNSON Y JO,7702035915542,SINUTAB NS * 96 TAB,0,0,"48,000",0
JOHNSON Y JO,7702031917007,SPLENDA * 100 S/S GTS SPLENDA * 50,0,0,"20,400",0
JOHNSON Y JO,7702031313595,STAYFREE ADAPT PLUS NOCHE Y DIA *,80,0,"6,200",0
JOHNSON Y JO,7702031376699,STAYFREE ADAPT PLUS ULTRADELGADA *,0,0,"4,800",0
JOHNSON Y JO,7702031563297,STAYFREE ESP U/DELGADA ALAS X 10 X,0,0,0,0
JOHNSON Y JO,7702031800675,STAYFREE ESPECIAL SUAVE ADAPT ALAS,0,0,"3,900",0
JOHNSON Y JO,7702031800828,STAYFREE ESPECIAL ULTRADELGADA PAG,0,0,"3,900",0
JOHNSON Y JO,7702031974659,",7STAYFREE MAXISURTIDO ESPECIAL ALAS",0,0,0,0
JOHNSON Y JO,7891010518295,SUNDOWN FPS50 PLAYA Y PISCINA *,2000,0,"64,000",0
JOHNSON Y JO,7891010518158,SUNDOWN KIDS FPS 60 BLOQUEADOR *,120,0,"65,000",0
JOHNSON Y JO,7702031852339,SUNDOWN KIDS PROTECTOR SOLAR FPS60,0,0,"55,000",0
JOHNSON Y JO,7891010033415,SUNDOWN POS SOL 130G,0,0,0,0
JOHNSON Y JO,7702031963561,SUNDOWN SPF 50 ORIG * 120 ML  AHO,20,0,"27,000",0
JOHNSON Y JO,810508000415,TOALLAS HUMEDAS LAV/MANZANILLA X,500,0,0,0
JOHNSON Y JO,7703283156015,VISINA * 15 ML,0,0,"60,800",0
JOINPHARM,7709456880497,COXXIN 15 MG *10 TAB,0,0,"63,900",0
JOINPHARM,7709702928126,COXXIN 15 MG *3 AMP,0,0,"42,300",0
JOINPHARM,7709702928140,ESOIN 20 MG *28 CAP,0,0,"113,700",0
JOINPHARM,7709456880473,JELAX JARABE *120 ML,0,0,"31,900",0
JOINPHARM,7709702928188,JOINTAX * 60 ML,0,0,"58,900",0
JOINPHARM,7709605436742,JOINTAX SUSP *30 ML,0,0,"43,200",0
JOINPHARM,7709702928133,SKINICE LIQUID CLEANSER SYNDET PH,50,0,"93,000",0
JOINPHARM,7709605436780,SULMIC 250 MG *60 ML,0,0,"89,200",0
JOINPHARM,7709605436797,SULMIC 750MG *14 TAB,0,0,"169,400",0
JORGEHANE LA,899253002431,REDU FAT-FAST CREMA ABDOMINAL X,2000,0,"38,800",0
JQ ,7707200520217,OMEGA 3-6-9 VAINILLA POTE * 400 GR,0,0,"30,000",0
JQ ,7707200520095,VICOFER CON SOYA VAINILLA POTE *,400,0,"15,000",0
JUNGLE MATES,7501118124365,TETERO JUNGLE MATES 8 ONZ,0,0,"8,300",0
KAMEX INTERN,7707291344495,CINTURON PELVICO NEGRO TALLA MEDIA,0,0,"150,000",0
KAMEX INTERN,7707291341401,MUÃ‘EQUERA ANTEBRAZO BEIGE REF,18500,0,"58,700",0
KAMEX INTERN,7707249324548,RODILLERA ROTULA CERRADA TALLA M,0,0,"39,000",0
KAMEX INTERN,7707291346130,TOBILLERA UNIVERSAL KAMEX,0,0,"22,800",0
KEDRION ,7709990340839,ALBUMINA HUMANA 200 G/L FCO *50 ML,0,0,"229,900",0
KEDRION ,7709990919592,IMMUNORHO 300 MG AMP,0,0,"280,000",0
KELLOGGS DE ,7702807327504,CEREAL FLIPS CHOCO AVELLANAS * 120,0,0,"6,900",0
KELLOGGS DE ,7702103129222,CEREAL KELLOGGS  ZUCARITAS Y CHOCO,0,0,"11,900",0
KELLOGGS DE ,7702103124319,CEREAL KELLOGGS MUSLI MANZANA *,2750,0,"20,800",0
KELLOGGS DE ,7702103797674,KELLOGGS CHOCO KRISPIS CHOCO COPOS,0,0,"4,100",0
KELLOGGS DE ,7702103514691,KELLOGGS CHOCO KRISPIS CHOCO COPOS,0,0,"10,350",0
KELLOGGS DE ,7702103772534,KELLOGGS FRESPI KRISPIS FRESA *300,0,0,"17,800",0
KELLOGGS DE ,7702103991546,KELLOGGS HERSHEYÂ´S CEREAL COOKIES,0,0,"15,900",0
KELLOGGS DE ,7501008004166,KELLOGGS SPECIAL K EQUILIBRIO *400,0,0,"21,500",0
KELLOGGS DE ,7702103123565,ZUCARITAS * 610 GR,0,0,"27,100",0
KEMEX LAB,7798180921651,IFOSFAMIDA 1 GR AMP,0,0,"68,000",0
KENNEDY ,7702796844174,GUANTE DE NITRILO AZUL TALLA S *,100,0,"81,300",0
KENNEDY ,7702796903109,GUANTE DE NITRILO NEGRO TALLA S *,10,0,"54,900",0
KENNEDY ,7702796903116,GUANTES DE NITRILO NEGRO TALLA M *,0,0,"54,900",0
KEOPS FARMAC,7709990403367,ADELFAS *60 CAP,0,0,"69,900",0
KEOPS FARMAC,7707357700616,BILGLED JB * 120 ML,0,0,"28,600",0
KEOPS FARMAC,7709990103335,I ES C-VIT * 30 ML,0,0,"6,800",0
KISTECH ELEC,4891001031980,BOLSA REGALO,0,0,"5,000",0
KISTECH ELEC,4891001036107,LAMPARA MESA RECARGABLE GRANDE CON,0,0,"97,900",0
KISTECH ELEC,7702271641205,LINTERNA RECARGABLE,0,0,"7,000",0
KISTECH ELEC,7506135112067,MANOS LIBRES BLANCO,0,0,"10,900",0
KISTECH ELEC,6970280946241,MANOS LIBRES ESTUCHE,0,0,"22,900",0
KISTECH ELEC,7506135112081,MANOS LIBRES MORADO,0,0,"10,900",0
KISTECH ELEC,4710201556126,RELOJ AUTO FLIP,0,0,"50,000",0
KISTECH ELEC,6972169850830,XPODS MANOS LIBRES,0,0,"297,600",0
KLAX SAS - S,7708730123077,CREMA DE AFEITAR SHIMEX FOR MEN*,100,0,"58,900",0
KLAX SAS - S,7708730123190,CREMA HIDRATANTE FACIAL SHIMEX *50,0,0,"84,900",0
KLAX SAS - S,7708730123831,JABON LIQUIDO MACADAMIA SHIMEX *,400,0,"28,500",0
KNOVEL ,7707363390047,ETILEFRINA CLORHIDRATO 10MG/ML * 5,0,0,"38,000",0
KYOLING ,6946594906875,KIT VENTURY ADULTO C/DOSIFICADORES,0,0,"8,000",0
LA BOTICA DE,7707372820078,BIO SKALL PLUS SHAMPOO ANTICASPA *,0,0,"93,800",0
LA BOTICA DE,7702195115196,DENITE SHAMPOO ANTICASPA FCO * 220,0,0,"90,083",0
LA BOTICA DE,7707388240088,EPISOLEIL PROTECTOR SOLAR 45FPS *,60,0,"125,200",0
LA BOTICA DE,7707368240392,EXVE DERMOLIMPIADOR EMULSION * 250,0,0,"88,200",0
LA BOTICA DE,3401353725164,KELOPLAST CRACKS CREMA REPARATRICE,0,0,"77,700",0
LA BOTICA DE,8470001556189,LACTYFERRIN SESDERMA DEFENSE * 120,0,0,"105,900",0
LA BOTICA DE,7707357830108,PARUL FCO * 45 CAPS,0,0,"116,400",0
LA BOTICA DE,7708666231969,PRUEBA RAPIDA COVID,0,0,"43,800",0
LA BOTICA DE,0614143432873,PULIZIA BON X 230 G,0,0,"88,300",0
LA BOTICA DE,8050444858233,RILASTIL XEROLACT PB BALSAMO * 400,0,0,"192,000",0
LA BOTICA DE,8470001685186,SESKAVEL LOCION ANTICAIDA FCO *,2000,0,"145,000",0
LA BOTICA DE,3760095250212,VITIX COMPLEMENTO DIETARIO CJA *,300,0,"123,000",0
LA MEJOR,7705241090300,KALUA NARANJA PUNCH LA MEJOR * 500,0,0,"2,400",0
LA MEJOR,7705241100740,LECHE DESLACTOSADA LA MEJOR * 1100,0,0,"6,300",0
LA MEJOR,7705241300447,QUESO HOLANDES TIPO GOUDA LA MEJOR,0,0,"24,900",0
LA MEJOR,7705241400277,YOGOLIN MIX ZUCARITAS LA MEJOR *,130,0,"2,900",0
LA MEJOR,7705241614193,YOGURT GRIEGO NATURAL LA MEJOR *,120,0,"3,900",0
LA SANTE FAR,7703763110322,ANALON SUSP * 20 ML,0,0,"9,000",0
LA SANTE FAR,7703763310029,ESOZ 20 MG * 14 TAB,0,0,"77,200",0
LA SANTE FAR,7703763310043,ESOZ 40 MG * 14 TAB,0,0,"88,000",0
LA SANTE FAR,7703763310234,ESOZ 40 MG * 28 TAB,0,0,"140,000",0
LA SANTE FAR,7709137132259,PROLARDII SUPLEMENTO DIETARIO * 10,0,0,"71,100",0
LA SANTE FAR,7709137132266,PROLARDII SUPLEMENTO DIETARIO * 20,0,0,"124,500",0
LA SANTE GEN,7703763993970,ACICLOVIR 5 % CREMA * 20 GR,0,0,"25,000",0
LA SANTE GEN,7703763994151,AMIODARONA 200 MG * 10 TAB,0,0,"61,900",0
LA SANTE GEN,7703763992928,ANALPER FEM * 6 TAB,0,0,"10,000",0
LA SANTE GEN,7703763410644,ANALPER NAX 250 MG * 10 CAP,0,0,"15,000",0
LA SANTE GEN,7703763995080,ANALPER PM * 10 TAB,0,0,"14,000",0
LA SANTE GEN,7703763780112,BROMHEXINA JBE FRESA * 120 ML,0,0,"15,500",0
LA SANTE GEN,7703763530113,CARBAMAZEPINA 200 MG * 30 TAB,0,0,0,0
LA SANTE GEN,7703763467013,CARVEDILOL 25 MG * 30 TAB,0,0,"26,200",0
LA SANTE GEN,7703763450336,",7CEFALEXINA 250 MG * 60 ML",0,0,"14,200",0
LA SANTE GEN,7703763080618,CIPROFLOXACINO 500 MG * 10 TAB,0,0,"9,800",0
LA SANTE GEN,7703763660346,CLARITROMICINA 250 MG * 50 ML,0,0,"111,200",0
LA SANTE GEN,7703763040193,CLOTRIMAZOL 100 MG * 6 TAB,0,0,"15,500",0
LA SANTE GEN,7703763393107,DESLORATADINA JBE * 60 ML,0,0,"33,900",0
LA SANTE GEN,7703763280629,DICLOFENACO 50 MG * 50 TAB,0,0,"5,000",0
LA SANTE GEN,7703763480234,DICLOXACILINA 250 MG * 80 ML,0,0,"18,900",0
LA SANTE GEN,7703763169016,DIHIDROCODEINA * 120 ML,0,0,"18,700",0
LA SANTE GEN,7705959881283,DILTIAZEM  60 MG * 20 TAB,0,0,0,0
LA SANTE GEN,7703763349043,FUNGIFEET 1% CREMA * 15 GR,0,0,"15,000",0
LA SANTE GEN,7703763349050,FUNGIFEET 1% LOCION * 30 ML,0,0,"19,000",0
LA SANTE GEN,7703763330010,FUROATO DE MOMETASONA 0.1 % LOCION,0,0,"106,300",0
LA SANTE GEN,7703763996216,FUROATO DE MOMETASONA SPR 18 G0.05,0,0,"21,300",0
LA SANTE GEN,7703763665013,GENTAMICINA OFTALMICA * 10 ML,0,0,"12,000",0
LA SANTE GEN,7703763270361,IBUPROFENO * 120 ML,0,0,"13,000",0
LA SANTE GEN,7703763270620,IBUPROFENO 400 MG * 100 TAB,0,0,"30,900",0
LA SANTE GEN,7703763130139,KETOTIFENO * 100 ML,0,0,0,0
LA SANTE GEN,7703763361014,LAGRIMAS ARTIFICIALES SOL OFT * 15,0,0,"36,000",0
LA SANTE GEN,7703763320127,LORATADINA 10 MG * 10 TAB,0,0,"3,500",0
LA SANTE GEN,7703763320424,LORATADINA JBE * 100 ML,0,0,"13,000",0
LA SANTE GEN,7703763040278,MELOXICAM 15MG/1.5 ML * 3 AMP,0,0,"9,200",0
LA SANTE GEN,7703763092031,METOCLOPRAMIDA 10 MG * 30 TAB,0,0,0,0
LA SANTE GEN,7703763310333,METRONIDAZOL 250MG/5ML * 120 ML,0,0,"6,100",0
LA SANTE GEN,7703763192090,NEOMICINA + DEXAMETASONA * 5 ML,0,0,0,0
LA SANTE GEN,7703763182022,NIMESULIDA * 60 ML,0,0,"14,400",0
LA SANTE GEN,7703763210114,OCAM 15 MG * 10 TAB,0,0,"63,800",0
LA SANTE GEN,7703763479030,OLANZAPINA 10 MG * 7  TAB,0,0,"17,700",0
LA SANTE GEN,7703763080113,PREDNISOLONA 5 MG * 30 TAB,0,0,"10,500",0
LA SANTE GEN,7703763080137,PREDNISOLONA OFTALMICO 1 % * 5 ML,0,0,"60,000",0
LA SANTE GEN,7703763040643,RANITIDINA 300 MG * 10 TAB,0,0,0,0
LA SANTE GEN,7703763540129,SULTAMICILINA 375 MG * 10 TAB,0,0,"85,000",0
LA SANTE GEN,7703763300129,TRIMETOPRIM S. 160/800 * 10 TAB,0,0,0,0
LA SANTE GEN,7703763490028,VENLAFAXINA 150 MG * 10 CAP,0,0,"32,000",0
LA VICTORIA,7706642003395,CHICHARRÃ“N EXPRESS PICANTE *20 GR,0,0,"2,300",0
LA VICTORIA,7706642008055,PAPA OREADA FAMILIAR MAYONESA *105,0,0,"5,500",0
LA VICTORIA,7706642010379,PLATANUDO *30 GR,0,0,"3,500",0
LAB BLOFARMA,7707231002515,ACEITE DE ALMENDRAS * 22 ML,0,0,"1,800",0
LAB BLOFARMA,7707231003055,VASELINA BABY NATURAL DR SANA *100,0,0,"12,000",0
LAB HOMEOPAT,7707214800213,CEDRONAL LHA * 30 ML,0,0,"59,800",0
LAB HOMEOPAT,7707214800534,SCROLYN LHA * 30 ML,0,0,"59,800",0
LAB HOMEOPAT,7707214800619,VERABUM LHA * 30 ML,0,0,"59,800",0
LAB NEO ,7706142101010,ALLO 100 MG * 30 TAB,0,0,"9,100",0
LAB NEO ,7706142305098,BUCOSEPTOL * 10 TAB,0,0,"6,000",0
LAB NEO ,7706142305081,BUCOSEPTOL * 50 TAB,0,0,"38,900",0
LAB NEO ,7706142988468,BUCOSEPTOL SOLUCION ORAL MENTA *,120,0,"26,000",0
LAB NEO ,7706142503128,ISTICOL * 120 ML,0,0,"5,500",0
LAB NEO ,7706142708141,NEOFUNGINA SOLUCION * 30 ML,0,0,"12,600",0
LAB NEO ,7706142707137,NEOFUNGINA TALCO * 200 GR,0,0,"53,400",0
LAB NEO ,7706142709162,NEOFUNGINA UNGUENTO * 40 GR,0,0,"16,000",0
LAB SEA NATU,7709559154525,ALOE VERA * 360 ML,0,0,"37,000",0
LAB SEA NATU,7709025448912,FIB ESTOH * 360 ML,0,0,"25,000",0
LAB SEA NATU,7709025448943,MORINGA * 360 ML,0,0,"29,500",0
LAB SEA NATU,7707557431716,PROBIOFIT * 450 GR,0,0,"29,000",0
LAB SEA NATU,7709677502475,ZARDIN * 360 ML,0,0,"20,000",0
LABQUIFAR ,27707019401615,ACETAMINOFEN 500 MG  * 250 TAB,0,0,"20,000",0
LABQUIFAR ,27707019410327,ACIDO FOLICO 1 MG * 250 TAB,0,0,"15,000",0
LABQUIFAR ,27707019482119,AMLODIPINO 5 MG * 1000 TAB,0,0,"236,100",0
LABQUIFAR ,27707019412185,AMPICILINA 500 MG * 250 TAB,0,0,"112,500",0
LABQUIFAR ,21770701932865,**ASMIKET JBE * 120 ML,0,0,"18,000",0
LABQUIFAR ,27707019,X437225BUPROFEN JBE * 120 ML,0,0,"11,000",0
LABQUIFAR ,27707332986714,**CARBEPIL SUSP * 120 ML,0,0,"13,800",0
LABQUIFAR ,27707019330236,CETIRIZINA 10 MG * 250 TAB,0,0,"93,500",0
LABQUIFAR ,27707019466249,**CIDETOX ELIXIR * 240 ML,0,0,"19,200",0
LABQUIFAR ,27707019312614,CIPROFLOXACINA 500 MG * 150 TAB,0,0,"54,000",0
LABQUIFAR ,27707019381207,**CORTIDEXAN 6 MG * 10 TAB,0,0,"24,000",0
LABQUIFAR ,27707019337013,DICLOFENACO 50 MG * 250 TAB,0,0,"37,500",0
LABQUIFAR ,27707019469707,**FINAMEB SUSP * 15 ML,0,0,"10,800",0
LABQUIFAR ,277070193342,**FUNGISTEROL SHAMPOO * 100 ML,0,0,"21,000",0
LABQUIFAR ,27707332987506,**GRAZILAN 120 MG * 40 TAB,0,0,"102,000",0
LABQUIFAR ,27707019437409,IBUPROFENO 400 MG * 250 TAB,0,0,"56,300",0
LABQUIFAR ,27707019384024,LEVOTIROXINA (TIROGAL)50 MCG X 300,0,0,0,0
LABQUIFAR ,27707019325423,LOSARTAN 50 MG X 1000 TABLS,0,0,"400,000",0
LABQUIFAR ,27707019413830,**MACROMYCIN 250 MG * 50 ML,0,0,"38,500",0
LABQUIFAR ,27707019469608,**MEBICITROF 500 MG * 100 TAB,0,0,"78,000",0
LABQUIFAR ,27707019481655,METFORMINA 850 MG X 250 TABLS,0,0,"125,000",0
LABQUIFAR ,27707019352726,RANITIDINA 150 MG CJA * 250 TB,0,0,"58,000",0
LABQUIFAR ,27707019380620,SERTRALINA 50 MG CJA * 250 TB,0,0,"630,000",0
LABQUIFAR ,27707019476514,SUERO ORAL(SALYDRAT) CJA X 50 S/S,0,0,"25,000",0
LABQUIFAR ,27707019313024,TRIMETOPRIM SULFA 80/400 MG X,2500,0,"35,000",0
LABQUIFAR ,27707019459067,**TUDERMIFAR 0.05% * 20 GR,0,0,"16,200",0
LABQUIFAR ,27707332987551,**VAIO 8 MG * 30 TAB,0,0,"48,000",0
LABQUIFAR ,27707019460117,**ZIVICAL D * 20 TAB,0,0,"18,000",0
LABQUIFAR PH,7709339922122,ACISKIN ESPUMA LIMPIADORA INTIMA *,0,0,"27,500",0
LABQUIFAR PH,7707019402070,AINEDIX JBE * 60 ML,0,0,"15,000",0
LABQUIFAR PH,7707332986004,AIRCYS 4 MG * 10 TAB,0,0,"12,000",0
LABQUIFAR PH,7707019303698,AIRCYS 4 MG * 30 TAB,0,0,"40,000",0
LABQUIFAR PH,7707019335187,AIRCYS 5 MG * 30 TAB,0,0,"62,000",0
LABQUIFAR PH,7707019313079,AZ TROBAC 500 MG * 3 TAB,0,0,"20,000",0
LABQUIFAR PH,7707019460124,CALCIO D * 250 TAB,0,0,"40,500",0
LABQUIFAR PH,7709331478351,CALMIFEET LOCION PIES CON MENTOL *,0,0,"62,400",0
LABQUIFAR PH,7707019314205,CLOXIDIN 250 MG * 80 ML,0,0,"23,000",0
LABQUIFAR PH,7707019459012,DERMIQUEM * 60 GR,0,0,"24,800",0
LABQUIFAR PH,7707019469813,ENTEROVIOFORMO 200MG/5ML SUSP *,1200,0,"27,800",0
LABQUIFAR PH,7707019402100,ESPASMYDOL * 20 TAB,0,0,"37,800",0
LABQUIFAR PH,7707019313536,EUMOXIN DUO FORTE SUSP * 100 ML,0,0,"96,000",0
LABQUIFAR PH,7707019469707,FINAMEB SUSP * 15 ML,0,0,"12,000",0
LABQUIFAR PH,7707019340105,FINAPAR * 2 TAB,0,0,"8,000",0
LABQUIFAR PH,7707019355307,FLATUCID SUSP * 360 ML,0,0,"39,600",0
LABQUIFAR PH,7707019459081,FUSID CREMA * 20 GR,0,0,"28,000",0
LABQUIFAR PH,7707019461145,KATOVIT SD * 360 ML,0,0,"25,500",0
LABQUIFAR PH,7707019312676,KLIACEF 250 MG SUSP * 100 ML,0,0,"21,600",0
LABQUIFAR PH,7707019469820,LAMDOTIL * 16 TAB,0,0,"27,000",0
LABQUIFAR PH,7707019469875,LAMDOTIL X 8 TAB,0,0,"12,000",0
LABQUIFAR PH,7707019460100,MIODIN B12 * 6 AMP,0,0,"57,600",0
LABQUIFAR PH,7707019339178,NAPROXENO 250 MG CJA * 250 TB,0,0,"66,750",0
LABQUIFAR PH,7707019461107,NUCLEVIT ZN * 30 TAB,0,0,"24,000",0
LABQUIFAR PH,7707019336603,OSTEOSAN 20 MG * 10 CAP,0,0,"12,000",0
LABQUIFAR PH,7707019339109,OSTEOSAN GEL * 40 GR,0,0,"17,000",0
LABQUIFAR PH,7707019381139,PRAVALOTIN 20MG (PRAVASTATINA) CJA,0,0,"30,000",0
LABQUIFAR PH,7707019352634,PRAZIDEX 20 MG X 30 CAP,0,0,"15,700",0
LABQUIFAR PH,7707019420401,RESFRYGRIP * 10 TAB,0,0,"12,000",0
LABQUIFAR PH,7707019420418,RESFRYGRIP * 50 CAP,0,0,"30,000",0
LABQUIFAR PH,7707019380613,SERTRANQUIL 50 MG * 10 TAB,0,0,"15,000",0
LABQUIFAR PH,7707019313017,SUPRIBAC * 20 TAB,0,0,"19,500",0
LABQUIFAR PH,7707019312607,SUPRIBAC F * 10 TAB,0,0,"21,000",0
LABQUIFAR PH,7707019314236,SUPRIBAC SUSP * 120 ML,0,0,"16,900",0
LABQUIFAR PH,7707019462807,SUREVIT CHILDREN VAINILLA X 400 G.,0,0,"28,000",0
LABQUIFAR PH,7707019462821,SUREVIT EMBARAZO Y LACTANCIA FRESA,0,0,"28,900",0
LABQUIFAR PH,7707019384031,TIROGAL  100 MCG ( LEVOTIROXINA) *,0,0,"20,000",0
LABQUIFAR PH,7707019398502,VAIO 24 MG * 30 TAB,0,0,"99,200",0
LABQUIFAR PH,7707332987551,VAIO 8 MG * 30 TAB,0,0,"48,000",0
LABQUIFAR PH,7707019381177,VASTORFIT 20 MG *30 TAB,0,0,"49,900",0
LABQUIFAR PH,7707019384086,VERELIS 5MG *4 TAB,0,0,"13,600",0
LABQUIFAR PH,7707019412604,VIBRADOX 100 MG X 14 CAPS,0,0,"12,000",0
LABQUIFAR PH,7707019381320,WARFAR 5 MG * 30 TAB,0,0,"18,000",0
LABQUIFAR PH,7707019381306,",7WARFAR 5 MG * 50 TAB",0,0,"40,000",0
LABQUIFAR PH,7707019330250,ZERIDIL JBE * 60 ML,0,0,"18,600",0
LABQUIFAR PH,7707019350210,ZIFLUVIS SUSP * 150 ML,0,0,"23,500",0
LABQUIFAR PH,7707019460131,ZIVICAL D * 20 TAB,0,0,"18,000",0
LABS MINERAL ,7707019862898,ARNICA GOTAS * 30 ML,0,0,"30,000",0
LABS MINERAL,7707019860023,MAGNEZIN SD X 90 TBS,0,0,0,0
LABS MINERAL,7707019898194,SILIMARINA  * 30 CAP,0,0,"25,000",0
LABS MINERAL,7707019892468,SILIMARINA CARDUUS MARIANUS FCO *,10,0,"26,800",0
LABS ROMAN,7707170320022,CURARINA X 120 ML,0,0,0,0
LABS ROMAN,7707170320015,CURARINA X 60 ML,0,0,0,0
LABS ROSS D ,7702789004080,BANO DE CREMA CERA NEGRA X 220ROSS,0,0,0,0
LABS ROSS D ,7702789004110,BANO DE CREMA COLA DE CABALLO X,2200,0,0,0
LABS ROSS D ,7702789012405,BODY ESSENSE LOTION AMBER DREAMS X,0,0,0,0
LABS ROSS D ,7702789012429,BODY ESSENSE LOTION COCONUT&LIME X,0,0,0,0
LABS ROSS D ,7702789012382,BODY ESSENSE LOTION PASSION F RUIT,0,0,0,0
LABS ROSS D ,7702789012535,BODY ESSENSE LOTION PEAR BLOSSOM X,0,0,0,0
LABS ROSS D ,7702789006695,BODY ESSENSE LOTION SWEET PEA X,2200,0,0,0
LABS ROSS D ,7702789006992,BODY SPLASH SWEET PEA X 60 ML,0,0,0,0
LABS ROSS D ,7702789006084,CREMA EXFOL APRICOT SCRUB X 220 ML,0,0,0,0
LABS ROSS D ,7702789004288,CREMA QUEMA GRASA CON CAFEINA X,5260,0,0,0
LABS ROSS D ,7702789000044,CREMA ROSA MARINA A X 270 GRS ROSS,0,0,0,0
LABS ROSS D ,7702789000037,CREMA ROSA MARINA ALOE X 270 GRS,0,0,0,0
LABS ROSS D ,7702789000051,CREMA ROSA MARINA E X 270 GRS,0,0,0,0
LABS ROSS D ,7702789013754,ESTUCHE BODY ESSENSE COCONUT &LIME,0,0,0,0
LABS ROSS D ,7702789013686,ESTUCHE BODY ESSENSE PEAR BLOSSOM,0,0,0,0
LABS ROSS D ,7702789014546,GEL ANTIBACTERIAL PLUMERIA MIX X,400,0,0,0
LABS ROSS D ,7702789012344,SPLASH BODY ESSENSE AMBER DREAMS X,0,0,0,0
LABS ROSS D ,7702789012337,SPLASH BODY ESSENSE AMBER DREAMS X,0,0,0,0
LABS ROSS D ,7702789012320,SPLASH BODY ESSENSE AMBER DREAS X,20,0,0,0
LABS ROSS D ,7702789012375,SPLASH BODY ESSENSE COCONUT & LIME,0,0,0,0
LABS ROSS D ,7702789012351,SPLASH BODY ESSENSE COCONUT & LIME,0,0,0,0
LABS ROSS D ,7702789012368,SPLASH BODY ESSENSE COCONUT & LIME,0,0,0,0
LABS ROSS D ,7702789007234,SPLASH BODY ESSENSE PEAR BLOSSOM X,0,0,0,0
LABS ROSS D ,7702789000433,SPLASH BODY ESSENSE PEAR BLOSSOM X,0,0,0,0
LABS ROSS D ,7702789006930,SPLASH BODY ESSENSE PEAR BLOSSOM X,0,0,0,0
LABS ROSS D ,7702789006091,SPLASH BODY ESSENSE PLUMERIA  MIST,0,0,0,0
LABS ROSS D ,7702789006985,SPLASH BODY ESSENSE PLUMERIA  MIST,0,0,0,0
LABS ROSS D ,7702789007289,SPLASH BODY ESSENSE PLUMERIA YMIST,0,0,0,0
LABS ROSS D ,7702789000426,SPLASH BODY ESSENSE SWEET BERRYMIX,0,0,0,0
LABS ROSS D ,7702789007296,SPLASH BODY ESSENSE SWEET PEA X 18,0,0,0,0
LABS ROSS D ,7702789009832,SPLASH ROSS MAN FARINA X 500 ML,0,0,0,0
LABS SERES,7705753000132,",7GRIPOFEN PLUS X 100 TAB",0,0,"60,000",0
LABS SERES,7703753000736,GRIPROFEN SPRAY,0,0,"16,500",0
LABS SERES,7705753001238,",7SMADOL SUSP X 120 ML",0,0,0,0
LACICO ,7701752002689,BUDECUTEN F X 30 GRS,0,0,"14,500",0
LACICO ,7701752002726,FEBRIFEN JBE FRESA X 120 ML,0,0,"18,000",0
LACICO ,7701752002740,FEBRIFEN JBE FRESA X 60 ML,0,0,0,0
LACICO ,7709990063394,FTI COMPLEX X 60 CAP,0,0,"63,600",0
LACICO ,7701752000159,LINIMENTO VENECIANO # 9 X 60 ML,0,0,"10,500",0
LACICO ,7701752002511,SANAFITIL SOLUCION X 30 ML,0,0,"11,500",0
LACICO ,7701752002528,SANAFITIL TALCO X 60 GRS,0,0,0,0
LACICO ,7701752002504,SANAFITIL UNG X 28 GRS,0,0,0,0
LACICO ,7701752002795,VENACIR GEL X 120 ML,0,0,"37,300",0
LACICO ,7701752002757,VENACIR GEL X 300 GRS,0,0,0,0
LAMOSAN ,7861002400716,CREMA DENTAL DENTURE BB 30 GR,0,0,"17,000",0
LAMOSAN ,7612412423167,CURAPROX CEPILLO DENTAL 5460 ULTRA,0,0,"33,000",0
LAMOSAN ,7861002400792,ENJUAGUE SORAL 240 ML PARA DIENTES,0,0,0,0
LAMOSAN ,7861002400761,ODONTO SEPTIC ENJUAGUE BUCAL MENTA,0,0,"36,000",0
LAPROFF ,7703038158684,ACETAMINOFEN 325MG+CODEINA FOSFATO,0,0,"48,000",0
LAPROFF ,47703038040307,ACIDO FOLICO 1 MG X 400 TABLS,0,0,"25,000",0
LAPROFF ,7703038909016,",ALBENDAZOL 200 MG X 50 TABS",0,0,0,0
LAPROFF ,7703038062615,AMLODIPINO 10 MG X 10 TABL,0,0,"1,200",0
LAPROFF ,7703038066002,",3AMLODIPINO 5 MG X 300 TABLS",0,0,0,0
LAPROFF ,7703038067146,BETAHISTINA DICLORHIDRATO 8 MG CJA,0,0,"29,000",0
LAPROFF ,37703038070031,CAPTOPRIL 25 MG X 300 TBS,0,0,"25,000",0
LAPROFF ,37703038041109,",CAPTOPRIL 50 MG X 300 TBS",0,0,0,0
LAPROFF ,7703038066033,CARBAMAZEPINA 200 MG * 300 TAB,0,0,"176,500",0
LAPROFF ,7703038066040,CARBONATO DE CALCIO 1500 MG CJA *,30,0,"90,000",0
LAPROFF ,7703038050155,CETIRIZINA 10 MG * 400 TAB,0,0,"100,000",0
LAPROFF ,7703038061229,CIPROFLOXACINA 250 MG X 10 TAB,0,0,0,0
LAPROFF ,37703038935019,CIPROFLOXACINA 250 MG X 300 TB,0,0,0,0
LAPROFF ,7703038050179,CIPROFLOXACINA X 300 TAB,0,0,"140,000",0
LAPROFF ,7703038067122,CLOPIDOGREL TAB REC 75 MG  75 MG,20,0,"4,200",0
LAPROFF ,7703038064688,CLOTRIMAZOL SOLUCION * 30 ML,0,0,"2,100",0
LAPROFF ,7703038066088,COLCHICINA 0.5 MG CJA * 300 TB,0,0,"60,000",0
LAPROFF ,7703038050193,COMPLEJO B * 300 TAB,0,0,"50,000",0
LAPROFF ,7703038067054,DESLORATADINA 0.05% *60 ML,0,0,"8,100",0
LAPROFF ,37703038070055,",DICLOFENACO 50 MG * 300 TAB",0,0,0,0
LAPROFF ,7703038064183,DINITRATO ISOSORBIDE 10 MG CJA *,300,0,"2,500",0
LAPROFF ,7703038950111,",GEMFIBROZILO 600MG *300 TAB",0,0,"58,900",0
LAPROFF ,7703038061809,GUAYACOLATO DE GLICERILO * 120 ML,0,0,"5,000",0
LAPROFF ,7703038050278,HIOSCINA BUTILBROMURO TAB 10 MG X,40,0,"178,000",0
LAPROFF ,7703038066491,HIOSCINA N-BUTILBROMURO 10 MG *,3000,0,"93,300",0
LAPROFF ,7703038065470,IOFI * 30 TAB,0,0,"52,300",0
LAPROFF ,7703038067573,IOFI DHA + EPA SUPLEMENTO DIETARIO,0,0,"65,200",0
LAPROFF ,7703038040406,",KETOTIFENO 1 MG X 400 TABLS",0,0,"80,000",0
LAPROFF ,7703038061038,KETOTIFENO JBE X 100 ML,0,0,"6,000",0
LAPROFF ,7703038040419,",LOPERAMIDA 2 MG X 240 TBS",0,0,"45,000",0
LAPROFF ,7703038061526,",7LORATADINA * 100 ML",0,0,"6,600",0
LAPROFF ,7703038012283,LORATADINA 10 MG  CJA X 10 TBS,0,0,0,0
LAPROFF ,7703038066217,",3LORATADINA 10 MG X 300 TBS",0,0,0,0
LAPROFF ,7703038050339,LORATADINA 10MG *400 TAB,0,0,"50,700",0
LAPROFF ,7703038065524,",7LORAZEPAM 2 MG X 30 TABS",0,0,"8,500",0
LAPROFF ,7703038050391,METOCLOPRAMIDA 10 MG * 400 TAB,0,0,"88,000",0
LAPROFF ,37703038040980,METOPROLOL 100 MG X 300 TABLS,0,0,"100,000",0
LAPROFF ,7703038050414,METOPROLOL 50 MG CJA * 300 TB,0,0,"59,000",0
LAPROFF ,7703038690146,MINOXIDIL 5% * 60 ML,0,0,"35,400",0
LAPROFF ,7703038066743,NIMESULIDE 300 MG X300 TAB,0,0,0,0
LAPROFF ,7703038066439,PIRIDOXINA 50 MG X 100 TBS,0,0,"25,600",0
LAPROFF ,7703038041048,",PROPRANOLOL 40 MG X 300 TABLS",0,0,0,0
LAPROFF ,7703038066316,PROPRANOLOL 40 MG X 300 TBS,0,0,0,0
LAPROFF ,7703038062523,PROPRANOLOL 80 MG X 20 TABLETAS,0,0,0,0
LAPROFF ,37703038041024,PROPRANOLOL 80 MG X 300 TBS,0,0,0,0
LAPROFF ,7703038066323,",7PROPRANOLOL 80 MG X 300 TBS",0,0,0,0
LAPROFF ,7703038975015,",RANITIDINA 150 MG X 300 TABS",0,0,0,0
LAPROFF ,7703038040454,",RANITIDINA 300 MG X 300 TABLS",0,0,"60,000",0
LAPROFF ,7703038065623,SALBUTAMOL JB * 120 ML,0,0,"6,000",0
LAPROFF ,37703038985014,SULFATO FERROSO 300MG TBS CJA *,3000,0,"20,000",0
LAPROFF ,7703038061717,SULFATO FERROSO GOTAS X 20 ML,0,0,"8,000",0
LAPROFF ,7703038066637,TRIMEBUTINA 200MG * 300 TAB,0,0,"130,000",0
LAPROFF ,7703038095811,YODOPOVIDONA 10% SOLUCION FRASCO X,0,0,0,0
LAPROFF ,7703038095828,YODOPOVIDONA SOL X 120 ML,0,0,0,0
LAURA RAMIRE,7707369351509,DON CHICHARRON NATURAL * 35 GR,0,0,"2,600",0
LEBRIUT ,7703038067290,ENERZINC JBE * 90 ML,0,0,"12,100",0
LEBRIUT ,7703038020004,SANAFEN  * 90 ML,0,0,"10,000",0
LEBRIUT ,7703038020011,SANAFEN * 60 ML,0,0,"8,000",0
LEBRIUT ,7703038020073,SANAFEN 500 MG * 100 TAB,0,0,"30,000",0
LEBRIUT ,7703038020080,SUPRIFENO 400 MG 100 TAB,0,0,0,0
LEGRAND ,7704039110572,",7ADIX 500 MG * 10 TAB",0,0,"115,000",0
LEGRAND ,7704039110589,ADIX 750 MG * 5 TAB,0,0,"137,400",0
LEGRAND ,7704039128140,ANIME 100 MG * 1 TAB,0,0,"15,400",0
LEGRAND ,7704039118141,ANIME 100 MG * 4 TAB,0,0,"20,900",0
LEGRAND ,7704039117939,CARPIX 5 MG * 30 TAB,0,0,"33,800",0
LEGRAND ,7704039110459,CLIFAR * 30 TAB,0,0,"35,500",0
LEGRAND ,7704039110466,CLIFAR GOTAS * 30 ML,0,0,"21,200",0
LEGRAND ,7704039110442,CLIFAR SUSP * 120 ML,0,0,"25,000",0
LEGRAND ,77014313,DOVIR * 10 TAB,0,0,"58,400",0
LEGRAND ,77014306,DOVIR * 30 TAB,0,0,"136,500",0
LEGRAND ,8901107024017,DOXCEF 100 MG * 10 TAB,0,0,"90,000",0
LEGRAND ,7704039120335,DOXCEF 100 MG * 20 TAB,0,0,"178,000",0
LEGRAND ,8901107024024,DOXCEF JBE * 100 ML,0,0,"81,200",0
LEGRAND ,7704039390981,DUOVIRAL * 60 TAB,0,0,"120,000",0
LEGRAND ,7704039131683,ESOPRAX 40MG 3 UND * 14 CAP,0,0,"110,000",0
LEGRAND ,7704039670472,LEGABIN CR 165 MG * 30 TAB,0,0,"103,700",0
LEGRAND ,7704039112408,LEVOC 5 MG * 10 TAB,0,0,"52,500",0
LEGRAND ,7704039110886,LEVOC GOTAS * 20 ML,0,0,"49,500",0
LEGRAND ,7704039112507,LEVOC JBE * 120 ML,0,0,"47,800",0
LEGRAND ,7704039113481,LEVOC NF * 10 TAB,0,0,"72,600",0
LEGRAND ,7704039112439,LEVOC NF JBE * 60 ML,0,0,"50,500",0
LEGRAND ,7704039120168,MOVILAX NINOS * 10 S/S,0,0,0,0
LEGRAND ,7704039117595,NODIT 75 MG * 14 TAB,0,0,0,0
LEGRAND ,7704039127594,NODIT 75 MG * 28 TAB,0,0,0,0
LEGRAND ,7704039110497,NOVADROX OD 1 GR * 5 TAB,0,0,"133,000",0
LEGRAND ,8714651003366,NULOX 15 MG * 10 TAB,0,0,0,0
LEGRAND ,7704039112064,PARACODINA * 120 ML,0,0,"24,900",0
LEGRAND ,7704039122070,PARACODINA * 20 CAP,0,0,"46,600",0
LEGRAND ,7704039112071,PARACODINA * 60 CAP,0,0,"120,000",0
LEGRAND ,7704039112057,PARACODINA GOTAS * 30 ML,0,0,"16,100",0
LEGRAND ,7704039111746,RUMONAL 7.5 MG * 10 TAB,0,0,"29,000",0
LEGRAND ,7792129001350,SABRO * 300 TAB,0,0,"11,300",0
LEGRAND ,7792129001343,SABRO DISP * 100 TAB,0,0,"10,500",0
LEGRAND ,7792129000506,SABRO POLVO * 100 S/S,0,0,"20,600",0
LEGRAND ,7792129001299,SUCARYL * 300 TAB,0,0,"11,900",0
LEGRAND ,7792129002975,SUCARYL * 450 TAB,0,0,"15,500",0
LEGRAND ,7792129000339,SUCARYL LIQ * 360 ML,0,0,"18,300",0
LEGRAND ,7792129000346,SUCARYL LIQUIDO * 180 ML,0,0,"10,500",0
LEGRAND ,7704039880864,TRANAZ 1 MG * 30 TAB,0,0,"78,000",0
LEGRAND ,7704039121905,ZIMOR 10 MG * 20 TAB,0,0,0,0
LEON ,7702645200281,",7*ACEITE DE MANZANILLA * 1 ONZA",0,0,"2,500",0
LEON ,7702645201486,ACEITE BALSAMO TRANQUILO SPRAY *,600,0,"12,700",0
LEON ,7702645100406,ACEITE DE ALMENDRAS * 1 ONZA,0,0,"3,000",0
LEON ,7702645200632,ACEITE DE ALMENDRAS * 500 ML,0,0,"26,300",0
LEON ,7702645201516,ACEITE DE RICINO * 120 ML,0,0,"10,200",0
LEON ,7702645100017,ACEITE DE RICINO * 60 ML,0,0,"8,300",0
LEON ,7701862119055,",7ALCANFOR * 70 BARRAS",0,0,"105,000",0
LEON ,7702645100482,BENJUI TINTURA ONZA,0,0,"2,800",0
LEON ,7702645100055,BILEON JRB * 120 ML,0,0,"24,900",0
LEON ,7702645203718,CALENDULA * 250 GR,0,0,"24,000",0
LEON ,7702645200458,CITRONELA ONZA * 25 ML,0,0,"3,400",0
LEON ,7702645204647,CLORO PASTILLAS 21.5GR 91% FCO *,460,0,"25,600",0
LEON ,7708448461195,CLORURO DE MAGNESIO * 250 GR,0,0,"16,700",0
LEON ,7702645100123,DIRETOS JB * 120 ML,0,0,"12,000",0
LEON ,7702645200519,FORMOL 37% * 1 ONZA,0,0,"3,000",0
LEON ,7702645200533,GLICERINA * 1 ONZA,0,0,"2,600",0
LEON ,7702645616006,MERBROMINA(MERCURIOCROMO) FCO * 25,0,0,"2,400",0
LEON ,7702645100444,MERCUROCROMO * 1 ONZA,0,0,"3,800",0
LEON ,7702645200557,MERTHIOLITO * 1 ONZA,0,0,"3,500",0
LEON ,7702645100253,MOTAS DORMOLAS * 8 ML,0,0,"8,200",0
LEON ,7708448461812,SAL DE GLAUBER SOBRE,0,0,600,0
LEON ,7702645203343,SAL DE MAR * 1 KILO,0,0,"3,400",0
LEON ,7702645201905,SODA CAUSTICA * 1 LIBRA,0,0,"7,400",0
LEON ,7702645100369,TINTURA DE ARNICA LOCION * 1 ONZA,0,0,"3,400",0
LEON ,7702645505249,UNGOLIQ * 30 ML,0,0,"13,000",0
LEON ,7702645200595,YODO BLANCO * 1 ONZ,0,0,"3,800",0
LEON ,7702645430527,YODO DILUIDO(ALCOHOL YODADO) FCO *,0,0,"2,400",0
LG-PHARMA LA,7707357200116,EPSONYL 1% * 60 ML,0,0,"22,000",0
LICOL ,7705451000021,BENZYCOL VERDE SPRAY X 120 ML,0,0,"23,500",0
LICOL ,7705451000199,CIPROHEPTADINA JBE X 120 ML,0,0,"22,800",0
LICOL ,7705451023198,DIFENHIDRAMINA JBE X 120 ML,0,0,"5,000",0
LICOL ,7705451039342,DOLOTRIN * 30 TAB,0,0,"15,000",0
LICOL ,7705451003190,DOLOTRIN 650 MG X 100 TABLS,0,0,"56,000",0
LICOL ,7705451000236,DOLOTRIN CHILDREN SUSP X 120 ML,0,0,"13,200",0
LICOL ,7705451000038,DOLOTRIN GEL X 30 GR,0,0,"18,500",0
LICOL ,7705451000328,DOLOTRIN SPAS GOTAS X 30 ML,0,0,"21,000",0
LICOL ,7705451000151,GUAYACOLATO DE GLICERILO * 100 ML,0,0,"9,500",0
LICOL ,7703038067559,GUAYACOLATO DE GLICERILO JBE * 120,0,0,"5,000",0
LICOL ,7705451000175,IVERGOT (IVERMECTINA) GOTAS *5 ML,0,0,"14,000",0
LICOL ,7705451000182,PIELIC CROTAMITON LOC X 70 ML,0,0,0,0
LICOL ,7705451034187,QUIFAVIT EMULSION SUPLEM. DIET X,120,0,"12,000",0
LICOL ,7705451000083,VAXDIL 10 MG * 30 TAB,0,0,"62,000",0
LIFE CARE,17708481795506,AGUJA HIPODERMICA 18 G * 1 1/2 *,100,0,"30,000",0
LIFE CARE,17708481795650,AGUJA HIPODERMICA 20 G * 1 1/2 *,100,0,"23,800",0
LIFE CARE,17708481795827,AGUJA HIPODERMICA 22 G * 1 1/2 *,100,0,"16,000",0
LIFE CARE,17708481795575,AGUJA HIPODERMICA 27 G * 1 1/2 *,100,0,"16,000",0
LIFE CARE,17708481795056,PAÃ‘ITOS DE ALGODON CON ALCOHOL *,10,0,"13,100",0
LIFE CARE,7708481795219,SONDA FOLEY 2 VIAS  #,220,0,"3,300",0
LIFE CARE,7708481795134,SONDA FOLEY 2 VIAS  #,240,0,"5,700",0
LIFE CARE,7702037511407,SONDA FOLEY 2 VIAS N.,160,0,"3,800",0
LIFE CARE,7708951742279,SONDA NELATON NO. 14,0,0,"8,900",0
LISSIA LAB,7703819330209,CAPIBELL JABON LIQ ANTIBACTERIAL *,0,0,"10,000",0
LISSIA LAB,7703819332777,CAPIBELL JABON LIQ COCO Y VAINILLA,0,0,"6,000",0
LISSIA LAB,7703819332746,CAPIBELL JABON LIQ FRUTOS VERDES *,0,0,"6,000",0
LISSIA LAB,7703819176692,CAPIBELL LOCION CREMA EMBRION PATO,0,0,"20,000",0
LISSIA LAB,7703819161681,LIGNE DÂ´OR TALCO DESODORANTE LADY,0,0,"6,000",0
LISSIA LAB,7703819370311,TALCO DESODORANTE POUR LUI OFERTA,20,0,"7,500",0
LISTER ,7702065111754,",0ATRITOL GEL X 40 GR X 2 P.ESPE",0,0,0,0
LISTER ,7702065111617,ATRITOL GEL X 40 GRS,0,0,0,0
LISTER ,7702065110115,ATRITOL POMADA X 60 GRS,0,0,"10,500",0
LISTER ,7702065110153,BALTISICOL COMPUESTO X 120 ML,0,0,0,0
LISTER ,7702065100351,",7CREMA DIVINA X 12 GRS",0,0,0,0
LISTER ,7702065110337,CREMA DIVINA X 30 GRS,0,0,"9,000",0
LISTER ,7702065110320,CREMA DIVINA X 60 GRS,0,0,"18,900",0
LISTER ,7702065112300,ENERYA GRANULADO X 100 GR,0,0,0,0
LISTER ,7702065111884,FORCAL FRESA 330 GR + FORCAL FRESA,0,0,"13,000",0
LISTER ,7702065110559,FORCAL GRANULADO VAINILLA FCO *,3300,0,"11,800",0
LISTER ,7702065110511,FORCAL VAINILLA X 150 GRS,0,0,"6,700",0
LISTER ,7702065110542,",7GASTROBIL GRANULADO * 100 GR",0,0,0,0
LISTER ,7702065016141,GEL HUM EXTRAFUERTE X128 MLS,0,0,0,0
LISTER ,7702065020094,GEL SOLARIUM HUM PANTE A/VERA X130,0,0,0,0
LISTER ,7702065020216,GEL SOLARIUM HUM PANTE A/VERA X130,0,0,0,0
LISTER ,7702065110894,LINIMENTO DEPORTIVO X 200 GRS,0,0,"29,700",0
LISTER ,7702065143052,PLAKOS CEPILLO NINO + RELOJ,0,0,0,0
LISTER ,7702065142048,",7PLAKOS ENJ BUCAL MEDICADO X 200 ML",0,0,0,0
LISTER ,7702065022081,SOLARIUM BRONCEADOR INTENSIVO *,1200,0,"26,000",0
LISTER ,7702065021077,SOLARIUM PROTECTOR SOLAR SPF30 *,120,0,"21,600",0
LISTER ,7702065022074,SOLARIUM PROTECTOR TOTAL SPF50+,1200,0,"28,000",0
LOREAL COLOM,7509552961515,ACONDICIONADOR ELVIVE DREAM LISO *,0,0,"25,000",0
LOREAL COLOM,7509552842319,AGUA MICELAR GARNIER VITAMINA C X,40,0,"31,800",0
LOREAL COLOM,3600542081160,AGUA MICELAR TODO EN 1 * 100 ML,0,0,"13,200",0
LOREAL COLOM,041554433425,BASE FIT ME M&P MATURAL IVORY X 30,0,0,"49,500",0
LOREAL COLOM,041554433456,BASE FIT ME M&P NUDE BEIGE X 30 ML,0,0,"49,500",0
LOREAL COLOM,7509552836677,CRE PEINAR ELVIVE DREAM LONG,0,0,"8,000",0
LOREAL COLOM,7702058857164,ELVIVE ACON ANT-QUIEBRE CJN JA X,240,0,0,0
LOREAL COLOM,7509552908497,ELVIVE ACOND OLEO EXTRAORDINARIO *,0,0,"20,000",0
LOREAL COLOM,7506078911420,",7ELVIVE ANTICASPA GRASO SHAMPOO X",400,0,0,0
LOREAL COLOM,7509552902082,ELVIVE CREMA PEINAR ANTI QUIEBRE *,0,0,"22,500",0
LOREAL COLOM,7509552903591,ELVIVE CREMA PEINAR CAIDA RESIST *,0,0,"22,500",0
LOREAL COLOM,7509552970524,ELVIVE CREMA PEINAR DREAM LISO *,300,0,"24,400",0
LOREAL COLOM,7552875409095,ELVIVE MASCARILLA HIALURONICO PURE,0,0,"29,200",0
LOREAL COLOM,7702058922176,ELVIVE REPARACIÃ“N TOTAL 5 SHAMPOO,0,0,"33,700",0
LOREAL COLOM,7509552912883,ELVIVE SHAMPOO CAIDA RESIST X3 *,400,0,"19,200",0
LOREAL COLOM,7509552931143,ELVIVE SHAMPOO GLYCOLIC GLOSS *,3700,0,"28,500",0
LOREAL COLOM,7509552874952,ELVIVE SHAMPOO HIDRA PURIFICANTE *,0,0,"29,100",0
LOREAL COLOM,7509552849509,FRUCTIS HAIR SHAMPOO FOOD SANDIA *,0,0,"33,800",0
LOREAL COLOM,3600542109802,GARNIER AGUA MICELAR BIFASICA *,1000,0,"18,000",0
LOREAL COLOM,7509552455557,GARNIER AGUA MICELAR TODO EN 1 *,400,0,"31,000",0
LOREAL COLOM,7509552933352,GARNIER EXPRESS ACLARA ANTIMANCHAS,0,0,"38,500",0
LOREAL COLOM,7509552844047,GARNIER EXPRESS ANTIMANCHAS ACLARA,0,0,"52,000",0
LOREAL COLOM,3474636857975,KERATESE GENESIS DEFENSE THERMIQUE,0,0,"146,000",0
LOREAL COLOM,7896014191635,LOREAL  TINTE NUTRISSE EST AMBAR,570,0,0,0
LOREAL COLOM,7501027258984,LOREAL ACLARADO PERFECTO NOCHEX 50,0,0,0,0
LOREAL COLOM,7702058199684,LOREAL BASE CREMOSA MOUSSE N,20,0,0,0
LOREAL COLOM,7702058319693,LOREAL BASE LIQ DREAMMAT N 30 X 30,0,0,0,0
LOREAL COLOM,7501839199727,LOREAL BI-O DESO AEROSOL NATURAL X,0,0,0,0
LOREAL COLOM,7501839199383,LOREAL BI-O DESO AEROSOL RELAX X,150,0,0,0
LOREAL COLOM,7501839199734,LOREAL BI-O DESO AEROSOL SOFT X,1500,0,0,0
LOREAL COLOM,7501839129748,LOREAL BI-O DESO MEN ROLLON ENERGY,0,0,0,0
LOREAL COLOM,7501839111965,LOREAL BI-O DESO MEN ROLLON ICE X,50,0,0,0
LOREAL COLOM,7501839112016,LOREAL BI-O DESO ROLLON FRESH X 50,0,0,0,0
LOREAL COLOM,7501839111996,LOREAL BI-O DESO ROLLON NATURAL X,50,0,0,0
LOREAL COLOM,7501839129731,LOREAL BI-O DESO ROLLON RELAX X 50,0,0,0,0
LOREAL COLOM,3600521752845,LOREAL BLOQUEADOR SOLAR LECHE SPF,30,0,0,0
LOREAL COLOM,3600520081304,LOREAL BLOQUEADOR SOLAR LECHE SPF,50,0,0,0
LOREAL COLOM,7899026442955,LOREAL BLOQUEADOR SOLAR NINOS FPS,60,0,0,0
LOREAL COLOM,3600520276137,LOREAL BLOQUEADOR SOLAR NIOS FPS,500,0,0,0
LOREAL COLOM,7896014175529,LOREAL BLOQUEADOR SOLAR ROSTRO FPS,0,0,"38,000",0
LOREAL COLOM,3600521294451,LOREAL BLOQUEADOR SOLAR SPRAY SPF,30,0,0,0
LOREAL COLOM,7702058003882,LOREAL BRILLO LABIAL LIP GLOSS N,250,0,0,0
LOREAL COLOM,7702058004094,LOREAL BRILLO LABIAL LIP GLOSS N,550,0,0,0
LOREAL COLOM,7702058003424,LOREAL BRILLO LABIAL LIP GLOSS N,620,0,0,0
LOREAL COLOM,7702058004278,LOREAL BRILLO LABIAL LIP GLOSS N,650,0,0,0
LOREAL COLOM,041554237924,LOREAL BRILLO LABIAL SUPER STAY N,10,0,0,0
LOREAL COLOM,041554237795,LOREAL BRILLO LABIAL SUPER STAY N,40,0,0,0
LOREAL COLOM,3600521936030,LOREAL CODIGO JUVENTUD SERUM,0,0,0,0
LOREAL COLOM,7899026435834,LOREAL CREMA EXCELLENCE REVELADORA,0,0,"3,200",0
LOREAL COLOM,7702058247781,LOREAL DESO OBAO BAMBOO BREZZE X,650,0,0,0
LOREAL COLOM,7702058207402,LOREAL DESO OBAO FOR MEN AUDAZ X,650,0,"10,900",0
LOREAL COLOM,7702058207471,LOREAL DESO OBAO FOR MEN CLASSIC X,0,0,0,0
LOREAL COLOM,7702058207310,LOREAL DESO OBAO FRESCURA FLORAL X,0,0,"10,900",0
LOREAL COLOM,7702058207198,LOREAL DESO OBAO SENSITIVE PASSION,0,0,0,0
LOREAL COLOM,7702058333644,LOREAL DESO OBAO SENSITIVE SEDA X,60,0,0,0
LOREAL COLOM,7509552900064,LOREAL ELVIVE ANTICAIDA ACON X 400,0,0,0,0
LOREAL COLOM,7501839114638,LOREAL ELVIVE ANTICASPA ACON X 400,0,0,0,0
LOREAL COLOM,7506078919921,LOREAL ELVIVE ANTIQUIEBRE ACOND X,40,0,0,0
LOREAL COLOM,7702058026119,LOREAL ELVIVE COLOR VIVE ACOND X,400,0,0,0
LOREAL COLOM,7899026409774,LOREAL ELVIVE CREMA PEINAR SOLAR X,0,0,0,0
LOREAL COLOM,7804960006712,LOREAL ELVIVE HYDRA-MAX ACOND X,3000,0,0,0
LOREAL COLOM,7509552906233,LOREAL ELVIVE KERA-LISO ACOND *400,0,0,"15,000",0
LOREAL COLOM,7509552906226,LOREAL ELVIVE KERA-LISO ACOND X,2000,0,0,0
LOREAL COLOM,7804960006705,LOREAL ELVIVE LISS-INTENSE ACOND X,0,0,0,0
LOREAL COLOM,7501027282330,LOREAL ELVIVE LISS-INTENSE ACOND X,0,0,"12,400",0
LOREAL COLOM,7506078942929,LOREAL ELVIVE LISS-INTENSE EXTREME,0,0,"12,400",0
LOREAL COLOM,7509552900101,LOREAL ELVIVE LOCION ANTICAIDA,0,0,0,0
LOREAL COLOM,7506078909557,LOREAL ELVIVE NUTRI-GLOSS ACOND X,40,0,0,0
LOREAL COLOM,7501027274793,LOREAL ELVIVE NUTRI-REPAIR ACOND X,0,0,0,0
LOREAL COLOM,7506078934535,LOREAL ELVIVE RENUTRICION ACOND X,40,0,0,0
LOREAL COLOM,7899026422124,LOREAL ELVIVE SHAMPOO 2 EN 1 X 200,0,0,0,0
LOREAL COLOM,7899026443556,LOREAL ELVIVE SHAMPOO ANTICAIDA X,20,0,0,0
LOREAL COLOM,7509552900026,LOREAL ELVIVE SHAMPOO ANTICAIDA X,40,0,"15,100",0
LOREAL COLOM,7509552900040,LOREAL ELVIVE SHAMPOO ANTICAIDA X,70,0,0,0
LOREAL COLOM,7506078932869,LOREAL ELVIVE SHAMPOO ANTICASPA X,40,0,0,0
LOREAL COLOM,7702058025884,LOREAL ELVIVE SHAMPOO CAIDA RESIST,0,0,0,0
LOREAL COLOM,7509552902303,LOREAL ELVIVE SHAMPOO CAIDA RESIST,0,0,"6,000",0
LOREAL COLOM,7702058022845,LOREAL ELVIVE SHAMPOO CAIDA RESIST,0,0,0,0
LOREAL COLOM,7702058026256,LOREAL ELVIVE SHAMPOO CAIDA RESIST,0,0,0,0
LOREAL COLOM,7702058020636,LOREAL ELVIVE SHAMPOO CAIDA RESIST,0,0,0,0
LOREAL COLOM,7702058860041,LOREAL ELVIVE SHAMPOO COLOR VIVE +,0,0,0,0
LOREAL COLOM,7506078959033,LOREAL ELVIVE SHAMPOO COLOR VIVE X,0,0,"9,900",0
LOREAL COLOM,7702058022852,LOREAL ELVIVE SHAMPOO COLOR VIVE X,0,0,0,0
LOREAL COLOM,7702058026218,LOREAL ELVIVE SHAMPOO COLOR VIVE X,0,0,0,0
LOREAL COLOM,7702058018978,LOREAL ELVIVE SHAMPOO COLOR VIVEX,40,0,0,0
LOREAL COLOM,7702058025891,LOREAL ELVIVE SHAMPOO COLOR-VIVE X,0,0,0,0
LOREAL COLOM,7509552909753,LOREAL ELVIVE SHAMPOO FIBRALOGY X,40,0,"15,100",0
LOREAL COLOM,7501027226778,LOREAL ELVIVE SHAMPOO HYDRA CURL X,0,0,0,0
LOREAL COLOM,7702058030413,LOREAL ELVIVE SHAMPOO KERA LISO *,40,0,"24,700",0
LOREAL COLOM,7702058025877,LOREAL ELVIVE SHAMPOO KERA LISO X,20,0,0,0
LOREAL COLOM,7509552906202,LOREAL ELVIVE SHAMPOO KERA-LISO X,20,0,"8,800",0
LOREAL COLOM,7899026422087,LOREAL ELVIVE SHAMPOO LISS INTENSE,0,0,0,0
LOREAL COLOM,7899026422025,LOREAL ELVIVE SHAMPOO LISS INTENSE,0,0,0,0
LOREAL COLOM,7506078933101,LOREAL ELVIVE SHAMPOO LISS-INTENSE,0,0,0,0
LOREAL COLOM,7702058857119,LOREAL ELVIVE SHAMPOO LISS-INTENSE,0,0,0,0
LOREAL COLOM,7501027216816,LOREAL ELVIVE SHAMPOO LISS-INTENSE,0,0,0,0
LOREAL COLOM,7506078934603,LOREAL ELVIVE SHAMPOO RE-NUTRICION,0,0,"12,000",0
LOREAL COLOM,7899026421837,LOREAL ELVIVE SHAMPOO RENUTRICION,0,0,"12,400",0
LOREAL COLOM,7702058115875,LOREAL ELVIVE SHAMPOO RENUTRICION,40,0,0,0
LOREAL COLOM,7702058041891,LOREAL ELVIVE SHAMPOO REPARACION X,0,0,0,0
LOREAL COLOM,7899026422902,LOREAL ELVIVE TRATAMIENTO NOCTURNO,0,0,0,0
LOREAL COLOM,7899026407848,LOREAL ELVIVE TRATAMIENTO SOLAR X,30,0,0,0
LOREAL COLOM,7509552906219,LOREAL ELVIVES SHAMPOO KERA-LISO X,0,0,"14,600",0
LOREAL COLOM,7509552911800,LOREAL EXCELLENCE CREMA RUBIO MIEL,0,0,"39,500",0
LOREAL COLOM,7509552900156,LOREAL HIDRA-TOTAL 5 LOCION TONICO,0,0,0,0
LOREAL COLOM,7509552907964,LOREAL HIDRATA TOTAL 5 ANTIMANCHAS,0,0,"18,200",0
LOREAL COLOM,7501027220615,LOREAL HYDRAFRESH P NORMA-SEC X 50,0,0,0,0
LOREAL COLOM,7804960310130,LOREAL IMEDIA EST RUBIO E/CLARC/ZO,0,0,0,0
LOREAL COLOM,7702058318672,LOREAL LABIAL BRILLANTE WATERSHINE,0,0,0,0
LOREAL COLOM,3600521938478,LOREAL LECHE LIQ PROTECTION SPF 30,0,0,0,0
LOREAL COLOM,7509552796131,LOREAL PARIS GEL CREMA ANTI-BRILLO,0,0,"65,500",0
LOREAL COLOM,71249672945,LOREAL PARIS PESTAÃ‘INA TELESCOPIC,0,0,"76,500",0
LOREAL COLOM,071249627785,LOREAL PARIS POLVO INFALIBLE IVORY,0,0,"82,500",0
LOREAL COLOM,071249033180,LOREAL PARIS POLVO TRUE MATCH TRUE,0,0,"68,500",0
LOREAL COLOM,7702058020681,LOREAL PESTANINA BIG GREAT LASH X,20,0,0,0
LOREAL COLOM,3600520298924,LOREAL PUR & MAT GEL HIDRATANTE X,50,0,0,0
LOREAL COLOM,7506078934818,LOREAL RECARGA DE COLAGENO DIA X,500,0,0,0
LOREAL COLOM,071249077016,LOREAL RELLENADOR COLAGENO CREMA X,0,0,0,0
LOREAL COLOM,3600521154526,LOREAL REVITALIF TONICO RONOVADORA,0,0,0,0
LOREAL COLOM,7501027252869,LOREAL REVITALIFT CREMA NOCHE X 30,0,0,0,0
LOREAL COLOM,8411300692000,LOREAL REVITALIFT CREMA NOCHE X 50,0,0,0,0
LOREAL COLOM,3600521823729,LOREAL REVITALIFT CUIDADO OJO X 15,0,0,"57,000",0
LOREAL COLOM,3600521985311,LOREAL REVITALIFT REPARACION TOTAL,0,0,0,0
LOREAL COLOM,7899026444225,LOREAL REVITALIFT ROLL-ON OJOS X,150,0,0,0
LOREAL COLOM,3600520301372,LOREAL STOP ARRUGAS HIDRATANTE X,500,0,0,0
LOREAL COLOM,7804960105248,LOREAL TINTE CASTING  CASTANO NUEZ,0,0,0,0
LOREAL COLOM,7804960105354,LOREAL TINTE CASTING 35 CACAO CAST,0,0,0,0
LOREAL COLOM,7896014124251,LOREAL TINTE CASTING EST CASTANO,240,0,0,0
LOREAL COLOM,7804960013239,LOREAL TINTE CASTING EST CASTANO O,0,0,0,0
LOREAL COLOM,7896014124343,LOREAL TINTE CASTING EST RUBIO ORO,0,0,0,0
LOREAL COLOM,7896014184545,LOREAL TINTE CASTING GLOSS EST 210,0,0,"20,100",0
LOREAL COLOM,7896014184552,LOREAL TINTE CASTING GLOSS EST 316,0,0,"6,000",0
LOREAL COLOM,7896014184477,LOREAL TINTE CASTING GLOSS EST 415,0,0,0,0
LOREAL COLOM,7896014184569,LOREAL TINTE CASTING GLOSS EST 426,0,0,0,0
LOREAL COLOM,7896014195534,LOREAL TINTE CASTING GLOSS EST 454,0,0,0,0
LOREAL COLOM,7896014184484,LOREAL TINTE CASTING GLOSS EST 500,0,0,"16,900",0
LOREAL COLOM,7899026458857,LOREAL TINTE CASTING GLOSS EST 513,0,0,0,0
LOREAL COLOM,7896014195541,LOREAL TINTE CASTING GLOSS EST 515,0,0,0,0
LOREAL COLOM,7896014189458,LOREAL TINTE CASTING GLOSS EST 530,0,0,0,0
LOREAL COLOM,7896014184538,LOREAL TINTE CASTING GLOSS EST 550,0,0,0,0
LOREAL COLOM,7899026468863,LOREAL TINTE CASTING GLOSS EST 565,0,0,"18,000",0
LOREAL COLOM,7896014184514,LOREAL TINTE CASTING GLOSS EST 600,0,0,"20,100",0
LOREAL COLOM,7896014188291,LOREAL TINTE CASTING GLOSS EST 630,0,0,0,0
LOREAL COLOM,7896014184521,LOREAL TINTE CASTING GLOSS EST 656,0,0,0,0
LOREAL COLOM,7896014184507,LOREAL TINTE CASTING GLOSS EST 713,0,0,"18,000",0
LOREAL COLOM,7896014184453,LOREAL TINTE CASTING GLOSS EST 724,0,0,0,0
LOREAL COLOM,7896014184439,LOREAL TINTE CASTING GLOSS EST 810,0,0,0,0
LOREAL COLOM,7896014184446,LOREAL TINTE CASTING GLOSS EST 832,0,0,0,0
LOREAL COLOM,7896014195190,LOREAL TINTE EXCELLENCE CHOCOLATE,60,0,0,0
LOREAL COLOM,7899026493957,LOREAL TINTE EXCELLENCE CHOCOLATE,60,0,0,0
LOREAL COLOM,7804960021708,",7LOREAL TINTE EXCELLENCE NEGRO",10,0,0,0
LOREAL COLOM,7899026494022,LOREAL TINTE EXCELLENCE NEGRO,10,0,"16,400",0
LOREAL COLOM,7896014195220,",7LOREAL TINTE EXCELLENCE RUBIO",70,0,0,0
LOREAL COLOM,7899026493766,LOREAL TINTE EXCELLENCE RUBIO,70,0,0,0
LOREAL COLOM,7896014195183,LOREAL TINTE EXCELLENCE RUBIO OSC.,0,0,0,0
LOREAL COLOM,7506078948686,LOREAL TINTE EXELLENCE ROJO CEREZA,0,0,0,0
LOREAL COLOM,7899026462663,LOREAL TINTE NUTRISSE COR INTENSA,0,0,"8,300",0
LOREAL COLOM,7896014191734,LOREAL TINTE NUTRISSE EST ALMENDRA,0,0,0,0
LOREAL COLOM,7896014191512,LOREAL TINTE NUTRISSE EST CAFE 40,0,0,0,0
LOREAL COLOM,7896014191611,LOREAL TINTE NUTRISSE EST CAOBA,550,0,0,0
LOREAL COLOM,7896014191673,LOREAL TINTE NUTRISSE EST CARAMELO,0,0,0,0
LOREAL COLOM,7896014191574,LOREAL TINTE NUTRISSE EST CASTANA,50,0,0,0
LOREAL COLOM,7804960008037,LOREAL TINTE NUTRISSE EST CASTANO,40,0,0,0
LOREAL COLOM,7896014191666,LOREAL TINTE NUTRISSE EST CENTENO,60,0,0,0
LOREAL COLOM,7896014191741,LOREAL TINTE NUTRISSE EST CEREAL,720,0,0,0
LOREAL COLOM,7896014191727,LOREAL TINTE NUTRISSE EST CHAMPANA,0,0,0,0
LOREAL COLOM,7896014191482,LOREAL TINTE NUTRISSE EST ESPRESSO,0,0,0,0
LOREAL COLOM,7896014191956,LOREAL TINTE NUTRISSE EST GRANADA,60,0,0,0
LOREAL COLOM,7896014191758,LOREAL TINTE NUTRISSE EST MIEL,730,0,0,0
LOREAL COLOM,7896014191475,LOREAL TINTE NUTRISSE EST MORA 21,0,0,0,0
LOREAL COLOM,7896014191789,LOREAL TINTE NUTRISSE EST NECTAR,800,0,0,0
LOREAL COLOM,7804960008006,LOREAL TINTE NUTRISSE EST NEGRO,100,0,0,0
LOREAL COLOM,7804960008136,LOREAL TINTE NUTRISSE EST RUBIO,700,0,0,0
LOREAL COLOM,7896014191833,LOREAL TINTE NUTRISSE EST TRIGO,900,0,0,0
LOREAL COLOM,7506078920224,LOREAL WHITE PERFECT ESPUMA FACIAL,0,0,0,0
LOREAL COLOM,6902395830511,MAYBELLINE BASE LIQUIDA FRESH TINT,0,0,"41,500",0
LOREAL COLOM,6902395830528,MAYBELLINE BASE LIQUIDA FRESH TINT,0,0,"41,500",0
LOREAL COLOM,6902395830542,MAYBELLINE BASE LIQUIDA FRESH TINT,0,0,"41,500",0
LOREAL COLOM,041554583878,MAYBELLINE BRILLO LIP LIFTER GLOSS,0,0,"59,500",0
LOREAL COLOM,41554583892,MAYBELLINE BRILLO LIP LIFTER GLOSS,0,0,"59,500",0
LOREAL COLOM,041554080414,MAYBELLINE LABIAL SUPER STAY VINYL,0,0,"63,500",0
LOREAL COLOM,041554071023,MAYBELLINE LABIAL SUPER STAY VINYL,0,0,"63,500",0
LOREAL COLOM,041554071009,MAYBELLINE LABIAL SUPER STAY VINYL,0,0,"63,500",0
LOREAL COLOM,41554079319,MAYBELLINE LABIAL SUPER STAY VINYL,0,0,"63,500",0
LOREAL COLOM,041554079302,MAYBELLINE LABIAL SUPER STAY VINYL,0,0,"63,500",0
LOREAL COLOM,041554071016,MAYBELLINE LABIAL SUPER STAY VINYL,0,0,"63,500",0
LOREAL COLOM,041554071047,MAYBELLINE LABIAL SUPER STAY VINYL,0,0,"63,500",0
LOREAL COLOM,7702058259807,",7NUTRISSE TINTE EST BORGONA INTENSO",0,0,0,0
LOREAL COLOM,7896014191710,",7NUTRISSE TINTE EST CAFE MOCCACHINO",0,0,0,0
LOREAL COLOM,7702058207358,OBAO DESO PIEL DELICADA ROLLON 2X1,0,0,"10,900",0
LOREAL COLOM,7501027293473,OBAO ROLLON FOR MEN AUDAZ FCO * 65,0,0,"7,200",0
LOREAL COLOM,7501839106268,OBAO ROLLON FOR MEN COOL METAL FCO,0,0,"7,200",0
LOREAL COLOM,7509552901320,OBAO ROLLON WOMEN POWDER  FCO * 65,0,0,"5,000",0
LOREAL COLOM,7501839106046,OBAO ROLLON WOMEN SENSITIVE FCO *,60,0,"5,000",0
LOREAL COLOM,7501027218353,OBAO ROLLON WOMEN SENSITIVE PASION,0,0,"5,200",0
LOREAL COLOM,7899706188340,PROTECTOR FACIAL SOLAR UV DEFENDER,0,0,"71,500",0
LOREAL COLOM,3600524095567,SERUM CAIDA RESIST * 102 ML,0,0,"82,000",0
LOREAL COLOM,7509552843620,SERUM LOREAL DERMO EXPERTISE ACIDO,0,0,"88,400",0
LOREAL COLOM,7702433043502,SHAMPO ELVIVE REPARACION TOTAL 5,400,0,"20,000",0
LOREAL COLOM,7509552845884,SHAMPOO ELVIVE HIDRA HIALURONICO *,0,0,"30,100",0
LOREAL COLOM,7702028026249,",7TRATAMIENTO ELVIVE CAIDA RESIST X",40,0,0,0
LOREAL COLOM,7899026406377,",7TRATAMIENTO ELVIVE COLOR-VIVE X",3500,0,0,0
LOREAL COLOM,7899026421851,",7TRATAMIENTO ELVIVE RENUTRICION X",350,0,0,0
LOREAL COLOM,3337875597487,CERAVE CREMA HIDRATANTE ROSTRO *,520,0,"65,000",0
LOREAL COLOM,3337875743563,CERAVE CREMA LIMPIADORA HIDRATANTE,0,0,"64,500",0
LOREAL COLOM,3337875597319,CERAVE CREMA REPARADORA DE MANOS *,0,0,"33,800",0
LOREAL COLOM,3337875840620,CERAVE FACIAL LOCION HIDRATANTE DE,0,0,"64,000",0
LOREAL COLOM,3337875597333,CERAVE LIMPIADORA HIDRATANTE * 473,0,0,"102,200",0
LOREAL COLOM,3337875597449,CERAVE LOCION FACIAL HIDRATANTE *,50,0,"80,500",0
LOREAL COLOM,3337875597395,CERAVE LOCION HIDRATANTE * 473 ML,0,0,"104,500",0
LOREAL COLOM,3337875597210,CERAVE LOCION HIDRATANTE PIEL SECA,0,0,"83,250",0
LOREAL COLOM,3337872413414,ANTHELIOS NIÃ‘OS SPF 50 SPRAY *,2000,0,"178,500",0
LOREAL COLOM,3337875847292,ANTHELIOS PROTECTOR SOLAR UV MUNE,40,0,"117,200",0
LOREAL COLOM,3337875797597,ANTHELIOS PROTECTOR SOLAR UV MUNE,40,0,"133,000",0
LOREAL COLOM,3337875797641,ANTHELIOS UV MUNE 400 FLUIDO COLOR,0,0,"120,000",0
LOREAL COLOM,3337872412998,CICAPLAST OUCH BALSAMO REPARADOR *,0,0,"55,000",0
LOREAL COLOM,3337872411991,EFFACLAR GEL LIMPIADOR PURIFICANTE,0,0,"173,600",0
LOREAL COLOM,3337872411083,EFFACLAR GEL LIMPIADOR PURIFICANTE,0,0,"120,800",0
LOREAL COLOM,3337875760201,HYALU B5 AQUACEL SPF30 P/SOLAR *50,0,0,"207,300",0
LOREAL COLOM,3337875803786,LA ROCHE POSAY HIDRATANTE CORPORAL,0,0,"149,000",0
LOREAL COLOM,3337875694469,LA ROCHE POSAY SERUM RETINOL B-3 *,0,0,"262,000",0
LOREAL COLOM,3337875821636,LIFTACTIV RETINOL SPECIALIST SERUM,0,0,"238,200",0
LOREAL COLOM,3337872411762,LOREAL LIPIKAR BAUME AMPOLLA X 200,0,0,0,0
LOREAL COLOM,3337875663076,NORMADERM GEL IMPIADOR PURIFICANTE,0,0,"141,000",0
LOREAL COLOM,3337875663083,NORMADERM GEL IMPIADOR PURIFICANTE,0,0,"174,000",0
LOREAL COLOM,3337875660570,PURE VITAMIN C10 SERUM ANTIARRUGAS,0,0,"257,700",0
LOREAL COLOM,3337871311292,VICHY DERCOS SHAMPOO ESTIMULANTE *,0,0,"102,300",0
LOREAL COLOM,3337875762908,VICHY FORTALECEDOR CUTANEO MINERAL,0,0,"221,000",0
LOREAL COLOM,3337875719209,VICHY SUERO HA EPIDERMIC FILLER DE,0,0,"250,000",0
MAH COLOMBIA,854688003057,FORMULA PREMIUM +24 MESES LATA *,900,0,"77,700",0
MAH COLOMBIA,854688003002,FORMULA PREMIUM 0-3 MESES LATA *,400,0,"43,000",0
MAH COLOMBIA,854688003705,FORMULA PREMIUM 0-3 MESES LATA *,400,0,"43,000",0
MAH COLOMBIA,854688003019,FORMULA PREMIUM 3-6 MESES LATA *,400,0,"43,000",0
MAH COLOMBIA,854688003026,FORMULA PREMIUM 6-12 MESES LATA *,40,0,"40,000",0
MAH COLOMBIA,854688003408,PURE DE BANANA MANZANA ORGANICA,1800,0,"7,500",0
MAH COLOMBIA,854688003293,PURE DE BANANA-MANZANA ORGANICO *,90,0,"4,000",0
MAH COLOMBIA,854688003392,PURE DE MANZANA ORGÃNICO 180 GR *,0,0,"7,500",0
MAH COLOMBIA,854688003309,PURE DE PERA-MANZANA ORGANICO * 90,0,0,"4,000",0
MANITOBA,7702409011528,MANI ARANDANOS CON YOGURT GRIEGO *,0,0,"5,700",0
MANITOBA,7702409012068,MANI ARÃNDANOS DESHIDRATADOS *,3000,0,"20,000",0
MANITOBA,7702409000485,MANI CON SAL * 20 GR,0,0,"1,100",0
MANITOBA,7702409711756,MANI CRUNCHYBITS CON ALMENDRAS *,350,0,"2,400",0
MANITOBA,7702409371615,MANI CRUNCHYBITS CON ARANDANOS *,350,0,"2,400",0
MANITOBA,7702409011115,MANI JAPONES * 40 GR,0,0,"2,200",0
MANITOBA,7702409004834,MANI JAPONES * 50 GR,0,0,0,0
MANITOBA,7702409009707,MANI PICANTE * 50 GR,0,0,"2,400",0
MANITOBA,7702409266973,MANI PISTACHOS HORNEADOS CON SAL *,0,0,"57,500",0
MANITOBA,7702409012020,MANI SALADO * 200 GR,0,0,"7,000",0
MANITOBA,7702409000331,MANI SALADO * 50 GR,0,0,"3,300",0
MANITOBA,7707713941400,MANITOBA MIX ALMENDRA Y MARAÃ±ON *,0,0,"3,000",0
MANUFACTURED,7702993039151,BIANCHI CHOCO SNACKS  CHOCO MANI*,50,0,"2,500",0
MANUFACTURED,7702993038239,BIANCHI CHOCO SNACKS CARAMELO MANI,0,0,"2,300",0
MANUFACTURED,7702993045909,ORIGAMI SNACK CRUNCH,0,0,"2,000",0
MARIA SALOME,7709091662274,MARIA SALOME ACOND HIDRATANTE *,2000,0,"11,100",0
MARIA SALOME,7709104404426,MARIA SALOME ACOND HIDRATANTE *,4000,0,"16,500",0
MARIA SALOME,7707188220581,MARIA SALOME GEL EXTRAFUERTE X 250,0,0,"11,500",0
MARIA SALOME,7709523151697,MARIA SALOME SHAMPOO A/DIARIA* 400,0,0,"20,000",0
MARIA SALOME,7707188220994,MARIA SALOME SHAMPOO ACCION DIARIA,0,0,"20,000",0
MARIA SALOME,7709610926641,MARIA SALOME SHAMPOO CONTROL CASPA,0,0,"13,200",0
MARIA SALOME,7708975353581,MARIA SALOME SHAMPOO CONTROL CASPA,0,0,"22,400",0
MARIA SALOME,7709091662243,MARIA SALOME SHAMPOO KERATIN2 *,2000,0,"12,200",0
MARIA SALOME,7709091662267,MARIA SALOME SHAMPOO KERATIN2 *,2000,0,"17,400",0
MARIA SALOME,7707188220765,MARIA SALOME SHAMPOO KERATIN2 *,4000,0,"29,600",0
MARIA SALOME,7707188220178,MARIA SALOME SHAMPOO SIN SAL * 400,0,0,"26,800",0
MARIA SALOME,7707188220321,SALOME CONTROL CASPA SHAMPOO X 360,0,0,"22,600",0
MARIA SALOME,7707188220314,SALOME CONTROL CASPA SHAMPOO X 500,0,0,"22,200",0
MARIA SALOME,7707188220703,SALOME FUTURAS MADRES SHAMPOO X,3200,0,0,0
MARIA SALOME,7707188220598,SALOME LOCION TONICA CAPILAR  X,3200,0,"16,700",0
MARIA SALOME,7707188220345,SALOME PROTECC COLOR SHAMPOO X 360,0,0,"15,300",0
MARIA SALOME,7707188220338,SALOME PROTECC COLOR SHAMPOO X 500,0,0,"19,700",0
MARIA SALOME,7707188220758,SALOME SERUM CAPILAR ANTICAIDA X 7,0,0,0,0
MARKET ,7706371049848,ARO BOLSA ALUMINIZADA (7 * 8) *,1000,0,"7,700",0
MARKET ,7702511000014,ARROZ DIANA * 500 GR,0,0,"2,500",0
MARKET ,7707007200459,AZUCAR BLANCA MAYAGUES ESPECIAL *,10,0,"4,900",0
MARKET ,7707007200411,AZUCAR MORENA MAYAGUEZ NATURAL *,100,0,"4,800",0
MARKET ,7703812002035,",7BLANCOX ROPA COLOR FLORA VITAL *",500,0,"4,000",0
MARKET ,7702487006706,BOCADITOS CAN AMOR CON OMEGA * 200,0,0,"4,900",0
MARKET ,7502211161400,BOLSA MASCOTA PROTECTOR 22 CM X 25,0,0,"6,000",0
MARKET ,7708024204352,CAFE TOSTAO INSTANTANEO * 170 GR,0,0,"29,800",0
MARKET ,8411047126080,COLONIA DE BAÃ‘O AGUA LAVANDA *,7500,0,"31,000",0
MARKET ,6926066025303,CREMA DE MANOS FLOWER ROCOCO *45ML,0,0,"4,000",0
MARKET ,645667176509,CUCHARAS DESECHABLES DULCERAS TAMI,0,0,"9,000",0
MARKET ,8411047146101,DBTS LOCION ULTRA-HIDRATANTE * 500,0,0,"31,000",0
MARKET ,8411047102565,DESODORANTE PIEL SANA ROLL ON * 75,0,0,"17,000",0
MARKET ,8681701011780,DRY SHAMPOO TERAPIA CON LECHE *,2000,0,"26,000",0
MARKET ,8681701014040,ESPUMA DE GEL DE BAÃ‘O CON TERAPIO,0,0,"50,000",0
MARKET ,7702026188184,FAMILIA PETYS PAÃ‘OS HUMEDOS LIBRE,0,0,"12,700",0
MARKET ,7702084137537,HARINA PAN DE MAIZ AMARILLO * 1000,0,0,"3,300",0
MARKET ,615650991778,HUESO DINGO DENTAL BONE MEDIUM * 1,0,0,"13,000",0
MARKET ,7702487200463,HUESOS *3 UNIDADES,0,0,"15,100",0
MARKET ,7709621764881,LEÃ‘A DON PARRILLERO,0,0,"14,300",0
MARKET ,7702367001029,LOMITOS ATUN VAN CAMPS EN ACEITE,800,0,"17,300",0
MARKET ,7702024040088,NESQUIK CHOCOLATE * 400 GR,0,0,"17,000",0
MARKET ,8681701007691,OSSION BARBER COLONIA RED STORM *,40,0,"37,000",0
MARKET ,8681701007400,OSSION CERA EN POLVO * 20 GR,0,0,"30,000",0
MARKET ,8681701002986,OSSION GEL DE AFEITAR 3 EN 1 * 700,0,0,"24,300",0
MARKET ,8681701006861,OSSION MASCARILLA NEGRA CARBON *,120,0,"25,000",0
MARKET ,8681701002979,OSSION PREMIUM BARBER HAIR SPRAY *,0,0,"42,000",0
MARKET ,8681701005512,OSSION SHAMPOO PREMIUM 2 EN 1 *,5000,0,"30,000",0
MARKET ,8681701008018,OSSION SHAMPOO SECO BIOTIN CARE *,20,0,"21,400",0
MARKET ,7466762939577,PIRULIN COCO *24 GR,0,0,"1,700",0
MARKET ,7702458245301,PLATO DESECHABLE 23 CM * 12 UND,0,0,"8,600",0
MARKET ,6926066026409,PREVASE DE MAQUILLAJE *60 ML  PINK,0,0,"8,500",0
MARKET ,041224870406,ROLAND OSTER FLAVOREO SAUCED * 420,0,0,0,0
MARKET ,8411047108659,UREA LOCION HIDRATANTE DOSIFICADOR,0,0,"38,000",0
MARKET ,7708926779880,VERY SECRET SHAMPOO DE CANNABIS *,0,0,"32,000",0
MARKET ,7709457400649,VERY SECRET SHAMPOO EXFOLIANTE CON,0,0,"32,500",0
MARKET ,7709325943438,VERY SECRET SHAMPOO ROMERO CLAVO Y,0,0,"33,000",0
MARKET ,7709325943483,VERY SECRET TRATAMIENOT DE CEBOLLA,0,0,"32,500",0
MARKET ,7896029046609,WHISKAS CARNE ADULTO * 85 GR,0,0,"3,700",0
MARKET ,7700304387687,ZEV MOSTAZA * 200 GR,0,0,"3,000",0
MARKETING HE,7707281040260,ALDRIMOX SUSP X 120 ML,0,0,0,0
MARKETING HE,7707281040284,ALDRIMOX X 20 CAPS,0,0,0,0
MARKETING HE,7707281040901,ALDRIZOL X 2 TABLS,0,0,0,0
MARKETING HE,7707281040918,ALDRIZOL X 20 ML,0,0,0,0
MARKETING HE,7701880010976,ALFACCILINA SUSP X 120 ML,0,0,0,0
MARKETING HE,7707285320214,ALVEOTOX JBE X 120 ML,0,0,0,0
MARKETING HE,7701880030257,AMEBICOL SUSP X 120 ML,0,0,0,0
MARKETING HE,7707179990141,AMEZOLIN 200 MG X 2 TABLS,0,0,0,0
MARKETING HE,7707279640083,AMINOPLUS POLVO X 600 GRS,0,0,0,0
MARKETING HE,7707179990349,AMOXIPEN 500 MG X 100 CAPS,0,0,0,0
MARKETING HE,7707270700953,ANSIPRAZOL 30 MG X 14 TABLS,0,0,0,0
MARKETING HE,7707059800263,ARALOX X 15 TABLS,0,0,0,0
MARKETING HE,7701880010938,BAMAXIN 250 MG SUSP X 80 ML,0,0,0,0
MARKETING HE,7707232130026,BEMUCOL GRIPA X 10 CAPS,0,0,0,0
MARKETING HE,7701880010600,BENEMID 500 MG X 10 TABLS,0,0,0,0
MARKETING HE,7707053220111,BILOBA PHARM X 60 TABS,0,0,0,0
MARKETING HE,7701880060179,BRONQUIFENOL NINOS X 120 ML,0,0,"10,000",0
MARKETING HE,7707350830112,BUCAL-V GOTAS X 10ML,0,0,0,0
MARKETING HE,7707270700090,CALDEFOS TABLS X 100 TABLS,0,0,0,0
MARKETING HE,7707285580250,CARTILAGO DE TIBURON X 60 TAB,0,0,0,0
MARKETING HE,7707285580670,CENTOVIT JBE X 240 ML,0,0,0,0
MARKETING HE,7707503422261,CH & C X 60 SOFGEL,0,0,0,0
MARKETING HE,7707285580267,DGARLIC X 60 TAB,0,0,0,0
MARKETING HE,7707195401263,DIPERIN SUSP X 60 ML,0,0,0,0
MARKETING HE,7700002011211,DOLOXICAM 20 MG X 10 CAPS,0,0,0,0
MARKETING HE,7707179990578,ENDAMOX 500 MG X 20 CAPS,0,0,0,0
MARKETING HE,7707332810057,ENDOL DM X 10 TABLS,0,0,"10,000",0
MARKETING HE,7707179990110,EPRITIL 500 MG X 10 TABLS,0,0,0,0
MARKETING HE,7707270700960,EVALINE X 350 GR,0,0,"45,000",0
MARKETING HE,7707372600014,FACTOR GOLD X 60 CAP,0,0,0,0
MARKETING HE,7707174320158,FALBRON X 120 ML,0,0,0,0
MARKETING HE,7707332810064,FELMODIN 20 MG X 10 TABLS,0,0,0,0
MARKETING HE,7707053225116,FEMINAL X 250 GRS,0,0,0,0
MARKETING HE,7707279640267,FIBRASYL POLVO NARANJA X 250 GR,0,0,0,0
MARKETING HE,7707053225093,FLAVOSOY X 60 CAPS,0,0,0,0
MARKETING HE,7707270700809,FLUIMED JBE X 120 ML,0,0,0,0
MARKETING HE,7707270700847,FLUIMED X 30 S/S,0,0,0,0
MARKETING HE,7707174320202,GRICK UNGUENTO X 40 GRS,0,0,0,0
MARKETING HE,7707270700861,HISTALINE SUSP X 60 ML,0,0,"38,700",0
MARKETING HE,7707332810125,ICOLGRIP FORTE X 100 TABLS,0,0,0,0
MARKETING HE,7707332810088,LAXBYL NF X 8 TABLS,0,0,0,0
MARKETING HE,7707053224775,LEGSLIFE GEL X 250 GRS,0,0,0,0
MARKETING HE,7707372600076,LESS-ONE X 90 CAP,0,0,0,0
MARKETING HE,7701880100691,LORACOL 10 MG X 10 TABLS,0,0,0,0
MARKETING HE,7707281040161,MEGASURE ADUL POLVO X 440 GR,0,0,0,0
MARKETING HE,7707281040130,MEGASURE LACTANCIA POLVO X 440GR,0,0,0,0
MARKETING HE,7707281040062,MEGASURE LIGTH POLVO X 440 GR,0,0,0,0
MARKETING HE,7701880010440,MICZOL 200 MG X 4 CAPS,0,0,0,0
MARKETING HE,7707270700144,NATROZIM X 3 TAB,0,0,"10,000",0
MARKETING HE,7707281040710,NEWCARTIL X 30 S/S,0,0,0,0
MARKETING HE,7707186900737,NIMDOL SUSP X 60 ML,0,0,0,0
MARKETING HE,7707270700823,NITAHELMIN SUSP X 30 ML,0,0,0,0
MARKETING HE,7707270700731,NITAHELMIN X 6 TABLS,0,0,0,0
MARKETING HE,7707285320078,NOCTUS SUSP X 120 ML,0,0,0,0
MARKETING HE,7707053225109,NONI FLEX X 1000 C.C.,0,0,0,0
MARKETING HE,7707281040208,NORFLOQUIN X 14 TAB,0,0,"38,700",0
MARKETING HE,7707179990806,NORIGRAN 400 MG X 14 TABLS,0,0,0,0
MARKETING HE,77072707000081,NORMIKOP CREMA X 20 GRS,0,0,"20,000",0
MARKETING HE,7707186010566,NUGASVID SUSUP X 360 ML,0,0,"22,000",0
MARKETING HE,7707282320132,ORDAFREN JBE X 120 ML,0,0,"13,500",0
MARKETING HE,7707285320054,ORFAKAN 20 MG X 10 CAPS,0,0,0,0
MARKETING HE,7707285320122,ORFAMOX SUSP X 360 ML,0,0,0,0
MARKETING HE,7707336721328,OVARIUM AMP,0,0,"22,500",0
MARKETING HE,7701880010228,PENIVACS F SUSP X 120 ML,0,0,0,0
MARKETING HE,7701880050842,PITOX CREMA VAG X 40 GRS,0,0,0,0
MARKETING HE,7707053226397,PLOTEC SUSP X 360 ML,0,0,0,0
MARKETING HE,7707279640038,PROCALMIN X 60 TABLS,0,0,0,0
MARKETING HE,7707285580083,PROKADEK X 30 TABLS,0,0,0,0
MARKETING HE,7707053228728,PROTENS X 24 AMP,0,0,0,0
MARKETING HE,7707053228735,PROZINC X 24 AMP,0,0,0,0
MARKETING HE,7707281040529,REFLUMAX SUSP X 360 ML,0,0,0,0
MARKETING HE,7707135601869,REFRITAB PLUS JBE X 90 ML,0,0,0,0
MARKETING HE,7707179990271,SECNAZOL 500 MG X 4 TABLS,0,0,0,0
MARKETING HE,7707281040611,SECNIL SUSP X 15 ML,0,0,0,0
MARKETING HE,7707281040604,SECNIL X 2 TABLS,0,0,0,0
MARKETING HE,7707348530048,SKIDERM CREMA X 4O GRS,0,0,0,0
MARKETING HE,7707053228759,SLIMM X 90 CAP,0,0,0,0
MARKETING HE,7707285320160,SPRING LIFE X 400 GR,0,0,0,0
MARKETING HE,7707285580328,T-OKAM JBE ADULTOS X 240 ML,0,0,0,0
MARKETING HE,7707285580342,T-OKAM JBE NINOS X 120 ML,0,0,0,0
MARKETING HE,7701880020548,TRI-B CREMA X 30 GRS,0,0,0,0
MARKETING HE,7707053200205,TRIDIGESTIV X 200 GRS,0,0,0,0
MARKETING HE,7707332810118,TUSIGENOL JBE NINOS X 120 ML,0,0,0,0
MARKETING HE,7707332810101,TUSIGENOL JBE X 120 ML,0,0,0,0
MARKETING HE,7707270700939,VENUSLIFE X 30 CAPS,0,0,0,0
MARKETING HE,7707348530017,XINPA 500 MG X 6 TABLS,0,0,"22,500",0
MATRIX ,7453038431170,MATRIX CEPILLO ADULTO MEDIUM BRUSH,0,0,"3,450",0
MATRIX ,7453038483599,MATRIX CEPILLO ADULTO MEDIUM UNDAD,0,0,"3,000",0
MATRIX ,7453038431156,MATRIX CEPILLO BEAUTY TEENS UNIDAD,0,0,"3,000",0
MATRIX ,7453010079437,MATRIX CEPILLO DOBLE COLOR 2 UNDAD,0,0,"3,000",0
MATRIX ,7453010089504,MATRIX CEPILLO NIÃ‘O UNDAD,0,0,"4,000",0
MEAD JOHNSON,7506205812552,ENFAGROW PREMIUM ET3 VAINILLA *,1650,0,"131,900",0
MEAD JOHNSON,7506205805127,ENFAGROW PREMIUM PREESCOLAR * 1100,0,0,"73,500",0
MEAD JOHNSON,7506205807459,ENFAGROW PREMIUM PROMENTAL 3 * 800,0,0,"137,400",0
MEAD JOHNSON,7506205812903,ENFAGROW PREMIUM PROMENTAL CONFORT,0,0,"62,000",0
MEAD JOHNSON,7506205814655,ENFAGROW PROMENTAL CONFORT 2 * 800,0,0,"124,900",0
MEAD JOHNSON,7506205809187,ENFAGROW PROMENTAL ETAP 3 VAINILLA,0,0,"204,300",0
MEAD JOHNSON,7506205817465,ENFALAC * 340 GR,0,0,"46,300",0
MEAD JOHNSON,7506205817472,ENFALAC * 720 GR,0,0,"88,200",0
MEAD JOHNSON,7503013040795,ENFAMIL A.R. PREMIUM PROMENTAL *,400,0,"108,800",0
MEAD JOHNSON,7503013040801,ENFAMIL A.R. PREMIUM PROMENTAL *,900,0,"187,000",0
MEAD JOHNSON,7506205811104,ENFAMIL PREMIUM 2 PROMENTAL * 1650,0,0,"270,000",0
MEAD JOHNSON,7756050000394,ENFAMIL PREMIUM PROMENTAL AR * 400,0,0,"89,700",0
MEAD JOHNSON,7506205817120,ENFAMIL PREMIUM PROMENTAL ENFACARE,0,0,"97,700",0
MEAD JOHNSON,7507265811098,ENFAMIL PROMENTAL ET1 (0-12 M) *,160,0,"291,800",0
MEAD JOHNSON,7506205803604,PURAMINO * 400 GR,0,0,"268,900",0
MEALS DE COL,7702402056151,BARRA ALOHA *63 GR,0,0,"2,000",0
MEALS DE COL,7702402044912,BOCATTO BARRA * 63 GR,0,0,"3,000",0
MEALS DE COL,7702402045674,BOCATTO BOCADITTOS  VILLA CRISP *,40,0,"3,000",0
MEALS DE COL,7702402052306,CHOCOCONO * 95 GR,0,0,"4,000",0
MEALS DE COL,7702402051613,CONO BOCATTO EXPLOSION AREQUIPE *,80,0,"5,100",0
MEALS DE COL,7702402045261,CONO BOCATTO FRESA * 88 GR,0,0,"5,500",0
MEALS DE COL,7702402059442,CONO BOCATTO TRES LECHES * 93 GR,0,0,"5,700",0
MEALS DE COL,7702402044936,CONO SOFT FRESA * 85 GR,0,0,"4,500",0
MEALS DE COL,7702402056519,CREM HELADO MINI CHIPS TARRO * 300,0,0,"17,800",0
MEALS DE COL,7702402055765,CREMOLETTA CHOCOLATE + CRISPI * 75,0,0,"1,700",0
MEALS DE COL,7702402050760,HELADO ARTESANAL COCADA AREQUIPE *,0,0,"2,900",0
MEALS DE COL,7702402052405,HELADO ARTESANAL MANJAR BLANCO *,700,0,"2,900",0
MEALS DE COL,7702402051316,HELADO ARTESANAL MORA AREQUIPE *,800,0,"2,900",0
MEALS DE COL,7702402056960,HELADO ARTESANAL PIÃ‘A COCADA * 70,0,0,"3,800",0
MEALS DE COL,7702402054744,HELADO ARTESANAL POSTRE DE CAFE *,70,0,"3,100",0
MEALS DE COL,7702402058209,HELADO ARTESANAL POSTRE DE LIMON *,0,0,"3,800",0
MEALS DE COL,7702402051149,HELADO ARTESANAL POSTRE FRESA * 80,0,0,"2,900",0
MEALS DE COL,7702402051354,HELADO CASERO MORA * 60 GR,0,0,"2,500",0
MEALS DE COL,7702402044967,HELADO CASERO MORA * 75 GR,0,0,"2,500",0
MEALS DE COL,7702402057172,HELADO CHIKS *54 GR,0,0,"3,500",0
"MEALS DE COL04391,",770240204,HELADO HOBBY SUNDAE,0,0,"1,500",0
MEALS DE COL,7702402040525,HELADO PLATILLO VAINILLA CHOCOLATE,0,0,0,0
MEALS DE COL,7702402040976,HELADO PLATILLO VAINILLA CHOCOLATE,0,0,0,0
"MEALS DE COL04849,",770240285,HELADO PLATILLO VAINILLA PASAS *,650,0,"1,700",0
MEALS DE COL,7702402052559,HELADO PLATILLO VAINILLA PASAS *,650,0,"1,800",0
MEALS DE COL,7702402051118,HELADO PREMIUM SINFONIA VAINILLA *,0,0,"12,000",0
MEALS DE COL,7702402043151,HELADO SANDWICH PLATILLO 3 SABORES,0,0,"1,900",0
MEALS DE COL,7702402050944,HELADO SANDWICH PLATILLO 3 SABORES,0,0,"1,600",0
MEALS DE COL,7702402054003,HELADO SANDWICH PLATILLO 3 SABORES,0,0,"1,600",0
MEALS DE COL,7702402051088,HELADO SANDWICH PLATILLO ALFAJOR *,0,0,"1,800",0
MEALS DE COL,7702402055468,PALETA ALOHA LIMONADA CEREZADA *,650,0,"3,100",0
MEALS DE COL,7702402052030,PALETA CHOCOLISTO Y PAL FESTIVAL *,0,0,"2,500",0
MEALS DE COL,7702402052092,PALETA DRACULA OJOS COLMILLOS * 60,0,0,"2,200",0
MEALS DE COL,7702402055819,PALETA DRACULA REFUGIOS TENEBROSOS,0,0,"5,000",0
MEALS DE COL,7702402058179,POLET BAILEYS EDICION ESPECIAL *,900,0,"6,800",0
MEALS DE COL,7702402045117,VASO ALOHA KOLA *160 GR,0,0,"4,500",0
MED-LINE,8901772031846,CLAVULAX * 6 TAB,0,0,0,0
MED-LINE,7707353160025,FACTOZER * 90 CAP,0,0,0,0
MED-LINE,3800003304658,FLORABACT * 30 CAP,0,0,"120,000",0
MED-LINE,7709990609691,FLUXED JBE * 120 ML,0,0,"39,000",0
MED-LINE,7707176071775,GLUTAMILK PLUS FRESA CON OMEGA *,400,0,"47,500",0
MED-LINE,6922619400078,LANTOX 100 U.I. * 1 AMP,0,0,0,0
MED-LINE,7709990253535,MEDIGRIP JBE * 60 ML,0,0,"18,900",0
MED-LINE,7707323610161,MEDSURE-N * 400 GR,0,0,0,0
MED-LINE,7707258985846,MEGACALCIO * 700 GR,0,0,0,0
MED-LINE,7707353160018,NITAZER P * 30 ML,0,0,"21,000",0
MED-LINE,7707353160049,NITAZER P * 60 ML,0,0,"40,000",0
MED-LINE,7707323610284,NOVUS * 60 SOFTGELS,0,0,0,0
MED-LINE,8901772191168,SOTIMAX * 10 TAB,0,0,0,0
MED-LINE,7707287635668,VITAMINA C SOL INYECTABLE 100 ML *,0,0,"190,000",0
MED-LINE,7707323610154,VITANEW * 30 TAB,0,0,0,0
MED-LINE,7707353160032,ZERBIGLUN-C * 30 S/S,0,0,0,0
MED-LINE CON,7709990733785,MEDIGRIP * 100 CAP,0,0,"90,000",0
MED-LINE CON,17707284960203,TOMAGNE * 30 S/S,0,0,"89,600",0
MEDICAL FARM,7707330053432,BUCAL - VS * 10ML,0,0,"21,000",0
MEDICAL FARM,7709100506971,HEMOFOL JBE * 120 ML,0,0,"17,000",0
MEDICAL SUPP,7707364801382,COBAN VENDA ADHERENTE 3*5YDS,0,0,"18,000",0
MEDICAL SUPP,7707364806707,GASA ESTERIL NO TEJIDA 3X3 (7.5 X,70,0,"9,700",0
MEDICAL SUPP,7707364804932,GASA Y VENDAJE DE TELA 10 *,100,0,"2,500",0
MEDICAL SUPP,7707364809289,GUANTE DE NITRILO AMBIDIESTRO *,1000,0,"28,000",0
MEDICAL SUPP,7707364802020,",7VENDA DE ALGODON LAMINADO 5 * 5 YD",0,0,"3,200",0
MEDICAL SUPP,7707364803546,VENDA DE ALGODON LAMINADO 5 X,50,0,"4,900",0
MEDICAL SUPP,7707364802037,VENDA DE ALGODON LAMINADO 6 X,50,0,"3,100",0
MEDICAL SUPP,7707364805618,VENDA NEURO MUSCULAR PIEL  2 * 5 M,0,0,"21,000",0
MEDIDER ,7708941293279,MEDIDER DERMO-LIMPIADOR EN BARRA *,0,0,"90,300",0
MEDIDER ,7709759327385,MEDIDER REPELENTE *120 ML + UND *8,0,0,"45,000",0
MEDIGEN E.U,77016492,OCUTRIX SOL OFT X 5 ML,0,0,"9,000",0
MEDIPLAST LT,7707191990044,INHALOCAMARA CON VALVULA ADULTO,0,0,"22,000",0
MEDIPLAST LT,7707191990013,INHALOCAMARA CON VALVULA NINOS,0,0,"22,000",0
MEDISEG ,7707371680451,CALENDULA CREMA NATURE * 60 GR,0,0,"12,100",0
MEDISEG ,7707228412167,ESPARADRAPO CINTA DE ALGODON 1 * 5,0,0,"6,000",0
MEDISEG ,7709182655604,RSIONE 50 MG * 2 TAB,0,0,"18,000",0
MEDISPO ,7707270363059,",7GUANTE NO ESTERIL TALLA",70,0,"1,600",0
MEDISPO ,7707270363073,",7GUANTE NO ESTERIL TALLA",80,0,"3,000",0
MEDISPO ,7707270361253,GUANTE QUIRURGICO ESTERIL TALLA 6,10,0,"1,600",0
MEDISPO ,7707270361239,JERINGA 10 ML 21G,0,0,400,0
MEDISPO ,7707207276452,",7VENDA DE GASA HOSPITALARIA 36 X",1000,0,"50,000",0
MEDIVELIUS,8436574360844,ENDOCARE HYDRACTIVE AGUA MICELAR *,0,0,"107,500",0
MEDIVELIUS,8423372040078,FLUIDBASE CREMA RETINOL VIT C * 30,0,0,"139,200",0
MEDIVELIUS,8470001821478,HELIOCARE * 60 CAP,0,0,"154,600",0
MEDIVELIUS,8470002147102,HELIOCARE 360 SENSATION SPF 50+ *,50,0,"190,000",0
MEDIVELIUS,8470001873590,HELIOCARE 360 TOQUE SECO BEIGE SPF,0,0,"160,500",0
MEDIVELIUS,8470001930156,HELIOCARE 360 WATER GEL SPF 50 *,500,0,"168,000",0
MEDIVELIUS130689.,6506504,HELIOCARE ULTRA 90 GEL SPF 50 * 50,0,0,"155,600",0
MEDIVELIUS,8428749785002,SENSILIS GEL HYDRATANTE ESSENCE *,40,0,"145,500",0
MEDIVELIUS,3661434004315,URIAGE * 15 GR,0,0,"90,000",0
MEDIVELIUS,360398000074,URIAGE CU-ZN CREMA,0,0,0,0
MEDIVELIUS,3661434003394,URIAGE ROSELIANE CREMA ANTIARRUGAS,0,0,"128,900",0
MEDLEY SANOF,7702605107926,DOLINOF * 10 TAB,0,0,"29,300",0
MEDLEY SANOF,7702605107933,DOLINOF * 20 TAB,0,0,"59,300",0
MEDLEY SANOF,7702605106103,METGLUK 500 MG X 30 TAB,0,0,0,0
MEDLEY SANOF,7702605108329,MOXIS 400 MG X 5 TAB,0,0,"51,200",0
MEDLEY SANOF,7702605107698,MOXIS 400 MG X 7 TAB,0,0,"72,800",0
MEDLEY SANOF,7702771194218,NATURET JALEA X 130 GRS,0,0,"55,000",0
MEDLEY SANOF,7702771194317,NATURET JALEA X 260 GRS,0,0,"86,000",0
MEDLEY SANOF,7702771194119,NATURET X 20 CAPS,0,0,"53,200",0
MEDLEY SANOF,7703202140330,PIPORTIL L4 100 MG AMP,0,0,"81,900",0
MEDLEY SANOF,7702605106844,SIDELG 120 MG X 30 CAPS,0,0,"84,000",0
MEDLEY SANOF,7702605106851,SIDELG 120 MG X 60 CAPS,0,0,"146,000",0
MEDLEY SANOF,7702605107858,VALYC 1 G X 5 TABLS,0,0,"63,000",0
MEGA WE CARE,8850769026146,HI OMEGA 3 * 30 CAP,0,0,"78,900",0
MEGALABS,7730698335087,*MIGRA DORIXINA * 100 COMPS,0,0,"350,000",0
MEGALABS,4104480706172,ABRILAR EA 575 * 200 ML,0,0,"72,000",0
MEGALABS,4104480705717,ABRILAR JBE X 15 S/S,0,0,"20,000",0
MEGALABS,7703281020363,ACLERIA HIDRATANTE FACIAL GEL * 50,0,0,"107,000",0
MEGALABS,7703332003178,ALERGIBON AVENA * 90 GR,0,0,"32,000",0
MEGALABS,7707182840778,ALGI B * 20 TAB,0,0,"107,000",0
MEGALABS,7795345010540,AMOXIDAL DUO * 70 ML,0,0,"54,600",0
MEGALABS,7703281001713,AMOXIDAL DUO 875 MG * 21 COMP,0,0,"106,100",0
MEGALABS,7707059808481,ARALOX (LOSARTAN)100 MG X 15,0,0,"14,700",0
MEGALABS,7707182840075,ARTRICLOX 15 MG X 10 TAB,0,0,"37,500",0
MEGALABS,7707182840693,ARTRICLOX AMP,0,0,"26,000",0
MEGALABS,7795368054941,ATERGIT GOTAS * 5 ML,0,0,"106,400",0
MEGALABS,7703281007616,AVITIL GEL X 50 GRS,0,0,"143,800",0
MEGALABS,7703281000303,BABY SKIN CREMA ANTIPAÃ‘ALITICA *,60,0,"25,800",0
MEGALABS,7703333007502,BETAPIROX SHAMPOO X 150 ML,0,0,"59,500",0
MEGALABS,7703333007274,BETAZOL CREMA * 30 GR,0,0,"47,900",0
MEGALABS,7703332003079,BONAC GEL * 30 GR,0,0,"73,000",0
MEGALABS,7703332003055,BONAC LOCION * 60 ML,0,0,"65,200",0
MEGALABS,7703333007618,BONAVEN LOCION X 120 ML,0,0,"41,500",0
MEGALABS,7707051500161,CARTIX C X 15 S/S,0,0,"40,000",0
MEGALABS,7730699001417,CEUMID 500 MG * 30 COMP,0,0,"46,000",0
MEGALABS,884394000552,CIRUELAX JALEA * 300 + 150 GRS,0,0,"39,000",0
MEGALABS,7803510441010,CIRUELAX JALEA * 300 GR,0,0,"58,000",0
MEGALABS,7803510000590,CIRUELAX MINITABS * 20 COMP,0,0,"21,500",0
MEGALABS,7803510000583,CIRUELAX X 10 COMPS,0,0,"7,700",0
MEGALABS,7803510001481,CIRUELAX X 30 COMPS,0,0,"14,500",0
MEGALABS,7730698004334,CONVERTAL D 100 MG * 10 TABS,0,0,"34,000",0
MEGALABS,7703332001020,CROMOLIN 4% OFTAL X 5 ML,0,0,"21,000",0
MEGALABS,7703281008439,DERMACORTINE 0.1% EMULSION * 60 ML,0,0,"157,500",0
MEGALABS,7703281008422,DERMACORTINE LOCION * 30 ML,0,0,"128,000",0
MEGALABS,7703281003793,DERMOSUPRIL 0.05% CREMA * 15 GR,0,0,"26,000",0
MEGALABS,7703281003144,DERMOSUPRIL EMULSION * 120 ML,0,0,"80,000",0
MEGALABS,7703332003123,DESONIDA 0.1% LOCION * 30 ML,0,0,"41,100",0
MEGALABS,7703332003116,DESONIDA C CREMA * 15 GR,0,0,"34,200",0
MEGALABS,7703281005087,DIANTAL 400MG TAB CJA *,300,0,"19,000",0
MEGALABS,7703281005070,DIANTAL FRESA *120 ML,0,0,"23,000",0
MEGALABS,7730698334400,DORIXINA RELAX * 100 TAB,0,0,"312,000",0
MEGALABS,07530235,DUOLIP 10/40 MG * 15 TAB,0,0,"100,000",0
MEGALABS,7703281020172,EDAPIL * 30 TAB,0,0,"129,000",0
MEGALABS,7703281001591,EDAPIL ESPUMA LOCION *150 ML,0,0,"125,000",0
MEGALABS,7703281009412,EMOLIN NEO * 240 GR,0,0,"127,300",0
MEGALABS,7730698002026,ENDIAL 1 MG * 20 TAB,0,0,"83,200",0
MEGALABS,612197944441,ENTEREX HEPATIC SIN AZUCAR SOBRE X,0,0,"65,000",0
MEGALABS,7707182840662,ESOMAX 40 MG X 14 TABLS,0,0,"70,000",0
MEGALABS,7703332003314,FILTROSOL GEL X 60 GRS,0,0,"52,000",0
MEGALABS,7703332003338,FILTROSOL LOCION X 100 ML,0,0,"64,100",0
MEGALABS,7501406885107,FISIOGEL AI CREMA * 30 GR,0,0,"78,000",0
MEGALABS,7707182840389,",0FOLICAL 15 MG X 10 TABLS",0,0,"53,000",0
MEGALABS,7795368054279,GLAUCOPROST GOTAS * 3 ML,0,0,"58,400",0
MEGALABS,7795368001990,GLAUCOTENSIL T GOTAS * 5 ML,0,0,"121,000",0
MEGALABS,7705849004013,GLICOLIC CREMA * 60 GR,0,0,"166,400",0
MEGALABS,7705849004136,GLICOLIC EMULSION X 120 ML,0,0,"104,800",0
MEGALABS,7705849004037,GLICOLIC H LOCION * 60 ML,0,0,"140,200",0
MEGALABS,7705849004143,GLICOLIC SHAMPOO *240 ML,0,0,"108,000",0
MEGALABS,7707182841393,GLUCOX 4 MG X 30 TAB,0,0,"66,500",0
MEGALABS,612197731102,GLUTAPAK 10 * 15 GR,0,0,"23,500",0
MEGALABS,612197755559,GLUTAPAK R X 15 GR,0,0,"36,900",0
MEGALABS,7795368002010,GOTABIOTIC D OFTALMICO * 5 ML,0,0,"50,000",0
MEGALABS,7795368001907,GOTABIOTIC F OFTALMICA * 5 ML,0,0,0,0
MEGALABS,7703333007458,HIDRIBET 10% LOCION * 125 ML,0,0,"87,800",0
MEGALABS,7795345013497,ILIMIT 15 MG * 30 COMP,0,0,"214,000",0
MEGALABS,7707051500093,IRBEPREX H 150/12.5 MG X 15 TABLS,0,0,"15,900",0
MEGALABS,7703332003031,KETOMED SHAMPOO * 100 ML,0,0,"112,000",0
MEGALABS,7703281000365,LACTIBON FEM LIQUIDO * 240 ML,0,0,"79,000",0
MEGALABS,7703281000624,LACTIBON FEM LIQUIDO * 240 ML 1 +,10,0,"63,500",0
MEGALABS,7703332003352,LACTIBON LOCION PH-3.5 * 120 ML,0,0,"69,100",0
MEGALABS,4029916002393,LASEA 80 MG * 28 CAP,0,0,"94,000",0
MEGALABS,7703332003413,LEXINEX PLUS SHAMPOO * 120 ML,0,0,"89,900",0
MEGALABS,7703332003406,LEXINEX SHAMPOO * 120 ML,0,0,"59,800",0
MEGALABS,7730698001333,LOPRAL 30 MG X 28 CAPS,0,0,"141,800",0
MEGALABS,7795368002027,LOTESOFT GOTAS * 5 ML,0,0,"81,900",0
MEGALABS,7703281001546,LUMED BASE COMPACTA TONO CLARO *11,0,0,"137,500",0
MEGALABS,7730969300073,MANTIXA 5 * 30 COMP,0,0,"140,500",0
MEGALABS,7730698007106,MARTESIA 150 MG X 28 CAPS,0,0,"80,000",0
MEGALABS,7730698007113,MARTESIA 300 MG X 28 CAPS,0,0,"166,000",0
MEGALABS,5027314503671,MULTIFLORA * 14 S/S,0,0,"136,000",0
MEGALABS,5027314503688,MULTIFLORA * 6 S/S,0,0,"76,000",0
MEGALABS,7707346470063,NIZOX 500 MG X 6 TAB,0,0,"40,500",0
MEGALABS,7703281001980,OFTAFLOX GOTAS * 5 ML,0,0,"40,100",0
MEGALABS,7707182841287,OLAZAP 5 MG * 30 TAB,0,0,"50,000",0
MEGALABS,7003281000525,OLOPAT 0.2 % GOTAS * 5 ML,0,0,"81,100",0
MEGALABS,7707182840013,OMEX 20 MG X 15 CAPS,0,0,0,0
MEGALABS,7707051500178,ONDAX 4 MG * 10 TAB,0,0,"90,400",0
MEGALABS,7707059800140,ONDAX 4 MG *1 AMP,0,0,"15,000",0
MEGALABS,7707051500208,ONDAX 8 MG * 1 AMP,0,0,"17,500",0
MEGALABS,7707051500185,ONDAX 8 MG * 10 TAB,0,0,"144,900",0
MEGALABS,7707059800157,ONDAX 8 MG X 1 AMP,0,0,0,0
MEGALABS,7707346470025,ORLIX 40 MG * 30 TAB,0,0,"54,400",0
MEGALABS,7707182840501,OSTEX X 4 TABLS,0,0,0,0
MEGALABS,7704505410427,",7OXIMISYN 0.025% X 5 ML",0,0,"17,800",0
MEGALABS,7703332003550,PIRIMED SHAMPOO * 120 ML,0,0,"81,300",0
MEGALABS,7795368054842,POENGATIF 0.3% OFTALMICA * 5 ML,0,0,"62,200",0
MEGALABS,7707059800287,PRAZOSINA 1 MG X 30 TABLS,0,0,0,0
MEGALABS,7703281000112,PRESIDERM 2% UNG * 15 GR,0,0,"80,900",0
MEGALABS,7703333007113,PROCICAR CREMA * 60 GR,0,0,"49,900",0
MEGALABS,7703281020462,PROCICAR REGENERIX CREMA * 32 GR,0,0,"91,400",0
MEGALABS,7703281002437,PROCIKEL GEL CICATRICES SPF 30 *,300,0,"162,200",0
MEGALABS,7707182840242,RINOTADIN X 10 TABLS,0,0,0,0
MEGALABS,7707182840457,RINOTADIN X 60 ML,0,0,"34,100",0
MEGALABS,7703281000853,ROZELAIC GEL * 30 GR,0,0,"106,000",0
MEGALABS,7703281003946,SALILEX * 120 GR,0,0,"70,100",0
MEGALABS,7730698001814,SERTAL * 20 COMP,0,0,"60,900",0
MEGALABS,7730698364148,SERTAL GOTAS * 20 ML,0,0,"35,000",0
MEGALABS,7795345011516,SESAREN XR 75 MG X 15 CAPS,0,0,"85,000",0
MEGALABS,7707182840167,SETRAX 50 MG X 10 TABLS,0,0,0,0
MEGALABS,7703281000211,SINAC GEL * 30 GR,0,0,"175,000",0
MEGALABS,7730698003825,SUCEDAL 10 MG X 20 COMPS,0,0,0,0
MEGALABS,7704505482424,",7TIMOPRES 0.5% OFT X 5 ML",0,0,"34,300",0
MEGALABS,7795368002607,TOPTEAR GOTAS * 10 ML,0,0,"70,500",0
MEGALABS,7730698006109,TRACTAL GOTAS 0.1% * 20 ML,0,0,"11,500",0
MEGALABS,7703281021551,UMBRELLA ACQUA SPF,500,0,"95,000",0
MEGALABS,7703281002376,UMBRELLA BASE COMP 50+ T/BRONCEADO,0,0,"90,900",0
MEGALABS,7703281002338,UMBRELLA BASE COMP 50+ T/MARFIL #1,0,0,"90,900",0
MEGALABS,7703281003564,UMBRELLA BASE COMP 50+ T/MIEL #3 +,0,0,"90,900",0
MEGALABS,7703281002383,UMBRELLA BASE COMP 50+ T/TERRACOTA,0,0,"90,900",0
MEGALABS,7703281002345,UMBRELLA BASE COMP 50+T BEIGE #2 *,0,0,"90,900",0
MEGALABS,7703281001379,UMBRELLA BASE COMPACTA TONO OSCURO,0,0,"79,500",0
MEGALABS,7703281007098,UMBRELLA EMULSION WATER PROOF X,2250,0,0,0
MEGALABS,7703281002482,UMBRELLA INTELLIGENT FLUIDO SPF 50,0,0,"145,000",0
MEGALABS,7703281001485,UMBRELLA KIDS EMULSION SPF50 * 120,0,0,"147,900",0
MEGALABS,7703281001478,UMBRELLA RESISTENTE AL AGUA 50 + X,0,0,0,0
MEGALABS,7703281002093,UMBRELLA RESISTENTE AL AGUA SPF50+,0,0,"163,200",0
MEGALABS,7705849004891,UMBRELLA SPF30 GEL X 60 GRS,0,0,"93,100",0
MEGALABS,7703281002451,UMBRELLA URBAN SPF 50 EMULSION *,500,0,"134,900",0
MEGALABS,7460536559213,UMQUAN * 15 TAB,0,0,"57,500",0
MEGALABS,7460536554324,UMQUAN GOTAS * 20 ML,0,0,"65,000",0
MEGALABS,7703332003604,UREADERM 10 % CREMA * 60 GR,0,0,"94,500",0
MEGALABS,7703281001942,UREADERM 20% ESPUMA HIDRATANTE *,150,0,"75,200",0
MEGALABS,7703281001607,XEGREX GOTAS * 5 ML,0,0,"190,000",0
MEGALABS,7707182840945,XIFEN 80 MG * 30 TAB,0,0,"32,900",0
MEGALABS,7730698004013,ZENTIUS 20 MG X 15 COMPS,0,0,"92,400",0
MEGALABS,7703281000181,ZUDENINA F 0.03 % * 30 GR,0,0,"129,200",0
MEGALABS,7703281000280,ZUDENINA PLUS GEL * 30 GR,0,0,"153,000",0
MEGAPLEX,7707264520048,MEGAPLEX MASS PROTEINA DE SUERO *,40,0,"74,900",0
MEGAPLEX,7707264520710,NITRO SHOCK * 405 GR,0,0,"89,900",0
MEICO CONVEN,770741970549,GOMITAS GUMMI ZONE HAMBURGUESA CJA,0,0,"36,000",0
MEICO CONVEN,8992741943642,GOMITAS GUMMI ZONE PIZZA BOLSA *11,0,0,"16,500",0
MEICO LICORE,7702004110244,CERVEZA MILLER GENUINE DRAFT * 355,0,0,"3,500",0
MEICO LICORE,7591001000142,SMIRNOFF GREEN APPLE BOTELLA * 275,0,0,"9,200",0
MEICO LICORE,5410316948999,SMIRNOFF GREEN APPLE BOTELLA * 275,0,0,"8,600",0
MEICO LICORE,5410316946049,SMIRNOFF GUARANA LATA * 250 ML,0,0,"7,000",0
MEICO LICORE,18080010737275,SMIRNOFF ICE * 275 ML,0,0,"9,200",0
MEICO LICORE,7703588003304,VINO COMPUESTO SANSON * 750 ML,0,0,"30,500",0
MEICO LICORE,50196364,WHISKY BUCHANANS DELUXE 12 AÃ‘OS *,0,0,"234,000",0
MEICO LICORE,50196395,WHISKY BUCHANANS DELUXE 12 AÃ‘OS *,0,0,"109,400",0
MEICO LICORE,50196388,WHISKY BUCHANANS DELUXE 12 AÃ‘OS *,0,0,"186,618",0
MEICO LICORE,7707096252575,WHISKY BUCHANANS DELUXE 12 AÃ‘OS *,0,0,"188,100",0
MEICO LICORE,7707096220307,WHISKY BUCHANANS DELUXE 12 AÃ‘OS *,0,0,"188,100",0
MEICO LICORE,5000196001695,WHISKY BUCHANANS SPECIAL RESERVE,180,0,"428,300",0
MEICO LICORE,770709629140637,WHISKY BUCHANANS SPECIAL RESERVE,180,0,"428,900",0
MEICO LICORE,5000267117560,WHISKY JHONNIE WALKER GOLD LABEL *,0,0,"249,400",0
MEICO LICORE,5000267114279,WHISKY JOHNNIE WALKER BLUE LABEL *,0,0,"122,100",0
MEICO LICORE,5000267116303,WHISKY JOHNNIE WALKER DOUBLE BLACK,0,0,"205,600",0
MEICO LICORE,5000267013602,WHISKY JOHNNIE WALKER RED LABEL *,10,0,"114,400",0
MEICO LICORE,5000267171579,WHISKY JOHNNIE WALKER RED LABEL *,20,0,"29,400",0
MEICO LICORE,5000267014609,WHISKY JOHNNIE WALKER RED LABEL *,30,0,"54,400",0
MEICO LICORE,5000267014203,WHISKY JOHNNIE WALKER RED LABEL *,70,0,"80,912",0
MEICO LICORE,5000281021621,WHISKY SINGLETON DUFFTOWN MALTA *,70,0,"185,900",0
MEICO SA,7703588003151,VINO ESPUMOSO ALTEZA BLANCO X 750,0,0,"18,900",0
MEICO SA,7703588003168,VINO ESPUMOSO ALTEZA ROSADO X 750,0,0,"18,900",0
MEICO SA,040000017318,*CHOCOLATE M&M MILK,0,0,"16,100",0
MEICO SA,040000539803,*M&M CRISPY CHOCOLATE BARRA *107.7,0,0,"14,700",0
MEICO SA,7707654271727,AJO EN POLVO CONDIMENTO SELECTO *,80,0,"6,900",0
MEICO SA,7702746030190,AROMATICAS HINDU DE CIDRON CJA *,200,0,"3,000",0
MEICO SA,7702746030152,AROMATICAS HINDU HIERBABUENA CJA *,0,0,"2,900",0
MEICO SA,7702746030176,AROMATICAS HINDU LIMONCILLO CJA *,20,0,"2,900",0
MEICO SA,7702746030183,AROMATICAS HINDU TORONJIL CJA * 20,0,0,"3,000",0
MEICO SA,7707748523688,ATUN LOMITO EN ACEITE SELECTO *,1600,0,"6,400",0
MEICO SA,7707855871818,ATUN RALLADO EN ACEITE SELECTO *,110,0,"3,800",0
MEICO SA,7707412817235,ATUN RALLADO EN AGUA SELECTO * 115,0,0,"4,000",0
MEICO SA,7702193701360,AVENA EN HOJUELAS ORIGINAL BOLSA *,0,0,"2,500",0
MEICO SA,7709990095548,BEBIDA ALOE JANNA DURAZNO X 300 ML,0,0,0,0
MEICO SA,7709990237702,BEBIDA ALOE JANNA MANZANA X 500 ML,0,0,0,0
MEICO SA,7707300306278,CANDADO COMBINACION MASSO 20MM REF,0,0,0,0
MEICO SA,7707300306285,CANDADO COMBINACION MASSO 30MM REF,0,0,0,0
MEICO SA,7707373975593,CANELA EN POLVO CONDIMENTO SELECTO,0,0,"5,800",0
MEICO SA,7891118011490,CARAMELO BUTTER TOFFES MARACUYA X,20,0,0,0
MEICO SA,7702084850887,DOGOURMET 2 PROTEINAS X 350 GR,0,0,"3,000",0
MEICO SA,7702084850900,DOGOURMET CACHORROS LECHE X 350 GR,0,0,"3,500",0
MEICO SA,7702084850863,DOGOURMET CARNE A LA PARRILLA X,3500,0,"3,500",0
MEICO SA,7702084050096,DOGOURMET CARNE A LA PARRILLA X,5000,0,"3,300",0
MEICO SA,7707412819819,ENCENDEDOR ZUKY,0,0,"2,500",0
MEICO SA,7702103097217,KELLOGS PAKETICOS CHOCO KRISPI X,390,0,"2,700",0
MEICO SA,7702103097231,KELLOGS PAKETICOS FROOT LOOPS X 33,0,0,"2,700",0
MEICO SA,7707214461117,M&M CAJITA REGALO,0,0,"16,000",0
MEICO SA,040000513018,M&M CHOCOLATE CANDIES PEANUT BUTER,0,0,"20,300",0
MEICO SA,7707214462633,M&M CORAZON * 106 GR,0,0,"8,800",0
MEICO SA,040000514527,M&M MANI * 49.3 GR,0,0,"4,600",0
MEICO SA,040000514510,M&M PEANUT * 49.3 GR,0,0,"7,200",0
MEICO SA,040000000327,M&M PEANUT * 49.3 GR,0,0,"4,500",0
MEICO SA,040000017325,M&M PEANUT *105.3 GR,0,0,"16,600",0
MEICO SA,7707855873966,MAYONESA SELECTO CHEF HEAVY DUTY *,0,0,"11,600",0
MEICO SA,040000015017,MILKY WAY MINIATURES PAQUETE  X 12,0,0,"6,500",0
MEICO SA,706460013719,PEDIGREE ADULTOS RAZAS PEQUEÃ‘AS Y,0,0,"36,300",0
MEICO SA,7506174504137,PEDIGREE BISCUIT GALLETAS RAZA PEQ,0,0,"4,500",0
MEICO SA,7797453971799,PEDIGREE DENTASTIX CUIDADO ORAL *,10,0,"3,500",0
MEICO SA,7797453971829,PEDIGREE DENTASTIX CUIDADO ORAL *,20,0,"4,000",0
MEICO SA,7896029015001,PEDIGREE POUCH CACHORRO CARNE *,1000,0,"3,000",0
MEICO SA,7797453000468,PEDIGREE POUCH CACHORRO CARNE * 85,0,0,"3,000",0
MEICO SA,7707214469564,PEDIGREE VITAL ADULTO RAZA PEQ ET,30,0,"9,300",0
MEICO SA,7707214469809,PEDIGREE VITAL ADULTO RAZA PEQ ET,30,0,"4,700",0
MEICO SA,7707214469762,PEDIGREE VITAL CACHORRO ET 1 * 500,0,0,"10,000",0
MEICO SA,7707654276050,PIMIENTA NEGRA ENTERA SELECTO * 72,0,0,"7,500",0
MEICO SA,7707897172485,PIMIENTA NEGRA MOLIDA SELECTO * 57,0,0,"7,900",0
MEICO SA,7707855879579,PIÃ‘A EN TROZOS SELECTO EN ALMIBAR,0,0,"14,900",0
MEICO SA,011423942730,REPELENTE REPEL LARGA DURACION X,140,0,"19,900",0
MEICO SA,7506174500207,SNICKERS * 52.7 GR,0,0,"5,500",0
MEICO SA,40000424314,SNICKERS * 52.7 GR,0,0,"5,900",0
MEICO SA,7709990095524,TE LIMON GENESIS * 500 ML,0,0,0,0
MEICO SA,7707564897031,TOMATES PICADOS PELADOS SELECTO *,40,0,"7,300",0
MEICO SA,8410702044950,VINO BLANCO CONQUESTA CHARDONNAY *,0,0,"24,500",0
MEICO SA,7703588000310,VINO SANSON * 750 ML,0,0,"22,900",0
MEICO SA,7804414005940,VINO TERRA VEGA CABERNET SAUVIGNON,0,0,"49,500",0
MEICO SA,7804414005957,VINO TERRA VEGA SAUVIGNON BLANC *,70,0,"45,500",0
MEICO SA,706460000641,WHISKAS FILLETS SALMON ADULTO * 85,0,0,"3,200",0
MEICO SA,5000281026626,WHISKY SINGLETON DUFFTOWN 15 AÃ‘OS,0,0,"210,500",0
MEMPHIS PROD,7704412100114,ACETAMINOFEN 500MG + HIOSCINA 10MG,0,0,"6,000",0
MEMPHIS PROD,7704412022041,ACIDO FUSIDICO CREMA AL 2% TUBO *,10,0,"6,850",0
MEMPHIS PROD,7704412100084,ACIDO VALPROICO SUSP * 120 ML,0,0,"19,000",0
MEMPHIS PROD,7704412100640,AMLODIPINO 10 MG CJA * 10 TB,0,0,"4,000",0
MEMPHIS PROD,7704412117037,BETAMETASONA CRE TOPICA 0.05% X 40,0,0,"7,700",0
MEMPHIS PROD,7704412376328,CARVEDILOL 6.25 MG * 30 TAB,0,0,"7,800",0
MEMPHIS PROD,7704412478527,CLOTRIMAZOL SOLUCION * 30 ML,0,0,"9,000",0
MEMPHIS PROD,7704412120280,CROMOGLICATO DE SODIO 2% OFTALMICA,0,0,"10,000",0
MEMPHIS PROD,7704412139985,DESLORATADINA FRESA JBE * 60 ML,0,0,"12,500",0
MEMPHIS PROD,7707348010038,KING S  CONDOMS EXTASIS RIZADO CJA,0,0,"6,500",0
MEMPHIS PROD,7707348010441,KINGS AUTORITY GEL INTIMO * 5G *,240,0,"76,900",0
MEMPHIS PROD,7707348010182,KINGS CLIMAX PUENTEADO NARANJA * 3,0,0,"6,000",0
MEMPHIS PROD,7704412260016,LORATADINA 10 MG X 10 TAB,0,0,"2,500",0
MEMPHIS PROD,7704412165854,LOSARTAN 100 MG * 30 TAB,0,0,"18,900",0
MEMPHIS PROD,7707210145783,MY LIPS PROTECTION EXTREMO 2 UNDAD,0,0,"5,500",0
MEMPHIS PROD,7703153003548,NAPROXENO 250 MG X 10 TABLS,0,0,"5,000",0
MEMPHIS PROD,7704412102019,NORFLOXACINO 400 X 20 TABLS,0,0,0,0
MEMPHIS PROD,7704412658097,PIROXICAM GEL X 40 GRS,0,0,"8,000",0
MEMPHIS PROD,7704412152823,PREDNISOLONA TAB 5 MG    5MG,20080,0,"4,100",0
MEMPHIS PROD,7704412111011,PROTE-VICAL VAINILLA X 400 GR,0,0,"34,400",0
MEMPHIS PROD,7704412918825,ROSUVASTATINA  20MG * 30 TABLETAS,0,0,"47,900",0
MEMPHIS PROD,977704412186385,TIMOLOL MALEATO 0.5 % GOTAS FCO *,50,0,"9,700",0
MEMPHIS PROD,7704412167049,TINIDAZOL 1 GR * 4 TAB,0,0,"3,500",0
MERCK COLOMB,7702418000223,ASTONIN H * 50 TAB,0,0,"143,400",0
MERCK COLOMB,7702418004993,CETIMER 5 MG * 10 TAB,0,0,"46,300",0
MERCK COLOMB,7702418005051,CONCOR 1.25 MG * 30 TAB,0,0,"9,900",0
MERCK COLOMB,7702418005068,CONCOR 2.5 MG * 30 TAB,0,0,"12,000",0
MERCK COLOMB,7702418000728,CONCOR 2.5 MG * 30 TBS,0,0,"72,000",0
MERCK COLOMB,7702418000872,CONCOR 5 MG * 30 TAB,0,0,"23,900",0
MERCK COLOMB,7453005301079,COUMADIN 2.5 MG * 30 TAB,0,0,"88,900",0
MERCK COLOMB,7795305141864,COUMADIN 5 MG * 30 TAB,0,0,"86,100",0
MERCK COLOMB,7702418001114,DIP MENTA * 30 TAB,0,0,"54,000",0
MERCK COLOMB,7702418000841,DIP SUSP FRUTAS * 200 ML,0,0,"106,800",0
MERCK COLOMB,8027950200139,DURACEF 500 MG * 80 ML,0,0,"83,400",0
MERCK COLOMB,7861004506775,",7DURACEFF 250 MG * 100 ML",0,0,"90,000",0
MERCK COLOMB,7702418003613,ENCEFABOL 200 MG * 30 GRAG,0,0,"154,300",0
MERCK COLOMB,7702418000247,ENCEFABOL 200 MG * 90 ML,0,0,"79,100",0
MERCK COLOMB,7702418000230,ENCEFABOL PED * 170 ML,0,0,"82,000",0
MERCK COLOMB,7702418001992,EUTIROX 125 MCG * 50 TAB,0,0,"97,200",0
MERCK COLOMB,7702418002005,EUTIROX 150 MCG * 50 TAB,0,0,"109,900",0
MERCK COLOMB,7702502021370,GARDASIL 9 * 1 JERINGA PRELLENADA,0,0,"720,000",0
MERCK COLOMB,7702418004757,GIABRI * 30 TAB,0,0,"29,500",0
MERCK COLOMB,7702418001084,GLUCOPHAGE 850 MG * 30 TAB,0,0,"91,000",0
MERCK COLOMB,3596540150062,GLUCOPHAGE XR 1000 MG * 30 TAB,0,0,"122,000",0
MERCK COLOMB,7702418003118,GLUCOPHAGE XR 500 MG * 30 TAB,0,0,"78,300",0
MERCK COLOMB,7702418004191,GLUCOPHAGE XR 750 MG * 30 TAB,0,0,"121,000",0
MERCK COLOMB,7404000048612,JALRA 50 MG X 28 TABLS,0,0,"60,000",0
MERCK COLOMB,7404000043273,JALRA M 50/1000 MG X 28 TABLS,0,0,"71,500",0
MERCK COLOMB,7404000043259,JALRA M 50/500 MG X 28 TABLS,0,0,"40,700",0
MERCK COLOMB,7404000042962,JALRA M 50/850 MG X 28 TABLS,0,0,"67,900",0
MERCK COLOMB,7861004501206,MICOSTATIN SUSP ORAL X 60 ML,0,0,"23,000",0
MERCK COLOMB,7501041941565,MICOSTATIN SUSPENSION ORAL FCO *,600,0,"26,000",0
MERCK COLOMB,7501041991218,MICOSTATIN X 50 GRAG,0,0,"51,500",0
MERCK COLOMB,7702418005105,MINART 16 MG * 30 TAB,0,0,"38,300",0
MERCK COLOMB,7702418005099,MINART 8 MG * 30 TAB,0,0,"19,900",0
MERCK COLOMB,7896641809491,MULTILIND CREMA X 30 GRS,0,0,"10,000",0
MERCK COLOMB,7896641809507,MULTILIND CREMA X 60 GRS,0,0,"18,000",0
MERCK COLOMB,4065271274327,PERGOVERIS 300/150 UI * 1 CARTUCHO,0,0,"688,600",0
MERCK COLOMB,7861004595526,",7PROCEF 250 MG X 100 ML",0,0,"147,200",0
MERCK COLOMB,7730949044515,SAIZEN 8 MG CLICK EASY AMP,0,0,"995,000",0
MERCK COLOMB,7501041941541,TEMPRA JBE X 120 ML,0,0,"12,000",0
MERCK COLOMB,7795317004669,THIOCTACID 600MG *30 TAB,0,0,"184,500",0
MERCK COLOMB,7702418001701,ZIAC 10 MG * 30 COMP,0,0,"221,600",0
MERCK COLOMB,7702418006539,ZIAC 2.5 MG * 30 TAB,0,0,"120,100",0
MERCK COLOMB,7702418001534,ZIAC 5 MG * 30 COMP,0,0,"155,100",0
MINIMARKET C,7707306734259,ACEITE CARIBE DE PALMA PREMIUM *,450,0,"8,000",0
MINIMARKET C,064144004119,ACEITE DE COCO PAM EN SPRAY *113G,0,0,"38,700",0
MINIMARKET C,7702312010014,ACEITUNAS MANZANILLAS CORUÃ‘A* 125,0,0,"6,300",0
MINIMARKET C,7700618020430,ALAMAR BOCADOS DE ATUN EN ACEITE *,0,0,"8,100",0
MINIMARKET C,7700618020423,ALAMAR BOCADOS DE ATUN EN AGUA *,140,0,"8,900",0
MINIMARKET C,7506195177709,ARIEL DETERGENTE OXIANILLOS B.P. X,0,0,"4,200",0
MINIMARKET C,7501065906922,ARIEL LIQUIDO * 1 LT,0,0,"5,900",0
MINIMARKET C,7703562109930,ATUN LOMITOS EN AGUA EL FORTIN *,140,0,"6,200",0
MINIMARKET C,7509546038889,AXION JABON LIQUIDO ALO VERA X 400,0,0,0,0
MINIMARKET C,7702406090342,AZUCAR MORENA MANUELITA BOLSA *,5000,0,"3,100",0
MINIMARKET C,7702024018186,CEREAL CHOCAPIC 30GR,0,0,0,0
MINIMARKET C,7702024913535,CEREAL FITNESS 35GR,0,0,0,0
MINIMARKET C,7501073427532,CEREAL TRIX 30GR,0,0,0,0
MINIMARKET C,200000018702,CHARQTERIA CANABO,0,0,0,0
MINIMARKET C,200000035754,CHARQTERIA PEPERONI,0,0,0,0
MINIMARKET C,200000038618,CHARQTERIA SALAMI,0,0,0,0
MINIMARKET C,200000027728,CHARQTERIA SALCHICHA DEL RANCHO,1050,0,0,0
MINIMARKET C,200000031466,CHARQTERIA TOCINETA,0,0,0,0
MINIMARKET C,7702251043999,COPAS MINI RUMBA *,120,0,"12,300",0
MINIMARKET C,7702417002648,DON MAIZ AREPAS RELLENAS QUESO *,350,0,"4,300",0
MINIMARKET C,7703562013992,EL FORTIN CHIMICHURRY ARGENTINO,2700,0,0,0
MINIMARKET C,7702007528053,EL MANICERO TARRO X 160 GR,0,0,0,0
MINIMARKET C,7700304965458,EL REFUGIO PANELA PULVERIZADA *500,0,0,"3,900",0
MINIMARKET C,7702175108064,EL REY ACHOTE 60G,0,0,0,0
MINIMARKET C,7702175111231,EL REY AJO 55G,0,0,0,0
MINIMARKET C,7702059602206,ENDULZANTE INCAUCA ZERO 320G X 160,0,0,"23,000",0
MINIMARKET C,8005121000085,ESPAGUETTI RISTORANTE 8 DIVELLA,5000,0,0,0
MINIMARKET C,7700456487723,HUEVOS KIKES * 15UND TALLA L,0,0,"15,000",0
MINIMARKET C,3500610034442,J.P. CHANET ROSE,0,0,0,0
MINIMARKET C,7702191651506,JABOM COCO VARELA X,20,0,0,0
MINIMARKET C,7703562200392,JABON AZUL 300G,0,0,0,0
MINIMARKET C,7702538243043,JABON DANS 4PACK CRIST SABILA 4 X,70,0,0,0
MINIMARKET C,7702166064638,JABON DORADO AGUA DE COCO Y PEPINO,0,0,"3,600",0
MINIMARKET C,7702538241032,JABON NATUR SUISSE,0,0,0,0
MINIMARKET C,7702348932168,JAMON CUNIT X 500G,0,0,0,0
MINIMARKET C,7701101280591,JAMON PIETRAN,0,0,0,0
MINIMARKET C,7701101280331,JAMON PIETRAN 100G,0,0,0,0
MINIMARKET C,7707366500122,JET - SET,0,0,0,0
MINIMARKET C,7701617019750,JUGO PREMIUM CALIFICADO CALIFORNIA,0,0,0,0
MINIMARKET C,7702617021487,JUGO PREMIUM CALIFICADO CALIFORNIA,0,0,0,0
MINIMARKET C,022000006882,JUICY FRUIT X4UNID,0,0,0,0
MINIMARKET C,7702007008401,JUMBO EXTREME 40G,0,0,0,0
MINIMARKET C,7707226110447,LECHE CONDENSADA TUBITO *17GR,0,0,600,0
MINIMARKET C,7702014618037,MAYONESA SAN JORGE *170GR,0,0,"2,800",0
MINIMARKET C,7702024069676,MILO ACTIV-GO *100G,0,0,"5,000",0
MINIMARKET C,7702024004677,NESCAFE TRADICIONAL X 50 GRS,0,0,"10,100",0
MINIMARKET C,7702354951573,PANELISTA LIMON X22GR,0,0,"1,500",0
MINIMARKET C,7702120013061,PAPEL HIGIENICO ROSAL ULTRACONFORT,0,0,"9,300",0
MINIMARKET C,7702047038765,SALSA DE TOMATE FRUCO *190GR,0,0,"6,700",0
MINIMARKET C,7702014620245,SALSA DE TOMATE SAN JORGE *170GR,0,0,"2,800",0
MINIMARKET C,5826475161672,SET DE MANICURE,0,0,"15,300",0
MINIMARKET C,7702354948375,SUNTEA MANDARINA X 20 GR,0,0,"1,300",0
MINIMARKET C,7703364001845,TROCITOS DE PANELA * 520G,0,0,"7,700",0
MISCELANEAS,6925368100213,BALANZA PESA BEBE DIGITAL 20 KG,0,0,"292,500",0
MISCELANEAS,681147036512,CARRO MONSTER JAM,0,0,"10,000",0
MISCELANEAS,6115113222097,CEPILLO ANTI FRIZZ,0,0,"5,500",0
MISCELANEAS,6971308130017,CEPILLO CRESPOS,0,0,"9,300",0
MISCELANEAS,7702354032937,CEPILLO FORTIDENT,0,0,0,0
MISCELANEAS,6902717156336,CEPILLO OSO MALAWY,0,0,"13,000",0
MISCELANEAS,55507410,CEPILLO VANDUX REF.,5480,0,"13,500",0
MISCELANEAS,7592600303368,CEPILLO ZEPHY FRESH SAFARI CLASSIC,0,0,"4,000",0
MISCELANEAS,7702133853265,CERST AQUA X 12UND,0,0,0,0
MISCELANEAS,7701101290965,CHALET ZENU 500G,0,0,0,0
MISCELANEAS,7702061622551,CHAMPINONES ENTEROS ALFRESCO X 280,0,0,0,0
MISCELANEAS,022000001245,CHICLE HUBBA BUBBA TAPE UVA X 56.7,0,0,0,0
MISCELANEAS,5000299225271,CHIVAS18 ANOS 200ML,0,0,0,0
MISCELANEAS,7702103251015,CHOCO KRISPI FORTICALCIO PLUS X 35,0,0,"1,000",0
MISCELANEAS,7702007018981,CHOCO LISTO 20G,0,0,0,0
MISCELANEAS,7702007008517,CHOCOLYNE ENDULZADO CON ESPLENDA,120,0,0,0
MISCELANEAS,7702007033519,CHOCOLYNE X 12 UND,0,0,0,0
MISCELANEAS,7702007213751,CHOCUBIERTAS  365 GR,0,0,0,0
MISCELANEAS,7702348932816,CHORICHUZO CUNIT X 50 GR,0,0,0,0
MISCELANEAS,7703888296024,CHUPETE CON ANILO BARBY,0,0,0,0
MISCELANEAS,7707244560866,CIELO AGUA 250ML,0,0,0,0
MISCELANEAS,7702303002103,CIGARRILLOS BELMONT,0,0,0,0
MISCELANEAS,7702303002189,CIGARRILLOS FLY AZUL,0,0,0,0
MISCELANEAS,6924280601235,CINTA DOBLE FAX,0,0,"2,000",0
MISCELANEAS,7702054091654,CLIGHT TE PINA,0,0,0,0
MISCELANEAS,7622210108524,CLIGHT TE SPLENDA FRESA SILVESTRE,70,0,0,0
MISCELANEAS,7622210108456,CLIGHT TE SPLENDA LIMON,0,0,0,0
MISCELANEAS,7622300829056,CLIGT TE LIMON,0,0,0,0
MISCELANEAS,8413080211396,COCKTAIL D ACEITUNA,2500,0,0,0
MISCELANEAS,7702085012390,CODOS DORIA X 250G,0,0,"2,200",0
MISCELANEAS,7702870003367,COLIK DOBLE ACCION,0,0,0,0
MISCELANEAS,094922946270,COLOMBIA POWER 250ML,0,0,0,0
MISCELANEAS,7702090024319,COLOMBIANA 500ML,0,0,0,0
MISCELANEAS,7702011045645,COLOMBINA PONKY NUCITA X,330,0,0,0
MISCELANEAS,7702149093105,COLOMBINA SNAKE 80G,0,0,0,0
MISCELANEAS,7702175047196,COLOR ROJO X70 G,0,0,0,0
MISCELANEAS,7703177008413,COMARRICO CALDO,0,0,0,0
MISCELANEAS,7703177008062,COMARRICO PIMIENTA MOLIDA SOBRE,600,0,0,0
MISCELANEAS,7707347580341,COMEDERO MASCOTAS DOBLE PEQUEÃ‘O,0,0,"3,400",0
MISCELANEAS,7702175047226,COMINO EL REY X 70 G,0,0,0,0
MISCELANEAS,7804320664002,CONCHA Y TORO,0,0,0,0
MISCELANEAS,7861008512505,CONFITECA CHOCO LOKO,0,0,0,0
MISCELANEAS,7703888294310,CONFITECA MAX STEEL,0,0,0,0
MISCELANEAS,7703888294174,CONFITECA PELUKLOCA,0,0,0,0
MISCELANEAS,7702458019926,CONTENEDOR DESECHABLE 16 ONZAS X,200,0,0,0
MISCELANEAS,7702458000030,COPAS,0,0,0,0
MISCELANEAS,7702251037981,COPAS VINO X 10,0,0,0,0
MISCELANEAS,7703252007515,COPITOS DE ALGODON FLOFI X 12,0,0,0,0
MISCELANEAS,1235555,CORRIENTES,0,0,0,0
MISCELANEAS,6972547654845,CORTA UÃ‘AS * 3 UND,0,0,"7,100",0
MISCELANEAS,6972547654852,CORTACUTICULA METALICO,0,0,"7,100",0
MISCELANEAS,6924271601756,CORTAUÃ‘AS NAIL,0,0,"8,000",0
MISCELANEAS,010722131708,COSMOPOLITAN,0,0,0,0
MISCELANEAS,7703133024105,COSTILLITAS X 25G,0,0,0,0
MISCELANEAS,7702402800129,COUNTRYHILL LIGHT 2L,0,0,0,0
MISCELANEAS,7702402800105,COUNTRYHILL LIGHT1L,0,0,0,0
MISCELANEAS,7804305001099,COUSINO-MACUL CABERNET SAUVIGNON,70,0,0,0
MISCELANEAS,028400085298,CRACKER JACK X35.4G,0,0,0,0
MISCELANEAS,7704085500006,CREMA DE COCO 452 GR,0,0,0,0
MISCELANEAS,7700604004918,CREMA DE LECHE 1 LT,0,0,0,0
MISCELANEAS,7702277016854,CREMA HUMECTANTE MICKEY MOUSE X,2800,0,0,0
MISCELANEAS,7703518410097,CREMA MARACUYA ML,7500,0,0,0
MISCELANEAS,744430298018,CREMA PARA MANOS Y CUERPO VLASY,0,0,"3,000",0
MISCELANEAS,7702090027952,CRISTAL AGUA 420ML.,0,0,0,0
MISCELANEAS,7707179407502,CROMOS,0,0,0,0
MISCELANEAS,7702348932151,CUNIT JAMON 250 GR,0,0,0,0
MISCELANEAS,7702535005392,DASANI MANZANA 500ML,0,0,0,0
MISCELANEAS,7707195322049,DELINEADOR CEJAS CREMOSO RAQUEL N,60,0,0,0
MISCELANEAS,7707195325835,DELINEADOR CEJAS CREMOSO RAQUEL N,80,0,0,0
MISCELANEAS,7707195321479,DELINEADOR LAPIZ CEJAS RAQUEL DARK,0,0,0,0
MISCELANEAS,7703812003698,DESINFEX BRISA NATURAL BLANCOX X,400,0,0,0
MISCELANEAS,7702191950487,DETERGENTE LIQUIDO COCO VARELA 450,0,0,0,0
MISCELANEAS,7702511000021,DIANA ARROZ X 1000 G,0,0,0,0
MISCELANEAS,7706304509937,DISCO PARA SENOS LINEA GLACIAL,0,0,"26,000",0
MISCELANEAS,7702024048824,DOLCA CAFE 1.5G,0,0,0,0
MISCELANEAS,7702251011745,DOMINGO VASOS 16OZ,0,0,0,0
MISCELANEAS,7702085013625,DORIA BUCATINI 500G,0,0,0,0
MISCELANEAS,7702085012628,DORIA BUCATKI 250G,0,0,0,0
MISCELANEAS,7702085011126,DORIA CONCHA 125G,0,0,0,0
MISCELANEAS,7702085013120,DORIA CONCHAS 500G,0,0,0,0
MISCELANEAS,7702085011065,DORIA FIDEOS 125G,0,0,0,0
MISCELANEAS,7702085011096,DORIA MACARON 125G,0,0,0,0
MISCELANEAS,7702085013090,DORIA MACARONES 500G,0,0,0,0
MISCELANEAS,7702085012093,DORIA MACARRON 250,0,0,0,0
MISCELANEAS,7703888293450,DR. LOOK,0,0,0,0
MISCELANEAS,8410028071906,DRY SACK FINO 750ML,0,0,0,0
MISCELANEAS,79200231002,DULCES WONKA RUNTS FORMA DE FRUTAS,0,0,0,0
MISCELANEAS,7705999090294,DURAZNO EN MITADES MARIA JOSE X,5900,0,0,0
MISCELANEAS,7702312300023,DURAZNO LA CORUNA,0,0,0,0
MISCELANEAS,7703562202525,DURZNOS EL ALMIBAR EL FORTIN,2500,0,0,0
MISCELANEAS,7702025122387,DUX 32G,0,0,0,0
MISCELANEAS,7702025122400,DUX MORA 32G,0,0,0,0
MISCELANEAS,7501058753731,EASY OF BANG 650ML,0,0,0,0
MISCELANEAS,7702626384016,EASY OFF BANG 500ML,0,0,0,0
MISCELANEAS,022000012289,ECLIPSE  MENTA VERDE,0,0,0,0
MISCELANEAS,022000012302,ECLIPSE MENTA POLAR,0,0,0,0
MISCELANEAS,7707179408035,EL ESPECTADOR,0,0,0,0
MISCELANEAS,7702175111248,EL REY COLOREY 55G,0,0,0,0
MISCELANEAS,7702175108224,EL REY CURRY 20G,0,0,0,0
MISCELANEAS,7702175108101,EL REY PIMIENTA 60G,0,0,0,0
MISCELANEAS,7706821000467,EL TIEMPO,0,0,0,0
MISCELANEAS,7706821000177,EL TIEMPO,0,0,0,0
MISCELANEAS,7702108205471,ELLAS DELGADAS 10UND,0,0,0,0
MISCELANEAS,7703252015015,ENCENDEDOR WIN LUZ,0,0,0,0
MISCELANEAS,7707300309729,ENCENDEDOR ZUKY,0,0,0,0
MISCELANEAS,070330609747,ENCENDEDORES BIC,0,0,0,0
MISCELANEAS,7707300306209,ESCOBAS,0,0,0,0
MISCELANEAS,7702014634310,ESENCIA SABOR OLA SAN JORGE X,360,0,0,0
MISCELANEAS,7707178032194,ESMLATE RODHER TEENS MAGEN NEOX 10,0,0,0,0
MISCELANEAS,667888010196,ESPONJA CON MANGO PLASTICO,0,0,"9,500",0
MISCELANEAS,7701027910268,ESPONJA DOBLE USO,0,0,0,0
MISCELANEAS,7701027910343,ESPONJA DOBLE USO PITER X,10,0,"2,000",0
MISCELANEAS,7702044034975,ESTUCHE YARDLEY,0,0,0,0
MISCELANEAS,7790093000300,ETCHART  GRAN RESERVA ARNALDO B X,70,0,0,0
MISCELANEAS,7790093992773,ETCHART PRIVADO CABERNET S X,3750,0,0,0
MISCELANEAS,7702037911351,ETERNA LIMPIADOR MULTIUSOS PINO,1500,0,0,0
MISCELANEAS,7707300309521,EVERHOSE ESCOBAS,0,0,0,0
MISCELANEAS,7702191657171,FAB FLORAL 225GR,0,0,"3,500",0
MISCELANEAS,7702010210761,FAB MXP LIQUIDO 1 LT,0,0,0,0
MISCELANEAS,7707249348926,FAJA ABDOMINAL KAMEX 12 PULG TALLA,0,0,"68,800",0
MISCELANEAS,7709158580244,FAJA ABDOMINAL TALLA L,0,0,"68,800",0
MISCELANEAS,7707291348806,FAJA OSTOMIA TALLA M,0,0,"73,900",0
MISCELANEAS,7702026060732,FAMILIUA TOALLAS BASICA HOGAR X,30,0,0,0
MISCELANEAS,7702085012062,FIDEOS DORIA X 250G,0,0,0,0
MISCELANEAS,7702085011072,FIDOE DORIA X 125 GM,0,0,0,0
MISCELANEAS,072417075933,FIG ROLLS 200G,0,0,0,0
MISCELANEAS,7707236606213,FILTRO DE PAPEL PARA CAFE #2  X 40,0,0,0,0
MISCELANEAS,8412531984490,FINCA VIEJA BLANCO,20090,0,0,0
MISCELANEAS,6941057420080,FLOTADOR INFLABLE SANDIA NIÃ‘O * 1,0,0,"36,000",0
MISCELANEAS,73568958,FOCO GD ENERGY 20 W,0,0,0,0
MISCELANEAS,73568960,FOCO GO ENERGY  15 W,0,0,0,0
MISCELANEAS,73568959,FOCO GO ENERGY 11 W,0,0,0,0
MISCELANEAS,7707015503054,FOSFOROS EL SOL X,2000,0,0,0
MISCELANEAS,7702103000279,FROOT LOOPS KELLOGGS,4050,0,0,0
MISCELANEAS,7702149096298,FRULY FRESA 70G,0,0,0,0
MISCELANEAS,7707300301754,FULL WAT FOCO 20 W,0,0,0,0
MISCELANEAS,7707300301846,FULL WATT FOCO 15 W,0,0,0,0
MISCELANEAS,7702535014189,FUZE LIMON 300ML,0,0,0,0
MISCELANEAS,7707355401560,GAFAS CLEARVISION,0,0,"60,000",0
MISCELANEAS,7622300835576,GALLETA CLUB SOCIAL MANTEQUILLA X,10,0,0,0
MISCELANEAS,76223007692208,GALLETA CLUB SOCIAL SANDWICH QUESO,0,0,0,0
MISCELANEAS,7702025121342,GALLETA DUCALES BOLSA X 6 UND  X 5,0,0,0,0
MISCELANEAS,7702025101306,GALLETA DUX X 9 UND,0,0,"4,900",0
MISCELANEAS,7702025185368,GALLETA INTEGRAL BOLSA X 9 UND X 3,0,0,0,0
MISCELANEAS,7622300117245,GALLETA KRAKER BRAN,0,0,0,0
MISCELANEAS,7861002901053,GALLETA MINI HANUTA DP *,180,0,0,0
MISCELANEAS,7702117008117,GALLETA WAFERS LONCHERA SURTIDA X,10,0,0,0
MISCELANEAS,7702189029508,GALLETAS CHIPSOS 27G,0,0,0,0
MISCELANEAS,7702189032768,GALLETAS NAVIDAD 89G,0,0,0,0
MISCELANEAS,8410069000019,GALLO COUS 500 GR,0,0,0,0
MISCELANEAS,085000005002,GALLO FAMILY CABERNET SAUVIGNON,7500,0,0,0
MISCELANEAS,7702189019158,GAMESA CHIPSOS,0,0,0,0
MISCELANEAS,705395122107,GAROTO COOKIE 180GR,0,0,0,0
MISCELANEAS,7706371018332,GELATINA AZUCARADA SOBOR MORA X,4560,0,0,0
MISCELANEAS,7702014500318,GELHADA GELATINA SABOR FRAMBUESA,850,0,0,0
MISCELANEAS,7702605107353,GENFARGRIP DIA 18G,0,0,"15,600",0
MISCELANEAS,7591005005174,GLADE FLORAL PERFE,0,0,0,0
MISCELANEAS,7790520004420,GLADE PARAISO AZUL X 360 CC,0,0,0,0
MISCELANEAS,7591005981027,GLADE PLUG INS ACE MANZANA CAN UND,0,0,0,0
MISCELANEAS,7707195326306,GLITTER EFFECT RAQUEL N 6,0,0,0,0
MISCELANEAS,7702007224856,GOL 28G,0,0,0,0
MISCELANEAS,7702007032833,GOL BLANCO,0,0,0,0
MISCELANEAS,014100077602,GOLDFISH CHEDDAR 43G,0,0,0,0
MISCELANEAS,7702117006960,GOMAS ITALO MORITAS X 40 GRS X,100,0,0,0
MISCELANEAS,7752748000394,GOMIFRESH GOMITAS,0,0,0,0
MISCELANEAS,7702544010424,GRANUNION ALCAPARRAS EN VINAGRE,5000,0,0,0
MISCELANEAS,7702005004382,GREE LIGHT 10,0,0,0,0
MISCELANEAS,7702005002562,GREEN BL X 20,0,0,0,0
MISCELANEAS,8033102691038,GRISBI WAFER MILK,0,0,0,0
MISCELANEAS,7701027917182,GUANTE BRIO TALLA 7,0,0,0,0
MISCELANEAS,7701027919186,GUANTE BRIO TALLA 9,0,0,0,0
MISCELANEAS,813805005060,GUMMI PIZZA,0,0,0,0
MISCELANEAS,5000281027012,HAIG SUPREME 750ML,0,0,0,0
MISCELANEAS,7702133018978,HALLS BARRA MENTOL STRONG X 12 UND,0,0,0,0
MISCELANEAS,7702133254734,HALLS FRESA X 9 UNDS,0,0,0,0
MISCELANEAS,7702133854958,HALLS TARINGE LYPTUS,0,0,0,0
MISCELANEAS,78929074,HALLS XS MENTOL 17G,0,0,0,0
MISCELANEAS,78929081,HALLS XS STRONG 17G,0,0,0,0
MISCELANEAS,7702007282191,HARINA CORONA 500G,0,0,0,0
MISCELANEAS,123456789,HAYACAS,0,0,0,0
MISCELANEAS,01364804,HEINZ STAY CLEAN CAP,0,0,0,0
MISCELANEAS,01331602,HEINZ SWEET,0,0,0,0
MISCELANEAS,01364008,HEINZ TOMATO,0,0,0,0
MISCELANEAS,30000117,HENAFF PATE PORK 78G,0,0,0,0
MISCELANEAS,037634134146,HIPER MATA TIEMPO,0,0,0,0
MISCELANEAS,8714800005067,HOLLANDIA 25CL,0,0,0,0
MISCELANEAS,813805005046,HOT DOG,0,0,0,0
MISCELANEAS,7702420060604,HUEVO SANTA REYES FELIZ AA ROJO X,60,0,0,0
MISCELANEAS,027000388112,HUNTS PASTE 340G,0,0,0,0
MISCELANEAS,027000390610,HUNTS SAUCE 2.98KG,0,0,0,0
MISCELANEAS,7702208101253,HVO ALGODON 25 GR,0,0,0,0
MISCELANEAS,7702208105015,HVO ALGODON 50 GR,0,0,0,0
MISCELANEAS,7707195322377,ILUMINADOR OJOS RAQUEL N 2 BLANCO,0,0,0,0
MISCELANEAS,7702059601254,INCAUCA LIGHT 250G,0,0,0,0
MISCELANEAS,7702059601759,INCAUCA ZERO 100G,0,0,0,0
MISCELANEAS,7702807483071,INFUSION HERBAL SOBREMESA,0,0,0,0
MISCELANEAS,7702354133016,INSTA CREM LIGH 450G,0,0,0,0
MISCELANEAS,037597201244,ISLAND OASIS MOJITO,0,0,0,0
MISCELANEAS,746775036720,JUEGO DE CARTAS UNO,0,0,"28,500",0
MISCELANEAS,7701633061279,KANGIPOR VASO 9 OZ.,0,0,0,0
MISCELANEAS,7501008008188,KELLOGGS ALL-BRAN COSECHA FRUTAL,360,0,0,0
MISCELANEAS,7702103302335,KELLOGS CEREAL ZUCARITAS  AREQUIPE,0,0,0,0
MISCELANEAS,78028258,KENT HD SL X20UND,0,0,0,0
MISCELANEAS,019161076021,KISKA ALBAHACA 30G,0,0,0,0
MISCELANEAS,019161076137,KISKA BAY LAUREL 40G,0,0,0,0
MISCELANEAS,019161076120,KISKA GUASCA 20G,0,0,0,0
MISCELANEAS,019161008015,KISKA YERBABUENA 50G,0,0,0,0
MISCELANEAS,7702705022808,KLARENS SUERO PASTEURIZADO LIGHT,400,0,0,0
MISCELANEAS,7702047136317,KNOR CALDO CON COSTILLA DESNUZADO,80,0,0,0
MISCELANEAS,7700304143955,KOLORS PRO ACONDICIONADOR BRILLO Y,0,0,"9,000",0
MISCELANEAS,7700304306398,KOLORS PRO SHAMPOO FORTALECIMIENTO,0,0,"9,000",0
MISCELANEAS,78007758,KOOL BLUE NIGHTS X,100,0,0,0
MISCELANEAS,78028531,KOOL CLICK ON X 11,0,0,0,0
MISCELANEAS,78007741,KOOL FROZEN NIGHTS X,200,0,0,0
MISCELANEAS,78002746,KOOL X 10,0,0,0,0
MISCELANEAS,78002722,KOOL X 20,0,0,0,0
MISCELANEAS,7702001041930,KUMIS EL ORIGINAL CON BIMBOLETES,200,0,0,0
MISCELANEAS,7703963007002,KURABIE,0,0,0,0
MISCELANEAS,044300125209,LA CHOY LITE SAUCE,0,0,0,0
MISCELANEAS,7702113008241,LA COLINE SHAMPOO SECO X 300 ML,0,0,0,0
MISCELANEAS,7702097037206,LA CONSTACIA SALSA MESA & COSINA,350,0,0,0
MISCELANEAS,7702097031396,LA CONSTANCIA VINAGRE DE FRUTAS,5000,0,0,0
MISCELANEAS,7798081660499,LA CONSULTA CHARDONNAY,20080,0,0,0
MISCELANEAS,7798081660284,LA CONSULTAM RESERVA MALBEC,20090,0,0,0
MISCELANEAS,7702312555003,LA CORUNA ACEITUNAS CON ANCHOAS,3500,0,0,0
MISCELANEAS,7702312020013,LA CORUNA ACEITUNAS NEGRAS,2520,0,0,0
MISCELANEAS,7702161001003,LA FINA BARRA 125G,0,0,0,0
MISCELANEAS,7702161006046,LA FINA SUAVE 250G,0,0,0,0
MISCELANEAS,7702024041733,LA LECHERA SANDWICH X 36G,0,0,0,0
MISCELANEAS,7702020111119,LA MUNECA  CABELLO DE ANGEL 125 GR,0,0,0,0
MISCELANEAS,7702020111102,LA MUNECA 125G,0,0,0,0
MISCELANEAS,7707195320960,LABIAL RAQUE FILTRO SOLAR N,30,0,0,0
MISCELANEAS,7707195320946,LABIAL RAQUEL FILTRO SOLAR N,10,0,0,0
MISCELANEAS,7707195321035,LABIAL RAQUEL FILTRO SOLAR N,100,0,0,0
MISCELANEAS,7707195321042,LABIAL RAQUEL FILTRO SOLAR N,110,0,0,0
MISCELANEAS,7707195321059,LABIAL RAQUEL FILTRO SOLAR N,120,0,0,0
MISCELANEAS,7707195321066,LABIAL RAQUEL FILTRO SOLAR N,130,0,0,0
MISCELANEAS,7707195321073,LABIAL RAQUEL FILTRO SOLAR N 14,0,0,0,0
MISCELANEAS,7707195321080,LABIAL RAQUEL FILTRO SOLAR N 15,0,0,0,0
MISCELANEAS,7707195321097,LABIAL RAQUEL FILTRO SOLAR N 16,0,0,0,0
MISCELANEAS,7707195321103,LABIAL RAQUEL FILTRO SOLAR N,170,0,0,0
MISCELANEAS,7707195321127,LABIAL RAQUEL FILTRO SOLAR N,190,0,0,0
MISCELANEAS,7707195320953,LABIAL RAQUEL FILTRO SOLAR N 2,0,0,0,0
MISCELANEAS,7707195320977,LABIAL RAQUEL FILTRO SOLAR N,40,0,0,0
MISCELANEAS,7707195321004,LABIAL RAQUEL FILTRO SOLAR N,70,0,0,0
MISCELANEAS,7707195321028,LABIAL RAQUEL FILTRO SOLAR N,90,0,0,0
MISCELANEAS,7702082029742,LAPIZ LABIAL EASYMATIC BRONZE,0,0,0,0
MISCELANEAS,8005121041095,LASANA DIVELA 500 GR,0,0,0,0
MISCELANEAS,0001001,LASANA SENCILLA,0,0,0,0
MISCELANEAS,7702175108408,LAUREL BAY 37,0,0,0,0
MISCELANEAS,7702140036002,LAVALOZA BEISBOL  CON LIMON Y ALOE,0,0,0,0
MISCELANEAS,078895130188,LEE KUM KEE SALSA DE SOYA REDUCIDA,0,0,0,0
MISCELANEAS,078895770018,LEE KUM KEE SALSA PICANTE DE AJOS,20,0,0,0
MISCELANEAS,7808734200122,LEYDA RESERVA CABERNET SAUVIGNON,750,0,0,0
MISCELANEAS,019000085016,LIFE SAVERS SURTIDO,0,0,0,0
MISCELANEAS,7702354008192,LIGHT YA SABOR A FRUTOS TROPICALES,0,0,0,0
MISCELANEAS,7702354006112,LIGHTYA LIMON 10G,0,0,0,0
MISCELANEAS,6971383632291,LIMAS * 2 UND,0,0,"3,600",0
MISCELANEAS,7702140074851,LIMPIA VIDRIOS DIAMANTE SPRAY PAGU,0,0,0,0
MISCELANEAS,7702140030703,LIMPIA VIDRIOS GLASS AMONI SQUEZ X,0,0,0,0
MISCELANEAS,7702140032615,LIMPIA VIDRIOS Y SUPERTRAES GLASSI,0,0,0,0
MISCELANEAS,7703562003245,LIMPIADOR DESI. ZEUX LIMON X,5000,0,0,0
MISCELANEAS,7707190395635,LIMPIOX ORO PLATA,0,0,0,0
MISCELANEAS,041000731488,LIPTON ICED TEA DE LIMON NATURAL,280,0,0,0
MISCELANEAS,7801810713431,LIPTON TE MANZANILLA MIEL  SOBRES,0,0,0,0
MISCELANEAS,7801810712663,LIPTON YELLOW LABEL TEA SOBRES X,400,0,0,0
MISCELANEAS,7703133070348,LIZA DE LIMON 28G,0,0,0,0
MISCELANEAS,7702398025650,LLANERA RICA 500G,0,0,0,0
MISCELANEAS,8000380007271,LOACKER MILK 175G,0,0,0,0
MISCELANEAS,770381920851,LOCION MENTOLADA HVO AMARILLA CO X,0,0,0,0
MISCELANEAS,770381920852,LOCION MENTOLADA HVO AZUL FCO X,1200,0,0,0
MISCELANEAS,772367001210,LOMITOS ATUN VAN CAMPÂ´S EN AGUA Y,0,0,"13,450",0
MISCELANEAS,200000097516,LOMO AHUMADO 240G,0,0,0,0
MISCELANEAS,7702088803575,LOMO DE ATUN EN ACEITE VIKINGO X,180,0,0,0
MISCELANEAS,7702058243257,LOREAL SOMBRA MEDIUM 2,0,0,0,0
MISCELANEAS,7703812005432,LOZA CREAM PROTEINA Y ALMENDRA 450,0,0,0,0
MISCELANEAS,78028951,LUCKY STRIKE RED,0,0,0,0
MISCELANEAS,78028210,LUCKY STRIKE X 10,0,0,0,0
MISCELANEAS,78028814,LUCKY STRIKE X 11,0,0,0,0
MISCELANEAS,78028227,LUCKY STRKE X 20,0,0,0,0
MISCELANEAS,077330537735,LUXURY WAFERS 100G,0,0,0,0
MISCELANEAS,7703095922020,MACEDONIA - POLLO CON MAYONESA 200,0,0,0,0
MISCELANEAS,7703095040502,MACEDONIA SALCHICHA TIPO VIENA 370,0,0,0,0
MISCELANEAS,7613032843885,MAGGI BASE DE PIMENTON PARA POLLO,30,0,0,0
MISCELANEAS,7703129736425,MAGNA PILAS C UD,0,0,0,0
MISCELANEAS,7703562618074,MAIZ PIRA  X 250 GRS,0,0,0,0
MISCELANEAS,7702312555065,MAIZ TIERNO LA CORUNA,0,0,0,0
MISCELANEAS,7702014601817,MAIZ TIERNO SAN JORGE,3000,0,0,0
MISCELANEAS,7702047129159,MAIZENA FRESA 30G,0,0,0,0
MISCELANEAS,7702047129173,MAIZENA VAINILLA 30G,0,0,0,0
MISCELANEAS,7702004023315,MALTIZZ 400CM3,0,0,0,0
MISCELANEAS,7702409000393,MANI CON DULCE X 50 GR,0,0,0,0
MISCELANEAS,7702409011177,MANI CON SAL X 40 GR,0,0,0,0
MISCELANEAS,7702007528558,MANI NUEZ LA ESPEICAL X 50 GR X 24,0,0,0,0
MISCELANEAS,7702007228503,MANI PASAS LA ESPECIAL X 50 GR X,240,0,0,0
MISCELANEAS,7702189001900,MANI SALADITOS PQT X 25 GR,0,0,0,0
MISCELANEAS,7702006015806,MANTEQUILLA RAMA,0,0,0,0
MISCELANEAS,7702409009655,MARANON MANIT X40GMS,0,0,0,0
MISCELANEAS,7702005002289,MARLBORO GOLD X20,0,0,0,0
MISCELANEAS,7702005004467,MARLBORO ROJO X 10,0,0,0,0
MISCELANEAS,7702005002357,MARLBORO ROJO X 20,0,0,0,0
MISCELANEAS,5010677924009,MARTINI BIANCO 750ML,0,0,0,0
MISCELANEAS,5010677914000,MARTINI ROSSO 750ML,0,0,0,0
MISCELANEAS,7707367250262,MARU CHORIZO X3 71G,0,0,0,0
MISCELANEAS,7707367250194,MARU DESANUNO,0,0,0,0
MISCELANEAS,7702014500219,MASMELO MILLOWS X 50,0,0,0,0
MISCELANEAS,7702011019509,MASMELO MILLOWS X 50,0,0,0,0
MISCELANEAS,7702117012527,MASMELOS DE COLORES,0,0,0,0
MISCELANEAS,7702117007011,MASMELOS ITALO CUB DE CHOC X,240,0,0,0
MISCELANEAS,7702406090359,MAUELITA LIGHT 450G,0,0,0,0
MISCELANEAS,4619867213084,MAXI HOUSE,0,0,0,0
MISCELANEAS,7707199346607,MAXI ROLLO ELITE,0,0,0,0
MISCELANEAS,7707278932684,MAXO LIMPIA VIDRIOS CIRUS MADERA,800,0,0,0
MISCELANEAS,7702047132494,MAYONESA FRUCO 225G,0,0,0,0
MISCELANEAS,7702047132500,MAYONESA FRUCO 400G,0,0,0,0
MISCELANEAS,7808770500354,MCCAN ARVERJAS 1K,0,0,0,0
MISCELANEAS,7702174068369,MECHAS LOCAS CHICLE,0,0,0,0
MISCELANEAS,049243003010,MELLO BANANA X 269 GR,000,0,0,0
MISCELANEAS,004008046350,MEMBERS SELECTION BLUE CHEESE X,9460,0,0,0
MISCELANEAS,7702011061133,MENTAS SNOW MINT X 100,0,0,0,0
MISCELANEAS,073390000165,MENTOS 37.5G,0,0,0,0
MISCELANEAS,7702024040767,MILO COCHO BARRA 10G,0,0,0,0
MISCELANEAS,7702024047995,MILO GALLETAS SANDWICH X,60,0,0,0
MISCELANEAS,7702024045748,MILO NESTLE,0,0,0,0
MISCELANEAS,7702024025870,MILO NUGGETS 20G,0,0,0,0
MISCELANEAS,7702903001131,MIMOS AGUA 500ML,0,0,0,0
MISCELANEAS,7702903605209,MIMOS BARQUIMIMOS,0,0,0,0
MISCELANEAS,7702903100032,MIMOS CREMA MANI 70G,0,0,0,0
MISCELANEAS,7702903869304,MIMOS ESQUIMIMOS,0,0,0,0
MISCELANEAS,7702903639211,MIMOS GALLETA XL,0,0,0,0
MISCELANEAS,7702903002169,MIMOS HELADO ESTELAR DE MACADAMIA,10,0,0,0
MISCELANEAS,7702903527518,MIMOS POSTRE CASSATA LITRO CLASICA,0,0,0,0
MISCELANEAS,813805005008,MINI BURGER E.FRUTTI,0,0,0,0
MISCELANEAS,813805005121,MINI BURGUER X 21OZ,0,0,0,0
MISCELANEAS,7702133254994,MINI CHICLETS,0,0,0,0
MISCELANEAS,9557062331135,MISTER POTATO SOUR CREAM & ONION,160,0,0,0
MISCELANEAS,6901234014358,MOÃ‘A BAMBA NEGRA CON PIEDRITA,0,0,"1,800",0
MISCELANEAS,6904841120047,MOÃ‘A CHULO CABELLO,0,0,"2,400",0
MISCELANEAS,6571636012377,MOÃ‘AS CHULO * 6 UND,0,0,"2,400",0
MISCELANEAS,7702059601018,MORENA LIGHT 850G,0,0,0,0
MISCELANEAS,7702090030877,MOUNTAINDEW 500LM,0,0,0,0
MISCELANEAS,7702090027358,MR TEA LIMON 1 L,0,0,"2,500",0
MISCELANEAS,7791560074237,MUMM ROSE X 200 ML,0,0,0,0
MISCELANEAS,7791560074084,MUMM ROSE X 750 ML,0,0,0,0
MISCELANEAS,2973208000005,MUSLO BJA X 6 PIMPOLLO (CONGEL),1000,0,0,0
MISCELANEAS,7706371026887,MYK BUNOELOS 350G,0,0,0,0
MISCELANEAS,7702354026783,NARANJAYA,0,0,0,0
MISCELANEAS,7707271381014,NATILLA AREQUIPE DONA CHEPITA X,0,0,0,0
MISCELANEAS,7707271380147,NATILLA TRADICIONAL DONA CHEPITA X,0,0,0,0
MISCELANEAS,7702001023981,NECTAR FRUTOS ROJOS,0,0,0,0
MISCELANEAS,7702024006800,NESCAFE SOBRES X1.8G,0,0,0,0
MISCELANEAS,7702024044185,NESTEA DURAZNO 380G,0,0,0,0
MISCELANEAS,7702024043041,NESTEA LIMON X380G,0,0,0,0
MISCELANEAS,7702535010129,NESTEA NEGRO LIMON X 400 ML,0,0,0,0
MISCELANEAS,028000206307,NESTLE 100GRAND 42G,0,0,0,0
MISCELANEAS,7613030983354,NESTLE CEREAL LA LECHERA FLAKES,2700,0,0,0
MISCELANEAS,7861001290486,NESTLE CLASICA CHOCOLATE BLANCO X,20,0,0,0
MISCELANEAS,7861001290462,NESTLE CLASICA CHOCOLATE CON LECHE,0,0,0,0
MISCELANEAS,7702024050438,NESTLE HOYITOS 15G,0,0,0,0
MISCELANEAS,7702024044871,NESTLE MILO  100 GR,0,0,0,0
MISCELANEAS,7702024003533,NESTLE MILO 1000G,0,0,0,0
MISCELANEAS,7702024209812,NESTLE MILO 25G,0,0,0,0
MISCELANEAS,7702024003588,NESTLE MILO 25G,0,0,0,0
MISCELANEAS,7702024023067,NESTLE MILO 440G,0,0,0,0
MISCELANEAS,7793440000046,NIETO SENETINER RESERVA  MALBEC,7500,0,0,0
MISCELANEAS,028000027179,NIPS COFFE X 155 GR,0,0,0,0
MISCELANEAS,028000370619,NIPS LECHE X 155 GR,0,0,0,0
MISCELANEAS,7708225158218,NIPSKIN CUBRE PEZON TRIANGULAR * 1,0,0,"70,500",0
MISCELANEAS,7707184161215,NISTATINA +OXIDO,0,0,0,0
MISCELANEAS,7707199346645,NOBLE PH. 4 ROLLOS,0,0,0,0
MISCELANEAS,7702011023889,NUCITA ACHOCOLATADA INSTANTANEA,2000,0,0,0
MISCELANEAS,7702011016676,NUCITA BARQUILLO 21G,0,0,0,0
MISCELANEAS,7702011015686,NUCITA BARRA 12G,0,0,0,0
MISCELANEAS,7702011023865,NUCITA CALIENTE TOY,0,0,0,0
MISCELANEAS,7702011161246,NUCITA NUGGET 220G,0,0,0,0
MISCELANEAS,7702011048394,NUCITA SANDWICH 12G,0,0,0,0
MISCELANEAS,7702011005410,NUCITA WAFER 20G,0,0,0,0
MISCELANEAS,7707331401706,NUTIDAY 130G,0,0,0,0
MISCELANEAS,7707331401775,NUTRUDAY 131G,0,0,0,0
MISCELANEAS,700029102159,NUTS ABOUT FLORIDA ALMOND SLICE,1680,0,0,0
MISCELANEAS,700029106553,NUTS ABOUT FLORIDA COCONUT CHIPS,110,0,0,0
MISCELANEAS,700029106591,NUTS ABOUT FLORIDA PITTED PRUNES,280,0,0,0
MISCELANEAS,700029206116,NUTS ABOUT FLORIDA SESAME CRUNCH,280,0,0,0
MISCELANEAS,019161001115,NUTSKAO 350G,0,0,0,0
MISCELANEAS,019161001184,NUTSKAO DUO,0,0,0,0
MISCELANEAS,031200281272,OCEAN SPRAY WHITE GRAMBERRY X 1.89,0,0,0,0
MISCELANEAS,7702003989384,OF.LECHE ZANAH.NIV.FPS2 GT BODY,1250,0,0,0
MISCELANEAS,7707348900254,OLEO SABOR 500ML,0,0,0,0
MISCELANEAS,7707348900223,OLEOSABOR 250C.C,0,0,0,0
MISCELANEAS,7702149200275,PALETA NUCITA 55GR,0,0,0,0
MISCELANEAS,7707159302025,PALETA OASIS LIMON,0,0,0,0
MISCELANEAS,7703252001230,PALILLOS DE BAMBU,0,0,0,0
MISCELANEAS,6900509507069,PALILLOS EL SOL,0,0,0,0
MISCELANEAS,7707248327427,PALOMITAS DE MAIZ ACT II MANTE X,850,0,0,0
MISCELANEAS,7707248327410,PALOMITAS DE MAIZ ACT II NATU X 85,0,0,0,0
MISCELANEAS,076150601275,PALOMITAS DE MANTEQUILLA EXTRA X,850,0,0,0
MISCELANEAS,064144030644,PAM OLIVE OIL 141G,0,0,0,0
MISCELANEAS,7707194120028,PANDERITOS TIA MAYO X 80 GR,0,0,0,0
MISCELANEAS,7702031370598,PANO YES MULTIUSOS,0,0,0,0
MISCELANEAS,7702110440037,PAPEL ALUMINIO KANGUPOR  PLEG 48 X,0,0,"2,800",0
MISCELANEAS,7703562201450,PAPEL ALUMINIO ZEUX,0,0,0,0
MISCELANEAS,7700468001177,PATE PREMIUN,0,0,0,0
MISCELANEAS,7591005545021,PATO TANQUE AZUL,0,0,0,0
MISCELANEAS,7591005545038,PATO TANQUE VERDE,0,0,0,0
MISCELANEAS,011194187545,PEACH SLICE 15OZ,0,0,0,0
MISCELANEAS,06010678,PECHUGA,0,0,0,0
MISCELANEAS,2953019000005,PECHUGA BJA X 2 PIMPOLLO (CONGEL),10,0,0,0
MISCELANEAS,6945044570055,PEINE PLANCHADO,0,0,"5,000",0
MISCELANEAS,7702061445006,PEPINILLOS EN VINAGRE ALFRESCO X,500,0,0,0
MISCELANEAS,7709995002251,PERIODICO EL HERALDO,0,0,0,0
MISCELANEAS,7706821000139,PERIODICO EL TIEMPO,0,0,0,0
MISCELANEAS,7707199346638,PH NOBLE,0,0,800,0
MISCELANEAS,7702117110698,PICOS MANI CHOCOLATE,0,0,0,0
MISCELANEAS,350061006821,PIERLAT BRUT 750ML,0,0,0,0
MISCELANEAS,008562006379,PILAS SONY AAA,0,0,0,0
MISCELANEAS,7702174065306,PIN POP X 26 UND,0,0,0,0
MISCELANEAS,7703518011850,PINA COLADA JONNYKI,0,0,0,0
MISCELANEAS,7700512231338,PINCHUS DE POLLO APANADOS KOKORICO,0,0,0,0
MISCELANEAS,8412666584008,PINONES X 47 GR,0,0,0,0
MISCELANEAS,7702011018199,PIRULITO TOY 10G,0,0,0,0
MISCELANEAS,7702903426705,PISTACHIO  907,0,0,0,0
MISCELANEAS,075142000539,PISTACHOS POTE 1202,0,0,0,0
MISCELANEAS,014113911375,PISTACHOS WONDERFUL,0,0,0,0
MISCELANEAS,7707248329407,PLANET POP CRISPETAS,0,0,0,0
MISCELANEAS,029000074453,PLANTERS DELUXE JUMBO CASHEWS X,2830,0,0,0
MISCELANEAS,029000072206,PLANTERS X 184 G,0,0,0,0
MISCELANEAS,7808304268088,PLATO PANDO ICOPOR N 18 KANGUPOR X,0,0,"3,500",0
MISCELANEAS,7702251060460,PLATO PANDO ICOPOR N 23 DOMINGO X,20,0,0,0
MISCELANEAS,7702251012230,PLATO PANDO ICOPOR N 26 DOMINGO X,20,0,0,0
MISCELANEAS,7702251060484,PLATO SOPERO ICOPOR N 20 DOMINGO X,0,0,0,0
MISCELANEAS,7707195326221,POLVO COMP RAQUEL FILTRO SOLAR N,10,0,0,0
MISCELANEAS,7707195322537,POLVO COMP RAQUEL FILTRO SOLAR N,120,0,0,0
MISCELANEAS,7707195325590,POLVO COMP RAQUEL FILTRO SOLAR N,30,0,0,0
MISCELANEAS,7707195326238,POLVO COMP RAQUEL FILTRO SOLAR N,40,0,0,0
MISCELANEAS,7707195325606,POLVO COMP RAQUEL FILTRO SOLAR N,70,0,0,0
MISCELANEAS,7707195325613,POLVO COMP RAQUEL FILTRO SOLAR N,80,0,0,0
MISCELANEAS,7707195326771,POLVO COMP RAQUEL FILTRO SOLAR N,90,0,0,0
MISCELANEAS,7707195321868,POLVO COMP RAQUEL MINERAL LUJO N,10,0,0,0
MISCELANEAS,7707195321875,POLVO COMP RAQUEL MINERAL LUJO N,20,0,0,0
MISCELANEAS,7707195321882,POLVO COMP RAQUEL MINERAL LUJO N,30,0,0,0
MISCELANEAS,7707195321899,POLVO COMP RAQUEL MINERAL LUJO N,40,0,0,0
MISCELANEAS,7707195321905,POLVO COMP RAQUEL MINERAL LUJO N,50,0,0,0
MISCELANEAS,7707195322780,POLVO COMP RAQUEL MINERAL N,00,0,0,0
MISCELANEAS,7707195327884,POLVO COMP RAQUEL MINERAL N,10,0,0,0
MISCELANEAS,7707195327891,POLVO COMP RAQUEL MINERAL N,20,0,0,0
MISCELANEAS,7707195327907,POLVO COMP RAQUEL MINERAL N,30,0,0,0
MISCELANEAS,7707195327914,POLVO COMP RAQUEL MINERAL N,40,0,0,0
MISCELANEAS,7707195321851,POLVO COMP RAQUEL MINERAL N,50,0,0,0
MISCELANEAS,7707195327686,POLVO COMP RAQUEL PAINT STICK N,10,0,0,0
MISCELANEAS,7707195327624,POLVO COMP RAQUEL PAINT STICK N,20,0,0,0
MISCELANEAS,7707195321547,POLVO COMP RAQUEL ZANAHORIA N 1,0,0,0,0
MISCELANEAS,7707195321554,POLVO COMP RAQUEL ZANAHORIA N,20,0,0,0
MISCELANEAS,7707195321561,POLVO COMP RAQUEL ZANAHORIA N,30,0,0,0
MISCELANEAS,7707195321578,POLVO COMP RAQUEL ZANAHORIA N,40,0,0,0
MISCELANEAS,7707195321592,POLVO COMP RAQUEL ZANAHORIA N,50,0,0,0
MISCELANEAS,7707195326740,POLVO SUELTO RAQUEL N 1,0,0,0,0
MISCELANEAS,7707195326757,POLVO SUELTO RAQUEL N,20,0,0,0
MISCELANEAS,7707195326764,POLVO SUELTO RAQUEL N 3,0,0,0,0
MISCELANEAS,7702011045355,PONKY 36G,0,0,0,0
MISCELANEAS,7702303000079,PREMIER CIGARROS X20,0,0,0,0
MISCELANEAS,739748065117,PRETZEL PETE 150G,0,0,0,0
MISCELANEAS,739748065148,PRETZEL PETE SOUR CREAM&HABANERO,150,0,0,0
MISCELANEAS,037634137444,PREVENTION,0,0,0,0
MISCELANEAS,7591005004856,PRIDE NATURAL 400ML,0,0,0,0
MISCELANEAS,7702354015572,PULPIFRUTA LULO 160G,0,0,0,0
MISCELANEAS,7702354015596,PULPIFRUTA MORA 160G,0,0,0,0
MISCELANEAS,7702354020606,PULPIFRUTA PINA 160G,0,0,0,0
MISCELANEAS,7501024299805,QUESO CHEDDAR 1L,0,0,0,0
MISCELANEAS,7707224973952,QUESO PERA 50G,0,0,0,0
MISCELANEAS,7707222479371,QUESO PERA AREQUIPE,0,0,0,0
MISCELANEAS,036200003008,RAGU MEAT SAUCE 737G,0,0,0,0
MISCELANEAS,036200014011,RAGU TRAD. X 1.27K,0,0,0,0
MISCELANEAS,7790520030047,RAID AER PLUGAS Y GARRAPATAS X 360,0,0,0,0
MISCELANEAS,7591005005471,RAID AEROSOL ELIMINA VOLADORES X,360,0,0,0
MISCELANEAS,7591005005495,RAID AEROSOL MULTI X 360 CC,0,0,0,0
MISCELANEAS,7790520982100,RAID MAX AER CUCARACHAS ARANAS X,360,0,0,0
MISCELANEAS,7591005003408,RAID MAX MATA CUCARARACHA Y ARANA,20,0,0,0
MISCELANEAS,7702047131329,RAMA LINE 125G,0,0,0,0
MISCELANEAS,7701101261156,RANCHERA SUPER 525G,0,0,0,0
MISCELANEAS,7707203350224,RAPIPAPA 1000 GMS,0,0,0,0
MISCELANEAS,7702025120352,RECREO 36G,0,0,0,0
MISCELANEAS,7702025182329,RECREO GALLETAS VAINILLA X 36 G X,10,0,0,0
MISCELANEAS,7703812002677,REFISAL 1100G,0,0,0,0
MISCELANEAS,7703812003124,REFISAL LINE 70GR,0,0,0,0
MISCELANEAS,609454620170,RELOJ M Y M,0,0,0,0
MISCELANEAS,7701711140131,REMOVEDOR NAIL,0,0,"8,000",0
MISCELANEAS,7702560009044,REMOVEDOR SUAVISOL HUMECTANTE X 90,0,0,0,0
MISCELANEAS,7793440704500,RESERVA NIETO SENETINER PINOT NOIR,0,0,0,0
MISCELANEAS,7707366500306,RESVISTA SEMANA,0,0,0,0
MISCELANEAS,000202742890,REVISTA 15 MINUTOS,0,0,0,0
MISCELANEAS,010722575823,REVISTA CARAS,0,0,0,0
MISCELANEAS,8480002195201,REVISTA CUERPO MENTE,0,0,0,0
MISCELANEAS,037634115589,REVISTA GENTE,0,0,0,0
MISCELANEAS,000020115586,REVISTA GENTE,0,0,0,0
MISCELANEAS,712744211412,REVISTA GO,0,0,0,0
MISCELANEAS,7702086002710,REVISTA INFASHION,0,0,0,0
MISCELANEAS,7707366500221,REVISTA JET SET,0,0,0,0
MISCELANEAS,748984520502,REVISTA PLAYBOY,0,0,0,0
MISCELANEAS,7702086002000,REVISTA PODER,0,0,0,0
MISCELANEAS,7707366500108,REVISTA SEMANA,0,0,0,0
MISCELANEAS,7707366500207,REVISTA SEMANA EDICION,15190,0,0,0
MISCELANEAS,7707366500139,REVISTA SOHO,0,0,0,0
MISCELANEAS,037634139097,REVISTA TU,0,0,0,0
MISCELANEAS,9770121727001,REVISTA TV Y NOVELAS,0,0,0,0
MISCELANEAS,037634139509,REVISTA VANIDADES,0,0,0,0
MISCELANEAS,010900034005,REYNOLDS BOLSA X 50,0,0,0,0
MISCELANEAS,7702398018447,RICA DUO PACK CHORIZO CAMPESINO,1000,0,0,0
MISCELANEAS,7702398023489,RICA JAMON IDEAL,0,0,0,0
MISCELANEAS,7702398007205,RICA- SALCHICA VIENA DE POLLO  150,0,0,0,0
MISCELANEAS,3163937011000,RICARD APERITIVO X,7500,0,0,0
MISCELANEAS,7707173600169,RICOVIT Z FRESA X 250 GR,0,0,0,0
MISCELANEAS,7702149118839,ROBIN HOOD PALETA LIGHT MANDARINA,60,0,0,0
MISCELANEAS,7702149118440,ROBIN HOOD PALTEA LIGHT VAINILLA,600,0,0,0
MISCELANEAS,7707178033177,RODHER ESMALTE JR 98 DECO ESCARCHA,0,0,0,0
MISCELANEAS,7707178034006,RODHER ESMALTE JR BRILL SECANTX 10,0,0,0,0
MISCELANEAS,7707178032170,RODHER ESMALTE TEENS AMARI NEOX 10,0,0,0,0
MISCELANEAS,7707178032187,RODHER ESMALTE TEENS AZUL INTEX 10,0,0,0,0
MISCELANEAS,7707178035096,RODHER ESMALTE TEENS BURGUNDY X 10,0,0,0,0
MISCELANEAS,7707178033993,RODHER ESMALTE TEENS FUCHSIA  X 10,0,0,0,0
MISCELANEAS,7707178032330,RODHER ESMALTE TEENS HIELO    X 10,0,0,0,0
MISCELANEAS,7707178032347,RODHER ESMALTE TEENS INDIGO   X 10,0,0,0,0
MISCELANEAS,7707178032354,RODHER ESMALTE TEENS JEANS    X 10,0,0,0,0
MISCELANEAS,7707178032200,RODHER ESMALTE TEENS NARAN NEOX 10,0,0,0,0
MISCELANEAS,7707178035072,RODHER ESMALTE TEENS PURPLE   X 10,0,0,0,0
MISCELANEAS,7707178032125,RODHER ESMALTE TEENS TANGERINEX 10,0,0,0,0
MISCELANEAS,7707178032316,RODHER ESMALTE TEENS VERDE NEOX 10,0,0,0,0
MISCELANEAS,7707178032323,RODHER ESMALTE TEENS VIOLET   X 10,0,0,0,0
MISCELANEAS,7703562200545,ROJO GAS LIGHTER,0,0,0,0
MISCELANEAS,7707195322339,RUBOR COM RAQUEL N 13 ROJO SENSUAL,0,0,0,0
MISCELANEAS,7707195322223,RUBOR COMP RAQUEL N 15 SALMON,0,0,0,0
MISCELANEAS,7707195322230,RUBOR COMP RAQUEL N 16 BRONCE,0,0,0,0
MISCELANEAS,7707195327938,RUBOR COMP RAQUEL N 18 FRAMBUESA,0,0,0,0
MISCELANEAS,7707195322322,RUBOR COMP RAQUEL N 3 PETAL ROSSE,0,0,0,0
MISCELANEAS,7707195322292,RUBOR COMP RAQUEL N 4 MANDARIN,0,0,0,0
MISCELANEAS,7707195322254,RUBOR COMP RAQUEL N 7,0,0,0,0
MISCELANEAS,7702398002248,SALCHICHON CERVECERO ORIGINAL RICA,0,0,0,0
MISCELANEAS,7703562014173,SALSA AJO LIMON * 178 GR EL FORTIN,0,0,0,0
MISCELANEAS,7702903010010,SALSA CARAMELO MIMOS,0,0,0,0
MISCELANEAS,7703562015224,SALSA DE AJI PICANTE EL FORTIN X,100,0,0,0
MISCELANEAS,7702175130829,SALSA DE AJO EL REY X,1550,0,0,0
MISCELANEAS,7702047132098,SALSA DE TOMATE FRUCO PARRILLA X,180,0,0,0
MISCELANEAS,7702903010034,SALSA FRESA MIMOS,0,0,0,0
MISCELANEAS,7703562200286,SALSA HUO AJO,0,0,0,0
MISCELANEAS,7702014620504,SALSA TARTARA 200GR,0,0,0,0
MISCELANEAS,7702025185344,SALTIN NOEL *320 GR,0,0,"6,000",0
MISCELANEAS,7702025125760,SALTIN NOEL TRADICIONAL  TACO X,1240,0,0,0
MISCELANEAS,7506195160237,SALVO 235G,0,0,0,0
MISCELANEAS,7808767900082,SAM JOSE DE APALTA RESERVA,20080,0,0,0
MISCELANEAS,7808767901096,SAN JOSE DE APALTA SAUVIGNO BLANC,10,0,0,0
MISCELANEAS,7808767900020,SAN JOSE DE APALTA SAUVIGNON BLANC,0,0,0,0
MISCELANEAS,8002270015991,SAN PELLEGRINO 250ML,0,0,0,0
MISCELANEAS,7808765700356,SANTA LORETO CABERNET SAUVIGNON,7500,0,0,0
MISCELANEAS,7707352840010,SANTO SABOR 908G,0,0,0,0
MISCELANEAS,7702708002166,SAYSA ANIS GRANO 20G,0,0,0,0
MISCELANEAS,7702708000698,SAYSA ANIS PURO 50G,0,0,0,0
MISCELANEAS,7702708002500,SAYSA COLOR X 60G,0,0,0,0
MISCELANEAS,7702708013223,SAYSA SAZONADOR COMPLETO FRASCO,700,0,0,0
MISCELANEAS,7702708000629,SAYSA TOMILLO 30G,0,0,0,0
MISCELANEAS,813805005145,SEA CRITTERS,0,0,0,0
MISCELANEAS,4008258150016,SEEBERGER MEZCLA DE LULO NUECES,2000,0,0,0
MISCELANEAS,4008258021026,SEEBERGER MEZCLA DE NUEZ GOURMET,150,0,0,0
MISCELANEAS,7702032252022,SELLO ROJO 50G,0,0,"1,800",0
MISCELANEAS,7806500408109,SERVILLETA EXTRA BLANCA ELITE X,2000,0,0,0
MISCELANEAS,7707110100424,SESTA DE CUIVA CHAMPINONES AL VINO,0,0,0,0
MISCELANEAS,7707110100431,SETAS DE CUIVA CHAMP. NAPOLITANA,210,0,0,0
MISCELANEAS,7707110100073,SETAS DE CUIVA CHAMPINONES TAJADOS,0,0,0,0
MISCELANEAS,037634002421,SEVENTEEN,0,0,0,0
MISCELANEAS,7702048481034,SILVANYA 25W,0,0,0,0
MISCELANEAS,7702354030513,SIVITAL SH. 100ML,0,0,0,0
MISCELANEAS,027000412022,SNACK PACK X 4 UND,0,0,0,0
MISCELANEAS,7702010780813,SOFLAN SUAVITEL  ADIOS PLANCHADO X,0,0,0,0
MISCELANEAS,7702010280931,SOFLAN SUAVITEL ADIOS PLANCHADO X,40,0,0,0
MISCELANEAS,7702010280023,SOFLAN SUAVITEL FRESCA PRIMAVERA X,0,0,0,0
MISCELANEAS,7702001050178,SOKA MANGO X 300 ML,0,0,"2,000",0
MISCELANEAS,8410702002370,SOL DE PENAS TEMPRANILLO-GARNACHAS,0,0,0,0
MISCELANEAS,7707195322582,SOMBRA DALIA RAQUEL N 2,0,0,0,0
MISCELANEAS,7707195322650,SOMBRA DALIA RAQUEL N,90,0,0,0
MISCELANEAS,7707195323633,SOMBRA INDIVIDUAL RAQUEL  64 ANGEL,0,0,0,0
MISCELANEAS,7707195324111,SOMBRA INDIVIDUAL RAQUEL N 14 VINO,0,0,0,0
MISCELANEAS,7707195323732,SOMBRA INDIVIDUAL RAQUEL N 24 CAFE,0,0,0,0
MISCELANEAS,7707195326641,SOMBRA INDIVIDUAL RAQUEL N 70 FLUM,0,0,0,0
MISCELANEAS,7707195324760,SOMBRA TONO RAQUEL N 18 SABOR,0,0,0,0
MISCELANEAS,7707195324678,SOMBRA TONO RAQUEL N 21 ORQUESTA,0,0,0,0
MISCELANEAS,7707195324258,SOMBRA TONO RAQUEL N 59 SIERRA,0,0,0,0
MISCELANEAS,7707195324265,SOMBRA TONO RAQUEL N 60 FRUTILLA,0,0,0,0
MISCELANEAS,7707195324746,SOMBRA TONO RAUQEL N 8 RADIANTE,0,0,0,0
MISCELANEAS,041789002977,SOPAS MARUCHAN SABOR A CAMARON X,850,0,0,0
MISCELANEAS,041789002953,SOPAS MARUCHAN SABOR A CHAMPINONES,0,0,0,0
MISCELANEAS,037600453653,SPAM CLASICO 198G,0,0,0,0
MISCELANEAS,037600189095,SPAM CLASICO 340G,0,0,0,0
MISCELANEAS,037600211017,SPAM ENDIABLADO 85G,0,0,0,0
MISCELANEAS,7702133106002,SPARKIES 25,0,0,0,0
MISCELANEAS,7702133011160,SPARKIES 5G,0,0,0,0
MISCELANEAS,7702133852237,SPARKIES CRUNCHY 40G,0,0,0,0
"MISCELANEAS08978,",770213306,SPARKIES GRANDE X 20,0,0,"23,200",0
MISCELANEAS,7702133455001,SPARKIES X 70 UND,0,0,"6,700",0
MISCELANEAS,7705186015153,",7SPLASH GLAY * 210 ML",0,0,0,0
MISCELANEAS,7702535005736,SPRITE 2.5LT,0,0,0,0
MISCELANEAS,7702535002773,SPRITE LIGTH ENV X 500 MLS,0,0,0,0
MISCELANEAS,7702535011317,SPRITE ZERO 2.5 L,0,0,0,0
MISCELANEAS,7702535004470,SPRITE ZERO 500ML,0,0,0,0
MISCELANEAS,8853602001379,STAR LION BRAND RICE VERMICELLI,2000,0,0,0
MISCELANEAS,7706807300024,SUERO CODEGAN 400G,0,0,0,0
MISCELANEAS,7707186900010,SUERO ORAL X 30 S/S,0,0,0,0
MISCELANEAS,7891200009503,SUPER BONDER,0,0,0,0
MISCELANEAS,7702746049574,SUPERBLENDS DIGEST * 16 GR,0,0,"11,500",0
MISCELANEAS,7702048353942,SYLVANIA,0,0,0,0
MISCELANEAS,7702048481010,SYLVANIA 15 W,0,0,0,0
MISCELANEAS,7702048481027,SYLVANIA 20W,0,0,0,0
MISCELANEAS,7702048351948,SYLVANIA 25W,0,0,0,0
MISCELANEAS,7702048170044,SYLVANIA 60W,0,0,0,0
MISCELANEAS,7702048351627,SYLVANIA MINI LYNX,0,0,0,0
MISCELANEAS,7702117004010,TACO ITALO FRESA DURAZNO,0,0,0,0
MISCELANEAS,7702117004041,TACO ITALO FRUTAS,0,0,0,0
MISCELANEAS,095188995002,TAMPICO *500 ML,0,0,"2,700",0
MISCELANEAS,095188010347,TAMPICO 1 L,0,0,"4,400",0
MISCELANEAS,095188010682,TAMPICO 2 L,0,0,0,0
MISCELANEAS,095188013300,TAMPICO 330ML,0,0,"2,000",0
MISCELANEAS,7702617035408,TAMPICO 500ML,0,0,0,0
MISCELANEAS,095188012600,TAMPICO VASO 260ML,0,0,0,0
MISCELANEAS,813805005169,TANGY TONGUE,0,0,0,0
MISCELANEAS,645667158758,TAPAS PARA COPAS SOUFFLE,0,0,0,0
MISCELANEAS,75002459,TECATE CERVEZ 355ML,0,0,0,0
MISCELANEAS,080432105528,TEQUILA OLMECA ALTOS REPOSADO X,7500,0,0,0
MISCELANEAS,6925925900850,TETEROS MASMELOS,0,0,0,0
MISCELANEAS,7703133081030,TICK SHEESE,0,0,0,0
MISCELANEAS,6977170801796,TINTA BRILLO 2 EN 1,0,0,"8,000",0
MISCELANEAS,7501071901690,TOALLAS DESINFECTANTE LIMON CLOROX,0,0,0,0
MISCELANEAS,7700468000026,TOCINETA AHUMADA LA PARISSIENM 150,0,0,0,0
MISCELANEAS,7707195322513,TONICO BIOVITAL 6,0,0,0,0
MISCELANEAS,7702166053809,TOP TERRA JABON BOSQUE TROPICAL *,20,0,"4,500",0
MISCELANEAS,7702409009839,TRAIL MIX X 150 GR,0,0,0,0
MISCELANEAS,7702409010088,TRAIL MIX X 40 GR,0,0,0,0
MISCELANEAS,7706371023619,TRAPERO ARO X 2 UND,0,0,0,0
MISCELANEAS,7707112310166,TRAPERO PINTO #20,0,0,0,0
MISCELANEAS,7707177614681,TRAPEROS BRINOX,0,0,0,0
MISCELANEAS,7707178034112,TRAT RODHER KERATINA DISPLAY  X 24,0,0,0,0
MISCELANEAS,7798039590373,TRIVENTO TRIBU CABERNET SAUVIGNON,70,0,0,0
MISCELANEAS,7702117002306,TRONQUITOS CHOCOLATE,0,0,0,0
MISCELANEAS,485000177530,TROPICANA 355ML,0,0,0,0
MISCELANEAS,7702144221244,TUC VASO 12OZ X50UD,0,0,0,0
MISCELANEAS,037634727003,TV Y NOVELAS,0,0,0,0
MISCELANEAS,041780002723,UTZ PUB MIX X 850.5G,0,0,0,0
MISCELANEAS,7702367001449,VAN CAMP S ATUN CON CHAMPINONES,1500,0,0,0
MISCELANEAS,7702626204376,VANISH MAX 400ML/CM,0,0,0,0
MISCELANEAS,7702626204178,VANISH PODER O2 REMOV DE MANCHAS X,0,0,0,0
MISCELANEAS,770209411148,VARTA 2-C SUPER X 2,0,0,0,0
MISCELANEAS,032809823054,VARTA PILAS AA,0,0,0,0
MISCELANEAS,032809823474,VARTA SUPER X 2 UD,0,0,0,0
MISCELANEAS,7704918100199,VASO DESECHABLE 9 ONZAS X 50 UND,0,0,0,0
MISCELANEAS,645667070821,VASO ICOPOR  10 OZ,0,0,0,0
MISCELANEAS,7702458000078,VASO ICOPOR 16 OZ,0,0,0,0
MISCELANEAS,7702251017839,VASOS DESECHABLES DOMINGO 1 OZ *50,0,0,"2,000",0
MISCELANEAS,7709198543636,VASOS DESECHABLES MARPLAST 12 OZ *,0,0,"4,500",0
MISCELANEAS,7702144850932,VASOS TUC 9OZ,0,0,0,0
MISCELANEAS,609454633996,VENTILADOR DYSNEY PRINCESA,0,0,0,0
MISCELANEAS,609454623393,VENTILADOR STAR WARS,0,0,0,0
MISCELANEAS,071072012932,VIDO JANBOLAYA CAJUN RICE MIX  227,0,0,0,0
MISCELANEAS,071072013212,VIDO MEXICAN RICE WITH CORN MIX,2270,0,0,0
MISCELANEAS,071072012888,VIGO RICE E LENTIL PILAF WITH ORZO,0,0,0,0
MISCELANEAS,8410685002015,VINADRIAN COSECHA 2008,7500,0,0,0
MISCELANEAS,8005121218015,VINAGRE BALSAMICO MODELA DIV *,5000,0,0,0
MISCELANEAS,7809539100051,VINO ANAKENA CABERNET SAUVIGNON,7500,0,0,0
MISCELANEAS,7808704700072,VINO BLANCO CHARDONAY  M. DE RENGO,0,0,0,0
MISCELANEAS,7702307130321,VINO CASA DEL RHIN MOSCATEL PASAS,0,0,0,0
MISCELANEAS,7804320655246,VINO CASILLERO DIABLO BLANCO X 375,0,0,0,0
MISCELANEAS,7804300010508,VINO CASTILLO DE MOLINS CHARDONAY,70,0,0,0
MISCELANEAS,7804305002133,VINO COUSINO MACUL DON LUIS MERLOT,0,0,0,0
MISCELANEAS,3163933575001,VINO DUBONNET,0,0,0,0
MISCELANEAS,7703588003502,VINO EL CHEF BLANCO X 750 CC,0,0,0,0
MISCELANEAS,7790093000041,VINO ETCHART MALBEC,0,0,0,0
MISCELANEAS,7804320706009,VINO FRONTERA MERLOT,0,0,0,0
MISCELANEAS,7809623800607,VINO POLERO SAUVIGNON BLANCO X 750,0,0,0,0
MISCELANEAS,7808765700080,VINO SOL DE CHILE SAUVIGNON BLANC,70,0,0,0
MISCELANEAS,7798039590151,VINO TRIVENTO MALBEC,0,0,0,0
MISCELANEAS,7804320169699,VINO VINA MAIPO TINTO MERLOT X 750,0,0,0,0
MISCELANEAS,7702057079796,VITAMINA E X 50 CAP 1 +,10,0,0,0
MISCELANEAS,7702179006205,VIVI ACEITE 250ML,0,0,0,0
MISCELANEAS,7702179005208,VIVI ACEITE 500ML,0,0,0,0
MISCELANEAS,7312040017201,VODKA ABSOLUT 200 ML,0,0,0,0
MISCELANEAS,7702049200061,VODKA MONTESK X375,0,0,0,0
MISCELANEAS,7312040006755,VODKA PEPPAR 750 ML,0,0,0,0
MISCELANEAS,067312005642,VOORTMAN GALL. ALMONETTE GLACEADAS,0,0,0,0
MISCELANEAS,067312005499,VOORTMAN GALL. CHISPAS CHOCOLATE,220,0,0,0
MISCELANEAS,067312005253,VOORTMAN GALLETA WAFER VAINILLA,2550,0,0,0
MISCELANEAS,039047001169,WALKERS 40G,0,0,0,0
MISCELANEAS,079567520054,WD-40 X 155G,0,0,0,0
MISCELANEAS,041800326006,WELCH GRAPE X 296,0,0,0,0
MISCELANEAS,4014400910612,WERTHERS ORIGINAL CREAM CANDIES,1500,0,0,0
MISCELANEAS,5900685006043,WODKA WYBOROWA 750ML,0,0,0,0
MISCELANEAS,7703133074407,WON MIS BBQ 50 G,0,0,0,0
MISCELANEAS,07935729,WONKA NERDS LIMONADE COATED X 46.7,0,0,0,0
MISCELANEAS,7702626205410,WOOLITE BEBE 500ML,0,0,0,0
MISCELANEAS,7702626205434,WOOLITE COCO 500ML,0,0,0,0
MISCELANEAS,7703133074384,WOW MIX QUESO X 50G,0,0,0,0
MISCELANEAS,5033848004355,WYPALL AZUL * 80,0,0,0,0
MISCELANEAS,5033848004362,WYPALL VERDE * 80,0,0,0,0
MISCELANEAS,7701101230329,ZENU ALBONDIGAS EN SALSA DE TOMATE,0,0,0,0
MISCELANEAS,7701101320273,ZENU CABANO 80 GR,0,0,0,0
MISCELANEAS,7701101270059,ZENU MORTADELA 250G,0,0,0,0
MISCELANEAS,7701101261101,ZENU SALCHICHA SUPERPERRO,4500,0,0,0
MISCELANEAS,7501032990015,ZIPLOC X 25 UD,0,0,0,0
MISCELANEAS,7501032990053,ZIPLOC X 50UD,0,0,0,0
MISCELANEAS,7501032900335,ZIPLOC X10UD,0,0,0,0
MISCELANEAS,7501032900342,ZIPLOC X15UD,0,0,0,0
MK ETICOS CO,7702057708962,ACETAMINOFEN 325 MG + CODEINA 8 MG,0,0,"24,000",0
MK ETICOS CO,7702057091071,ACETAMINOFEN FRUTOS ROJOS JBE * 90,0,0,"15,000",0
MK ETICOS CO,7702057074098,ACETILCISTEINA 200 MG * 30 S/S MK,0,0,"18,200",0
MK ETICOS CO,7702057712730,AMOXICILINA 875 MG * 20 TAB,0,0,"63,000",0
MK ETICOS CO,7702057718480,ANTIALGINA *40 TAB,0,0,"32,600",0
MK ETICOS CO,7702057070731,ASA 100 MG * 20 TAB,0,0,"7,500",0
MK ETICOS CO,7702057716028,ASA 100 MG * 30 TAB,0,0,"21,400",0
MK ETICOS CO,7702057716042,ASA 81 MG * 30 TAB,0,0,"19,000",0
MK ETICOS CO,7702057070915,ATENOLOL 100 MG * 30 TAB,0,0,"133,000",0
MK ETICOS CO,7702057075484,BECLOMETASONA FORTE 250 MG INH *,200,0,"98,600",0
MK ETICOS CO,7702057566715,BROMHEXINA JAB NINOS * 120 ML,0,0,"25,200",0
MK ETICOS CO,7702057716387,CARBOCISTEINA 50 MG/ML SUSP ORAL *,0,0,"14,800",0
MK ETICOS CO,7702057062910,CLINDAMICINA 100 MG + CLOTRIMAZOL,20,0,"77,700",0
MK ETICOS CO,7702057711627,CLINDAMICINA 100 MG + CLOTRIMAZOL,20,0,"157,200",0
MK ETICOS CO,7702057700829,CLINDAMICINA 100 MG + KETOCONAZOL,40,0,"95,200",0
MK ETICOS CO,7702057074654,CLOPIDOGREL 75 MG * 10 TAB,0,0,"8,900",0
MK ETICOS CO,7702057101138,CLOTRIMAZOL 500 * 1 OVULO,0,0,"31,300",0
MK ETICOS CO,7702057715625,DULOXETINA 60 MG * 30 CAP,0,0,"81,300",0
MK ETICOS CO,7702057062309,DUO-BETAMETASONA 2MG/5MG HYPAK AMP,0,0,"28,000",0
MK ETICOS CO,7702057715311,ESPIRONOLACTONA 100 MG * 30 TAB,0,0,"37,000",0
MK ETICOS CO,7702057077518,EZETIMIBE / SIMVASTATINA 10/10MG *,0,0,"16,500",0
MK ETICOS CO,7702057711702,EZETIMIBE + ROSUVASTATINA 10 MG/20,0,0,"207,100",0
MK ETICOS CO,7702057710293,EZETIMIBE 10 MG + ATORVASTATINA 20,0,0,"135,000",0
MK ETICOS CO,7702057077525,EZETIMIBE/SIMVASTATINA 10/20 MG *,10,0,"35,400",0
MK ETICOS CO,7702057715250,FLUNARIZINA 10 MG * 30 TAB,0,0,"14,400",0
MK ETICOS CO,7702057072971,FLUNARIZINA 5 MG * 30 CAP,0,0,"54,200",0
MK ETICOS CO,7702057716592,FLUOXETINA 20 MG/5 ML SOLUCION *,700,0,"86,100",0
MK ETICOS CO,7702057074043,GLIBENCLAMIDA 5 MG * 30 TAB,0,0,"26,200",0
MK ETICOS CO,7702057073565,HIDROCLOROTIAZIDA 25 MG * 252 TAB,0,0,"27,000",0
MK ETICOS CO,7702057712556,HIDROCLOROTIAZIDA 25 MG * 300 TAB,0,0,"66,400",0
MK ETICOS CO,7702057073596,HIDROCLOROTIAZIDA 50 MG * 252 TAB,0,0,"37,800",0
MK ETICOS CO,7702057715557,IRBESARTAN/AMLODIPINO 300MG/5MG *,30,0,"242,500",0
MK ETICOS CO,7702057716745,KETOTIFENO SUSP * 100 ML,0,0,"16,900",0
MK ETICOS CO,7702057077181,LEVOTIROXINA 100 MG * 50 TAB,0,0,"17,500",0
MK ETICOS CO,7702057708535,LEVOTIROXINA 125 MG * 150 TAB USO,0,0,"12,000",0
MK ETICOS CO,7702057715915,LEVOTIROXINA 50 MG * 30 TAB,0,0,"17,900",0
MK ETICOS CO,7702057060596,LOSARTAN 100 MG * 15 TAB,0,0,"20,000",0
MK ETICOS CO,7702057700812,LOSARTAN 100 MG/AMLODIPINO 5 MG *,30,0,"104,000",0
MK ETICOS CO,7702057709020,LOSARTAN 100 MG/HIDROCLOROTIAZIDA,10,0,"212,200",0
MK ETICOS CO,7702057214777,LOSARTAN 50 MG * 15 TAB,0,0,"7,500",0
MK ETICOS CO,7702057711566,LOSARTAN 50 MG + HIDROCLOROTIAZIDA,0,0,"45,100",0
MK ETICOS CO,7702057075217,LOSARTAN HCT 100/25 MG * 15 TAB,0,0,"55,000",0
MK ETICOS CO,7702057079246,LOSARTAN HCT 50/12.5 MG * 15 TAB,0,0,"39,500",0
MK ETICOS CO,7702057060978,METFORMINA 500 MG + GLIBENCLAMIDA,20,0,"38,000",0
MK ETICOS CO,7702057061074,METFORMINA 500 MG + GLIBENCLAMIDA,50,0,"34,600",0
MK ETICOS CO,7702057070182,METRONIDAZOL 250 MG * 120 ML,0,0,"30,000",0
MK ETICOS CO,7702057077211,MONTELUKAST 5 MG * 10 TAB,0,0,0,0
MK ETICOS CO,7702057060633,OLMESARTAN 20 MG * 10 TAB,0,0,"6,100",0
MK ETICOS CO,7702057711085,PANCREAFAST * 30 CAP,0,0,"41,700",0
MK ETICOS CO,7702057074814,PAROXETINA 20 MG * 10 TAB,0,0,"31,500",0
MK ETICOS CO,7702057716394,PREDNISOLONA 3 MG/ML SOLUCION ORAL,0,0,"56,800",0
MK ETICOS CO,7702057078751,ROSUVASTATINA 10 MG * 7 TAB,0,0,"46,900",0
MK ETICOS CO,7702057060602,ROSUVASTATINA 40 MG * 7 TAB,0,0,"70,700",0
MK ETICOS CO,7702057061326,SILDENAFIL 100 MG * 1 TAB,0,0,"16,000",0
MK ETICOS CO,7702057075644,SIMVASTATINA 20 MG * 10 TAB,0,0,"54,500",0
MK ETICOS CO,7702057079406,TRAMADOL 50 MG * 10 CAP,0,0,"16,500",0
MK ETICOS CO,7702057073947,TRAMADOL GOTAS * 10 ML,0,0,"19,000",0
MK ETICOS CO,7702057075996,TRIMETOPRIM SULFA 80MG/400MG * 100,0,0,"42,300",0
MK ETICOS CO,7702057712082,TRIMETOPRIM SULFA F 160MG/800MG *,10,0,"63,700",0
MK ETICOS CO,7702057062958,VALSARTAN 160 MG + AMLODIPINO 5 MG,0,0,"33,200",0
MK ETICOS CO,7702057076085,VALSARTAN 80 MG * 14 CAP,0,0,"10,100",0
MK ETICOS CO,7702057711351,VENLAFAXINA 150 MG * 30 TAB,0,0,"56,200",0
MK OFTALMOLO,7702057061050,BRIMOLOL + TIMOLOL 2/5MG GOTAS * 5,0,0,"118,200",0
MK OFTALMOLO,7702057077334,CORTIOFTAL F GOTAS * 5 ML,0,0,"89,900",0
MK OFTALMOLO,7702057077273,CORTIOFTAL GOTAS * 5 ML,0,0,"65,400",0
MK OFTALMOLO,7702057077310,DORZOLOL PF GOTAS * 5 ML,0,0,"111,300",0
MK OFTALMOLO,7702057709921,GLICOLUB 0.6% *10 ML,0,0,"55,000",0
MK OFTALMOLO,7702057707286,HIALUB 4MG * 10 ML,0,0,"66,200",0
MK OFTALMOLO,7702057077433,HIPROLUB GOTAS * 15 ML,0,0,"45,500",0
MK OFTALMOLO,7702057707972,MULTISOLUTION 1 * 360 ML + 30 ML +,0,0,"63,300",0
MK OFTALMOLO,7702057707774,MULTISOLUTION 1 * 600 ML + 30 ML +,0,0,"79,000",0
MK OFTALMOLO,7702057707705,MULTISOLUTION OXI * 60 ML,0,0,"17,000",0
MK OFTALMOLO,7703197050386,MULTISOLUTION OXI *120 ML,0,0,"33,500",0
MK OFTALMOLO,7702057707750,MULTISOLUTION PLUS * 60 ML,0,0,"16,500",0
MK OFTALMOLO,7702057060701,OFTAMOX D * 5 ML,0,0,"126,900",0
MK OFTALMOLO,7702057060718,OLOFTAL *5 ML,0,0,"93,500",0
MK OFTALMOLO,7702057077488,OXYOFTAL 5% UNG * 10 GR,0,0,"28,000",0
MK OFTALMOLO,7702057070694,TIMOLOL 0.5% * 5 ML,0,0,"11,500",0
MK OFTALMOLO,7702057077327,TOBRAOFTAL D GOTAS * 5 ML,0,0,"79,000",0
MK OFTALMOLO,7703197053035,TOTAL COMFORT GOTAS *15 ML,0,0,"14,900",0
MK OFTALMOLO,7703197053141,WASSERTROL UNG OFTALMICO * 5 GR,0,0,"25,300",0
MOMMYTOS,7709990144895,COPITOS MOMMYTOS * 120 APLICADORES,0,0,"5,600",0
MOMMYTOS,7709534571415,SEDA DENTAL CON ALOE VERA MOMMYTOS,0,0,"11,000",0
MONDELEZ,78939400,CHOCOLATINA OREO BOLITA 19 GR * 10,0,0,"10,000",0
MONDELEZ,7702133006661,GALLETA OREO COOKIES AND CREAM *,360,0,"1,500",0
MONDELEZ,7622202206092,GALLETA OREO COOKIES AND CREAM 216,0,0,"8,600",0
MONDELEZ,7622201518820,GALLETA OREO ORIGINAL BATMAN 54 GR,0,0,"15,000",0
MONDELEZ,7622201407162,GALLETA OREO PASTEL DE CUMPLEAÃ‘OS,0,0,"1,500",0
MONDELEZ,7622202318474,GALLETA OREO SELENA GOMEZ * 108 GR,0,0,"4,200",0
MONDELEZ,7622202318450,GALLETA OREO SELENA GOMEZ * 36 GR,0,0,"1,600",0
MONDELEZ,7622202318429,GALLETA OREO SELENA GOMEZ * 54 GR,0,0,"2,200",0
MONDELEZ,7622202318412,GALLETA OREO SELENA GOMEZ 324 GR *,0,0,"8,500",0
MONSER ,7707186010344,BOLDREN  SUSP. FCO  * 120ML MONSER,0,0,"16,000",0
MONSER ,7707186010368,BOLDREN X 10 CAPS,0,0,"10,000",0
MONSER ,7707186010597,CRYSTHOIDEX SUSPENSION ORAL FCO *,20,0,"6,700",0
MONSER ,7707186010771,FERSEVITH MULTIVITAMINICO FCO * 30,0,0,"35,000",0
MONSER ,7707186010207,PREVITAL C  CAPS TRIPLE ACCION CJA,0,0,"60,000",0
MONSER ,7707186010627,TUSKALFIN CON MIEL JARABE * 120 ML,0,0,"19,700",0
MONTEROJO,7707699954784,NACHOS QUESO CHEDDAR JOSE CUERVO *,0,0,"10,000",0
MONTEROJO,7709697832521,NACHOS SAL MARINA JOSE CUERVO *,1800,0,"10,000",0
MONTEROJO,7709756015292,PAPAS BBQ DULCE CLUB COLOMBIA *115,0,0,"10,000",0
MONTEROJO,7707699956191,PAPAS NUGETS DE POLLO CON MIEL *25,0,0,"3,400",0
MONTEROJO,7709394437753,ROSQUITAS PARMESANO Y AMARANTO *18,0,0,"3,300",0
MP PROMEDICA,7861020551209,BAJALENGUAS * 20 UND,0,0,"3,000",0
MP PROMEDICA,7707228411931,BOLSA DE HIELO,0,0,"28,000",0
MP PROMEDICA,7707228411146,CINTA MICROPOROSA ADHESIVA 10 CM *,0,0,"42,000",0
MP PROMEDICA,7707228411405,CURAS ADHESIVAS REDONDAS NIÃ‘OS *,10,0,"12,400",0
MP PROMEDICA,7707228410156,DISPENSADOR DE CREMA,0,0,"11,000",0
MP PROMEDICA,7707228411733,ESPARADRAPO TELA 1/2 X 5 YDS,0,0,"5,000",0
MP PROMEDICA,7707228411962,MINI BOLSA DE HIELO,0,0,"22,300",0
MP PROMEDICA,7707228411894,PARCHE OCULAR ELASTICO ADULTO * 20,0,0,"27,500",0
MP PROMEDICA,7707228411900,PARCHE OCULAR ELASTICO JUNIOR * 20,0,0,"24,000",0
MP PROMEDICA,7707228411528,PARCHE OCULAR ELASTICO JUNIOR * 20,0,0,"21,000",0
MP PROMEDICA,7707228412204,RECOLECTOR DE ORINA PEDIATRICO *,100,0,"10,000",0
MSD CONSUMO ,7707283721808,LIMPIA-VIDRIOS 540ML OFERTA RPTO,0,0,"4,000",0
MSD CONSUMO ,7707264461358,PULVEX BAÃ‘O SECO DESODORIZANTE EN,0,0,"6,650",0
MSD FARMA (M,7702502890303,AINEX X 10 TABLS,0,0,"68,100",0
MSD FARMA (M,7702502210309,CELESTONE 4 MG *1 ML,0,0,"22,200",0
MSD FARMA (M,7501326048057,COZAAR 100 MG X 15 COMPS,0,0,"191,200",0
MSD FARMA (M,7501326052337,COZAAR 50 MG *30 TAB,0,0,"365,000",0
MSD FARMA (M,7501326052344,COZAAR 50 MG X 15 TABLS,0,0,"180,500",0
MSD FARMA (M,9317935215081,COZAAR XQ 5/50 MG * 30 TAB,0,0,"110,000",0
MSD FARMA (M,7702502214901,DIPROFORMO CREMA X 20 GRS,0,0,"46,300",0
MSD FARMA (M,7702502215007,DIPROFORMO CREMA X 40 GRS,0,0,"70,400",0
MSD FARMA (M,7702502011555,DIPROFOS AMP * 2ML CJA *,10,0,"47,000",0
MSD FARMA (M,7702502216202,DIPROSONE CREMA X 20 GRS,0,0,"36,000",0
MSD FARMA (M,7702502216707,DIPROSONE CREMA X 40 GRS,0,0,"80,000",0
MSD FARMA (M,7702502230000,GARAMICINA CREMA * 40 GR,0,0,"32,600",0
"MSD FARMA (M04983,",355661000,INVANZ 1 GR AMP X 20 ML,0,0,"178,000",0
MSD FARMA (M,7501326049061,JANUMET 50/1000 MG * 56 TAB,0,0,"150,000",0
MSD FARMA (M,7702502239003,LOTRIDERM CREMA X 20 GRS,0,0,"73,700",0
MSD FARMA (M,7707213870040,MARVELON X 21 TABLS,0,0,"8,700",0
MSD FARMA (M,7707213870057,MERCILON X 21 GRAG,0,0,"8,700",0
MSD FARMA (M,7702502248401,METICORTEN 50 MG X 100 TABLS,0,0,"210,800",0
MSD FARMA (M,7702502255003,MONOVEL 0.1% CREMA X 15 GRS,0,0,"90,300",0
MSD FARMA (M,7702502255102,MONOVEL LOCION X 30 ML,0,0,"129,500",0
MSD FARMA (M,8711141912832,PROQUAD CJA * 1 AMP,0,0,"284,100",0
MSD FARMA (M,7707213870514,REMERON SOLTAB 15 MG X 30 TAB,0,0,"219,000",0
MSD FARMA (M,7707213870248,REMERON SOLTAB 30 MG X 30 TABS,0,0,"300,000",0
MSD FARMA (M,8711141841286,SINEMET 25/250 MG X 30 TABLS,0,0,"130,000",0
MSD FARMA (M,7501326048101,SINGULAIR 10 MG X 10 COMPS,0,0,"72,600",0
MSD FARMA (M,7501326048149,SINGULAIR 4 MG X 10 COMPS,0,0,"61,000",0
MSD FARMA (M,030006010123,SINGULAIR 4 MG X 10 S/S,0,0,"76,200",0
MSD FARMA (M,7501326048156,SINGULAIR 4 MG X 30 COMPS,0,0,"155,000",0
MSD FARMA (M,030006030121,SINGULAIR 4 MG X 30 S/S,0,0,"168,000",0
MSD FARMA (M,3556610000024,TIMOPTOL 0.5% X 5 ML,0,0,"94,800",0
MSD FARMA (M,7702502018318,UNICLAR 18 GR NASAL X 140 DOSIS X,20,0,"112,100",0
MSD FARMA (M,7501050614474,ZINTREPID 10/40 MG X 14 TABL,0,0,"85,200",0
MSD FARMA (M,7502241940457,",7ZOCOR 20 MG X 10 TABLS",0,0,0,0
MSD FARMA (M,7502241940471,",7ZOCOR 80 MG X 10 TABS",0,0,0,0
MSD FARMA (M,7702502019803,ZOELY X 28 TAB,0,0,"28,100",0
MSN LABS AME,8904159631219,BREATHEZY L * 10 TAB,0,0,"43,500",0
MUNCHI ,7702037652612,BIBERON BOCA ANGOSTA 8 ONZ 3+,0,0,"13,500",0
MUNCHI ,7702037652629,BIBERON BOCA ANGOSTA CON MANIJAS 8,0,0,"14,600",0
MUNCHI ,7702037652834,CEPILLO LIMPIADOR DE ENCIAS P/BEBE,0,0,"12,800",0
MUNCHI ,7702037652483,CHUPO DE ENTRETENCION ORTODONTICO,60,0,"8,700",0
MUNDIPHARMA ,7707204490295,OXYCONTIN 10 MG X 30 TABLS,0,0,0,0
MUNDIPHARMA ,7707204490301,OXYCONTIN 20 MG X 30 TABLS,0,0,0,0
MUNDIPHARMA ,7707204490318,OXYCONTIN 40 MG X 30 COMPS,0,0,0,0
MUNDIPHARMA ,7730979092418,TRAMACONTIN 150 MG X,50,0,"64,400",0
MUNDIPHARMA ,7709990331165,TRAMACONTIN 200 MG X 5,0,0,"73,100",0
N&F COLOMBIA,7709549122909,NUTRAGUM KIDS FRESA BOMBONERA * 30,0,0,"30,000",0
NABONASAR MA,7704987009010,IRIS TINTE AMARILLO NO.1,0,0,"3,000",0
NABONASAR MA,7704987009027,IRIS TINTE AMARILLO ORO NO.2,0,0,"3,000",0
NABONASAR MA,7704987009188,IRIS TINTE AZUL CELESTE NO.18,0,0,"3,000",0
NABONASAR MA,7704987009164,IRIS TINTE AZUL NO.16,0,0,"1,700",0
NABONASAR MA,7704987009171,IRIS TINTE AZUL OSCURO NO.17,0,0,"3,000",0
NABONASAR MA,7704987009195,IRIS TINTE AZUL TURQUI NO.19,0,0,"1,600",0
NABONASAR MA,7704987004053,IRIS TINTE CANELA   NO,50,0,0,0
NABONASAR MA,7704987009263,IRIS TINTE CASTANO NO.26,0,0,"3,000",0
NABONASAR MA,7704987009126,IRIS TINTE GRANADA NO.12,0,0,"3,000",0
NABONASAR MA,7704987009225,IRIS TINTE GRIS NO.22,0,0,"1,600",0
NABONASAR MA,7704987009133,IRIS TINTE LILA NO.13,0,0,"3,000",0
NABONASAR MA,7704987009041,IRIS TINTE MANDARINO NO.4,0,0,"1,600",0
NABONASAR MA,7704987009157,IRIS TINTE MORADO NO.15,0,0,0,0
NABONASAR MA,7704987009270,IRIS TINTE MOSTAZA NO.27,0,0,"3,000",0
NABONASAR MA,7704987009034,IRIS TINTE NARANJA NO.3,0,0,"3,000",0
NABONASAR MA,7704987009249,IRIS TINTE NEGRO NO.24,0,0,"1,900",0
NABONASAR MA,7704987009096,IRIS TINTE ROJO NO.9,0,0,"1,600",0
NABONASAR MA,7704987009072,IRIS TINTE ROSADO NO.7,0,0,"3,000",0
NABONASAR MA,7704987009119,IRIS TINTE SOLFERINO NO.11,0,0,"3,000",0
NABONASAR MA,7704987009300,IRIS TINTE VERDE LIMON NO.30,0,0,"2,400",0
NABONASAR MA,7704987009201,IRIS TINTE VERDE NO.20,0,0,"3,000",0
NABONASAR MA,7704987009218,IRIS TINTE VERDE OSCURO NO 21,0,0,"1,600",0
NABONASAR MA,7704987009140,IRIS TINTE VIOLETA NO.14,0,0,"3,000",0
NACIONAL DE ,7702007060065,CHOCOLATINA BURBUJET CRUJIVAINILLA,0,0,400,0
NACIONAL DE ,7702007062014,CHOCOLATINA JUMBO CARAMELMIX * 200,0,0,"7,000",0
NACIONAL DE ,7702007062564,COCO JET * 35 GR,0,0,"1,500",0
NACIONAL DE ,7702025141159,GALLETAS NOEL CARAVANA BOLSA * 150,0,0,"3,900",0
NACIONAL DE ,7702025141364,GALLETAS NOEL MASCOTA ALCANCIA,0,0,"15,600",0
NACIONAL DE ,7702025143566,GALLETAS SURTIDAS NOEL NAVIDAD CJA,0,0,"10,100",0
NACIONAL DE ,7702007060478,JUMBO BITES * 40 GR,0,0,"2,000",0
NACIONAL DE ,7702025144662,SALTIN NOEL DULCE TENTACION * 20.7,0,0,500,0
NACIONAL DE ,7702025139972,SALTIN NOEL INTEGRAL TACO-DIA *110,0,0,"2,500",0
NACIONAL DE ,7702025142392,SALTIN NOEL QUESO TIPO HOLANDES *,20,0,"3,500",0
NACIONAL DE ,7701101357897,ZENU SALCHICHAS VIENA PARRILLADA *,0,0,"3,500",0
NATURAL FRES,7707232091235,ACEITE DE ALMENDRAS VITAMINA E *,240,0,"28,400",0
NATURAL FRES,7707232091259,ACEITE MANO DE RES C/VITAMINA E *,20,0,"25,000",0
NATURAL FRES,7707232091266,ACEITE PARA MASAJES AJONJOLI * 240,0,0,"22,000",0
NATURAL FRES,7707232091273,ACEITE PARA MASAJES ZANAHORIA+VITA,0,0,"22,000",0
NATURAL FRES,7707232094670,ACTIVOX JBE * 180 ML,0,0,"40,000",0
NATURAL FRES,7707232098142,ALCACHOFA BEBIDA CONCENTRADA PIÃ‘A,0,0,"30,300",0
NATURAL FRES,7707232090986,APETIFORT JBE PED * 240 ML,0,0,"41,400",0
NATURAL FRES,7707232090818,ARNICA CREMA * 60 GR,0,0,"29,500",0
NATURAL FRES,7707772811140,AROMATERAPIA  CREMA PURIFRESHS *,200,0,"26,000",0
NATURAL FRES,7707772811386,AROMATERAPIA CREMA BON NERVIN * 20,0,0,"26,000",0
NATURAL FRES,7707232095141,ARTRISAN MSM CREMA X 80 GR,0,0,"47,700",0
NATURAL FRES,7707232090054,BELIGHT FAST BEBIDA FUNCIONAL *,5000,0,"24,000",0
NATURAL FRES,7707232097367,BELL BRONZER ACEITE BRONCEADOR *,240,0,"46,200",0
NATURAL FRES,7707232090108,BETACAROTENO *80 CAP,0,0,"38,900",0
NATURAL FRES,7707232090764,BIOPRONNABIS CANNABIS C/OJOS DIA *,0,0,"35,700",0
NATURAL FRES,7707232090795,BIOPRONNABIS CANNABIS C/OJOS NOCHE,0,0,"34,600",0
NATURAL FRES,7707232090757,BIOPRONNABIS CANNABIS SATIVA BARRA,0,0,"16,900",0
NATURAL FRES,7707772810259,BIOPRONNABIS CBD BALSAMO TARRO X,600,0,"44,000",0
NATURAL FRES,7707772810228,BIOPRONNABIS CBD LOCION SPRAY X,2400,0,"32,000",0
NATURAL FRES,7707232094809,BIOTINA COMPLEX * 50 SOFTGELS,0,0,"59,100",0
NATURAL FRES,7707232096766,BON SLEEP * 30 CAP,0,0,"25,000",0
NATURAL FRES,7707232090122,BON STAR FCO * 100,0,0,"38,000",0
NATURAL FRES,7707232096247,CALCISOYA LECHE DE SOYA FIBRA *,2000,0,"10,000",0
NATURAL FRES,7707232096230,CALCISOYA LIGHT  LECHE DE SOYA SIN,0,0,"11,500",0
NATURAL FRES,7707232090139,CALENDULA OFERTA PAGUE 50 LLEVE,1000,0,"20,900",0
NATURAL FRES,7707232096995,CLORURO DE MAGNESIO FAMILIAR * 200,0,0,"77,700",0
NATURAL FRES,7707232096988,COLAGENO COMPLEX RESVERATROL * 200,0,0,"85,900",0
NATURAL FRES,7707232098401,COLÃGENO CRANBERRY BEBIDA FCO *,360,0,"30,000",0
NATURAL FRES,7707232095899,COLAGENO RESVERATROL POWDER FOOD *,0,0,"57,300",0
NATURAL FRES,7707232090061,COLICORT MAX FORTE 500 MG CJA * 30,0,0,"35,000",0
NATURAL FRES,7707232098098,COLICORT MIX INFUSION HERBAL CJA *,0,0,"17,840",0
NATURAL FRES,7707232094885,COLLAGEN PLUS CON VITAMIN C FCO *,50,0,"56,500",0
NATURAL FRES,7707232090184,COMPLEJO B * 50 CAP,0,0,"38,500",0
NATURAL FRES,7707232098197,CORTILIP CARD CJA * 60 CAPS,0,0,"25,000",0
NATURAL FRES,7707232093840,CRANBERRY * 50 CAP,0,0,"50,000",0
NATURAL FRES,7707232092546,CRE-C GOMITAS FRUTAS TROPICALES *,10,0,"29,700",0
NATURAL FRES,7707232093437,ESTRES SIN X 50 CAP,0,0,"40,000",0
NATURAL FRES,7707232097732,FINACID TE VERDE CON HIERBAS CJA *,0,0,"22,000",0
NATURAL FRES,7707232093963,FINACID X 60 CAPS,0,0,"25,190",0
NATURAL FRES,7707232093093,FLOR DE JAMAICA TE SOBRE CAJA * 20,0,0,"14,000",0
NATURAL FRES,7707232092898,FLY FREE REPELENTE SPRAY ADULTOS *,0,0,"32,000",0
NATURAL FRES,7707232097206,FLY FREE REPELENTE SPRAY NIÃ‘OS *,10,0,"29,300",0
NATURAL FRES,7707232094472,FYBOFORT PSYLLIUM MICRONIZADO *,2500,0,"45,000",0
NATURAL FRES,7707232097398,GANODERMA X 60 CAP,0,0,"64,600",0
NATURAL FRES,7707232095318,GAX OFF * 360 ML,0,0,"30,000",0
NATURAL FRES,7707232090498,GAX OFF * 50 CAP,0,0,"35,900",0
NATURAL FRES,7707232091174,GEL ANTIACNE * 30 GR,0,0,"34,500",0
NATURAL FRES,7707232095851,GEL LUBRICANTE INTIMO *100G UNIDAD,0,0,"25,900",0
NATURAL FRES,7707232097664,HEPATODREN TRIPLE ACCION MENTA *,240,0,"35,000",0
NATURAL FRES,7707232099125,JABON DE LECHE Y ALMENDRAS BARRA *,0,0,"17,000",0
NATURAL FRES,7707232093628,JABON EN BARRA CARBON ACTIVADO *,900,0,"14,300",0
NATURAL FRES,7707232092201,JABON EXFOLIANTE ACEITE DE COCO *,90,0,"13,600",0
NATURAL FRES,7707232095325,JABON LIQ INTIMO * 280 ML,0,0,"33,320",0
NATURAL FRES,7707232099965,JABON LIQU INTIMO NIÃ‘AS CALENDULA,0,0,"17,000",0
NATURAL FRES,7707232095691,JABON LIQUIDO INTIMO C/CALENDULA *,0,0,"26,500",0
NATURAL FRES,7707232097091,LEVADURA DE CERVEZA FCO * 200 CAPS,0,0,"90,000",0
NATURAL FRES,65716439607,MELATONINA 10 MG + VITAMINA B6 *,100,0,"60,000",0
NATURAL FRES,7707232092386,MIEL DE ABEJAS SELVA VIRGEN FCO*,160,0,"5,000",0
NATURAL FRES,7707232098050,MIELTERTOS DIA PANELA - NARANJA *,60,0,"15,700",0
NATURAL FRES,7707232098449,NOPAL * 60 SOFTGELS,0,0,"58,000",0
NATURAL FRES,7707232092928,NUTREFOR PLUS N.F.I. X 1000 GR,0,0,"77,000",0
NATURAL FRES,7707232097145,NUTREFORT PLUS NFI 1000 BANANA *,100,0,"56,600",0
NATURAL FRES,7707232092799,OMEGA 3 + VITAMINA E COLSROL FORTE,0,0,"77,000",0
NATURAL FRES,7707232093413,OMEGA 3 6 9 COMPLEX * 60 CAP LLEVE,0,0,"135,000",0
NATURAL FRES,7707232094939,OMEGA 3-6-9 FCO * 50 SOFTGELS,0,0,"22,372",0
NATURAL FRES,7707772810501,PAZYDOL CREMA * 60GR,0,0,"19,000",0
NATURAL FRES,7707232098821,PET & CATS SNACKS PERNIL POLLO * 1,0,0,"6,000",0
NATURAL FRES,7707232097510,PIOCLEAN HERBAL LOCION * 30 ML NAT,0,0,"40,000",0
NATURAL FRES,7707232093680,POMADA VERDE *25 GR,0,0,"14,000",0
NATURAL FRES,7707772810532,PRODEFENS FRESH FRUTOS ROJOS * 500,0,0,"51,000",0
NATURAL FRES,7707232095653,PROPOLEO MAX F VIT C  GOTAS   X 50,0,0,0,0
NATURAL FRES,7707232094021,PROSTAFORT SAW PALMENTTO FORTE *,500,0,"68,600",0
NATURAL FRES,7707232091037,PROSTAFORT SAW PALMETTO  * 50 CAP.,0,0,"31,000",0
NATURAL FRES,7707232094014,QUINUA REAL X 500 GR,0,0,"20,990",0
NATURAL FRES,7707232096445,RESVERAFORT COMPLEX 260MG FCO * 60,0,0,"27,000",0
NATURAL FRES,7707232095868,SANGRE DE DRAGO CICATRIZANTE GOTAS,0,0,"30,000",0
NATURAL FRES,7707232091020,SINUCORT FRESH GEL REFRESCANTE *,150,0,"20,000",0
NATURAL FRES,7707232092706,STEVIA ENDULZANTE NATURAL FCO *,2000,0,"17,500",0
NATURAL FRES,7707772810440,STEVIA ENDULZANTE NATURAL GOTAS *,60,0,"15,000",0
NATURAL FRES,7707232091570,STEVIET * 50 S/S,0,0,"24,800",0
NATURAL FRES,7707232096292,TE ESBELT AMARILLO DURAZNO * 300 G,0,0,"26,000",0
NATURAL FRES,7707232094892,TRANSFER RESEARCH COLOSTRUM 750 MG,0,0,"43,000",0
NATURAL FRES,7707232096209,TRANSFER RESEARCH COLOSTRUM 750 MG,0,0,"38,000",0
NATURAL FRES,7707232090771,VALERIANA OFERTA 50X75 CAPS,0,0,"18,710",0
NATURAL FRES,7707232093420,VENASFULL * 30 CAP,0,0,"50,000",0
NATURAL FRES,7707232093826,VIGA SEX GEL LUBRICANTE INTIMO *,100,0,"36,600",0
NATURAL FRES,7707772810198,VITA VIDA * 12 S/S,0,0,"45,000",0
NATURAL FRES,7707232095998,VITAMIN C 500 MG + VITAMINA E * 60,0,0,"58,000",0
NATURAL FRES,7707232096476,VITAMINA C COMPLEX + VITAMINA E *,30,0,"17,500",0
NATURAL FRES,7707232094786,VITAMINA E 1000 IU+SELENIO FCO *,500,0,"37,000",0
NATURAL FRES,7707232091440,VITAMINA E 400 X 50 CAPS,0,0,"23,000",0
NATURAL FRES,7707232098210,ZIN-CAL-MAG MULTIVITAMINAS FCO *,500,0,"50,000",0
NATURAL FRES,7707232092911,ZIN-CAL-MAG POWERFUL TARRO * 400 G,0,0,"32,000",0
NATURAL FRES,7707232098685,ZINC COMPLEX FCO * 60 SOFTGELS NAT,0,0,"60,000",0
NATURAL NUTR,646824310064,ALOE VERA + VITAMINA E FACIAL * 60,0,0,"69,900",0
NATURAL NUTR,646824354105,B COMPLEX * 100 TAB,0,0,"58,500",0
NATURAL NUTR,094922310064,COLAGENO * 60 CAP,0,0,"50,000",0
NATURAL NUTR,094922311061,MELATONIN * 60 CAP,0,0,"60,600",0
NATURAL SYST,665716424603,CASCARA SAGRADA 500MG FCO *,0,0,"50,000",0
NATURAL SYST,665716186600,COLLAGEN PLUS VITAMIN C * 60 CAP,0,0,"45,000",0
NATURAL SYST,665716302604,CORAL CALCIUM 1000 MG + VITAMINA D,0,0,"50,000",0
NATURAL SYST,665716911103,FOLIC SUPLEMENTO DIETARIO FCO *,1000,0,"45,220",0
NATURAL SYST,665716190300,GLUCOSAMINA 1500 MG + CONDROITINA,10,0,"69,000",0
NATURAL SYST,665716418602,KOREAN GINSENG 820 * 90,0,0,"47,000",0
NATURAL SYST,665716602100,LECITINA DE SOYA 1200 MG FCO * 100,0,0,"41,200",0
NATURAL SYST,665716197606,LIV - C * 60 CAP,0,0,"54,000",0
NATURAL SYST,665716310500,LSINA * 60 CAP,0,0,"53,000",0
NATURAL SYST,665716812127,MITRUM VIT * 120 CAP,0,0,"58,000",0
NATURAL SYST,665716607907,OMEGA 3 6 9 * 90 CAP,0,0,"63,100",0
NATURAL SYST,665716603114,OMEGA 3 EPA + DHA / SALMON OIL *,100,0,"59,700",0
NATURAL SYST,665716305100,PICOLINATO CHROMIUM 400 MG FCO *,100,0,"41,600",0
NATURAL SYST,665716170609,URINE FLOW * 60 CAP,0,0,"60,000",0
NATURAL SYST,665716452101,VITAMINA A PLUS + VITAMINA E * 100,0,0,"41,000",0
NATURAL SYST,665716915606,VITAMINA C 1000 MG + ROSE HIPS *,600,0,"42,000",0
NATURAL WAY,7707238862556,ALMENDRAS BEBIDA SIN LACTOSA * 400,0,0,"44,800",0
NATURAL WAY,7707238861351,CELUVIPAT EMBRION DE PATO CJA * 24,0,0,"65,000",0
NATURAL WAY,7707238863546,CRECKID * 500 ML,0,0,"19,900",0
NATURAL WAY,7707238863591,DIGSCOL * 500 ML,0,0,"19,900",0
NATURAL WAY,7707238863485,MOVIFLX *500 ML,0,0,"19,900",0
NATURAL WAY,7707238863300,PROS-AVID *500 ML,0,0,"19,900",0
NATURAL WAY,7707238860941,TECEL PLUS * 20 AMPOLLAS BEBIBLES,10,0,"50,000",0
NATURAL WAY,7707238861412,VITACRECEL VAINILLA JB FCO * 120ML,0,0,"10,000",0
NATURALLY,860005035717,DHEA 25 MG *60 CAP,0,0,"54,600",0
NATURALMENTE,7707351591500,AMIGDAL-B * 12 TAB,0,0,"18,500",0
NATURALMENTE,7708999381744,BKMEZOL 1% * 40 GR,0,0,"14,500",0
NATURALMENTE,7708109834146,CALCIO + D3 * 60 CAP,0,0,"130,900",0
NATURALMENTE,7709870779995,CALCIO + VITAMINA D3 1200-400UI *,60,0,"55,000",0
NATURALMENTE,7709631974515,CALMVIA X 60 DISCOS,0,0,"38,900",0
NATURALMENTE,7709940450588,ENERVIA X 60 DISCOS,0,0,"38,900",0
NATURALMENTE,7709631974508,ENZIVIA X 60 DISCOS,0,0,"38,900",0
NATURALMENTE,7709940450564,FEMBALANCE X 60 DISCOS,0,0,"38,900",0
NATURALMENTE,7709940450502,GREENFIT X 60 DISCOS,0,0,"38,900",0
NATURALMENTE,7708109834191,GYNOTALSECLIN DUO CREMA VAGINAL *,20,0,"33,100",0
NATURALMENTE,7709631974553,INMUNIX X 60 DISCOS,0,0,"38,900",0
NATURALMENTE,7707351592187,NENEDOL GOTAS * 10 ML,0,0,"23,100",0
NATURALMENTE,7707058373232,OMEGA 3 6 9 * 30 CAP,0,0,"27,500",0
NATURALMENTE,7709663818184,OMEGA 3 6 9 * 60 CAP,0,0,"33,000",0
NATURALMENTE,7708109834283,PARABIL JBE * 120 ML,0,0,"20,800",0
NATURALMENTE,7709458537306,PASIFLORA + VALERIANA + MANZANILLA,0,0,"40,000",0
NATURALMENTE,7709631974591,PROSFIN X 60 DISCOS,0,0,"38,900",0
NATURALMENTE,7708109834801,RESVERATROL LIQUIDO SABOR UVA *,1000,0,"44,900",0
NATURALMENTE,7708915796157,VECEVIT + ZINC MAST MANDARINA *,1000,0,"49,500",0
NATURALMENTE,7708109834580,VITAMINERAL FOS + ZINC FRESA * 700,0,0,"69,900",0
NATURALS IMP,7709443605386,PROBIOTICOS Y PREBIOTICOS FCO *,1200,0,"78,800",0
NATURASOL,7707212130435,BOLDEX * 16 CAP,0,0,"24,200",0
NATURCOL,7707241094869,JABON DE GLICERINA * 100 GR,0,0,"11,900",0
NATURFAR SAS,7705006017917,NATURFLORA * 60 CAP,0,0,"35,000",0
NATURFAR SAS,7705006010444,ORTIGA * 100 TAB,0,0,"28,000",0
NEILMED PHAR,705928045309,NEILMED NASOGEL  NARICES SECAS *,300,0,"78,000",0
NEILMED PHAR,705928501164,NEILMED NASPIRA ASPIRADOR NASAL *,10,0,"83,500",0
NEILMED PHAR,705928500754,NEILMED PEDIAMIST KIDS SS NASAL *,70,0,"76,900",0
NEILMED PHAR,705928014008,NEILMED SINU RINSE NIÃ‘OS SALINO *,0,0,"82,000",0
NELLY DIETES,7707228350001,NEVER OLD SHAMPOO CONCENTRADO X230,0,0,"16,000",0
NELLY DIETES,7707228350025,NEVER OLD SHAMPOO ORTIGA Y SABILA,20,0,"10,200",0
NELLY DIETES,7707228351015,NEVER OLD TONICO OSCURECER CANASX,20,0,"16,000",0
NESTLE COLOM,7702024004219,KLIM 1+ * 400 GR,0,0,"11,800",0
NESTLE COLOM,7702024004233,KLIM 1+ * 900 GR,0,0,"25,000",0
NESTLE COLOM,7702024012122,KLIM 1+ X 1700 GRS,0,0,"47,000",0
NESTLE COLOM,7702024056775,MILO BOLSA * 1100 GR,0,0,"43,000",0
NESTLE COLOM,7702024056409,MILO BOLSA X 500 GR,0,0,"21,800",0
NESTLE COLOM,7702024063698,MILO BOLSA X 750 GR,0,0,"24,400",0
NESTLE COLOM,7702024003526,MILO LATA X 400 GRS,0,0,"20,000",0
NESTLE COLOM,7702024594734,NESCAFE CAPPUCCINO COCOSETTE *,10000,0,"139,700",0
NESTLE COLOM,7702024005780,NESCAFE TRADICIONAL * 85 GR,0,0,"19,300",0
NESTLE COLOM,7702024005803,NESCAFE TRADICIONAL X 170 GR,0,0,"14,700",0
NESTLE FOOD ,7702024782186,GALLETAS SALTINAS CHOCOLATE CANELA,0,0,"5,700",0
NESTLE FOOD ,7891000248768,KITKAT * 41.5 GR,0,0,"5,800",0
NESTLE FOOD ,7702024890782,KLIM CLASICA FORTIFICADA *840 GR +,0,0,"42,900",0
NESTLE FOOD ,7702024627531,MILO CEREAL *380GR,0,0,"13,300",0
NESTLE FOOD ,7702024056010,MILO NUGGETS * 40 GR,0,0,"4,900",0
NESTLE FOOD ,7702024044161,NESQUIK FRESA * 200 GR,0,0,"5,600",0
NESTLE HEALT,7613038383453,ALTHERA * 400 GR,0,0,"119,900",0
NESTLE HEALT,7613032493080,NAN ALFARE * 400 GR,0,0,"133,600",0
NESTLE HEALT,7891000299203,NESSUCAR *500 GR,0,0,"56,500",0
NESTLE HEALT,7702024936015,NUTREN SENIOR LIQUIDO OFERTA PAGA4,0,0,"38,300",0
NESTLE HEALT,7891000303030,NUTREN SENIOR POLVO SIN SABOR *,7400,0,"144,000",0
NESTLE HEALT,7891000302910,NUTREN SENIOR POLVO SIN SABOR *370,0,0,"65,900",0
NESTLE HEALT,7891000302996,NUTREN SENIOR POLVO VAINILLA * 370,0,0,"70,000",0
NESTLE HEALT,7891000401330,NUTREN SENIOR POLVO VAINILLA * 740,0,0,"161,200",0
NESTLE NUTRI,7613035854024,NAN AE LATA * 400 GR,0,0,"72,000",0
NESTLE NUTRI,7613035881037,NAN AE LATA * 800 GR,0,0,"129,200",0
NESTLE NUTRI,7613033734441,NAN COMFORT * 400 GR,0,0,"84,700",0
NESTLE NUTRI,7613034751829,NAN COMFORT * 800 GR,0,0,"154,000",0
NESTLE NUTRI,7613033033889,NAN H.A. 1 * 400 GR,0,0,"97,000",0
NESTLE NUTRI,8445290623799,NESCARE SENSITIVE PROBIOTICOS  *,150,0,"64,000",0
NESTLE NUTRI,7891000078969,NESTOGENO 2 * 800 GR,0,0,"81,600",0
NESTLE NUTRI,7506475123877,NESTOGENO 3 * 400 GR,0,0,"32,900",0
NESTLE NUTRI,7501059297739,NESTOGENO 3 * 800 GR,0,0,"60,800",0
NESTLE NUTRI,7891000322949,NESTUM 5 CEREALES MANZANA Y QUINOA,0,0,"9,700",0
NESTLE NUTRI,7613035652583,NESTUM ARROZ *350 GR,0,0,"22,700",0
NESTLE NUTRI,7613032814304,",7NESTUM VAINILLA *200 GR",0,0,"13,900",0
NESTLE PURIN,7702521104863,PURINA CAT CHOW ADULTO DELIMIX *,500,0,"10,900",0
NESTLE PURIN,7702521104832,PURINA CAT CHOW ADULTOS CARNE *,5000,0,"24,200",0
NESTLE PURIN,7702521498955,PURINA CAT CHOW ESTERILIZADOS *,5000,0,"12,000",0
NESTLE PURIN,7702521100605,PURINA CAT CHOW FORTI DEFENSE VISA,0,0,"24,200",0
NESTLE PURIN,7702521104115,PURINA DOG CHOW ADULTOS MEDIANOS Y,0,0,"27,200",0
NESTLE PURIN,7702521102517,PURINA DOG CHOW CACHORROS MEDIANOS,0,0,"23,100",0
NESTLE PURIN,7702521102524,PURINA DOG CHOW CACHORROS MEDIANOS,0,0,"30,500",0
NESTLE PURIN,7891000240625,PURINA FELIX CLASSIC GATITOS CARNE,0,0,"3,441",0
NEVOX FARMA ,7703579170701,ACEVITAL * 30 TAB,0,0,"82,500",0
NEVOX FARMA ,7707334710034,",7ACEVITAL * 90 TAB",0,0,"160,000",0
NEVOX FARMA ,7707334710300,ACEVITAL NX * 30 CAP,0,0,"92,500",0
NEVOX FARMA ,7707334710317,ACEVITAL NX * 90 TAB,0,0,0,0
NEVOX FARMA ,7707193770507,ATHEN JBE * 120 ML,0,0,"16,000",0
NEVOX FARMA ,7707334710294,BALZAC SUSP * 360 ML,0,0,"63,000",0
NEVOX FARMA ,7703579222615,",7CARDIOGREL * 20 TAB",0,0,0,0
NEVOX FARMA ,7707334710331,DESNA 5 MG * 20 TAB,0,0,"50,000",0
NEVOX FARMA ,7707334710263,DESNA JBE * 60 ML,0,0,"54,000",0
NEVOX FARMA ,7707334710065,DIARSED SUSP * 120 ML,0,0,"35,500",0
NEVOX FARMA ,7707334710072,DIARSET M SUSP * 120 ML,0,0,"63,500",0
NEVOX FARMA ,7703579001333,DIETREX * 20 CAP,0,0,"40,000",0
NEVOX FARMA ,7707334710096,DIETREX * 40 TAB,0,0,"53,500",0
NEVOX FARMA ,7707334710447,DIETREX JBE * 120 ML,0,0,"48,100",0
NEVOX FARMA ,7707334710089,DIETREX JBE * 180 ML,0,0,"55,000",0
NEVOX FARMA ,7707334710195,ESOZOL 40 MG * 20 CAP,0,0,"73,600",0
NEVOX FARMA ,7707334710119,FIGEZTOMIL * 30 TAB,0,0,0,0
NEVOX FARMA ,7707334710270,FILUT CREMA * 15 GR,0,0,"29,000",0
NEVOX FARMA ,7707334710126,FILUT SPRAY * 30 ML,0,0,"62,500",0
NEVOX FARMA ,7707334710348,FOSTREN 3 GR * 1 S/S,0,0,"25,900",0
NEVOX FARMA ,7703579004891,METICOM * 40 CAP,0,0,"77,600",0
NEVOX FARMA ,7707334710140,METICOM * 40 CAP,0,0,"77,600",0
NEVOX FARMA ,7709930569450,OXIMETAZOLINA 0.025% GOTAS * 15 ML,0,0,"12,500",0
NEVOX FARMA ,7707334710157,SIMETICON CEREZA * 360 ML,0,0,"78,000",0
NEVOX FARMA ,7707334710164,SIMETICON GOTAS * 30 ML,0,0,"39,800",0
NEVOX FARMA ,7707334710362,UROBERRY * 30 CAP,0,0,"60,000",0
NEXT PHARMA,4823091000010,INMUNOGLOBULINA HUMANA ANTI D(RH),30,0,"235,500",0
NEXT PHARMA,8906058860196,PREVLOG CJ * 100 TAB,0,0,"32,500",0
NIPRO ,4968420501025,AGUJA HIPODERMICA 21 G X 1,0,0,300,0
NIPRO ,7898909175539,JELCO 24 NIPRO,0,0,"2,200",0
NIPRO ,7898909175423,JELCO N. 16 NIPRO,0,0,"2,000",0
NIPRO ,021292005108,TRUETEST TIRAS REACTIVAS *,500,0,"57,000",0
NOVADERMA,7707206270215,ACUANOVA SOFT *220 GR,0,0,"99,000",0
NOVADERMA,7707206270062,AVENOVA JABON *100 GR,0,0,"22,500",0
NOVADERMA,7707206270123,CLOBENOVA 0.05% EMULSION X 60 ML,0,0,"45,000",0
NOVADERMA,7707206270710,CURCUBID EMULGEL TERMOACTIVO *,0,0,"81,000",0
NOVADERMA,7707206270130,KETONOVA SHAMPOO 2% X 150 ML,0,0,"44,000",0
NOVADERMA,7707206270659,LIPIEL FACE ESPUMA LIMPIADORA *160,0,0,"94,500",0
NOVADERMA,7707206270314,LIPIEL FEM *300 ML,0,0,"77,826",0
NOVADERMA,7707206270093,LIPIEL SCRUB *120 ML,0,0,"85,000",0
NOVADERMA,7707206273056,NEOMELAN GEL X 25 ML,0,0,0,0
NOVADERMA,7707206276637,NOVADER K CREMA *30 GR,0,0,"146,600",0
NOVADERMA,7707206270321,NOVAFRESH LOCION *160 ML,0,0,"89,500",0
NOVADERMA,7707206279515,OCTODIR SHAMPOO * 120 ML,0,0,"76,900",0
NOVADERMA,7707206270277,RENOVALIFT X 15 ML,0,0,0,0
NOVADERMA,7707206270499,RESVENOVA SERUM GEL REAFIRMANTE *,30,0,"219,800",0
NOVADERMA,7707206270413,RESVENOVA X 60 CAPS,0,0,"112,217",0
NOVADERMA,7707206270048,SUNAID BALSAMO LABIAL X 12 GR,0,0,0,0
NOVADERMA,7707206270291,SUNAID BASE CUBRIENTE P/CLARA X 13,0,0,0,0
NOVADERMA,7707206270222,SUNAID BASE CUBRIENTE P/OSCURAX 13,0,0,0,0
NOVADERMA,7707206270055,SUNAID CHILDREN *90 ML,0,0,"105,000",0
NOVADERMA,7707206270604,SUNAID EVOLUCION COLOR PROT SOLAR,50,0,"115,500",0
NOVADERMA,7707206270161,",7SUNAID POLVO COMP PIEL OSCURA X 12",0,0,"109,900",0
NOVADERMA,7707206270253,TRETINOVA 20 MG X 30 CAPS,0,0,0,0
NOVADERMA,7707206270079,UREALAC 40% CREMA *60 GR,0,0,"79,600",0
NOVAMED BABY,7703546033060,CRONOFEN NIÃ‘OS JBE * 60 ML,0,0,"14,500",0
NOVAMED FARM,7703546477109,ALERMED D * 10 TAB,0,0,"90,000",0
NOVAMED FARM,7703546183000,BILLOX * 30 TAB MAST,0,0,"69,900",0
NOVAMED FARM,7703546508599,CANNEPI 100 MG/ML SOLUCION ORAL,200,0,"93,000",0
NOVAMED FARM,7703546517683,ESOMEPRAZOL 20 MG * 30 TAB,0,0,"41,900",0
NOVAMED FARM,7703546041508,FLEXTRIL 1500 MG * 15 S/S,0,0,"114,200",0
NOVAMED FARM,7703546421157,FUROATO DE FLUTICASONA SPRAY NASAL,0,0,"31,700",0
NOVAMED FARM,7703546213844,LEXINA 750 MG *5 TAB,0,0,"169,000",0
NOVAMED FARM,7703546702539,SERECOR FORTE DPI 250 MG C/INH  *,30,0,"69,000",0
NOVAMED FARM,7703546702546,SERECOR FORTE DPI 250 MG S/INH *,300,0,"69,500",0
NOVAMED FARM,7703546703079,SUPREFLUX FORTE DOBLE ACCION MENTA,0,0,"48,000",0
NOVAMED FARM,7703546020558,VITAMINA A 50.000 UI * 50 CAP,0,0,"24,800",0
NOVAMED NUTR,7703546434157,NUTRIBEN AE * 400 GR,0,0,"72,900",0
NOVAMED NUTR,7703546835077,NUTRIBEN AE * 900 GR,0,0,"134,800",0
NOVAMED NUTR,7703546720007,NUTRIBEN AR * 400 GR,0,0,"69,400",0
NOVAMED OTC,7703546759984,CDZ VIT * 30 S/S,0,0,"56,500",0
NOVAMED OTC,7703546701518,CONGESTEX BEBIDA CALIENTE LIMON *,30,0,"52,300",0
NOVAMED OTC,7703546020008,CRONOFEN 500 MG * 400 TAB,0,0,"104,000",0
NOVAMED OTC,7703546072014,FLUMIXOL 200 MG * 10 S/S,0,0,"30,000",0
NOVAMED OTC,7703546761383,FUNEX 200 MG * 4 CAP,0,0,"65,000",0
NOVAMED OTC,7703546092104,LORDINEX D *10 TAB,0,0,"25,000",0
NOVAMED OTC,7703546618038,MEXIMED 15 MG *5 TAB,0,0,"21,000",0
NOVARTIS FAR,90888813248365,-FLUOROURACIL 500 MG * 5 AMP,0,0,"23,500",0
NOVARTIS FAR,9088881314271,CALBOPLATINO 150 MG VIAL X 15 ML,0,0,"43,000",0
NOVARTIS FAR,7792069002349,CIPROTERONA 50 MG X 50 COMP,0,0,0,0
NOVARTIS FAR,9088881046431,CISPLATINO 10 MG VIAL X 20 ML,0,0,0,0
NOVARTIS FAR,9088882447237,CITARABINA 500 MG VIAL X 10 ML,0,0,"47,300",0
NOVARTIS FAR,7795306206920,COMBAREN 50/50 MG X 10 COMPS,0,0,"46,500",0
NOVARTIS FAR,7702635143468,COMTADE 200 MG X 30 TABS,0,0,0,0
NOVARTIS FAR,7792069006248,DOCETAXOL 80 MG AMP,0,0,"125,500",0
NOVARTIS FAR,9088881300519,DOXORUBICIN 10 MG VIAL X 5 M3,0,0,"30,000",0
NOVARTIS FAR,7702635153528,ELIDEL CREMA X 15 GRS,0,0,"109,000",0
NOVARTIS FAR,9088881332978,EPIRUBICIN 10 MG VIAL X 5 ML,0,0,"55,300",0
NOVARTIS FAR,9088881332985,EPIRUBICIN 50 MG VIAL X 25 ML,0,0,"175,000",0
NOVARTIS FAR,7702635144700,FEMARA 2.5 MG * 30 COMP,0,0,"145,900",0
NOVARTIS FAR,7896261003682,FLOTAC 140 MG X 20 CAPS,0,0,"77,500",0
NOVARTIS FAR,7702635123118,FORADIL *30 CAP,0,0,"26,500",0
NOVARTIS FAR,7792069282024,GEMCITABINE 1 GR VIAL,0,0,0,0
NOVARTIS FAR,7792069282017,GEMCITABINE 200 MG VIAL,0,0,0,0
NOVARTIS FAR,7896261015548,LEPONEX 100 MG X 15 COMPS,0,0,"121,600",0
NOVARTIS FAR,7896261015531,",7LEPONEX 25 MG X 20 COMP",0,0,0,0
NOVARTIS FAR,7702635157021,LESCOL XL 80 MG X 14 TABLS,0,0,0,0
NOVARTIS FAR,7702635154501,LESCOL XL 80 MG X 7 TABLS,0,0,0,0
NOVARTIS FAR,7702635101871,LOPRESOR 50 MG X 40 GRAG,0,0,"56,500",0
NOVARTIS FAR,7896261006959,LUDIOMIL 25 MG X 20 GRAG,0,0,0,0
NOVARTIS FAR,5413895024283,MAXITROL UNG * 3.5 GR,0,0,"56,500",0
NOVARTIS FAR,9088881314783,METOTREXATO 2.5 MG X 50 TABLS,0,0,"20,400",0
NOVARTIS FAR,7702635195023,MIACALCIC 100 MG X 5 AMPS,0,0,0,0
NOVARTIS FAR,7702635195627,MIACALCIC NASAL 200U.I SPRAY,0,0,"255,700",0
NOVARTIS FAR,5010678913064,MIFLONIDE 400 MCG X 60 CAP,0,0,"45,100",0
NOVARTIS FAR,9088881332121,MITOXANTRONA 20 MG VIAL X 10ML,0,0,"170,800",0
NOVARTIS FAR,7702635721963,ONBRIZE 150 MG * 30 CAPS INHALADOR,0,0,"99,500",0
NOVARTIS FAR,9088881320722,PACLITAXEL 30 MG VIAL X 5 ML,0,0,"50,000",0
NOVARTIS FAR,9088882426652,PACLITAXEL 300 MG VIAL X 50 ML,0,0,"275,000",0
NOVARTIS FAR,7702635714378,RASILEZ 150 MG X 14 TABLS,0,0,0,0
NOVARTIS FAR,7702635714347,RASILEZ 150 MG X 28 TABLS,0,0,0,0
NOVARTIS FAR,7702635714361,RASILEZ 300 MG X 14 TABLS,0,0,0,0
NOVARTIS FAR,7702635714354,RASILEZ 300 MG X 28 TABLS,0,0,"220,000",0
NOVARTIS FAR,7702635715856,RASILEZ HCT 300/12.5 MG X 28 TABLS,0,0,0,0
NOVARTIS FAR,7702635195672,SANDIMMUN 100 MG * 50 ML,0,0,"756,900",0
NOVARTIS FAR,7702635195610,SANDIMMUN 25 MG X 50 CAPS,0,0,"114,600",0
NOVARTIS FAR,7702635327455,SANDOSTATIN 0.1 MG * 5 AMP,0,0,"271,800",0
NOVARTIS FAR,7702635727316,STALEVO 75/18.75/200 MG * 30 TAB,0,0,0,0
NOVARTIS FAR,7501094915902,SYNTOCINON 10 MG X 100 AMPS,0,0,0,0
NOVARTIS FAR,7501094915735,SYNTOCINON 5MG X 100 AMPS,0,0,0,0
NOVARTIS FAR,7702635710592,TEGRETOL SUSP * 100 ML,0,0,"8,300",0
NOVARTIS FAR,7702635075561,TETANOL JERINGA PRELLENADA,0,0,"16,200",0
NOVARTIS FAR,7501088616259,TOBREX * 5 ML,0,0,"78,200",0
NOVARTIS FAR,7702635718338,TRILEPTAL 600 MG *30 COMP,0,0,"47,300",0
NOVARTIS FAR,7702635143512,",2TRILEPTAL SUSP *100 ML",0,0,"35,000",0
NOVARTIS FAR,7702635160786,VENORUTON FORTE X 20 TABLS,0,0,0,0
NOVARTIS FAR,9088882452743,VINORELBINA 50 MG * 1 AMP,0,0,"375,000",0
NOVARTIS FAR,7792069002516,VINORELBINA 50 MG AMP,0,0,0,0
NOVARTIS FAR,7680486240140,VISCOTEARS GEL X 10 GRS,0,0,"52,000",0
NOVARTIS FAR,7896261005211,VOLTAREN 100 MG RETARD * 10 GRAG,0,0,"70,600",0
NOVARTIS FAR,7896261004887,VOLTAREN 50 MG * 20 GRAG,0,0,"40,200",0
NOVARTIS FAR,3587381199938,VOLTAREN OFTALMICO * 5 ML,0,0,"64,000",0
NOVARTIS FAR,7896261001794,VOLTAREN SR 75 MG * 20 GRAG,0,0,"83,500",0
NOVARTIS FAR,7501124805784,ZADITEN JBE X 100 ML,0,0,"39,200",0
NOVARTIS FAR,7702635157601,ZOMETA 4MG/100ML AMP,0,0,"560,000",0
NOVARTIS OTC,7401066201951,EURAX LOCION X 50 ML,0,0,"17,800",0
NOVARTIS OTC,7702635195184,FORMITROL-N X 150 COMPS,0,0,0,0
NOVARTIS OTC,7501124814014,GAS X FORTE MENTA X 18 TAB,0,0,"16,000",0
NOVARTIS SAN,7896261004955,ANAFRANIL 25 *40 GRAG,0,0,"67,800",0
NOVARTIS SAN,3838957900381,ATORVASTATINA 10 MG X 10 TAB,0,0,0,0
NOVARTIS SAN,77013873,BENZETACIL 1.200.000 UI * 1 AMP,0,0,"12,000",0
NOVARTIS SAN,7702635165026,BINOCLAR 500 MG X 10 TABS,0,0,"62,900",0
NOVARTIS SAN,9002260004867,BINOZYT 200 MG SUSP X 15 ML,0,0,"52,600",0
NOVARTIS SAN,9002260005414,BINOZYT 500 MG X 3 TAB,0,0,"54,000",0
NOVARTIS SAN,7702635146322,CIPROFLOXACINA 500 MG X 10 TAB,0,0,0,0
NOVARTIS SAN,7702635164999,CORYOL 12.5 MG X 30 TAB,0,0,"46,800",0
NOVARTIS SAN,7702635164982,",9CORYOL 25 MG X 30 TABLS",0,0,"23,000",0
NOVARTIS SAN,7702635196976,DOMPERIDONA 10 MG X 20 TABLS,0,0,0,0
NOVARTIS SAN,7702635438649,FLUTICASONA PROPIONATO 50 MCG X,1200,0,"40,000",0
NOVARTIS SAN,7702635438618,FLUTICASONA+SALMETEROL 50/25 MCG X,0,0,"55,300",0
NOVARTIS SAN,9002260015641,GABAPENTIN 400 MG X 10 CAPS,0,0,"14,900",0
NOVARTIS SAN,9002260016822,GLIMEPIRIDA 2 MG X 10 TABLS,0,0,0,0
NOVARTIS SAN,9002260016839,GLIMEPIRIDA 4 MG X 10 TABLS,0,0,0,0
NOVARTIS SAN,3838957043231,IRBESARTAN 150 MG X 30 COMP,0,0,0,0
NOVARTIS SAN,3838957043224,IRBESARTAN 300 MG X 30 TBS,0,0,"43,000",0
NOVARTIS SAN,900226017591,",90LAMOTRIGINA 100 MG X 30 TABL",0,0,"64,800",0
NOVARTIS SAN,900226017553,",90LAMOTRIGINA 25 MG X 30 TABL",0,0,"27,000",0
NOVARTIS SAN,9002260017577,",9LAMOTRIGINA 50 MG X 30 TABLS",0,0,0,0
NOVARTIS SAN,7702635711322,",6LUCENTIS 10 MG AMP",0,0,"21,970",0
NOVARTIS SAN,7702635704096,METHERGIN 0.2 MG/1ML  X 100 AMPS,0,0,"636,400",0
NOVARTIS SAN,8699516098438,OLANZAPINA 10 MG * 20 TAB,0,0,"79,000",0
NOVARTIS SAN,9002260003402,PEN VEE K 500 MG * 100 TAB,0,0,"120,000",0
NOVARTIS SAN,9002260014743,SEROLUX 100 MG X 14 TABS,0,0,0,0
NOVARTIS SAN,9002260001774,",9SERVAMOX 1 GM X 12 TABLS",0,0,0,0
NOVARTIS SAN,7702635145318,SERVAMOX 250 MG X 100 ML,0,0,"11,200",0
NOVARTIS SAN,7501124805524,SIRDALUD 4MG *20 COMP,0,0,"110,500",0
NOVO NORDISK,7703281005216,*NOVOLIN N 10ML *1 AMP,0,0,"36,200",0
NOVO NORDISK,7709990220711,NOVOFINE AGUJAS HIPODERMICAS 31 G,60,0,"70,700",0
NTI (NEW TRA,7707351591395,COLLOMACK * 10 ML,0,0,"31,500",0
NTI (NEW TRA,7707355401416,COMPRESA ADVANCE FRIO Y CALOR,0,0,"30,700",0
NTI (NEW TRA,7707355401034,CORRECTOR DE POSTURA ADVANCE TALLA,0,0,"45,800",0
NTI (NEW TRA,7610211220109,HERMESETAS * 300 TAB,0,0,"18,300",0
NTI (NEW TRA,7707355402208,INMOVILIZADOR DE HOMBRO ADVANCE *,10,0,"51,000",0
NTI (NEW TRA,7707670404376,MEDIA ANTIEMBOLICA BAJA COMPRESION,0,0,"55,800",0
NTI (NEW TRA,7707670404895,MEDIVARIC MEDIA CADERA BEIGE TALLA,0,0,"123,200",0
NTI (NEW TRA,7707670405526,MEDIVARIC MEDIA COMPRESION CONTROL,0,0,"70,000",0
NTI (NEW TRA,7702814107564,PYRALVEX * 10 ML,0,0,"30,400",0
NTI (NEW TRA,7707355401904,TENSIOMETRO MANUAL + FONENDOSCOPIO,0,0,"129,800",0
NTI (NEW TRA,770735540191212,TENSIOMETRO MANUAL + FONENDOSCOPIO,0,0,"70,000",0
NUBENCO ,6936165208002,AGUJA HIPODERMICA # 18 G * 1 CJA *,0,0,"16,850",0
NUBENCO ,6936165208071,AGUJA HIPODERMICA 21  1/ 1/2 X 100,0,0,"10,500",0
NUBENCO ,6936165208118,AGUJA HIPODERMICA 23 EX 1/ 1/2 X,100,0,"17,850",0
NUBENCO ,6936165208095,AGUJA HIPODERMICA LARGA 22 * 1 1/2,0,0,"14,300",0
NUBENCO ,6936165218018,SONDA FOLEY 3 VIAS #,180,0,"6,000",0
NUBENCO ,6936165218322,SONDA FOLEY DE SILICONA 3 VIAS #,240,0,"21,000",0
NUBENCO ,6936165245014,TERMOMETRO MANUAL SPIRIT,0,0,"1,900",0
NUTRICARE S.,7707206315725,FERROXIN VAINILLA X 400 GRS,0,0,"70,600",0
NUTRICARE S.,7707206311369,FIBRILUM POTE X 170 GRS,0,0,"72,201",0
NUTRICARE S.,7707206314230,ISOGEN ADULTOS X 400 GRS,0,0,"57,900",0
NUTRICARE S.,7707206315244,ISOGEN DIABETICOS X 400 GRS,0,0,"63,300",0
NUTRICARE S.,7707206318290,ISOGEN PEDIATRICO X 400 GRS,0,0,"50,700",0
NUTRICARE S.,7707206314438,NEOSTION LATA X 400 GRS,0,0,"68,200",0
NUTRICIA COL,8712400594233,CASILAN PRO *225 GR,0,0,"82,500",0
NUTRICIA COL,4008976681816,COMPLAN MAX X 350 GR,0,0,0,0
NUTRICIA COL,4008976681823,INFATRINI * 400 GR,0,0,"139,300",0
NUTRIVITA,751273776627,KAPILSAN * 60 CAP,0,0,"89,500",0
NUTRIVITA,751273783274,MENS MEGAMULTI * 60 TAB,0,0,"93,000",0
NUTRIVITA,644216127207,METHYL B-12 2.000 MCG COMPLEX *,1000,0,"116,500",0
NUTRIVITA,751273783090,SOMNA * 100 CAP,0,0,"90,000",0
OFTALMO QUIM,7704805000229,CICLOPENTOLATO SOLUCION X 10 ML,0,0,0,0
OFTALMO QUIM,7704805000083,DINACLORD 0.1% X 5 ML,0,0,0,0
OFTALMO QUIM,7704805000144,HIDROXIPROPILMETILCELULOSA GOTAS,0,0,0,0
OFTALMO QUIM,7704805000380,HIPERVISC GOTAS * 5 ML,0,0,"83,500",0
OFTALMO QUIM,7704805000106,KENALGESIC X 5 ML,0,0,"55,600",0
OFTALMO QUIM,7707307020016,OQ CAPS MULTI X 250 GRS,0,0,0,0
OFTALMO QUIM,7704805000069,OQ CAPS X 30 CAPS,0,0,"42,000",0
OFTALMO QUIM,7704805000182,OQ DILAT X 5 ML,0,0,0,0
OFTALMO QUIM,7704805000205,OQ FIL GOTAS X 15 ML,0,0,0,0
OFTALMO QUIM,7704805000267,OQ PLUS UNG X 3.5 GRS,0,0,"36,800",0
OFTALMO QUIM,7704805000236,OQ SEPTIC COLIRIO X 15 ML,0,0,0,0
OFTALMO QUIM,7704805000410,OQ TEAR GOTAS *15 ML,0,0,"41,500",0
OFTALMO QUIM,7704805000038,OSMOCRON N 4% * 5 ML,0,0,"81,800",0
OPELLA (SANO,4048846006424,BISOLVON MAX TOS CON FLEMAS CJA *,10,0,"22,500",0
OPELLA (SANO,4048846008763,BISOLVON MAX TOS CON FLEMAS JBE *,10,0,"42,500",0
OPELLA (SANO,3664798064728,BUSCAMINT * 12 CAP,0,0,"39,000",0
OPELLA (SANO,7703202221244,BUSCAPINA * 20 GRAG,0,0,"34,900",0
OPELLA (SANO,7703202221091,BUSCAPINA * 3 AMP,0,0,"51,300",0
OPELLA (SANO,7703381000890,BUSCAPINA COMP * 3 AMP,0,0,"49,500",0
OPELLA (SANO,7703381000982,BUSCAPINA COMP N.F * 20 GRAG,0,0,"37,600",0
OPELLA (SANO,7703381002313,BUSCAPINA FEM * 90 COMP,0,0,"183,500",0
OPELLA (SANO,7703381001415,DULCOLAX * 10 TAB,0,0,"22,000",0
OPELLA (SANO,7703381002030,DULCOLAX * 20 TAB,0,0,"33,900",0
OPELLA (SANO,7703381002146,DULCOLAX P GOTAS * 15 ML,0,0,"35,800",0
OPELLA (SANO,7706263000780,ENTEROLYTE 75 CEREZA * 400 ML,0,0,"7,000",0
OPELLA (SANO,7706263000865,ENTEROLYTE 75 MANDARINA * 400 ML,0,0,"7,000",0
OPELLA (SANO,7706263000797,ENTEROLYTE 75 UVA * 400 ML,0,0,"7,000",0
OPELLA (SANO,7501165007956,GELICART * 30 S/S,0,0,"146,700",0
OPELLA (SANO,7703202993288,LACTACYD PRO-BIO BREEZE CAMOMILA *,0,0,"15,000",0
OPELLA (SANO,7703202993301,LACTACYD PRO-BIO BREEZE CAMOMILA *,0,0,"26,000",0
OPELLA (SANO,7891058018634,LACTACYD PRO-BIO DELICATA JASMIN X,0,0,"27,100",0
OPELLA (SANO,7703202993295,LACTACYD PRO-BIO FEMINA FLORAL *,200,0,"28,400",0
OPELLA (SANO,7703202993271,LACTACYD PRO-BIOFEMINA FLORAL *,1000,0,"14,500",0
OPELLA (SANO,7702605107407,MIGRINON * 100 TAB,0,0,"136,500",0
OPELLA (SANO,770260510795,AMIGRINON * 100 TAB,0,0,"136,500",0
OPELLA (SANO,7703202121803,MIGRINON * 5 TAB,0,0,"7,000",0
OPELLA (SANO,7891058009052,NOVALGINA 250 MG JBE * 100 ML,0,0,"53,600",0
OPELLA (SANO,7591044007191,NOVALGINA 5 ML * 5 AMPS,0,0,"54,500",0
OPELLA (SANO,7591044009225,NOVALGINA GOTAS * 10 ML,0,0,"29,200",0
OPHALAC ,7707175842437,ACIDO ACETILSALICILICO 100MG CJA *,0,0,"5,300",0
OPHALAC ,7707175843717,ALIVIUM TAB X 100TAB,0,0,0,0
OPHALAC ,7707175840143,CEFALEXINA 500 MG X 50 CAP,0,0,0,0
OPHALAC ,7707175840198,DICLOFENACO 75 MG * 5 AMP,0,0,0,0
OPHALAC ,7707035580967,DIFENHIDRAMINA 12.5MG/5ML JB * 120,0,0,"3,000",0
OPHALAC ,7707175843502,",7DIFENHIDRAMINA 50 MG CJA * 50 CAP",0,0,"14,000",0
OPHALAC ,7707175840327,HIDROXIDO DE ALUMIN+MAG+SIM  OPH X,0,0,0,0
OPHALAC ,7707175842956,ISOSORBIDE 10 MG X 40 TAB,0,0,0,0
OPHALAC ,7707175843397,NISTATINA 100.000UI VAGINALES X 30,0,0,0,0
ORVIX TERAPE,7707135600114,BEJARLAX LAXANTE X 20 GRS,0,0,0,0
OTOPHARMA SA,7707299910036,OTOFAST GOTAS X 5 ML,0,0,"39,900",0
OTOPHARMA SA,7707299910029,RINOCARE GEL X 15 GR,0,0,"65,500",0
P & M COSMET,7702376257011,GEL CAPILAR KROLL NARANJA X 180 GR,0,0,0,0
P & M COSMET,17702376213038,KERATINA X 30 S/S,0,0,0,0
PANAL SAS,7702014601831,MAIZ TIERNO X 190 GR,0,0,"2,800",0
PARACLINICAS,7707291340824,FAJA ABDOMINAL,0,0,"58,900",0
PARACLINICAS,7707195903552,LACTI-MAMILA (RECOLECTOR DE LECHE),0,0,"7,735",0
PARACLINICAS,7707066097557,MEDIA ANTIEMBOLICA RODILLA TALLA L,0,0,"40,000",0
PARACLINICAS,7707066097533,MEDIA ANTIEMBOLICA RODILLA TALLA M,0,0,"61,000",0
PARACLINICAS,7707066097526,MEDIA ANTIEMBOLICA RODILLA TALLA S,0,0,"42,000",0
PARACLINICAS,7707181420018,PARCHE OCULAR ADULTO OPTICLOS * 20,0,0,"25,000",0
PARACLINICAS,7707316676037,PISINGO CLINICO MASCULINO,0,0,"19,100",0
PARACLINICAS,038016102142,PLANTILLA (TALONERAS/ESPOLON)TULIS,0,0,"58,900",0
PARACLINICAS,7707228411122,PRUEBA DE EMBARAZO ROSSE LADY TIRA,0,0,"6,200",0
PARACLINICAS,7707221290007,",7SONDA NELATON N. 6",0,0,"3,000",0
PARACLINICAS,7709990210422,TAPABOCAS MASCARILLA QUIRURGICA DE,0,0,"75,000",0
PARACLINICAS,7704768000410,TAPABOCAS ULTRA CLEANS ELASTICO *,50,0,"50,000",0
PARACLINICAS,7705137400336,VASELINA OSA * 45 GR PURA POTE *,450,0,"2,600",0
PARMALAT COL,7700604045782,CELIA AR X 400 GR,0,0,"38,400",0
PARMALAT COL,7700604045720,CELIA DEVELOP 2 X 400 GR,0,0,"28,000",0
PARMALAT COL,7700604046987,CELIA DEVELOP 3 X 800 GR,0,0,0,0
PARMALAT COL,7700604046956,CELOIA EXPERT 3 X 800 GR,0,0,0,0
PATICO`S,7707081808053,EXTRACTOR DE LECHE ELECTRICO DOBLE,0,0,"87,000",0
PATICO`S,7707081804895,MORDEDOR DE AGUA,0,0,"13,900",0
PATICO`S,7707081804901,PEZONERA SILICONA PATICOS,0,0,"6,700",0
PATICO`S,7707081804949,VASO PITILLO GIRATORIO  AZUL SUAVE,0,0,"12,400",0
PAVILDES SA,7703616312521,DURAZNOS X 410 GR,0,0,"5,000",0
PEDIGREE,7506174515249,PEDIGREE BISCROK MULTI-ADULTO *,2250,0,"10,500",0
PEDIGREE,7506174515102,PEDIGREE POUCH ADULTO HIGH PROTEIN,0,0,"3,900",0
PEDIGREE,7896029022252,PEDIGREE POUCH CACHORRO POLLO *,1000,0,"3,500",0
PENDIENTE RE,7501438301880,* MOCO DE GORILLA HIPSTER    NSOC7,0,0,"5,700",0
PENDIENTE RE764011-,4121005,*3VENOFER AMP,0,0,"193,200",0
PENDIENTE RE,7640114,-720666*3VENOFER X 5 AMP,0,0,"834,000",0
"PENDIENTE RE08202,",770727120,*ACEITE DE ALMENDRAS X 1 ONZ,0,0,0,0
PENDIENTE RE,7706569022066,*ACETAMINOFEN CODEINA 500/30 MG X,10,0,"10,200",0
PENDIENTE RE,7706569022073,*ACETAMINOFEN CODEINA 500/30 MG X,30,0,"30,000",0
PENDIENTE RE,7702123000143,*ACID MANTLE LOCION PROM. FCO  *,120,0,"15,000",0
PENDIENTE RE,7707069711863,",7*ACIDO BORICO X 25 S/S",0,0,0,0
PENDIENTE RE,7702132009809,*ADVIL BABY GOTAS UVA X 24 ML,0,0,"17,500",0
PENDIENTE RE,7702132009724,*ADVIL CHILDREN X 100 ML,0,0,"19,700",0
PENDIENTE RE,7702132004439,*ADVIL CHILDREN X 60 ML,0,0,"12,500",0
PENDIENTE RE,7702132009571,*ADVIL MAX * 40 CAP,0,0,0,0
PENDIENTE RE,7702132004347,*ADVIL MAX CJA * 36,0,0,"36,100",0
PENDIENTE RE,7702132008048,*ADVIL MAX X 60 CAPS,0,0,"72,900",0
PENDIENTE RE,7702123002888,*ALKA SELTZER GASTRIC SPEARMINT *,10,0,"8,000",0
PENDIENTE RE,7702123002895,*ALKA SELTZER GASTRIC SPEARMINT *,30,0,0,0
PENDIENTE RE,7706142101065,*ALLO 300 * 30 TABLS,0,0,"10,000",0
PENDIENTE RE,7702277069980,*AROMASEN SPLASH * 60 SECRET,0,0,0,0
PENDIENTE RE,7702277167976,*AROMASENSE BOTANICAL SPLASH JUICY,0,0,"5,000",0
PENDIENTE RE,7702277039389,*AROMASENSE ESTUCHE EMILIA BOUQUET,0,0,"10,000",0
PENDIENTE RE,7702277042785,*AROMASENSE ESTUCHE SPLASH C/LUNA,10,0,"18,000",0
PENDIENTE RE,7702277039334,*AROMASENSE ESTUCHE VICTORIA JUICY,0,0,"16,000",0
PENDIENTE RE,7702277005575,*AROMASENSE SPLASH CLARO LUNA *,2400,0,"26,600",0
PENDIENTE RE,7702277152255,*AROMASENSE SPLASH INTENSE 240ML +,0,0,"20,800",0
PENDIENTE RE,7702277005964,*AROMASENSE SPLASH VANILLA SKY *,240,0,"30,500",0
PENDIENTE RE,7702277168355,*AROMASESE JABON CREMA AVENA X 400,0,0,0,0
PENDIENTE RE,7702277127635,*ARRURRU CREMA ORIGINAL HUMECTANTE,0,0,"20,200",0
PENDIENTE RE,7702277137955,*ARRURRU CREMA PROTECTORA P/BEBE *,0,0,"8,900",0
PENDIENTE RE,7702277153696,*ARRURRU ESTUCHE RECIEN NACIDO KIT,0,0,"40,300",0
PENDIENTE RE,7702277027690,*ARRURRU JABON AVENA * 3 UND SUPER,0,0,"5,250",0
PENDIENTE RE,7702277036166,*ARRURRU MAMA CREMA ANTIESTRIAS *,20,0,"14,000",0
PENDIENTE RE,7702277036173,*ARRURRU MAMA CREMA RESTRUCTURANTE,0,0,"14,000",0
PENDIENTE RE,7702277036180,*ARRURRU MAMA CUIDADO A/PEZONES,0,0,"11,600",0
PENDIENTE RE,7702277131847,*ARRURRU NAT BAÃ‘O LIQ RELAJANTE *,0,0,"13,000",0
PENDIENTE RE,7702277131854,*ARRURRU NAT CREMA RELAJANTE * 220,0,0,"10,600",0
PENDIENTE RE,7702277078371,*ARRURRU NAT SHAMPOO CREMOSO GRA.,10,0,"9,300",0
PENDIENTE RE,7702277024330,*ARRURRU NAT SHAMPOO RECIEN NACIDO,0,0,"9,000",0
PENDIENTE RE,7702277156277,*ARRURRU NATURALS CREMA LIGERA *,100,0,"20,900",0
PENDIENTE RE,7702277039761,*ARRURRU SHAMPOO * 220 ML ROMERO,0,0,"17,200",0
PENDIENTE RE,7702277074687,*ARRURRU SHAMPOO MANZANILLA * 1075,0,0,"20,300",0
PENDIENTE RE,7702078307489,*ARRURRU SHAMPOO NUTRITIVO *120 ML,0,0,"7,700",0
PENDIENTE RE,7702277156222,*ARRURRU SHAMPOO PH EQUILIBRADO *,40,0,"10,500",0
PENDIENTE RE,7702277131809,*ARRURRU SHAMPOO Y BAÃ‘O LIQ AVENA,0,0,"10,400",0
PENDIENTE RE,7702277131816,*ARRURRU SHAMPOO Y BAÃ‘O LIQ AVENA,0,0,"12,700",0
PENDIENTE RE,7702123823995,*ASPIRINA 100MG TAB CJA *,1000,0,"22,800",0
PENDIENTE RE,7702123822349,*ASPIRINA 500MG EFERVESCENTE CJA *,0,0,"41,000",0
PENDIENTE RE,7702277144670,*BARBIE JABON LIQ ANTIBACTERIAL *,30,0,"12,200",0
PENDIENTE RE,7702277064183,*BARBIE SHAMPOO MZNLLA DE COMPRA X,0,0,"16,100",0
PENDIENTE RE,7702277059011,*BARBIE SHAMPOO STAR STYLE 2EN1 *,20,0,"10,200",0
PENDIENTE RE,7702277075158,*BELLEZA EXPRES MANZANILLA SHAMPOO,0,0,"14,800",0
PENDIENTE RE,7702354934682,*BIOEXPERT ACOND REVITALIZACION,0,0,600,0
PENDIENTE RE,7702354934651,*BIOEXPERT CREMA DE PEINAR CONTROL,0,0,"9,700",0
PENDIENTE RE,7702277048077,*BIOHERBAL GEL FIJADOR GINSENG *,250,0,"8,100",0
PENDIENTE RE,7702277047834,*BIOHERBAL SHAMPOO CABELLO GRASO *,0,0,"12,700",0
"PENDIENTE RE05097,",770218901,*BOLICHEETOS,0,0,600,0
PENDIENTE RE,7702132007034,*CALTRATE 600 D MG X 60 TABLS,0,0,"40,200",0
PENDIENTE RE,7702132037031,*CALTRATE 600 D PAGUE 60 LLEVE,900,0,"50,000",0
PENDIENTE RE,7702132007065,*CALTRATE 600 PLUS X 30 TABLS,0,0,"37,500",0
PENDIENTE RE,7702132037055,*CALTRATE 600 PLUS X 60 TABL GTS,300,0,"51,600",0
PENDIENTE RE,7702132007041,*CALTRATE 600MG D *30 TAB,0,0,"32,500",0
PENDIENTE RE,7702123002154,",7*CARDIOASPIRINA 81 MG X 24 TAB",0,0,"27,300",0
PENDIENTE RE,7702418005242,*CEBION MAST FRESA X 100 TBS GTS,300,0,0,0
PENDIENTE RE,7702418000926,*CEBION MAST FRESA X 144 TAB,0,0,0,0
PENDIENTE RE,7702418000810,*CEBION MAST NARANJA X 144 TB,0,0,0,0
PENDIENTE RE,7702418005266,*CEBION MAST TROPICAL X 100 TBSGTS,0,0,0,0
PENDIENTE RE,7702418000834,*CEBION MAST TROPICAL X 144  TAB,0,0,0,0
PENDIENTE RE,7702418004795,*CEBION MAST X 12 TBS PAG 2 LLEV 3,0,0,0,0
PENDIENTE RE,7702132006952,*CENTRUM JUNIOR X 30 TABLS,0,0,"24,200",0
PENDIENTE RE,7702132026752,*CENTRUM LUTEINA PAG 100 LLEVE 130,0,0,"47,000",0
PENDIENTE RE,7702132007317,*CENTRUM LUTEINA X 30 TABLS,0,0,"21,900",0
PENDIENTE RE,7702132007300,*CENTRUM LUTEINA X 60 TABLS,0,0,"36,100",0
PENDIENTE RE,7702132655112,*CENTRUM SILVER +50 PAG 100 LLEV,130,0,"70,900",0
PENDIENTE RE,7702132006747,*CENTRUM SILVER X 100 TBS,0,0,"69,600",0
PENDIENTE RE,7702132007362,*CENTRUM SILVER X 30 TBS,0,0,"24,900",0
PENDIENTE RE,7702132007355,*CENTRUM SILVER X 60 TBS,0,0,"40,600",0
PENDIENTE RE,7702277626237,*CEPILLO SHOCK MANGO PLASTICO TIPO,0,0,"33,000",0
PENDIENTE RE,3499320003018,*CETAPHIL DEFENSE SPF 50 X 50  ML,0,0,0,0
PENDIENTE RE,302993927082,*CETAPHIL LIMP PIEL GRASA X,2360,0,0,0
PENDIENTE RE,3499320000611,*CETAPHIL LOCION X 125 ML,0,0,0,0
PENDIENTE RE,7702132122829,*CHAP STICK CEREZA+ULTRAHUMECTANTE,0,0,0,0
PENDIENTE RE,7702132011734,",7*CHAP STICK GANCHERA PAG 20 LLEVE",20,0,0,0
PENDIENTE RE,7702132131609,*CHAPSTICK CEREZA X 4.2 LLEVA MINI,0,0,"11,900",0
PENDIENTE RE,7702132151607,*CHAPSTICK CEREZA X 4.2 LLEVA MINI,0,0,"11,900",0
PENDIENTE RE,7702189044723,*CHEETOS CRISPETA QUESO BLANCO *,720,0,"1,400",0
PENDIENTE RE,7706142406092,*COLIRIO AZUL X 10 ML,0,0,"8,500",0
PENDIENTE RE,7702277033219,*COLONIA ARRURRU AZUL X 1075 ML,0,0,"41,500",0
PENDIENTE RE,7702277029434,*COLONIA MICKEY MOUSE  SPRAY   X,700,0,0,0
PENDIENTE RE,7702277050063,*COLONIA MICKEY MOUSE  SPRAY X 120,0,0,"17,200",0
PENDIENTE RE,7701021118608,*CONTENT BASIC T-L X,80,0,"13,900",0
PENDIENTE RE,7701021115263,*CONTENT BASIC T-M X,80,0,"13,300",0
PENDIENTE RE,7701031113054,*CONTENT EXTRA M X 8,0,0,"16,300",0
PENDIENTE RE,7896015517281,*COREGA ALMOHADILLAS CJA *,160,0,"14,600",0
PENDIENTE RE,7703363000214,*COREGA ULTRA  MENTA * 40 GR GTIS,40,0,"33,320",0
PENDIENTE RE,7702402055543,*CREM HELADO GOLD AREQUIPE ALFAJOR,0,0,"18,600",0
PENDIENTE RE,7702006298797,*CREM PEINAR BIOEXPERT OMEGA SOB X,0,0,"9,000",0
PENDIENTE RE,7702078305768,*CREMA ARRURRU NAT A/PANALITIS X,600,0,0,0
PENDIENTE RE,7702277036715,*DEPILADOR CONFETI FREESTYLE UNDAD,0,0,"2,000",0
PENDIENTE RE,7702277109310,*DEPILEX BANDAS DEP FAC ALOE VERA,30,0,"14,300",0
PENDIENTE RE,7702277000044,*DEPILEX CREMA DEPILATORIA AVENA *,0,0,0,0
PENDIENTE RE,7702277947998,*DEPILEX PARA HOMBRE X 190 GR,0,0,"16,000",0
PENDIENTE RE,7702277148852,*DESODORANTE GEL  MICKEY MOUSE *,500,0,"8,000",0
PENDIENTE RE,7702870101162,*DESODORANTE PREVENTIVE ZERO CJA *,0,0,"10,100",0
PENDIENTE RE,7702277148845,*DESODORANTE ROLLON MICKEY MOUSE *,0,0,"9,000",0
PENDIENTE RE,7451079002922,*DOLEX DURA + X 24 TBS,0,0,"21,300",0
PENDIENTE RE,7707172689615,*DOLEX FORTE PAG 24 LLEVE 32 TABLS,0,0,0,0
PENDIENTE RE,7707172685815,*DOLEX GOTAS X 30 ML,0,0,"9,900",0
PENDIENTE RE,7703363006056,*DOLEX GOTAS(5)DOLEX JABE (5)DOLEX,0,0,0,0
PENDIENTE RE,7441026001436,*DOLEX GRIPA NINOS JBE X 120 ML,0,0,"10,000",0
PENDIENTE RE,7707172689226,*DOLEX GRIPA NIÃ‘OS JB FCO * 120ML,0,0,"17,000",0
PENDIENTE RE,7707172688113,*DOLEX SINUS X 8 TABLS PAG 3 LLEVE,0,0,"18,200",0
PENDIENTE RE,7707172687284,*DOLEX SINUS X 8 TABS,0,0,"6,500",0
PENDIENTE RE,7707172682760,*DOLEX ULTRARAPIDO X 8 TABLS,0,0,0,0
PENDIENTE RE,7703889084170,*DOLONIME * 10 TAB,0,0,"52,500",0
PENDIENTE RE,7703889066145,*DOLONIME * 60 ML,0,0,"30,300",0
PENDIENTE RE,7702050013209,*DORITOS DOBLE BOLSA X 150 GRS,0,0,0,0
PENDIENTE RE,7702189047083,*DORITOS INFERNO AJI ENDIABLADO *,30,0,"2,000",0
PENDIENTE RE,7702189047090,*DORITOS INFERNO CHILE APOCALIPSIS,0,0,"2,000",0
PENDIENTE RE,7702189037725,*DORITOS MEGA QUESO X 190 GR FRITO,0,0,"3,900",0
PENDIENTE RE,7702050029729,*DORITOS NOCHE 40G,0,0,0,0
PENDIENTE RE,7506205801259,",7*ENFAMIL 1 * 400 GRS",0,0,"46,500",0
PENDIENTE RE,7501095474071,",7*ENFAMIL 1 * 900 GRS",0,0,0,0
PENDIENTE RE,7503013040771,",7*ENFAMIL 2 * 400 GRS",0,0,"26,500",0
PENDIENTE RE,7503013040856,*ENFAMIL PREMATUROS PREMIUN X  400,0,0,"56,900",0
PENDIENTE RE,7503013040405,",7*ENFAMIL PREMIUM 1 * 900 GRS",0,0,"83,000",0
PENDIENTE RE,7506205807442,*ENFAMIL PREMIUM 2 X 850 GRS,0,0,"97,300",0
PENDIENTE RE,7503013040139,*ENFAMIL PREMIUM CONFORT * 400 GRS,0,0,"58,200",0
PENDIENTE RE,7506205801396,*ENFAMIL PREMIUM SOYA * 400 GRS,0,0,"42,000",0
PENDIENTE RE,8710428995063,*ENSURE COMPACT VAINIILA LIQ * 125,0,0,"9,000",0
PENDIENTE RE,8710428001085,*ENSURE FRESA PREBIOTICOS F-I  X,400,0,0,0
PENDIENTE RE,7703186068118,",7*ENSURE PLUS HN LPC X 1000 ML",0,0,0,0
PENDIENTE RE,7702418004597,*EUTIROX 112 MCG X 50 TABLS,0,0,"56,000",0
PENDIENTE RE,7702418004603,*EUTIROX 137 MCG X 50TAB,0,0,"47,900",0
PENDIENTE RE,7702418004580,*EUTIROX 88 MCG X 50 TABLS,0,0,"33,000",0
PENDIENTE RE,7707274721558,***FEVENY 0.625 MG CREMA VAG * 43 GR,0,0,"38,300",0
PENDIENTE RE,7707174320066,*GALMIFIX CREMA X 30 GRS,0,0,"12,000",0
PENDIENTE RE,7702277051268,*GEL ANTIBACTERIAL AROMASENSE X 37,0,0,0,0
PENDIENTE RE,8712000017941,*HEINEKEN LT,0,0,0,0
PENDIENTE RE,7702402046244,",7*HELADO POLET COOKIES AND CREAM",0,0,0,0
PENDIENTE RE,7702402045308,",7*HELADO POLET DOBLE CHOCOLATE X 78",0,0,0,0
PENDIENTE RE,7702402044660,*HELADO POLET DURAZNO ROYAL,0,0,0,0
PENDIENTE RE,770240204448,*HELADO POLET PLACER CHOCOLATE *45,0,0,"1,800",0
PENDIENTE RE,7702402045292,*HELADO POLET TENTACION CEREZA X,780,0,0,0
PENDIENTE RE,7707141303399,*HIDRAPLUS 30 CEREZA X 500 ML,0,0,"8,100",0
PENDIENTE RE,7707141303382,*HIDRAPLUS 30 CHICLE X 500 ML,0,0,"7,500",0
PENDIENTE RE,7707141303139,*HIDRAPLUS 30 COCO X 5 BOLSAS,0,0,"10,500",0
PENDIENTE RE,7707141303351,*HIDRAPLUS 30 FRESA X 500 ML,0,0,"7,500",0
PENDIENTE RE,7707141363485,*HIDRAPLUS 30 UVA X 500 ML,0,0,"7,500",0
PENDIENTE RE,7707141303283,*HIDRAPLUS 45 CHICLE X 5 BOLSAS,0,0,"10,500",0
PENDIENTE RE,7707141399262,*HIDRAPLUS 45 CHICLE X 500 ML,0,0,"7,500",0
PENDIENTE RE,7707141363492,*HIDRAPLUS 45 COCO X 500 ML,0,0,"8,100",0
PENDIENTE RE,7707141363508,*HIDRAPLUS 45 FRESA X 500 ML,0,0,"8,100",0
PENDIENTE RE,7707141399255,*HIDRAPLUS 45 TUTTI X 500 ML,0,0,"8,100",0
PENDIENTE RE,7707141303269,*HIDRAPLUS 45 UVA *5 BOLSAS,0,0,"10,500",0
PENDIENTE RE,7707141363515,*HIDRAPLUS 45 UVA X 500 ML,0,0,"8,100",0
PENDIENTE RE,7703333007465,*HIDRIBET 5% LOCION X 125 ML,0,0,0,0
PENDIENTE RE,7795335007086,*HIDROCORTISONA 100 MG INY,0,0,0,0
PENDIENTE RE,7703363000269,*HINDS CREMA ANTIARRUGAS X 230 ML,10,0,0,0
PENDIENTE RE,7501065071798,*HINDS CREMA NOTE ARRUGES * 230 ML,0,0,"14,600",0
PENDIENTE RE,7707172689714,*HINDS MAMA CREMA X 250 ML 2+1,0,0,0,0
PENDIENTE RE,7706309000644,*HIPROBEN X 30 TAB,0,0,0,0
PENDIENTE RE,7702425804401,*HUGGIES NATURAL CARE NIÃ‘AS M/2 *,0,0,"38,200",0
PENDIENTE RE,36000213300,",036*HUGGIES PULL UPS GIRL ET 3-4 X 23",0,0,0,0
PENDIENTE RE,7896018700642,*HUGGIES RECIEN NACIDO TOALLITAS X,0,0,"8,400",0
PENDIENTE RE,7896018700604,*HUGGIES TOALLITAS  NATURAL CAREX,40,0,"5,650",0
PENDIENTE RE,7702425546769,*HUGGIES TOALLITAS HUMEDAS SUPREME,0,0,"7,000",0
PENDIENTE RE,7702425540897,*HUGGIES TOALLITAS RECIEN NACIDO X,0,0,"11,800",0
PENDIENTE RE,7702425545786,*HUGGIES TOALLITAS SUPREME PAGUE,600,0,"5,800",0
PENDIENTE RE,7702425547926,*HUGGIES ULTRATRIM E-3 GRANDE 3D X,0,0,"5,000",0
PENDIENTE RE,7702425547919,*HUGGIES ULTRATRIM E-4 X GRANDE 3X,0,0,"6,200",0
PENDIENTE RE,7702425537187,*HUGGIES ULTRATRIM ET. 2 X 30 GTS,30,0,"12,400",0
PENDIENTE RE,7702425541344,*HUGGIES ULTRATRIN MAXI PACK ETAPA,0,0,"12,400",0
PENDIENTE RE,7751493004602,*HUGGIES UNISEX UP&GO ETP XG/XXG *,0,0,"33,900",0
PENDIENTE RE,7501326052252,*HYZAAR 50/12.5 MG X 15TABLS,0,0,0,0
PENDIENTE RE,7501326052900,*HYZAAR FORTE 100/25 MG X,150,0,0,0
PENDIENTE RE,7702605101504,*IBUPROFENO 600 MG X 50 TABLS,0,0,0,0
PENDIENTE RE,7707177970039,*IBUPROFENO SUSP X 120 ML,0,0,0,0
PENDIENTE RE,7707182840051,*INSODEM X 10 TABLS,0,0,0,0
PENDIENTE RE,7702870100110,*INTIBON JABON INTIMO MUJER X  200,0,0,"13,400",0
PENDIENTE RE,7702870100455,*INTIBON JABON INTIMO MUJER X  200,0,0,0,0
PENDIENTE RE,7702870100127,*INTIBON JABON INTIMO NINAS X  200,0,0,"13,700",0
PENDIENTE RE,7702870100462,*INTIBON JABON INTIMO NINAS X  200,0,0,0,0
PENDIENTE RE,7702870100493,*INTIBON JABON INTIMO PRENATAL X,120,0,"8,100",0
PENDIENTE RE,7702870100509,*INTIBON JABON INTIMO SILVER X 120,0,0,"8,100",0
PENDIENTE RE,7702870101698,*INTIBON MUJER CALENDULA SOBRE *,700,0,"2,500",0
PENDIENTE RE,7702870101674,*INTIBON MUJER VINAG MANZA Y CALEN,0,0,"9,000",0
PENDIENTE RE,7703038064626,*IOFI (FUMARATO FERROSO X 30 TABLS,0,0,0,0
PENDIENTE RE,7707051500109,*IRBEPREX 150 MG X 15 TABLS,0,0,0,0
PENDIENTE RE,7707051500116,*IRBEPREX 300 MG X 15 TABLS,0,0,0,0
PENDIENTE RE,7707358420285,*ISEDRON SUSP X60 ML,0,0,"48,900",0
PENDIENTE RE,7703381002405,*ISODINE ESPUMA X 120 ML,0,0,"12,300",0
PENDIENTE RE,4048846011923,*ISODINEMINT LIMON CJA *  6 COMP,0,0,"9,000",0
PENDIENTE RE,4048846004543,*ISODINEMINT X 6 COMP,0,0,"7,700",0
PENDIENTE RE,7702277320159,*JABON LIQ SANITY P/SUAVE REPUE X,50,0,0,0
PENDIENTE RE,7702277157533,*JABON LIQUIDO AROMASENSE AQUA BAM,0,0,"14,000",0
PENDIENTE RE,7707358420209,*JOIN KIDS POLVO VAINILLA X400 GRM,0,0,"48,000",0
PENDIENTE RE,7706310000077,*KETOBIFAN CREMA X 15 GRS,0,0,"16,000",0
PENDIENTE RE,7706310000084,*KETOBIFAN SUSP X 30 ML,0,0,"20,500",0
PENDIENTE RE,7707210530657,*KIPIOX RINSE X 60 GRS + PEINE,0,0,0,0
PENDIENTE RE,7703153019105,*KLEAR TOS KIDS JBE X 120 M 1+1,0,0,0,0
PENDIENTE RE,7703153021023,*KLEAR TOS KIDS JBE X 120 ML,0,0,0,0
PENDIENTE RE,7703153020996,*KLEAR TOS X 10 CAPS,0,0,0,0
PENDIENTE RE,7702024020424,*KLIM 3+ X 1700 GRS,0,0,"47,000",0
PENDIENTE RE,7702024052951,*KLIM 3+ X 1700 GTS LONCHERA UNDAD,0,0,"39,000",0
PENDIENTE RE,7702024071358,*KLIM 3+ X 500 GR BOLSA  GTS MILO,10,0,"13,800",0
PENDIENTE RE,7702024007098,*KLIM 3+ X 900 GRS,0,0,"24,200",0
PENDIENTE RE,7702024042273,*KLIM 3+ X 900 GRS GTS NESQUIK,0,0,0,0
PENDIENTE RE,7709790751781,*LACTATO DE RINGER SLN HARTMAN *,500,0,"3,000",0
PENDIENTE RE,7707059700310,*LAMETEC 100 MG X 30 TABLS,0,0,0,0
PENDIENTE RE,7707059700280,*LAMETEC 25 MG X 30 TABLS,0,0,0,0
PENDIENTE RE,7707059700228,*LAMETEC 50 MG X 30 TABLS,0,0,0,0
PENDIENTE RE,7590019010181,*LAMISIL 250 MG X 14 COMP,0,0,"112,000",0
PENDIENTE RE,7501124813291,*LAMISIL DERMGEL X 15 GR,0,0,"22,500",0
PENDIENTE RE,7702678731752,*LAPIZ DELI DE CEJAS NEG EXP KA,0,0,"3,900",0
PENDIENTE RE,7702433326360,*LAPIZ DELI DE OJOS MORADO,0,0,"3,900",0
PENDIENTE RE,7702678526136,*LAPIZ DELI DE OJOS NEGRO KALOE,0,0,"4,800",0
PENDIENTE RE,7705922111041,*LAXACOL X 10 S/S,0,0,0,0
PENDIENTE RE,7703281000013,*LIDINOX 0.6% GOTAS X 5 ML,0,0,0,0
PENDIENTE RE,7707069776367,*LINAZA X 25 S/S,0,0,0,0
PENDIENTE RE,7703712032750,*LINCOMICINA 600 MG X 6 AMPS,0,0,0,0
PENDIENTE RE,7706440000688,*LIPOREX X 30 CAPS,0,0,0,0
PENDIENTE RE,7705922112086,*LORAMINE 10 MG X 10 TABLS,0,0,0,0
PENDIENTE RE,7705922114042,*LORAMINE R X 10 TABLS,0,0,0,0
PENDIENTE RE,7705922113069,*LORAMINE SUSP X 100 ML,0,0,0,0
PENDIENTE RE,7707200520170,*LORATADINA SUSP X 60 ML,0,0,0,0
PENDIENTE RE,7703712011403,*LORISTAT X 10 TABLS,0,0,0,0
PENDIENTE RE,7707019325225,",7*LOSARTAN 50 MG X 250 TAB",0,0,0,0
PENDIENTE RE,7703763190065,*LOSARTAN 50 MG+HIDRO12.5M CJA X,300,0,0,0
PENDIENTE RE,7795368002553,*LOUTEN T SOL/OFT X 2.5 ML,0,0,0,0
PENDIENTE RE,7707059800201,*LOVASTAN 20 MG X 10 TABLS,0,0,0,0
PENDIENTE RE,7705922119085,*LOVASTEROL 20 MG X 10 TABLS,0,0,0,0
PENDIENTE RE,7705922120081,*LOVASTEROL 20 MG X 20 TABLS,0,0,0,0
PENDIENTE RE,7703186029072,*LUVOX 100 MG * 30 TAB,0,0,"108,000",0
PENDIENTE RE,7707182840464,*MACROZIT SUSP X 15 ML,0,0,0,0
PENDIENTE RE,7730699000878,*MAILEN 5 MG X 10 TABS,0,0,0,0
PENDIENTE RE,7730699000885,*MAILEN SUSP X 50 ML,0,0,0,0
PENDIENTE RE,7702189054135,*MANI MOTO * 150 GR,0,0,"2,600",0
PENDIENTE RE,7702189056115,*MANI MOTO INFERNO *,420,0,"1,200",0
PENDIENTE RE,7500478026722,*MANI MOTO MEGAQUESO Y DORITOS *,150,0,"4,500",0
PENDIENTE RE,7861004505860,*MAXIPIME 2 GR AMP,0,0,0,0
PENDIENTE RE,7702635622123,*MEBUCAINA PAGUE 20 LLEVE 24 COMP,0,0,"23,500",0
PENDIENTE RE,7702635195535,*MEBUCAINA X 150 TABS,0,0,"163,000",0
PENDIENTE RE,7702635620426,*MEBUCAINA X 24 TAB,0,0,"31,200",0
PENDIENTE RE,7707270700991,*MEDINEX SUSP * 60 ML,0,0,0,0
PENDIENTE RE,7707040640045,*MEGACAL D VAINILLA X 260 GRS,0,0,0,0
PENDIENTE RE,7702118303105,*MENTICOL AMARILLO X 130 ML,0,0,"7,000",0
PENDIENTE RE,7702118303075,*MENTICOL AMARILLO X 250 ML,0,0,"10,500",0
PENDIENTE RE,7702118303044,*MENTICOL AMARILLO X 350 ML,0,0,"13,500",0
PENDIENTE RE,7702118303082,*MENTICOL AZUL X 250 ML,0,0,"10,500",0
PENDIENTE RE,7702118303136,*MENTICOL AZUL X 250 ML SPRAY,0,0,"12,000",0
PENDIENTE RE,7702118303051,*MENTICOL AZUL X 350 ML,0,0,"13,500",0
PENDIENTE RE,7702277153153,*MENTICOL JABON LIQ BLUE FRESH *,500,0,"6,500",0
PENDIENTE RE,7702277153139,*MENTICOL JABON LIQ GREEN BREEZE *,0,0,"6,500",0
PENDIENTE RE,7702277153146,*MENTICOL JABON LIQ RED REFRESH *,50,0,"6,500",0
PENDIENTE RE,7702277121022,*MENTICOL REFRESCANTE VERDE  * 250,0,0,"10,200",0
PENDIENTE RE,7702118800796,*MENTICOL REFRESCANTE X 130 ML,0,0,0,0
PENDIENTE RE,7702118800802,",7*MENTICOL REFRESCANTE X 250 ML",0,0,"10,500",0
PENDIENTE RE,7702118801151,*MENTICOL REPELENTE C/VALVULA X,1300,0,0,0
PENDIENTE RE,7702118801144,*MENTICOL REPELENTE X 60 ML,0,0,"6,000",0
PENDIENTE RE,7702277123576,*MENTICOL SANITY ANTISUDORAL GEL *,0,0,"9,700",0
PENDIENTE RE,7702277123569,*MENTICOL SANITY ANTISUDORAL GEL *,0,0,"5,100",0
PENDIENTE RE,7702118801199,*MENTICOL X 60ML,0,0,0,0
PENDIENTE RE,77035460951005,*MESULID 100 MG X 10 TABS,0,0,0,0
PENDIENTE RE,8902413011173,*METOTREXATO 50 MG AMP,0,0,"24,000",0
PENDIENTE RE,7709990735666,*METOTREXATO 50 MG AMP,0,0,"24,000",0
PENDIENTE RE,7703712033191,*METRONIDAZOL 500 MG X 10 TAB VAG,0,0,0,0
PENDIENTE RE,7706569020833,*METRONIDAZOL 500 MG X 100 TAB USO,0,0,0,0
PENDIENTE RE,7706569020956,*METRONIDAZOL 500 MG X 100 TAB VAG,0,0,0,0
PENDIENTE RE,7702123008354,*MEXSANA SPRAY EDICION 70 AÃ‘OS *,30,0,"15,827",0
PENDIENTE RE,7702123008361,*MEXSANA TALCO EDICION 70 AÃ‘OS *,90,0,"7,735",0
PENDIENTE RE,7706440000510,*MICOSAN CREMA VAGINAL TBO * 40 GR,0,0,"13,000",0
PENDIENTE RE,7706440000169,*MICOSAN CREMA X 40 GRS,0,0,"15,500",0
PENDIENTE RE,7706440000176,*MICOSAN X 6 OVULOS,0,0,0,0
PENDIENTE RE,7707232097428,*MIELTERTOS MENTOL RUB FRASCO X 60,0,0,"7,500",0
PENDIENTE RE,7702418005129,*MINART PLUS 8 MG X 30 TABS,0,0,0,0
PENDIENTE RE,7702277130864,*MINNIE MOUSE ACONDICIONADOR * 380,0,0,"10,600",0
PENDIENTE RE,7702277130833,*MINNIE MOUSE CREMA DE PEINAR *,1800,0,"11,000",0
PENDIENTE RE,7707277580039,*MULTISOLUTER SOLUCION X 30 ML,0,0,"18,700",0
PENDIENTE RE,7703153001469,*MULTIVIT MAYORES X 20 CAPS,0,0,0,0
PENDIENTE RE,7702134904102,*MYLANTA 2 SUSP X360 MLS,0,0,0,0
PENDIENTE RE,77094848,*MYRBETRIC 50 MG CJA *,0,0,"270,500",0
PENDIENTE RE,7702560036149,*MYSTIC PRESERVAT HOT SENSATION X,30,0,"7,200",0
PENDIENTE RE,7702560036132,*MYSTIC PRESERVAT TRIPLE COMBO X 3,0,0,"7,200",0
PENDIENTE RE,7702560036163,*MYSTIC PRESERVAT TRIPLE PLACER X,30,0,"7,200",0
PENDIENTE RE,7702560036101,*MYSTIC PRESERVAT ULTRA SENSIBLE X,0,0,"7,200",0
PENDIENTE RE,7702560032035,*MYSTIC PRESERVATIVO SURTIDO PAGUE,0,0,0,0
PENDIENTE RE,7702560003204,*MYSTIC PRESERVATIVO SURTIDO PAGUE,0,0,0,0
PENDIENTE RE,7613030611974,",7*NAN H.A. 2 X 400 GRS",0,0,0,0
PENDIENTE RE,7613032544157,*NAN PREMATUROS X 400 GR,0,0,"45,100",0
PENDIENTE RE,7706142806175,*NEOTRIN ADUL X 15 ML,0,0,"9,000",0
PENDIENTE RE,7706142186178,*NEOTRIN PEDI X 15 ML,0,0,"7,500",0
PENDIENTE RE,7891000042540,",7*NESTOGENO 2 X 400 GRS",0,0,"21,900",0
PENDIENTE RE,7613032814427,*NESTUM 5 CEREALES  X 200 GRS,0,0,"6,800",0
PENDIENTE RE,7613033975998,*NESTUM ARROZ  X 200 GRS,0,0,"10,500",0
PENDIENTE RE,7702418004573,*NEUROPAD TEST X 2 PARCHES,0,0,0,0
PENDIENTE RE,7707183350023,*NIMESULIDA 100 MG X 10 TABLS,0,0,"11,500",0
PENDIENTE RE,7707233127162,*NIMESULIDA 100MG * 10 CAP. UNIDAD,0,0,"17,050",0
PENDIENTE RE,7707346470315,*NIZOX SUSP X 30 ML,0,0,0,0
PENDIENTE RE,7707346470070,*NIZOX SUSP X 60 ML,0,0,0,0
PENDIENTE RE,7702027416989,*NOSOTRAS ALAS TELA GEL X,80,0,0,0
PENDIENTE RE,7702027445514,*NOSOTRAS DIARIOS CON ALITAS X 120,0,0,0,0
PENDIENTE RE,7702027444753,*NOSOTRAS DIARIOS RESPIRABLE X 120,0,0,0,0
PENDIENTE RE,7702027445729,*NOSOTRAS DIARIOS RESPIRABLE X 150,0,0,0,0
PENDIENTE RE,7702027415791,*NOSOTRAS INVISIBLE CLASICA 2 X 10,0,0,0,0
PENDIENTE RE,7702027424106,*NOSOTRAS INVISIBLE RAPIGEL 2 X 10,0,0,0,0
PENDIENTE RE,7702027444944,*NOSOTRAS PROT TANGA ALITS TJTA X6,0,0,0,0
PENDIENTE RE,7702027435409,*NOSOTRAS TAMPONES SIN APLIC. * 10,0,0,0,0
PENDIENTE RE,7707059700815,*NUTRANEX FOCUS POLVO X 400 GRS,0,0,0,0
PENDIENTE RE,7707059700204,*NUTRANEX FOCUS POLVO X 448 GRS,0,0,0,0
PENDIENTE RE,7707059700013,",7*NUTRANEX JUNIOR VAINILLA X 400GRS",0,0,0,0
PENDIENTE RE,7707059700051,",7*NUTRANEX MAMA VAINILLA X 400  GRS",0,0,0,0
PENDIENTE RE,7707059700082,",7*NUTRANEX PLUS FRESA X 400 GRS",0,0,0,0
PENDIENTE RE,7707059700075,",7*NUTRANEX PLUS VAINILLA X 400  GRS",0,0,0,0
PENDIENTE RE,7707059700174,",7*NUTRANEX PROTEIN X 448 GR",0,0,0,0
PENDIENTE RE,7705849004211,*NUTREM CREMA X 30 GRS,0,0,0,0
PENDIENTE RE,7798148290652,*NUTRIBABY COMPOTA MIX DE FRUTAS *,0,0,"5,700",0
PENDIENTE RE,7707263002880,*OMEGA 3 X 100 CAP,0,0,0,0
PENDIENTE RE,7707263002873,*OMEGA 3 X 50 CAP,0,0,0,0
PENDIENTE RE,7707175840464,*OMEPRAZOL 20 MG   X 10 CAP,0,0,0,0
PENDIENTE RE,7707035541166,*OMEPRAZOL 20 MG X 10 CAP,0,0,0,0
PENDIENTE RE,7707175844417,*OMEPRAZOL 20 MG X 30 CAP,0,0,0,0
PENDIENTE RE,8901117037380,*OMEPRAZOL 20 MG X 300 CAP,0,0,0,0
PENDIENTE RE,7707277580398,*OPHARBLER LIMPIADOR PARPADOS  X,450,0,"52,400",0
PENDIENTE RE,7707277580169,*OPHARCIM GOTAS X 5 ML,0,0,"8,000",0
PENDIENTE RE,7506195138182,*ORAL B CREMA DENTAL PRO-SALUD X,750,0,0,0
PENDIENTE RE,7702195096969,*ORAZOLE 10 MG X 15 CAPS,0,0,0,0
PENDIENTE RE,7705922121521,*ORISTAL 120 MG X 84 CAPS,0,0,0,0
PENDIENTE RE,7706309000170,*OTOTRISOL X 15 ML,0,0,"18,000",0
"PENDIENTE RE04407,",770240203,*PALETA ALOHA AGUA,0,0,0,0
PENDIENTE RE,7702402052146,*PALETA ALOHA INTENSO & RELAJADO,0,0,"1,700",0
PENDIENTE RE,7702402051903,*PALETA ALOHA MIX NARANJACHERRY *,80,0,"1,500",0
PENDIENTE RE,7702402047548,*PALETA BANANITO 55 GR,0,0,"1,300",0
PENDIENTE RE,7702402052184,*PALETA DONA * 55 GR,0,0,"1,500",0
PENDIENTE RE,77024020444271,",*PALETA HOT WHEELS CARRO",0,0,0,0
"PENDIENTE RE05519,",770240203,*PALETA JET,0,0,0,0
PENDIENTE RE,7702402051484,*PALETA JET COOKIES GIRA AVENT *,620,0,"2,300",0
PENDIENTE RE,7702402051477,*PALETA JET VAINILLA GIRA AVENT *,60,0,"2,700",0
PENDIENTE RE,7702402053808,*PALETA POLET CHOCOLATE FUSION *70,0,0,"4,500",0
PENDIENTE RE,7702402045346,*PALETA TRANSFORMES,0,0,0,0
PENDIENTE RE,7702045495782,*PALETTE COL CAS/OSC  REF 3-0,0,0,0,0
PENDIENTE RE,7702045508864,*PALETTE COLOR CREME EST 1-1 NEGRO,0,0,0,0
PENDIENTE RE,7702045488968,*PALETTE COLOR VIOLET 6-99,0,0,0,0
PENDIENTE RE,7702045484076,*PALETTE K/COL CAF.MOC.OSC  REFW,0,0,0,0
PENDIENTE RE,7702045482331,*PALETTE K/COL CAS.ROJIZO  REF,40,0,0,0
PENDIENTE RE,7702045483932,*PALETTE K/COL NEG.AZUL REFC   1/1,0,0,0,0
PENDIENTE RE,7702045483994,*PALETTE K/COL NEGRO REFN   1 -0,0,0,0,0
PENDIENTE RE,7702045509175,*PALETTE K/COL VIO.PROFUNDO REF,0,0,0,0
PENDIENTE RE,7702045484540,*PALETTE KIT COLOR CREAM 3-0,0,0,0,0
PENDIENTE RE,7702045508475,*PALETTE MINIK/COL NEGRO REF1-0,0,0,0,0
PENDIENTE RE,7702045525021,*PALETTE TINTE COLOR EST 5-7 CAOBA,0,0,0,0
PENDIENTE RE,7702045513042,*PALETTE TINTE TONE EST 113 NEGRO,0,0,0,0
PENDIENTE RE,7702045513035,*PALETTE TINTE TONE EST 310 PLATA,0,0,0,0
PENDIENTE RE,7702045482386,*PALETTE TON/CRE CER.INTENSO R318,0,0,0,0
PENDIENTE RE,7702045483277,*PALETTE TON/CRE NEG.AZUL 339  X,500,0,0,0
PENDIENTE RE,7500435188098,*PANTENE TRATAMIENTO ENGROSADOR *,10,0,"45,000",0
PENDIENTE RE,7706309000187,*PAPAVEROL X 30 ML,0,0,"15,500",0
PENDIENTE RE,4031571051562,*PARACETAMOL+COD 500/30MG DENK X,200,0,0,0
PENDIENTE RE,7703186032515,*PEDIASURE LIQUIDO VAINILLA *237ML,0,0,"42,000",0
PENDIENTE RE,7703186037312,*PEDIASURE LIQUIDO VAINILLA PTE *,20,0,"7,900",0
PENDIENTE RE,7703186032508,*PEDIASURE VAINILLA * 900 GR GTS 3,0,0,"71,900",0
PENDIENTE RE,7704232001356,*PENALGIN * 6 S/S,0,0,"37,000",0
PENDIENTE RE,7702195035753,*PENICILINA G PROCAINICA 800 UI X,10,0,0,0
PENDIENTE RE,7702605102082,",0*PENICILINA SODICA 5 UI AMP",0,0,0,0
PENDIENTE RE,770177972286,*PEPRED * 100 ML SUSP UNDAD,0,0,"70,000",0
PENDIENTE RE,7702090021004,*PEPSI LIGHT 2.5L,0,0,0,0
PENDIENTE RE,7702090024258,*PEPSI LIGHT 500 ML,0,0,0,0
PENDIENTE RE,7707181151059,*PEQUEÃ‘IN  EXTRAPROTECCION ET 3 X,0,0,0,0
PENDIENTE RE,7707181105656,*PEQUEÃ‘IN  EXTRAPROTECCION ET 5 X,0,0,0,0
PENDIENTE RE,7702026318437,*PEQUEÃ‘IN CREMA NATURAL X 60 +,1200,0,0,0
PENDIENTE RE,7702026031060,*PEQUEÃ‘IN SPRAY ANTIBACTERIAL  X,90,0,0,0
PENDIENTE RE,7707178031388,*PIEDRA POMEZ SINTETICA X UNIDAD -,0,0,"1,700",0
PENDIENTE RE,7707178044111,*PINTA CEJAS #1 MIEL,0,0,"6,000",0
PENDIENTE RE,7502205150083,*PROCEF 500 MG X 10 TABS,0,0,0,0
PENDIENTE RE,7709802562428,*PROFERAL PLUS JBE * 240 ML,0,0,"62,200",0
PENDIENTE RE,7709951595452,*PROPOLEO NARANJA JALEA NINO X 240,0,0,"11,300",0
PENDIENTE RE,7707059700587,*PROTOMAX 50 MG X 30 TABLS,0,0,0,0
PENDIENTE RE,008727000211,*PULSERA SEA-BAND CHILDREN EST X 2,0,0,"25,000",0
PENDIENTE RE,7703763992867,*RANITIDINA TAB 150 MG    150 MG,0,0,"7,800",0
PENDIENTE RE,7703038050506,*RANITIDINA TAB 300 MG   300 MG,2010,0,"59,200",0
PENDIENTE RE,7707249020044,*RECOLECTOR 24 HORAS,0,0,"10,200",0
PENDIENTE RE,7702870102114,*REGENEXT TRATAMIENTO CABELLO * 55,0,0,"10,500",0
PENDIENTE RE,7703178277085,*REGENEXT TRATAMIENTO CAPILAR X,1200,0,"26,000",0
PENDIENTE RE,7707213870101,*REMERON 30 MG X 10 COMPS,0,0,0,0
PENDIENTE RE,7702433259651,*REMOVEDOR LUZETTE X 50 ML,0,0,0,0
PENDIENTE RE,7702870100134,*RENACELL CONTORNO OJOS Y LABIOX,160,0,0,0
PENDIENTE RE,7702870100141,*RENACELL CONTROL TOTAL ANTIEDAD X,0,0,"41,000",0
PENDIENTE RE,7702870100646,*RENACELL PREMIUM CONTORNO DE OJOS,0,0,"38,000",0
PENDIENTE RE,7501326052108,*RENITEC 20 MG X 10 TABLS,0,0,0,0
PENDIENTE RE,7702195569661,*REX 10 MG * 30 TAB,0,0,"126,600",0
PENDIENTE RE,7707059700945,*RISPERIMED 1 MG X 20 TABLS,0,0,0,0
PENDIENTE RE,7707059701065,*RISPERIMED 4 MG X 20 TABLS,0,0,0,0
PENDIENTE RE,7704403005817,*ROBAXIFEN X 24 TABLS,0,0,"19,300",0
PENDIENTE RE,7702132010713,*ROBAXIN 500 MG X 20 TABLS,0,0,0,0
PENDIENTE RE,7702132001230,*ROBITUSSETS CHERRY X 9 PASTIL,0,0,"2,900",0
PENDIENTE RE,7702132001216,*ROBITUSSETS MENTOL X 9 PASTIL,0,0,"2,900",0
PENDIENTE RE,7702132003784,*ROBITUSSIN EXP X 118 ML,0,0,"10,600",0
PENDIENTE RE,7705922122207,*ROSUVEROL 20 MG X 10 TABLS,0,0,0,0
PENDIENTE RE,8714651002147,",7*RUFLAM 200 MG X 2 TABS",0,0,0,0
PENDIENTE RE,8714651002154,",7*RUFLAM 200 MG X 6 TABS",0,0,0,0
PENDIENTE RE,7730949043112,*SAIZEN 6 MG X 1 AMP,0,0,0,0
PENDIENTE RE,7707172688144,*SAL DE FRUTAS PHILLIPS X 24 S/S,0,0,"17,500",0
PENDIENTE RE,7702402051132,*SANDWICH FESTIVAL FRESA EMOJI *,500,0,"1,428",0
PENDIENTE RE,7702277109334,*SANITY GEL ANTIBACTERIAL BARBIE *,0,0,"5,400",0
PENDIENTE RE,7702277978923,*SANITY LOCION ANTIBACTERIAL X 120,0,0,"6,400",0
PENDIENTE RE,7707059701294,*SCITAB 10 MG X 30 TABLS,0,0,0,0
PENDIENTE RE,7707059701256,*SCITAB 20 MG X 30 TABLS,0,0,0,0
PENDIENTE RE,7704163000558,*SEBOSEDIL LIQUIDO X 150 ML,0,0,0,0
PENDIENTE RE,7703252035495,*SEDA DENTAL CON CERA MEDICARE X,500,0,"3,500",0
PENDIENTE RE,7592228000748,",7*SENNAX X 30 TABLS",0,0,0,0
PENDIENTE RE,7703363005479,*SENSODYNE +PARODONTAX ORIGINAL X,50,0,0,0
PENDIENTE RE,7896015516208,*SENSODYNE CEPILLO,0,0,0,0
PENDIENTE RE,7794640171697,*SENSODYNE CEPILLO MULTIPROTECCION,0,0,"11,900",0
PENDIENTE RE,7794640172229,*SENSODYNE ENJAGUE BUCAL COOL MINT,0,0,"13,500",0
PENDIENTE RE,7896015522315,*SENSODYNE RAPIDO ALIVIO X 66 GRS,0,0,"15,500",0
PENDIENTE RE,7703546010252,*SERECOR 250 MCG X 120 DOSIS,0,0,"126,600",0
PENDIENTE RE,8901117231580,*SEROHALE 25/125 MCG AEROSOL BUCAL,0,0,"85,800",0
PENDIENTE RE,7702452090808,*SIETE ESCENCIAS DE LOS ANDES X,2900,0,0,0
PENDIENTE RE,5099864005011,*SIMILAC 1 *400 GR,0,0,"40,800",0
PENDIENTE RE,7703186029529,",7*SIMILAC 1 X 2 ONZ",0,0,0,0
PENDIENTE RE,5099864005028,*SIMILAC 1 X 900 GR,0,0,"79,000",0
PENDIENTE RE,5099864005035,*SIMILAC 2 X 400 GR,0,0,"36,000",0
PENDIENTE RE,5099864005042,*SIMILAC 2 X 900 GR,0,0,"66,000",0
PENDIENTE RE,7703186031938,*SIMILAC 3 KID PROSENSITIVE 2.1 KL,0,0,"162,600",0
PENDIENTE RE,7703186031921,*SIMILAC 3 KID PROSENSITIVE CJA *,40,0,"95,900",0
PENDIENTE RE,8427030003665,*SIMILAC HA TOTAL COMFORT POTE *,360,0,"43,200",0
PENDIENTE RE,7703186031389,*SIMILAC TOTAL COMFORT ETAP 2 *,3600,0,"50,400",0
PENDIENTE RE,7705922124058,*SITRAN AMP,0,0,0,0
PENDIENTE RE,102230912075,*SLEEP RELAX (INSOMNIO) GOTAS * 50,0,0,0,0
PENDIENTE RE,736085181883,*SOPHIPREN GOTAS X 5 ML,0,0,"45,300",0
PENDIENTE RE,7702870101759,*SPLASH AQUA 24 FORET X 265 ML,0,0,"11,000",0
PENDIENTE RE,7702277167952,*SPLASH JUICY PEAR TEENS X 60 ML,0,0,0,0
PENDIENTE RE,7502241940488,*STOCRIN 600 MG X 30 TABLS,0,0,0,0
PENDIENTE RE,7703712080393,*SULTRIFAR 40MG/200MG FCO * 120 ML,0,0,"20,000",0
PENDIENTE RE,7702277140726,*SUN PRO ADVANCED PROTE SOLAR KIDS,0,0,"33,900",0
PENDIENTE RE,7702277042235,*SUN PRO AERO PROTECTOR SOLAR SPF,10,0,"16,000",0
PENDIENTE RE,7702277140740,*SUN PRO BRONCEADOR 2EN1 SPF 15 *,20,0,"26,500",0
PENDIENTE RE,7702277042204,*SUN PRO BRONCEADOR-PROTECTOR 2EN1,0,0,"26,000",0
PENDIENTE RE,7702277140702,*SUN PRO FAMILIAR PRO SOLAR SPF 70,0,0,"31,600",0
PENDIENTE RE,7702277148067,*SUN PRO GTS BRUMA REFRESCANTE SPF,0,0,"36,300",0
PENDIENTE RE,7702277148074,*SUN PRO P/SOLAR 50SPF GTS SUN PRO,0,0,"40,900",0
PENDIENTE RE,7702277149347,*SUN PRO PROTEC/SOLAR Y BRONCEADOR,0,0,"29,000",0
PENDIENTE RE,7702277127550,*SUN PRO PROTECTOR FACIAL SPF 90 *,0,0,"11,000",0
PENDIENTE RE,7702277151890,*SUN PRO PROTECTOR SOLAR FPS50 *,220,0,"37,100",0
PENDIENTE RE,7501199473413,*SUPER BENDER EXTRA PINCEL TUBO X,50,0,"6,100",0
PENDIENTE RE,7709375370369,*SUREZINC VAINILLA * 1000 GR,0,0,"96,800",0
PENDIENTE RE,7709034995728,*SUREZINCF ADVANCE CHOCOLATE * 900,0,0,"96,800",0
PENDIENTE RE,7709990745450,*SUREZINCF FEM VAINILLA * 400 GR,0,0,"49,500",0
PENDIENTE RE,7709990988178,*SUREZINCF FIBRA NARANJA * 300 GR,0,0,"49,500",0
PENDIENTE RE,7709990988161,*SUREZINCF GST VAINILLA  * 400 GR,0,0,"49,500",0
PENDIENTE RE,7709990902686,*SUREZINCF PROTEINA VAINILLA  *,4000,0,"49,500",0
PENDIENTE RE,7702277057321,*TALCO DR.M SPORT ANTITRA PIES X,120,0,0,0
PENDIENTE RE,7702027479113,*TENA MUJER MEDIANO PAGUE 8 LLEVE,10,0,0,0
PENDIENTE RE,7702027470271,*TENA MUJER MEDIUM * 10 UND PRECIO,0,0,"6,000",0
PENDIENTE RE,7702026146917,*TENA MUJER MINI CON ALAS * 10 UND,0,0,"6,500",0
PENDIENTE RE,7702027478772,*TENA SLIP TALLA L * 21 UND PRECIO,0,0,"50,000",0
PENDIENTE RE,7702027472954,*TENA SLIP TALLA L PAGUE 6 LLEV,80,0,0,0
PENDIENTE RE,7702027478673,*TENA SLIP TALLA M * 21 UND PRECIO,0,0,"45,000",0
PENDIENTE RE,7702027472657,*TENA SLIP TALLA M PAGUE 6 LLEV,80,0,0,0
PENDIENTE RE,7702027474958,*TENA SLIP TALLA S PAGUE 6 LLEVE 8,0,0,0,0
PENDIENTE RE,7703454120838,*TERATOS ADULTO JBE X 90 ML 5+1,0,0,0,0
PENDIENTE RE,7702065122378,*TETERO  8 ONZAS,0,0,"4,500",0
PENDIENTE RE,7707277580244,*TIMOLOL MALEATO 0.5% X 5 ML,0,0,"9,000",0
PENDIENTE RE,7707069728632,*TINTURA DE BENJUI  X 450 MLS,0,0,0,0
PENDIENTE RE,7707069728618,*TINTURA DE BENJUI X 30 ML,0,0,"2,400",0
PENDIENTE RE,7706142118148,*TOP-TAC SOL X 30 ML,0,0,"9,500",0
PENDIENTE RE,7704412186583,*TRAMADOL 50 MG X 10 AMPS,0,0,0,0
PENDIENTE RE,736085278385,*TRAZIDEX OFTENO SUSP X 5 ML,0,0,"53,900",0
PENDIENTE RE,770206000215,*TRESEMME ACONDICIONADOR SOBRE,0,0,800,0
PENDIENTE RE,7706309000347,*TRIBUTIN 200 MG X 15 TABLS,0,0,0,0
PENDIENTE RE,7706309000491,*TRIBUTIN 200 MG X 30 TABLS,0,0,"48,000",0
PENDIENTE RE,7703158009880,*TRIFAMOX 500 MG X 14 TBS,0,0,"43,300",0
PENDIENTE RE,7703158009897,*TRIFAMOX 500 MG X 28 TBS,0,0,0,0
PENDIENTE RE,7705821000897,*TRIMETOPRIM SULFA 160/800 MG X 20,0,0,"7,000",0
PENDIENTE RE,7702277121558,*ULTRA NUTRI ACOND EMBRION DE PATO,0,0,"11,000",0
PENDIENTE RE,7702277155171,*ULTRA NUTRI ACOND JALEA + EMBRION,0,0,"12,000",0
PENDIENTE RE,7702277121510,*ULTRA NUTRI ACOND KERATIN MAX *,750,0,"11,000",0
PENDIENTE RE,7702277121565,*ULTRA NUTRI ACOND KERATINMAX *,7500,0,"11,000",0
PENDIENTE RE,7702277144328,*ULTRA NUTRI ACOND REPARAMAX FCO *,0,0,"11,000",0
PENDIENTE RE,7702277156635,*ULTRA NUTRIT CREMA CORPORAL SPF,150,0,"20,900",0
PENDIENTE RE,7707145302862,*VASELINA COCOUNT X 60 GR,0,0,"4,000",0
PENDIENTE RE,7707069719012,*VASELINA PAQUETE X 12 UNDS,0,0,0,0
PENDIENTE RE,7707069719036,*VASELINA PURA TARRO X 400 GRS,0,0,0,0
PENDIENTE RE,7702402052153,*VASO ALOHA INTENSD RELAJADO * 160,0,0,"2,500",0
PENDIENTE RE,7702402050432,*VASO HELADINO PAWPATROL,0,0,"2,200",0
PENDIENTE RE,7702402051323,*VASO HELADINO PJ MASK,0,0,"2,100",0
PENDIENTE RE,7702402052078,*VASO HELADINO VIAJEROS,0,0,"2,300",0
PENDIENTE RE,7707231001044,*VENDA ALGODON LAMINADO      2011D,0,0,"2,400",0
PENDIENTE RE,7707231001051,*VENDA ALGODON LAMINADO      2011D,0,0,"3,600",0
PENDIENTE RE,7707231001037,*VENDA DE ALGODON LAMINADO 4X5,0,0,"2,000",0
PENDIENTE RE,7707300932576,*VENDA DE YESO 3,0,0,"5,400",0
PENDIENTE RE,7707228361366,*VENDA ELASTICA PIEL 5 * 5 YDS,0,0,"3,900",0
PENDIENTE RE,7707059700433,*VENDEP XR 150 MG X 10 CAPS,0,0,0,0
PENDIENTE RE,7707059700402,*VENDEP XR 75 MG X 10 CAPS,0,0,0,0
PENDIENTE RE,7861004514251,*VERACEF 500MG CAP CJA *,240,0,"109,900",0
PENDIENTE RE,7706309000859,*VIMINOX X 30 CAP,0,0,"40,000",0
PENDIENTE RE,7702418001220,*VITAMINA C MAST 500 MG X 250,0,0,0,0
PENDIENTE RE,7701872020471,*VITAMINA D3 2000 UI + MAGNESIO *,10,0,"42,000",0
PENDIENTE RE,7703153017958,*VITAMINA E 400 * 30 CAP 1+1,0,0,"28,400",0
PENDIENTE RE,080432400388,",87*WHISKY CHIVAS REGAL 12 ANOS X 375",0,0,0,0
PENDIENTE RE,7702614004421,",8*WHISKY CHIVAS REGAL 12 ANOS X 750",0,0,0,0
PENDIENTE RE,7709990825923,*WHISKY GRANDTS TRIANGLE X 750 ML,0,0,0,0
PENDIENTE RE,5000267024011,*WHISKY JOHNNIE WALKER BLACK LABEL,0,0,"105,000",0
PENDIENTE RE,5000267024004,*WHISKY JOHNNIE WALKER BLACK LABEL,0,0,"96,900",0
PENDIENTE RE,5000267014074,*WHISKY JOHNNIE WALKER RED LABEL *,0,0,"62,900",0
PENDIENTE RE,7701021115355,*WINNY ULTRATRIM ET1 X  18 UNDS,0,0,0,0
PENDIENTE RE,7701021111753,*WINNY ULTRATRIM ET1 X 30 GTS 2,0,0,0,0
PENDIENTE RE,7701021111319,*WINNY ULTRATRIM ET2 X 30 GTS,20,0,0,0
PENDIENTE RE,7701021113924,*WINNY ULTRATRIM ET3 X 30 UNDS,0,0,0,0
PENDIENTE RE,7701021142375,*WINNY ULTRATRIM GOLD ET6 X 20 GTS,0,0,0,0
PENDIENTE RE,7707263003122,*XETRIX JARABE (CETIRIZINA) *60 ML,0,0,"13,700",0
PENDIENTE RE,7707069729110,*YODO X 30 ML,0,0,0,0
PENDIENTE RE,7702057084080,*YODORA POWDER F CREMA   X 120 GRM,0,0,0,0
PENDIENTE RE,7702132006433,*Z BEC FRESA X 300GR,0,0,"36,200",0
PENDIENTE RE,7702132006495,*Z BEC VAINILLA X 300 GR,0,0,"36,200",0
PENDIENTE RE,75010431767813,TC 150 MG X 60 TABLS,0,0,0,0
PENDIENTE RE,77033630019903,TC SUSP X 240 ML,0,0,0,0
PENDIENTE RE,7703283401757,ACCUPRIL 40 MG X 28 TABLS,0,0,0,0
PENDIENTE RE,7707265998631,ACEITE DE AGUACATE JOHNVERY FCO *,20,0,"11,900",0
PENDIENTE RE,7707265992141,ACEITE DE ALMENDRAS Y AVENA FCO *,20,0,"7,000",0
PENDIENTE RE,7707265991298,ACEITE DE NARANJA JOHNVERY FCO *,200,0,"9,200",0
PENDIENTE RE,7707180630630,ACEITE DE NARANJA PARA MASAJES *,250,0,"9,500",0
PENDIENTE RE,7706569001238,ACETATO DE ALUMINIO SOBRES CJA *,250,0,"15,000",0
PENDIENTE RE,7703283401733,ACURETIC X 28 TABLS,0,0,0,0
PENDIENTE RE,7702047133040,ADES DURAZNO X 200ML,0,0,0,0
PENDIENTE RE,7702047135709,ADES MANGO X 1 LITRO,0,0,0,0
PENDIENTE RE,7702047135716,ADES MANGO X 200ML,0,0,0,0
PENDIENTE RE,7702047133026,ADES MANZANA 200 ML,0,0,0,0
PENDIENTE RE,7702047135723,ADES MORA X 1 LITRO,0,0,0,0
PENDIENTE RE,7702047135730,ADES MORA X 200ML,0,0,0,0
PENDIENTE RE,7702057010126,AFLUX 200 MGS X 30 S/S,0,0,"49,500",0
PENDIENTE RE,7702057010690,AFLUX 200MG *30 S/S EFERVESCENTE,0,0,"58,500",0
PENDIENTE RE,7702057010133,AFLUX 600 MGS X 10 S/S,0,0,"34,600",0
PENDIENTE RE,7702057010706,AFLUX 600MG *10 S/S EFERVESENTE,0,0,"37,000",0
PENDIENTE RE,7703258010090,AGIOLAX GRANULADO X 100 GRS,0,0,0,0
PENDIENTE RE,8410104155711,AIR WICK FRESHMATIC MAX LIRIO *,2500,0,"18,300",0
PENDIENTE RE,7703323501072,AKINETON X 10 AMPS,0,0,0,0
PENDIENTE RE,7702168079111,ALCOHOL * 750 ML,0,0,"8,000",0
PENDIENTE RE,8902319011666,ALENCAL 5 MG X 30 TABLS,0,0,"126,000",0
PENDIENTE RE,7702973035449,ALGIFLEX 15 MG X 10 TABS,0,0,"40,000",0
PENDIENTE RE,7702057644970,ALGODON MK *15 GR,0,0,"1,800",0
PENDIENTE RE,7702057644994,ALGODON MK *5 GR,0,0,600,0
PENDIENTE RE,7703186506306,",0ALITRAQ *6 S/S",0,0,"151,500",0
PENDIENTE RE,7702605107544,ALPRAZOLAM 0.5 MG X 30 TAB,0,0,0,0
PENDIENTE RE,7613032457525,ALTHERA X 450 GR,0,0,"70,600",0
PENDIENTE RE,4031083002694,ALVESCO 80 MCG X 60 DOSIS,0,0,"122,700",0
PENDIENTE RE,7707184160447,AMIKACINA 500 MG AMP,0,0,0,0
PENDIENTE RE,7706569020895,AMLODIPINO 10 MG X 100 TABLS,0,0,0,0
PENDIENTE RE,7703689000561,AO PROFAMILIA X 21 TAB,0,0,"5,000",0
PENDIENTE RE,7705922103022,API-FOLT X 10 CAP,0,0,0,0
PENDIENTE RE,7706263005280,",7ARIXTRA 2.5 MGS X 2 JERINGAS",0,0,"30,000",0
PENDIENTE RE,7707278000789,ARNIK CREMA EUCALIPTO *60 GR UNDAD,0,0,"16,000",0
PENDIENTE RE,895508002034,ARTH 7 *90 CAP,0,0,"85,400",0
PENDIENTE RE,7707182840068,ARTRICLOX 7.5 MG X 10 TABLS,0,0,0,0
PENDIENTE RE,8437009433508,ASUMATE 20 *21 TAB,0,0,"6,900",0
PENDIENTE RE,7703158001501,ATEMPERATOR GOTAS X 40 ML,0,0,0,0
PENDIENTE RE,7703153013899,ATEPLAX 75 MG X 14 TABS,0,0,0,0
PENDIENTE RE,7703153017729,ATOVAROL CBG 10 MG X 10 CAPS,0,0,0,0
PENDIENTE RE,8902319011246,ATPURE 50 MG X 30 TABLS,0,0,0,0
PENDIENTE RE,7702367000015,ATUM VANCAMPS LOMITOS EN ACEITE X,10,0,"5,600",0
PENDIENTE RE,7791293016573,AXE AEROSOL ANARCHY WOMEN X 160ML,10,0,"14,200",0
PENDIENTE RE,7791293020280,AXE AEROSOL BODY APOLLO X 160 ML,110,0,"14,200",0
PENDIENTE RE,7791293995755,AXE AEROSOL BODY DARK TEMPTATION X,0,0,"15,800",0
PENDIENTE RE,7791293023335,AXE AEROSOL BODY PEACE X 160 ML,1130,0,"14,200",0
PENDIENTE RE,7702006921688,AXE AEROSOL FINAL EDITION X 113 ML,0,0,0,0
PENDIENTE RE,7791293025018,AXE AEROSOL GOLD TEMPTATION SECO X,0,0,"14,600",0
PENDIENTE RE,7791293023328,AXE AEROSOL PEACE SECO X 152 ML 90,0,0,"14,200",0
PENDIENTE RE,7791293018997,AXE AEROSOL YOUNG X 113 GR,0,0,"14,200",0
PENDIENTE RE,7703153012014,AZEL GOTAS X 6 ML,0,0,0,0
PENDIENTE RE,7703153011215,B-VIT HT * 1 AMP + JERINGA,0,0,"37,900",0
PENDIENTE RE,7702057011147,BACTESUL 250 MG X 90 ML,0,0,0,0
PENDIENTE RE,7702057011062,BACTESUL 375 MG X 10 TABLS,0,0,0,0
PENDIENTE RE,7702045553512,BALANCE 2*1 MEN SPORT ENERGY SPRAY,0,0,"21,500",0
PENDIENTE RE,7702045549720,BALANCE 2*1 WOMEN ULTRA PROTECTION,0,0,"20,000",0
PENDIENTE RE,7702045521733,BALANCE 3D AEROSOL ENERGY X 175 ML,0,0,"6,700",0
PENDIENTE RE,7702045521740,BALANCE 3D BARRA ENERGY X 50 GRS,0,0,0,0
PENDIENTE RE,7702045521672,BALANCE 3D CREMA BABY X 132 GRS,0,0,"10,100",0
PENDIENTE RE,7702045521696,BALANCE 3D GEL NORMAL X16 S/S GTS,20,0,800,0
PENDIENTE RE,7702045521795,BALANCE 3D GEL X-TREME X 80 GRS,0,0,"7,700",0
PENDIENTE RE,7702045523232,BALANCE 3D ROLLON ALOE X 50 ML 2 X,0,0,0,0
PENDIENTE RE,7702045523249,BALANCE 3D ROLLON BABY X 50 ML 2 X,0,0,0,0
PENDIENTE RE,7702045523393,BALANCE 3D ROLLON BABY X 50 ML X 2,0,0,0,0
PENDIENTE RE,7702045520200,BALANCE ABSOLUTE CREMA SOBRE UNDAD,0,0,700,0
PENDIENTE RE,7702045556674,BALANCE ACLARADO RADIANTE SPRAY *,10,0,"14,300",0
PENDIENTE RE,7702045535433,",7BALANCE AEROSOL XENER MEN X 175 ML",0,0,"10,900",0
PENDIENTE RE,7702045535457,BALANCE AEROSOL XSOFT X 175 ML X 2,0,0,0,0
PENDIENTE RE,7702045535358,BALANCE AEROSOL XTREME COOL MEN X,10,0,0,0
PENDIENTE RE,7702045535266,BALANCE AEROSOL XTREME ENERGY X,1750,0,"8,300",0
PENDIENTE RE,7702045535372,",7BALANCE AEROSOL XTREME PROT MEN X",10,0,0,0
PENDIENTE RE,7702045526585,BALANCE CLINICAL 4D BARRA  WOMEN X,0,0,"13,900",0
PENDIENTE RE,7702045526592,BALANCE CLINICAL 4D BARRA MEN X 70,0,0,"13,900",0
PENDIENTE RE,7702045546248,BALANCE CLINICAL 4D MEN PROTECTION,0,0,"12,400",0
PENDIENTE RE,7702045553246,BALANCE CLINICAL FOR MEN CREMA CJA,0,0,"11,400",0
PENDIENTE RE,7702045548754,BALANCE CLINICAL FOR WOMEN  CARE *,0,0,"3,100",0
PENDIENTE RE,7702045540659,BALANCE CLINICAL ROLLON  CMEN X 50,0,0,"8,800",0
PENDIENTE RE,7702045540666,BALANCE CLINICAL ROLLON  WOMEN X,500,0,"8,800",0
PENDIENTE RE,7702045563689,BALANCE CLINICAL WOMEN FRESH BARRA,0,0,"17,000",0
PENDIENTE RE,7702045553192,BALANCE CLINICAL WOMEN FRESH BARRA,0,0,"17,800",0
PENDIENTE RE,7702045540175,",7BALANCE CREMA XTREME SENSITIVE X",160,0,0,0
PENDIENTE RE,7702045540475,BALANCE CREMA XTREME SENSITIVE X,400,0,0,0
PENDIENTE RE,7702018009336,BALANCE DESOD CJN CRE MODERNA X 12,0,0,0,0
PENDIENTE RE,7702018793143,BALANCE DESOD CREMA MODER 100 GR +,0,0,0,0
PENDIENTE RE,7702045507355,BALANCE DESOD GEL FLORAL X 15 GR,0,0,0,0
PENDIENTE RE,7702045553130,BALANCE FOR MEN CLINICAL INVISIBLE,0,0,"12,200",0
PENDIENTE RE,7702045553741,BALANCE FOR MEN DESO PARA PIES X,160,0,"13,300",0
PENDIENTE RE,7702045553321,BALANCE FOR MEN INVISIBLE ROLLON *,0,0,"7,700",0
PENDIENTE RE,7702045549690,BALANCE FOR MEN INVISIBLE SPRAY *,10,0,"10,400",0
PENDIENTE RE,7702045553666,BALANCE FOR MEN SPORT ENERGY GEL *,0,0,"15,400",0
PENDIENTE RE,7702045549782,BALANCE FOR MEN SPRAY INVISIBLE *,10,0,"20,700",0
PENDIENTE RE,7702045540277,BALANCE FOR MEN XTREME NORMAL * 16,0,0,"11,200",0
PENDIENTE RE,7702045521771,BALANCE FOR MEN XTRME -DRY ROLON *,0,0,"4,500",0
PENDIENTE RE,7702045521870,BALANCE FOR WOMEN ABSOLUTE PTE *,130,0,"6,500",0
PENDIENTE RE,7702045553338,BALANCE FOR WOMEN INVISIBLE ROLLON,0,0,"7,700",0
PENDIENTE RE,7702045521658,BALANCE FOR WOMEN ROLON 50 G UNDAD,0,0,"4,500",0
PENDIENTE RE,7702045549638,BALANCE FOR WOMEN ULTRA PROTECTION,0,0,"10,400",0
PENDIENTE RE,7702045541151,BALANCE GEL XTREME COOL 72 HRAS *,10,0,"11,100",0
PENDIENTE RE,7702045540178,BALANCE GEL XTREME ENERGY X 16 S/S,0,0,"11,500",0
PENDIENTE RE,7702045540185,BALANCE GEL XTREME NORMAL X 16 S/S,0,0,"11,500",0
PENDIENTE RE,7702045521900,BALANCE MAX PROTECT ABSOLUTE ROLON,0,0,"4,500",0
PENDIENTE RE,7702045521924,BALANCE MAX PROTECT ABSOLUTE SPRAY,0,0,"7,000",0
PENDIENTE RE,7702045521894,BALANCE MAX PROTECT WOMEN ABSOLUTE,0,0,"7,500",0
PENDIENTE RE,7702045523218,BALANCE MAXP AEROSOL ABS LUT WOMEN,0,0,0,0
PENDIENTE RE,7702045523324,BALANCE MAXP AEROSOL ABSOLUT WOMEN,0,0,0,0
PENDIENTE RE,7702045523553,BALANCE MAXP AEROSOL ACTIVECONTROL,0,0,0,0
PENDIENTE RE,7702045521948,BALANCE MAXP BARRA ABSOLUT MEN X,500,0,"6,500",0
PENDIENTE RE,7702045521917,BALANCE MAXP BARRA ABSOLUT WOMEN X,0,0,0,0
PENDIENTE RE,7702045520149,BALANCE MAXPROTECT MEN SPRAY UNDAD,0,0,0,0
PENDIENTE RE,7702045557145,BALANCE MEN 2 X 1 COOL AEROSOL X,160,0,"22,900",0
PENDIENTE RE,7702045541090,BALANCE MEN BARRA ULTRA PROT  * 73,0,0,"11,700",0
PENDIENTE RE,7702045556759,BALANCE MEN SPORT ENERGY ROLLON *,50,0,"9,600",0
PENDIENTE RE,7702045556667,BALANCE MEN SPORT ENERGY SPRAY *,160,0,"14,500",0
PENDIENTE RE,7702045556643,BALANCE MEN TOTAL PROTECT SPRAY *,10,0,"14,500",0
PENDIENTE RE,7702045556605,BALANCE MEN ULTRA PROTECTION SPRAY,0,0,"14,500",0
PENDIENTE RE,7702045553314,BALANCE ROLLON ACLARADO RADIANTE *,0,0,"9,000",0
PENDIENTE RE,7702045539561,BALANCE ROLLON MAX PROTECT MEN X,250,0,"2,200",0
PENDIENTE RE,7702045535877,BALANCE ROLLON MAX PROTECT MEN X,500,0,"5,000",0
PENDIENTE RE,7702045539578,BALANCE ROLLON MAX PROTECT WOMEN X,0,0,"2,200",0
PENDIENTE RE,7702045535754,",7BALANCE ROLLON XCARE WOMEN X 50 ML",0,0,"9,800",0
PENDIENTE RE,7702045535693,BALANCE ROLLON XDRY MEN X 50 ML X,20,0,0,0
PENDIENTE RE,7702045535716,BALANCE ROLLON XENER MEN X 50 ML X,0,0,0,0
PENDIENTE RE,7702045535655,BALANCE ROLLON XPROT MEN X 50 ML X,0,0,0,0
PENDIENTE RE,7702045535730,BALANCE ROLLON XSOFT WOMEN X 50 ML,0,0,0,0
PENDIENTE RE,7702045507249,BALANCE WOME  ALOE CARE BARRA * 45,0,0,"7,300",0
PENDIENTE RE,7702045521832,BALANCE WOMEN ACTIVE CONTROL BARRA,0,0,"5,200",0
PENDIENTE RE,7702045556773,BALANCE WOMEN FRESH NATURAL ROLLON,0,0,"10,200",0
PENDIENTE RE,7702045556728,BALANCE WOMEN INVISIBLE ROLLON *,500,0,"10,000",0
PENDIENTE RE,7702045549683,BALANCE WOMEN INVISIBLE SPRAY *,1600,0,"11,300",0
PENDIENTE RE,7702045556636,BALANCE WOMEN INVISIBLE SPRAY *,1600,0,"20,600",0
PENDIENTE RE,7702045553758,BALANCE WOMEN PARA PIES SPRAY *,1600,0,"12,800",0
PENDIENTE RE,7702045667677,BALANCE WOMEN PH BALANCEADO ROLLON,0,0,"13,950",0
PENDIENTE RE,7702045548594,BALANCE WOMEN ROLLON TOTAL PROTECT,0,0,"10,900",0
PENDIENTE RE,7702045535679,BALANCE WOMEN ROLLON ULTRA PROT X,50,0,"13,200",0
PENDIENTE RE,7702045553352,BALANCE WOMEN TOTAL PROTECT ROLLON,0,0,"8,600",0
PENDIENTE RE,7702045557152,BALANCE WOMEN ULTRA PROTECTION 2X1,0,0,"21,100",0
PENDIENTE RE,7702045535563,BALANCE XTREME PROTECTION MEN X,1320,0,0,0
PENDIENTE RE,7702045542967,BALANCE XTREME PROTECTION WOMEN X,10,0,"11,000",0
PENDIENTE RE,7702045541137,BALANCE XTREME PROTECTION WOMEN X,70,0,"12,400",0
PENDIENTE RE,7501043170109,BECLOFORTE INHALADOR X 200,0,0,"123,000",0
PENDIENTE RE,7501043170178,BECLOVENT INHALADOR X 200,0,0,"75,200",0
PENDIENTE RE,7501043170499,BECONASE ACUOSO NASAL X,2000,0,"77,000",0
PENDIENTE RE,7703454004770,BELOC 100 MG X 10 TABLS,0,0,0,0
PENDIENTE RE,7702057017910,BENZIRIN VERDE X 20 TABL,0,0,"15,000",0
PENDIENTE RE,7703158009101,BENZOLAN GOTAS X 30 ML,0,0,0,0
PENDIENTE RE,7704588001253,BETOPROLOL 50 MG X 30 TABS,0,0,"5,000",0
PENDIENTE RE,7707232091815,BHSN MULTIVITAMINICO * 100 CAP,0,0,"36,000",0
PENDIENTE RE,7702057077952,BIOCALCIUM D 500MG PAGUE 30 LLEVE,40,0,0,0
PENDIENTE RE,7702207700471,BIOFOCUS 0.004%/0.5% GOTAS OFTAL *,0,0,"134,500",0
PENDIENTE RE,7702973046179,BIOTOR 20 MG X 30 TAB,0,0,0,0
PENDIENTE RE,7707283720511,BIOVARSOL * 150 ML,0,0,"2,100",0
PENDIENTE RE,7703153000097,BIPRIN 50 MG X 30 TABLS,0,0,"38,300",0
PENDIENTE RE,7709990701272,BIRTEX GOTAS * 15 ML,0,0,"36,000",0
PENDIENTE RE,7702973022500,BLOW 10 MG X 10 TABLS,0,0,0,0
PENDIENTE RE,7702973034558,BLOW 10 MG X 30 TABLS,0,0,0,0
PENDIENTE RE,7702973027307,BLOW 4 MG X 10 TABLS,0,0,0,0
PENDIENTE RE,7702973022494,BLOW 5 MG X 10 TABLS,0,0,0,0
PENDIENTE RE,7702973034541,BLOW 5 MG X 30 TABS,0,0,0,0
PENDIENTE RE,7703153021252,BONFIBRA X 60 GOMAS,0,0,"37,500",0
PENDIENTE RE,7702057844028,BONFIEST LUA X 6 S/S,0,0,0,0
PENDIENTE RE,7705200020522,",7BRIOMET X 2 AMPS",0,0,0,0
PENDIENTE RE,7704588002120,BUPIROP (BUPIVACAINA) 0.5% X 10 ML,0,0,"124,800",0
PENDIENTE RE,7704588001277,BUPIROP 0.5% PESADO X 24 AMPS,0,0,"48,000",0
PENDIENTE RE,77010995,BUPIROP 0.5% X 20 ML,0,0,"14,500",0
PENDIENTE RE,7702045869927,C/PEINAKONZILR ACEITE DE ALMENDRAS,0,0,"8,900",0
PENDIENTE RE,7702024004448,CAFE DOLCA X 170 GRS,0,0,0,0
PENDIENTE RE,7702132006990,CALTRATE 600 MG X 60 TABLS,0,0,"44,500",0
PENDIENTE RE,7702024008101,CAN-CAN GALLETA VAINILLA X 38 GRS,0,0,0,0
PENDIENTE RE,7703153004316,CARBONATO DE CALCIO 600 MG * 30 TB,0,0,"7,500",0
PENDIENTE RE,7707184161062,CEFALOTINA 1 G X 10 AMP,0,0,0,0
PENDIENTE RE,7702605103980,CEFOTAXIMA 1 GM AMP,0,0,0,0
PENDIENTE RE,7704631904258,CEPILLO CRYSTAL SUAVE+PROTEC+CREMA,0,0,"2,600",0
PENDIENTE RE,7704631100049,CEPILLO ORAL-PLUS INTERPROXIMAL +,30,0,"5,300",0
PENDIENTE RE,7704631000554,CEPILLO ORAL-PLUS NIÃ‘OS BONITE,0,0,"4,100",0
PENDIENTE RE,7613030979456,CEREAL CHOCAPIC X 250 GR,0,0,0,0
PENDIENTE RE,7613030979715,CEREAL TRIX *230 GR,0,0,0,0
PENDIENTE RE,7613030979869,CEREAL ZUCOSOS,0,0,0,0
PENDIENTE RE,7703178000980,CETIRAX D *10 CAP,0,0,"83,900",0
PENDIENTE RE,7702626167381,CHERRY BETUN NEGRO * 65 GR GTIS 12,0,0,"7,100",0
PENDIENTE RE,7702207300060,CIMAL 30 MG X 30 CAP,0,0,"229,500",0
PENDIENTE RE,7702207300077,CIMAL 60 MG X 30 CAP,0,0,"252,000",0
PENDIENTE RE,7706569000095,CIPROFLOXACINO  250MG TAB CAJA *,100,0,"5,500",0
PENDIENTE RE,7706569020574,CIPROFLOXACINO 500 MG X 100 TB USO,0,0,"40,000",0
PENDIENTE RE,7702057010454,CLARVISAN OFT X 15 ML,0,0,"51,000",0
PENDIENTE RE,7896116881021,",7CLIMENE X 21 TABS",0,0,0,0
PENDIENTE RE,7705959000134,",7CLOBETASOL 0.05% CREMA TOPICA X 40",0,0,0,0
PENDIENTE RE,7706569020482,CLOPIDOGREL 75 MG X 28 TABS,0,0,"27,000",0
PENDIENTE RE,7702502212600,CLOROTRIMETON 4 MG X 20 TABLS,0,0,"9,000",0
PENDIENTE RE,7702502212204,CLOROTRIMETON JBE X 120 ML,0,0,"19,500",0
PENDIENTE RE,7702137624625,CLOROX GALON,0,0,"13,000",0
PENDIENTE RE,7704588001215,CLORURO DE SODIO 2 MEQ/ML * 10 ML,0,0,"1,800",0
PENDIENTE RE,7704588003547,CLORURO DE SODIO SUERO FISIOLOGICO,0,0,"2,400",0
PENDIENTE RE,7702057071950,CLOTRIMAZOL CREMA VAG X 40 GR,0,0,"18,000",0
PENDIENTE RE,7709990742893,CLOTRIMAZOL CREMA VAGINAL1% X 40GR,0,0,"12,500",0
PENDIENTE RE,7702057071974,CLOTRIMAZOL VAGINAL X 6 TABLS,0,0,"11,000",0
PENDIENTE RE,7702024034223,COCOSETTE MAXI WAFER,0,0,0,0
PENDIENTE RE,7702024034193,COCOSETTE MAXI WAFER X 18 UND,0,0,0,0
PENDIENTE RE,7591016171080,COCOSETTE MAXI X 18 PAQ,0,0,0,0
PENDIENTE RE,7702024034162,COCOSETTE SANDWICH X,10,0,0,0
PENDIENTE RE,7861073963295,CODIPRONT JBE X 60 ML,0,0,"21,000",0
PENDIENTE RE,7891024134498,COLGATE SENSITIVE MULTI PROTE * 37,0,0,"13,200",0
PENDIENTE RE,7702010349126,COLGATE TOTAL 12H CLEAN MINT TBO *,0,0,"5,500",0
PENDIENTE RE,7702010611278,COLGATE TRIPLE ACCION * 100ML  CJA,0,0,"11,600",0
PENDIENTE RE,5034642013123,",5COMBIVIR X 60 TABLS",0,0,0,0
PENDIENTE RE,7702057702250,COMPLEJO B * 2ML HYPAK CJA * 3 AMP,0,0,"51,600",0
PENDIENTE RE,7703689000363,CONFIAMOR PRESERVATIVO X 3,0,0,"3,000",0
PENDIENTE RE,7730698004327,CONVERTAL 100 MG X 15 TABS,0,0,0,0
PENDIENTE RE,7730698003986,CONVERTAL 50 MG X 15 COMPS,0,0,0,0
PENDIENTE RE,7702057062415,COPITOS MK *80 UND,0,0,"12,000",0
PENDIENTE RE,7702057062446,COPITOS MK X 60 UND,0,0,"5,300",0
PENDIENTE RE,7896009400254,COREGA SUPER POLVO X 22 GRS,0,0,"15,000",0
PENDIENTE RE,7794640170539,COREGA TABS X 60 TAB,0,0,"30,800",0
PENDIENTE RE,7730698005409,CORENTEL D 10/6.25 X 30 TABLS,0,0,0,0
PENDIENTE RE,7613030983125,CORN KLAKES CEREAL X 200 GRS,0,0,0,0
PENDIENTE RE,7453010005887,CORTA UÃ‘AS NIÃ‘O DECORADO COLA DE,0,0,"1,400",0
PENDIENTE RE,7896075709954,CORTACUTICULA + DEPILADOR,0,0,"9,300",0
PENDIENTE RE,7896075710042,CORTACUTICULA BASIC SENCILLO VERDE,0,0,"9,300",0
"PENDIENTE RE07049,",770231351,CORTACUTICULA LAMINA PATECABRA,0,0,0,0
PENDIENTE RE,7704631904463,CREMA DENTAL ORAL-PLUS MENTA * 100,0,0,"4,700",0
PENDIENTE RE,7501056340087,",7CREMA PEINAR SEDAL BRILLO GLOSS X",30,0,0,0
PENDIENTE RE,7702006919357,",7CREMA PEINAR SEDAL LISO PERFECTO X",0,0,0,0
PENDIENTE RE,7591107310114,CRESO ULTRA X 850 ML,0,0,0,0
PENDIENTE RE,7703332002010,CROMOLIN 2% NASAL X 10 ML,0,0,0,0
PENDIENTE RE,7703332002027,CROMOLIN 4% NASAL X 10 ML,0,0,0,0
PENDIENTE RE,7706569021465,CROTAMITON 10% LOCION 60 ML FRASCO,0,0,"3,500",0
PENDIENTE RE,7707278008884,CUPIDO GEL INTIMO X 12 S/S,0,0,"28,800",0
PENDIENTE RE,7702136641791,CUREBAND CURAS REDONDAS NIÃ‘O *,1000,0,"10,500",0
PENDIENTE RE,7702136647465,CUREBAND GASA ANTIADERENTE ESRERIL,0,0,"6,000",0
PENDIENTE RE,7800067000059,CYMBALTA 60 MG X 14 CAPS,0,0,"41,900",0
PENDIENTE RE,7795990001450,CYMBALTA 60 MG X 14 CAPS,0,0,0,0
PENDIENTE RE,7703763944274,DAKSOL FEM X 4 TABLS,0,0,"44,600",0
PENDIENTE RE,7702057010768,DAMICLIN 300 MG X 24 CAPSULAS,0,0,"98,800",0
PENDIENTE RE,7703363001594,DERMOVATE CREMA X 40 GR,0,0,0,0
PENDIENTE RE,7501011671737,DIAL JABON LIQ CUERPO EXFOLIANTE X,0,0,0,0
PENDIENTE RE,7501199403137,DIAL JABON LIQ CUERPO FOR MEN 3D X,0,0,0,0
PENDIENTE RE,7501199406015,DIAL JABON LIQ CUERPO NUTRISKIN X,30,0,0,0
PENDIENTE RE,7501199405988,DIAL JABON LIQ MANOS NUTRISKIN X,220,0,0,0
PENDIENTE RE,7703281001287,DIANTAL 400 MG X 100 TABLS,0,0,0,0
PENDIENTE RE,7703153008185,DICLANEX GOTAS X 6 ML,0,0,0,0
PENDIENTE RE,8437019299248,DIENILLE 2MG/0.03MG CJA *3 BLISTER,0,0,"47,100",0
PENDIENTE RE,7706263006102,DILTIASYN 60 MG X 20 TABLS,0,0,0,0
PENDIENTE RE,7702870001769,DINEGAL 10 MG X 30 TABLS,0,0,"49,000",0
PENDIENTE RE,7707184160669,DIPIRONA 1 GR X 2ML X 10 AMP,0,0,0,0
PENDIENTE RE,7702605106202,DIPIRONA MAGNESICA AMP X 5 ML,0,0,0,0
PENDIENTE RE,7702207700457,DORLAMIDA T 20MG/5MG SOL OFTALMICA,0,0,"124,000",0
PENDIENTE RE,7706569040039,DOXICICLINA 100 MG X 100 TAB,0,0,0,0
PENDIENTE RE,7501406803002,DUOFILM SOL X 15 ML,0,0,"68,300",0
PENDIENTE RE,7501406817009,DUOPLANT GEL X 15 GRS,0,0,0,0
PENDIENTE RE,7592229002253,DUOPRES 5/20 MG X 24 TABS,0,0,0,0
PENDIENTE RE,7703153019358,ECOSYS 1.5 GR X 6 S/S,0,0,"50,400",0
PENDIENTE RE,7703153030087,EDUXON 150 MG X 28 COMPS,0,0,"290,000",0
PENDIENTE RE,7703153019693,EDUXON 150 MG X 7 COMPS,0,0,"87,000",0
PENDIENTE RE,7703153016296,EDUXON 37.5 MG X 7 COMPS,0,0,"72,700",0
PENDIENTE RE,7703153019709,EDUXON 75 MG X 7 COMPS,0,0,0,0
PENDIENTE RE,7703153015855,EDUXON 75MG *14 COMP,0,0,"102,000",0
PENDIENTE RE,7702354030889,EGO GEL  X 10ML,0,0,0,0
PENDIENTE RE,7702354027544,EGO GEL BLACK X 15 S/S,0,0,0,0
PENDIENTE RE,7506205801099,ENFAGROW PREMIUM * 400 GRS,0,0,"32,000",0
PENDIENTE RE,7506205801105,",7ENFAGROW PREMIUM * 900 GRS",0,0,"70,000",0
PENDIENTE RE,7506205806735,ENFAGROW PREMIUM PREESCOLAR * 1800,0,0,"126,000",0
PENDIENTE RE,7506205804397,ENFAGROW PREMIUM VAINILLA X 400GR,0,0,"32,600",0
PENDIENTE RE,7503013040412,",7ENFAMIL PREMIUM 2 * 400 GRS",0,0,"45,600",0
PENDIENTE RE,7704631700003,ENHEBRADORES PARA BRACKES * 30 UND,0,0,"5,300",0
PENDIENTE RE,7703186032454,ENSURE ADVANCE LIQUIDO VAINILLA *8,0,0,"51,000",0
PENDIENTE RE,7707173601852,ERGOCAL D SOYA X 60 TABLS,0,0,0,0
PENDIENTE RE,7702057351700,ERILIN 50 MGS X 2 TABLS,0,0,"25,800",0
PENDIENTE RE,7703546141925,ERISUL X 100 ML,0,0,0,0
PENDIENTE RE,7795345014005,ESMIRTAL 10 MG X 30 COMPS,0,0,0,0
PENDIENTE RE,7707182840655,ESOMAX 20 MG X 14 CAPS,0,0,0,0
PENDIENTE RE,7702418001527,ESTREVA GEL 50 MG,0,0,"83,500",0
PENDIENTE RE,7702973017858,EUCALEN 70 MG X 2 TABLS,0,0,"41,000",0
PENDIENTE RE,7702973017865,EUCALEN 70 MG X 4 TABLS,0,0,0,0
PENDIENTE RE,7702045523478,FA DESO ROLLON 3D ENERGY ZONE X 50,0,0,"7,200",0
PENDIENTE RE,7702045523515,FA DESO ROLLON NATURAL SOFT ROSE X,0,0,"7,200",0
PENDIENTE RE,7702026202590,FAMILIA SERVILLETAS PRACTI-DIARIAS,0,0,"1,900",0
PENDIENTE RE,7702026206956,FAMILIA SERVILLETAS PRACTI-DIARIAS,0,0,"3,000",0
PENDIENTE RE,7702026062255,FAMILIA TOALLAS ACOLCHAMAX BLANCAS,0,0,"6,000",0
PENDIENTE RE,7702026624910,FAMILIA TOALLAS ACOLCHAMAX BLANCAS,0,0,"6,800",0
PENDIENTE RE,7702418001817,FEM 7 X 4 PARCHES,0,0,0,0
PENDIENTE RE,7707189521250,FEMELLE CD *28 TAB,0,0,"23,900",0
PENDIENTE RE,7861073963417,FEMSTAT X 3 OVULOS,0,0,"69,500",0
PENDIENTE RE,77003153034900,FENOVAS 20MG *30 CAP,0,0,"331,400",0
PENDIENTE RE,5013945172003,FINASPROS X 30 TABLS,0,0,"511,800",0
PENDIENTE RE,7613031033058,FITNESS CEREAL X 260 GRS,0,0,0,0
PENDIENTE RE,7704232000762,FITOFLAVONA 17.5 MG X 60 CAPS,0,0,"74,000",0
PENDIENTE RE,7704232001059,FITOFLAVONA 35 MG X 60 CAPS,0,0,"108,000",0
PENDIENTE RE,7704232001370,FITOLIP NF X 60 CAPS,0,0,0,0
PENDIENTE RE,7704232001165,FITOTUX JBE X 100 ML,0,0,"23,600",0
PENDIENTE RE,7704232000922,FITOTUX JBE X 200 ML,0,0,"25,000",0
PENDIENTE RE,7702057010010,FIXAMICIN NF X 15 ML,0,0,"24,900",0
PENDIENTE RE,7703153019112,FLEXURE MSM X 15 S/S PINA-,0,0,"84,850",0
PENDIENTE RE,7703153009519,FLEXURE X 15 S/S NARANJA,0,0,0,0
PENDIENTE RE,7703153009526,FLEXURE X 15 S/S ORIGINAL,0,0,0,0
PENDIENTE RE,7703153009502,FLEXURE X 30 CAPS,0,0,"89,000",0
PENDIENTE RE,7704039111531,FLUIFORT JBE ADULTOS X 120 ML,0,0,"55,000",0
PENDIENTE RE,7704039121530,FLUIFORT JBE NIÃ‘OS X 60 ML,0,0,"34,000",0
PENDIENTE RE,7704039127402,FLUIFORT X 10 S/S,0,0,"41,500",0
PENDIENTE RE,7703153033897,FLUNAZOL 75MG/1GR,0,0,"31,000",0
PENDIENTE RE,751273779529,FLUSH *30 SOFTGEL,0,0,"15,000",0
PENDIENTE RE,7703153024130,FLUXAL 25/125 MCG X 120 DOSIS,0,0,0,0
PENDIENTE RE,7703153024147,FLUXAL 25/250 MCG X 120 DOSIS,0,0,"136,000",0
PENDIENTE RE,7703153024123,FLUXAL 25/50 MCG X 120 DOSIS,0,0,"124,200",0
PENDIENTE RE,7703153019402,FLUXINOL 400 MG X 5 CAPS,0,0,0,0
PENDIENTE RE,7703153019419,FLUXINOL 400 MG X 7 TABS,0,0,0,0
PENDIENTE RE,7702057013202,FOLTENE X 10 FCOS,0,0,"129,000",0
PENDIENTE RE,7707232095202,FRESHLY LIPS FRESA X 5 GR,0,0,0,0
PENDIENTE RE,7702047130261,FRUCO MAYONESA BAJA EN GRSA RECETA,0,0,0,0
PENDIENTE RE,7702047128954,FRUCO MAYONESA LIBRE DE COLESTEROL,0,0,0,0
PENDIENTE RE,7702047015735,FRUCO MAYONESA X 120 GR P.ESPC,0,0,0,0
PENDIENTE RE,7702047001240,FRUCO MAYONESA X 230 GRS,0,0,0,0
PENDIENTE RE,7702047016930,FRUCO MAYONESA X 50 GRS,0,0,0,0
PENDIENTE RE,7702047022016,FRUCO MOSTAZA X 1GK,0,0,0,0
PENDIENTE RE,7702047001745,FRUCO SALSA AJI X 170 GR,0,0,0,0
PENDIENTE RE,7702047129203,FRUCO SALSA BARBECUE X 180 GRS,0,0,0,0
PENDIENTE RE,7702047022078,FRUCO SALSA CARNE X 175 GR,0,0,0,0
PENDIENTE RE,7702047003138,FRUCO SALSA CARNE X 285 GRS,0,0,0,0
PENDIENTE RE,7702047001806,FRUCO SALSA INGLESA X 170 GR,0,0,0,0
PENDIENTE RE,7702047021934,FRUCO SALSA MOSTASA X 200 GR,0,0,0,0
PENDIENTE RE,7702047129913,FRUCO SALSA NEGRA X 175 GR,0,0,0,0
PENDIENTE RE,7702047001516,FRUCO VINAGRE BLANCO X 500 ML,0,0,0,0
PENDIENTE RE,7703178,FUZOL 150MG *2 CAP,0,0,"60,000",0
PENDIENTE RE,7702024050872,GALLETA FITNESS AVENA Y PASAS X 22,0,0,0,0
PENDIENTE RE,7622300092184,GALLETA RITZ *70 GR,0,0,0,0
PENDIENTE RE,7702024052128,GALLETAS HIT X 15 GR,0,0,0,0
PENDIENTE RE,7702024003120,GALLETAS HIT X 30 GRS,0,0,0,0
PENDIENTE RE,7702024023265,GALLETAS PASSA TEMPO WAFER FRESA X,0,0,0,0
PENDIENTE RE,7707565466939,GEL ANTIBACTERIAL BEAULYN BODY *,500,0,"2,500",0
PENDIENTE RE,7702026310592,GEL FAMILIA ANTIBACTERIAL X 40 ML,20,0,"6,350",0
PENDIENTE RE,7703153012533,GESTAFER CARAMELO X 120 ML,0,0,0,0
PENDIENTE RE,7702057017538,GINIL X 10 TABLS VAG,0,0,"62,000",0
PENDIENTE RE,7730698004082,",7GIVOTAN SUSP X 60 ML",0,0,0,0
PENDIENTE RE,7702045505627,GLATT CREMA NORMAL DESRIZADOR PAG,10,0,"10,000",0
PENDIENTE RE,7702973026850,GLUCEMIN 30 MG X 30 TABLS,0,0,0,0
PENDIENTE RE,7708937500695,GOLDPROT COMPLETE VAINILLA CJA * 7,0,0,"51,500",0
PENDIENTE RE,7707213870194,GRACIAL X 22 COMPS,0,0,"56,500",0
PENDIENTE RE,7702626202426,HARPIC PASTILLA PARA TANQUE AZUL *,0,0,"4,600",0
PENDIENTE RE,7702626168548,HARPIC PASTILLAS P/TANQUE P3LL4 *,40,0,"12,600",0
PENDIENTE RE,7706569001979,**HIDROCORTISONA CREMA X 15 GRS,0,0,"3,500",0
PENDIENTE RE,7501065074096,HINDS CREMA HIDRATACION EXTREMA X,40,0,0,0
PENDIENTE RE,7501065072818,HINDS CREMA PIEL SECA FCO * 420 ML,0,0,"9,400",0
PENDIENTE RE,7702425803732,HUGGIES TOALLITAS ACTIVE FRESH PAG,0,0,"6,900",0
PENDIENTE RE,7795990001764,HUMALOG MIX 25 X 5 JER PRELLENADA,30,0,"117,900",0
PENDIENTE RE,7795990001771,HUMALOG MIX 50 X 5 JER PRELLENADA,30,0,"102,200",0
PENDIENTE RE,7703991032144,HUMATROPE 5 MG AMP,0,0,0,0
PENDIENTE RE,8595163717312,HYATOPROL FRASCO X 22 GR,0,0,"155,700",0
PENDIENTE RE,7706569000361,IBUPROFENO 600 MG X 50 TABLS,0,0,"9,800",0
PENDIENTE RE,7702045554915,IGORA AMATISTA 699,0,0,"23,300",0
PENDIENTE RE,17702045402442,IGORA BLONDE POLVO DECOLORANTE X,120,0,"78,000",0
PENDIENTE RE,7702045513387,IGORA CAFÃ‰ MOCA CLARO5-65 ESTUCHE,0,0,"21,800",0
PENDIENTE RE,7702045527766,IGORA CHOCOLATE INTENSO,6060,0,"21,800",0
PENDIENTE RE,7702045565188,IGORA CHOCOLATE IRRESISTIBLE,6340,0,"21,800",0
PENDIENTE RE,7702045487565,IGORA KIT CAOBA COBRIZO K4/5-7,0,0,0,0
PENDIENTE RE,7702045485110,IGORA KIT CAOBA R2/3-68 EST 60,0,0,0,0
PENDIENTE RE,7702045485011,IGORA KIT RUB MED CEN C6/7-1,0,0,0,0
PENDIENTE RE,7702045484960,IGORA KIT RUBIO CLARO N7/8-00,0,0,0,0
PENDIENTE RE,7702045522648,IGORA N3 4-0 CASTAÃ‘O MEDIANO 2 *1,0,0,"17,300",0
PENDIENTE RE,7702045565201,IGORA RUBIO CENIZO INTENSO,7110,0,"21,000",0
PENDIENTE RE,7702045527735,IGORA TINTE BRI R ROMANTICO KIT,3880,0,0,0
PENDIENTE RE,7702045516296,IGORA TINTE BRILLANCE EST 507 ROJO,0,0,0,0
PENDIENTE RE,7702045527902,IGORA TINTE BRILLANCE EST 688 ROJO,0,0,"20,000",0
PENDIENTE RE,7702045530056,IGORA TINTE VITAL EST 1-0 NEGRO X,20,0,"17,300",0
PENDIENTE RE,7702045512847,IGORA TINTE VITAL EST 3-68 CAOBA,0,0,"17,300",0
PENDIENTE RE,7702045530315,IGORA TINTE VITAL EST 3-68 CAOBA X,0,0,"20,000",0
PENDIENTE RE,7702045530209,IGORA TINTE VITAL EST 3-99 BORGONA,0,0,"17,300",0
PENDIENTE RE,7702045512878,IGORA TINTE VITAL EST 3-99 BORGONA,0,0,"19,000",0
PENDIENTE RE,7702045522846,IGORA TINTE VITAL EST 4-88 CASTANO,0,0,"17,300",0
PENDIENTE RE,7702045512830,IGORA TINTE VITAL EST 4-88 CASTANO,0,0,"17,300",0
PENDIENTE RE,7702045512915,",7IGORA TINTE VITAL EST 5-88 CASTANO",0,0,0,0
PENDIENTE RE,7702045530254,IGORA TINTE VITAL EST 8-11 RUBI X,20,0,"17,300",0
PENDIENTE RE,7702045497694,IGORA TINTE VITAL RL.7 X 50 GRS,0,0,0,0
PENDIENTE RE,7702045500219,IGORA VIT KIT CAS.COBRIZO RK5/6-7,0,0,0,0
PENDIENTE RE,7702045512298,IGORA VIT TBO CHOCOLATE EFR /6 -68,0,0,0,0
PENDIENTE RE,7702045512359,IGORA VIT TBO RUB.MED.CEN REFC 6/7,0,0,0,0
PENDIENTE RE,7702045512335,IGORA VIT TBO RUB.MEDIO  EFN   6/7,0,0,0,0
PENDIENTE RE,7702045512687,IGORA VITAL  CASTAÃ‘O CLARO KIT *,10,0,"19,000",0
PENDIENTE RE,7702045555288,IGORA VITAL  RUBIO CLARO* 2 TUBOS,80,0,"34,500",0
PENDIENTE RE,7702045522693,IGORA VITAL CAFÃ‰ MOCA MEDIANO 2*1,0,0,"17,300",0
PENDIENTE RE,7702045530148,IGORA VITAL CAFÃ‰ MOCA MEDIANO W4,50,0,"17,300",0
PENDIENTE RE,7702045512809,IGORA VITAL CAFÃ‰ MOCA OSCURO 3-65,0,0,"17,300",0
PENDIENTE RE,7702045530100,IGORA VITAL CASTANO CLARO* 2 TUBOS,0,0,"21,000",0
PENDIENTE RE,7702045530292,IGORA VITAL CASTAÃ‘O MEDIA ROJIZO,0,0,"16,000",0
PENDIENTE RE,7702045522631,IGORA VITAL CASTAÃ‘O OSCURO KIT *2,0,0,"17,300",0
PENDIENTE RE,7702045527940,IGORA VITAL NEGRO NOCHE* 2 TUBOS,100,0,"21,000",0
PENDIENTE RE,7702045529784,IGORA VITAL R5 6-68 CHOCOLATE *,10,0,"9,000",0
PENDIENTE RE,7702045522808,IGORA VITAL RUBIO CLARO CENI PROFU,0,0,"14,400",0
PENDIENTE RE,7702045513431,IGORA VITAL RUBIO CLARO CENIZO 2*1,0,0,"17,300",0
PENDIENTE RE,7702045522105,IGORA VITAL RUBIO CLARO CENIZO 8-1,0,0,"14,400",0
PENDIENTE RE,7702045522662,IGORA VITAL RUBIO MEDIANO 7-00 2*1,0,0,"21,800",0
PENDIENTE RE,7702045555325,IGORA VITAL RUBIO MEDIANO MATE * 2,0,0,"21,800",0
PENDIENTE RE,7702045530155,IGORA VITAL RUBIO OSCURO* 2 TUBOS,60,0,"21,800",0
PENDIENTE RE,7702045554939,IGORA ZAFIRO 413,0,0,"23,300",0
PENDIENTE RE,7704232001196,",7IKLEN MELANO -EXPERT X 15 ML",0,0,0,0
PENDIENTE RE,7591044402132,IMOVANE 7.5 MG X 20 TABLS,0,0,0,0
PENDIENTE RE,7501406829002,INDOXYL GEL X 30 GRS,0,0,"117,200",0
PENDIENTE RE,7702057011406,INMOX 30 MG X 7 CAP,0,0,"9,900",0
PENDIENTE RE,7702031878438,JOHNSON ACOND BABY HIDRATACION *,200,0,"12,900",0
PENDIENTE RE,7702031998174,JOHNSON ACOND SPRAY F/PROLONGADA *,0,0,"13,300",0
PENDIENTE RE,7702031247708,JOHNSON COPITOS PAGUE 120 LLEVE,2000,0,"10,600",0
PENDIENTE RE,7702031668473,JOHNSON JABON BABY TOQUE FRESCO X,10,0,"2,700",0
PENDIENTE RE,7702031413448,JOHNSON SHAMPOO FUERZA Y VITA E *,70,0,"17,800",0
PENDIENTE RE,77013804,K-TROL X 10 ML AMP,0,0,0,0
PENDIENTE RE,7706569020789,KETOCONAZOL 200 MG X 100 TABLS,0,0,0,0
PENDIENTE RE,7707210530947,KIPIOX ACND X 12 S/S,0,0,"14,400",0
PENDIENTE RE,7707172687425,KIVEXA 600/300 MG X 30 TABLS,0,0,"172,500",0
PENDIENTE RE,7702024076452,KLIM 1+ CAJA *1800 GR,0,0,"48,500",0
PENDIENTE RE,7702024076476,KLIM 1+ CAJA *900 GR,0,0,"24,900",0
PENDIENTE RE,7506475101189,KLIM 1+ LATA *360 GR,0,0,"11,500",0
PENDIENTE RE,7702024072706,KLIM FORTIFICADA BOLSA * 360GR GTS,0,0,"9,100",0
PENDIENTE RE,7702024208969,KLIM X 400 GR TRADIC,0,0,0,0
PENDIENTE RE,7704232001004,KLOPRA SR X 10 CAP,0,0,"38,500",0
PENDIENTE RE,7702560032844,KOLA GRANULADA JGB CHOCOLATE X 330,0,0,0,0
PENDIENTE RE,7702057060411,KOLA GRANULADA MK TRADICIONAL X,3300,0,"10,800",0
PENDIENTE RE,7702057060459,KOLA GRANULADA TRADICIONAL MK X,1350,0,"6,900",0
PENDIENTE RE,7702057734305,KOLA GRANULADA VAINILLA BOLSA *,1350,0,"5,700",0
PENDIENTE RE,7702045520880,KONZIL ACOND ASIATICO X 375 ML GTS,0,0,"8,200",0
PENDIENTE RE,7702045547757,KONZIL ACOND BRILLO RADIANTE * 375,0,0,"9,800",0
PENDIENTE RE,7702045541984,KONZIL ACOND ELIXIR NUTRITIVO *,3750,0,"9,800",0
PENDIENTE RE,7702045541991,KONZIL ACOND ELIXIR NUTRITIVO X,2000,0,0,0
PENDIENTE RE,7702045548303,KONZIL ACOND RENOVACION TOTAL *,3750,0,"9,800",0
PENDIENTE RE,7702045532005,KONZIL ACOND REPARACION DEFINITIVA,0,0,0,0
PENDIENTE RE,7702045557619,KONZIL ACONDICIONADOR BIOTINA +VIT,0,0,"10,800",0
PENDIENTE RE,7702045557534,KONZIL ACONDICIONADOR SEDA LIQUIDA,0,0,"10,800",0
PENDIENTE RE,7702045520910,KONZIL ALISADOR ASIATICO X 150  ML,0,0,"6,700",0
PENDIENTE RE,7702045520965,KONZIL ALISADOR ASIATICO X 150ML X,0,0,0,0
PENDIENTE RE,7702045518986,KONZIL ALISADOR X 150 ML,0,0,"10,100",0
PENDIENTE RE,7702045557572,KONZIL C/PEINAR ARGAN+PROVIT A *,230,0,"8,500",0
PENDIENTE RE,7702045520941,KONZIL CRE/PEINAR 2X1 TODO TIPO DE,0,0,"13,700",0
PENDIENTE RE,7702045509830,KONZIL CREMA PARA PEINAR RIZOS CJN,0,0,0,0
PENDIENTE RE,7702045523799,KONZIL CREMA PEINAR C/RIZADO X 230,0,0,"7,500",0
PENDIENTE RE,7702045520903,KONZIL CREMA PEINAR C/RIZADO X 230,0,0,"6,600",0
PENDIENTE RE,7702045526295,KONZIL CREMA PEINAR NUTRICION X 20,0,0,0,0
PENDIENTE RE,7702045526851,KONZIL CREMA PEINAR NUTRICION X,2300,0,"6,000",0
PENDIENTE RE,7702045533422,KONZIL CREMA PEINAR REPARACION X,230,0,"6,000",0
PENDIENTE RE,7702045526905,KONZIL CREMA PEINAR TODO TIPO X 20,0,0,"10,300",0
PENDIENTE RE,7702045520927,KONZIL CREMA PEINAR TODO TIPO X,2300,0,"6,700",0
PENDIENTE RE,7702045490114,KONZIL CREMA PEINAR TODO TIPO X,2300,0,"8,000",0
PENDIENTE RE,7702045520606,KONZIL LISO ASIATICO OFERTA SHAMPO,0,0,"8,500",0
PENDIENTE RE,7702045526264,KONZIL NUTRICION ACOND X 200 ML,0,0,0,0
PENDIENTE RE,7702045531992,KONZIL REPARACION DEFINITIVA ACOND,0,0,"10,500",0
PENDIENTE RE,7702045518689,KONZIL RINSE SOBRES * 20ML CJA *,200,0,"8,000",0
PENDIENTE RE,7702045550276,KONZIL RINSE TODO TIPO CAB SOBRE *,0,0,600,0
PENDIENTE RE,7702045490435,KONZIL RINSE TODO TIPO GLOSS X 200,0,0,"5,800",0
PENDIENTE RE,7702045530773,KONZIL SHAMPO X 375 ANTI/GRASO GTS,0,0,0,0
PENDIENTE RE,7702045557558,KONZIL SHAMPOO  ARGAN/PROVIT A FCO,0,0,"9,700",0
PENDIENTE RE,7702045330076,KONZIL SHAMPOO  JENGIBRE+VITA C *,30,0,"17,500",0
PENDIENTE RE,7702045546153,KONZIL SHAMPOO 2 EN 1 X 12 S/S,0,0,0,0
PENDIENTE RE,7702045544589,KONZIL SHAMPOO BEBE X 400 ML,0,0,0,0
PENDIENTE RE,7702045557602,KONZIL SHAMPOO BIOTINA+VITA E *,3750,0,"11,200",0
PENDIENTE RE,7702045547740,KONZIL SHAMPOO BRILLO RADIANTE *,370,0,"9,800",0
PENDIENTE RE,7702045523751,",7KONZIL SHAMPOO CABELLO RIZADO X",2000,0,0,0
PENDIENTE RE,7702045521115,KONZIL SHAMPOO CABELLO RIZADO X,3750,0,"10,200",0
PENDIENTE RE,7702045519761,KONZIL SHAMPOO CABELLO RIZADO X,3750,0,"10,500",0
PENDIENTE RE,7702045542660,KONZIL SHAMPOO DUO REPARACION X 17,0,0,0,0
PENDIENTE RE,7702045542837,KONZIL SHAMPOO ELIXIR NUTRIT * 375,0,0,"9,800",0
PENDIENTE RE,7702045541977,KONZIL SHAMPOO ELIXIR NUTRITIVO X,20,0,0,0
PENDIENTE RE,7702045541960,KONZIL SHAMPOO ELIXIR NUTRITIVO X,30,0,0,0
PENDIENTE RE,7702045565089,KONZIL SHAMPOO JENGIBRE+VITA C FCO,0,0,"10,100",0
PENDIENTE RE,7702045519730,KONZIL SHAMPOO LISO ASIATICO X 375,0,0,"9,800",0
PENDIENTE RE,7702045521146,KONZIL SHAMPOO LISO ASIATICO X 375,0,0,"9,800",0
PENDIENTE RE,7702045526226,KONZIL SHAMPOO NUTRICION X 375 ML,0,0,0,0
PENDIENTE RE,7702045520644,KONZIL SHAMPOO OIL NUTRITIVE X,3750,0,0,0
PENDIENTE RE,7702045548464,KONZIL SHAMPOO RENOVAC TOTAL X 375,0,0,"15,200",0
PENDIENTE RE,7702045548280,KONZIL SHAMPOO RENOVACION TOTAL  *,0,0,"10,800",0
PENDIENTE RE,7702045520453,KONZIL SHAMPOO RIZOS *375 + ACOND,30,0,"12,100",0
PENDIENTE RE,7702045521122,KONZIL SHAMPOO SECO R19 X 375 ML,0,0,0,0
PENDIENTE RE,7702045518672,KONZIL SHAMPOO TODO TIPO DE C. *20,0,0,"10,000",0
PENDIENTE RE,7702045544565,KONZIL SHAMPOO TODO TIPO NINA X,4000,0,0,0
PENDIENTE RE,7702045522914,",7KONZIL SHAMPOO TODO TIPO X 20  S/S",0,0,0,0
PENDIENTE RE,7702045519648,KONZIL SHAMPOO TODO TIPO X 370 ML,0,0,"10,400",0
PENDIENTE RE,7702045520477,KONZIL SHAMPOO TT GTS ACONDI * 375,0,0,"15,500",0
PENDIENTE RE,7702045552959,KONZIL SHAMPOO+ACOND LISO ASIATICO,0,0,"14,300",0
PENDIENTE RE,7702045540888,KONZIL SPRAY PARA PEINAR LISO X,1500,0,0,0
PENDIENTE RE,7702045540895,KONZIL SPRAY PARA PEINAR RIZOS X,150,0,0,0
PENDIENTE RE,7702045540871,KONZIL SPRAY PARA PEINAR TODO TIPO,0,0,0,0
PENDIENTE RE,7702045557589,KONZIL TRATAMIENTO ACEITE DE ARGAN,0,0,"15,000",0
PENDIENTE RE,7702045557626,KONZIL TRATAMIENTO BIOTINA + VIT E,0,0,"10,000",0
PENDIENTE RE,7702425805774,KOTEX TAMPON EVO DIGITAL SUPER *,200,0,"15,300",0
PENDIENTE RE,751273780211,KRE 3000MG *120 CAP,0,0,"50,000",0
PENDIENTE RE,7702024017783,LA LECHERA BOLSA X 300 GR,0,0,0,0
PENDIENTE RE,7702024041740,LA LECHERA GALLETAS SANDWICH,0,0,0,0
PENDIENTE RE,7709063849054,LACTATO DE RINGER (SLN HARTMAN) *,90,0,"4,800",0
PENDIENTE RE,7704588003585,LACTATO DE RINGER SLN HARTMAN *,5000,0,"3,000",0
PENDIENTE RE,8437009433577,LADEE CJA * 21 TB,0,0,"26,600",0
PENDIENTE RE,7702010470219,LADY SPEED SCTICK TALC CREMA SOBRE,0,0,700,0
PENDIENTE RE,7509546042350,LADY SPEED STICK DEPIL CONTROL FCO,0,0,"8,000",0
PENDIENTE RE,7703153001131,LANSOPEP 30 MG X 14 TABLS,0,0,"117,200",0
PENDIENTE RE,7706569022004,LANSOPRAZOL 30 MG X 14 CAP,0,0,"7,100",0
PENDIENTE RE,7702024778813,LECHE KLIM DESLACTOSADA FORTICRECE,0,0,"21,600",0
PENDIENTE RE,7702024054771,LECHE KLIM DESLACTOSADA X 360 GTS,30,0,"10,600",0
PENDIENTE RE,7702024040026,LECHE KLIM FORTIFICADA BOLSA X 780,0,0,"17,000",0
PENDIENTE RE,7702024047179,LECHE KLIM NUTRI RINDE X 364 GR,0,0,0,0
PENDIENTE RE,7703258010427,LEGALON 140 MG X 10 CAPS,0,0,"40,000",0
PENDIENTE RE,7709870535157,LEVAVIT X 90 TAB,0,0,"42,000",0
PENDIENTE RE,8906014912617,LEVERGEN 0.03 MG X 28 TABLETAS,0,0,0,0
PENDIENTE RE,7703153015374,LEVOMAX GOTAS X 6 ML,0,0,0,0
PENDIENTE RE,7704588001154,LIDOCAINA 1% EPINEFRINA X 10 ML,0,0,0,0
PENDIENTE RE,7702035422323,",7LISTERINE PROT.DIENTES-ENCIAS X",5000,0,"19,700",0
PENDIENTE RE,7707210530152,LIVIFER PLUS JARABE FCO X 120 ML,0,0,"5,000",0
PENDIENTE RE,7861073930365,LOMOTIL TAB CJA * 16,0,0,"13,000",0
PENDIENTE RE,7705922117012,LORAMINE ULTRA X 100 CAPS,0,0,0,0
PENDIENTE RE,7702973041570,LOWLIPEN 10 MG X 30 TABLS,0,0,"81,500",0
PENDIENTE RE,7702418001664,LUTENYL 5 MG X 10 TABLS,0,0,0,0
PENDIENTE RE,7702024055600,MASMELOS BLANCOS FOX,0,0,0,0
PENDIENTE RE,7702024055587,MASMELOS MINIS X 35 GRS,0,0,0,0
PENDIENTE RE,7702024055624,MASMELOS X 120 GRS,0,0,0,0
PENDIENTE RE,7502007575824,MEDOX ABC JBE X 120 ML,0,0,0,0
PENDIENTE RE,7502007575848,MEDOX ABC X 30 TABLS,0,0,"31,500",0
PENDIENTE RE,7502007575855,MEDOX PRENATAL X 30 TABLS,0,0,"37,500",0
PENDIENTE RE,7707040620078,MEGACAL D X 30 TABLS,0,0,"5,400",0
PENDIENTE RE,7702057013080,MENOFLAVON X 30 CAPS,0,0,0,0
PENDIENTE RE,7703158001044,METOXINAN JBE X 120 ML,0,0,"8,900",0
PENDIENTE RE,8902319011611,METPURE 50 MG X 30 TABLS,0,0,"69,000",0
PENDIENTE RE,7703153001698,METRONIF SUSP *120 ML,0,0,"48,000",0
PENDIENTE RE,7703153001704,METRONIF X 20 CAPS,0,0,"48,900",0
PENDIENTE RE,7702024003519,MILO  X 200 GR,0,0,0,0
PENDIENTE RE,7702024040774,MILO CHOCOLATINA X 30 UND,0,0,0,0
PENDIENTE RE,7702024041481,MILO GALLETA SANDWISCH,0,0,0,0
PENDIENTE RE,7703454921169,",7MILPAX GUANABANA * 360 ML",0,0,0,0
PENDIENTE RE,7702502630206,MOL-IRON LIQ X 230 ML,0,0,0,0
PENDIENTE RE,7702502630107,MOL-IRON X 100 GRAG,0,0,0,0
PENDIENTE RE,7702024007180,MORENITAS GALLETAS,0,0,0,0
PENDIENTE RE,7703153015794,MOXETIN 20 MG X 14 TABS,0,0,"139,000",0
PENDIENTE RE,7705326075819,MR BROWN AREQIPE X 90 GR,0,0,0,0
PENDIENTE RE,7704403005640,MUCOSINA SUSP X 150 ML,0,0,"17,600",0
PENDIENTE RE,7702031611622,MYLANTA DOS FRESA X 240 ML AHORRE,20,0,"35,950",0
PENDIENTE RE,77013811,NA-TROL X 10 ML AMP,0,0,0,0
PENDIENTE RE,7613032215422,NAN SIN LACTOSA *400 GR,0,0,"57,900",0
PENDIENTE RE,7703363000108,NAZIDIL SPRAY NASAL X 30 ML,0,0,"23,600",0
PENDIENTE RE,8901086140319,NEBILOL 5 MG X 30 TABLS,0,0,"41,500",0
PENDIENTE RE,7707274723286,NEOLYTE SALES DE REHIDRATACION CJA,0,0,"13,800",0
PENDIENTE RE,7702024012580,NESCAFE CAFE CON LECHE BOLSA X 450,0,0,0,0
PENDIENTE RE,7702024007296,NESCAFE DECAF X 85 GR,0,0,0,0
PENDIENTE RE,7702024004493,NESCAFE DOLCA SUAVE X 85 GR,0,0,0,0
PENDIENTE RE,7702024009474,NESFIT FIBRA INTEGRAL GALLETA X 30,0,0,0,0
PENDIENTE RE,7702024029441,NESFIT FIBRA INTEGRAL GALLETAS,0,0,0,0
PENDIENTE RE,7702024025160,NESFIT FIBRA MIEL X 9 PAQ,0,0,0,0
PENDIENTE RE,7702024009481,NESFIT FIBRA-MIEL X 30 GRS,0,0,0,0
PENDIENTE RE,7702024030317,NESFIT GALLETA FIBRA MIEL,0,0,0,0
PENDIENTE RE,7702024021797,NESFIT GALLETA FRUTAS Y CEREALES,0,0,0,0
PENDIENTE RE,7701059237599,",7NESQUIK FRESA X 400GR",0,0,0,0
PENDIENTE RE,7591016005392,NESQUIK POLVO CHOCOLATE X 200 GR,0,0,0,0
PENDIENTE RE,7501059237605,NESQUIK VAINILLA X 400 GR,0,0,0,0
PENDIENTE RE,7891000064634,NESSUCAR *550 GR,0,0,"37,500",0
PENDIENTE RE,7591016012529,NESTEA DURAZNO BOLSA X 450 GRS,0,0,0,0
PENDIENTE RE,7591016012512,NESTEA LIMON BOLSA X 450 GRS,0,0,0,0
PENDIENTE RE,7891000054567,NESTOGENO 1 *400 GR,0,0,"30,100",0
PENDIENTE RE,7702024963639,NESTOGENO 3 POTE *800 GR +PORTA,0,0,"39,500",0
PENDIENTE RE,7591016017463,NESTUN 5 CEREALES * 500 GR POTE *,50,0,"11,750",0
PENDIENTE RE,7613032814366,NESTUN ARROZ CEREAL INFANTIL CJA *,0,0,"5,500",0
PENDIENTE RE,8714651001140,NIDOLON 100 MG X 10 TABLS,0,0,"53,000",0
PENDIENTE RE,7707670342661,NIDOLON 100 MG X 30 TAB,0,0,"124,900",0
PENDIENTE RE,7704039110787,NIDOLON SUSP X 60 ML,0,0,"33,500",0
PENDIENTE RE,7707172687277,NIQUITIN 4 MG X 24 COMPS,0,0,"24,200",0
PENDIENTE RE,7702973031670,NOBZOL 150 MG X 2 CAPS,0,0,0,0
PENDIENTE RE,7703158001440,NOCTE 10 MG X 10 TAB,0,0,0,0
PENDIENTE RE,7703158004199,NODIAR SUSP X 90 ML,0,0,"21,000",0
PENDIENTE RE,7702057160524,NORAVER GRIPA CJA *,540,0,"50,600",0
PENDIENTE RE,7702057169244,NORAVER GRIPA FAST X 6 CAPS,0,0,0,0
PENDIENTE RE,7702057248963,NORAVER SPRAY UVA *120 ML,0,0,"34,500",0
PENDIENTE RE,7702027402852,NOSOTRAS BUENAS NOCHES TELA X 10 X,0,0,"25,238",0
PENDIENTE RE,7702026146306,NOSOTRAS DIARIOS RESPIRABLES * 150,0,0,"19,200",0
PENDIENTE RE,77020264188825,NOSOTRAS INVISIBLE ANTIBACTERIAL X,0,0,"3,600",0
PENDIENTE RE,7702027416682,NOSOTRAS INVISIBLE CLASICA X  10 +,0,0,"3,207",0
PENDIENTE RE,7702027415944,NOSOTRAS INVISIBLE CLASICA X 10 +,20,0,"4,200",0
PENDIENTE RE,7702027415753,NOSOTRAS INVISIBLE CLASICA X 10 +,20,0,"3,900",0
PENDIENTE RE,7702026175948,NOSOTRAS INVISIBLE CLASICA X 10 +,50,0,"4,400",0
PENDIENTE RE,7702026179168,NOSOTRAS INVISIBLE MULTIESTILO *,100,0,"4,800",0
PENDIENTE RE,7702027424168,NOSOTRAS INVISIBLE RAPIGEL * 10 +,20,0,"4,200",0
PENDIENTE RE,7702026178130,NOSOTRAS INVISIBLE RAPIGEL * 10+ 5,0,0,"3,600",0
PENDIENTE RE,7702027424083,NOSOTRAS INVISIBLE RAPIGEL 10 GTS,50,0,"4,700",0
PENDIENTE RE,7702027435751,NOSOTRAS JABON INTIMO NATURAL * 50,0,0,"11,900",0
PENDIENTE RE,7702027402876,NOSOTRAS NATURAL BUENAS NOCHES *,240,0,"19,900",0
PENDIENTE RE,7702027444722,NOSOTRAS NATURAL NORMAL  X 10 GTS,50,0,"2,800",0
PENDIENTE RE,7702027415739,NOSOTRAS NATURAL PLUS CANAL TELA *,0,0,"3,400",0
PENDIENTE RE,7702026440497,NOSOTRAS NATURAL PLUS TELA * 10 +,20,0,"3,400",0
PENDIENTE RE,7702027436598,NOSOTRAS PAÃ‘ITOS HUMEDOS FRESCURA,0,0,"9,500",0
PENDIENTE RE,7702027436529,NOSOTRAS PAÃ‘ITOS INTIMOS FRESCURA,0,0,"3,600",0
PENDIENTE RE,7702027436505,NOSOTRAS PAÃ‘ITOS INTIMOS FRESCURA,0,0,"5,800",0
PENDIENTE RE,7702027426629,NOSOTRAS PAÃ‘ITOS INTIMOS HERBAL *,0,0,"12,100",0
PENDIENTE RE,7702027435843,NOSOTRAS TAMPON APLICADOR SUPER X,80,0,"10,900",0
PENDIENTE RE,7702027435966,NOSOTRAS TAMPON DIGITAL MINI * 10,0,0,"8,500",0
PENDIENTE RE,7702027437069,NOSOTRAS TAMPON DIGITAL REGULAR *,10,0,"1,000",0
PENDIENTE RE,7702027435850,NOSOTRAS TAMPON DIGITAL REGULAR X,10,0,"8,000",0
PENDIENTE RE,7702026147686,NOSOTRAS TAMPON DIGITAL SUPER + 15,0,0,"13,400",0
PENDIENTE RE,7702027444791,NOSOTRAS TAMPON DIGITAL SUPER X 10,0,0,"7,350",0
PENDIENTE RE,7702027435867,NOSOTRAS TAMPON DIGITAL SUPER X 10,0,0,"7,300",0
PENDIENTE RE,7702027435591,NOSOTRAS TAMPONES CON APLIC. SUPER,0,0,"9,900",0
PENDIENTE RE,7702027435324,NOSOTRAS TAMPONES DIGITAL SUPER X,10,0,"10,000",0
PENDIENTE RE,7702027041648,NOSOTRAS ULTRA INVISIBLE RAPISEC X,0,0,"8,000",0
PENDIENTE RE,7703153031923,NOVAMIL AC * 400 GR,0,0,"42,600",0
PENDIENTE RE,7703153031978,NOVAMIL AE * 400 GR,0,0,"43,600",0
PENDIENTE RE,7703153031947,NOVAMIL AR *400 GR,0,0,"52,500",0
PENDIENTE RE,7702973011092,NOVEX SPRAY NASAL * 120 DOSIS,0,0,0,0
PENDIENTE RE,8712045018170,NUTRAMIGEN PREMIUM * 454 GR,0,0,"67,300",0
PENDIENTE RE,7613030045786,NUTREN DIABETES *400 GR,0,0,0,0
PENDIENTE RE,798716062756,NUTREN GLYTROL *250 ML,0,0,0,0
PENDIENTE RE,7613030045380,NUTREN JUNIOR *400 GR,0,0,0,0
PENDIENTE RE,7503011998081,NUTRI G CHOCOLATE POTE * 400 GR LA,0,0,"44,100",0
PENDIENTE RE,7703158004113,OCTANYL 6 MG X 10 COMPS,0,0,0,0
PENDIENTE RE,7702993016589,OKA LOKA   45G,0,0,0,0
PENDIENTE RE,7703546803601,OMEPRAZOL 20 MG X 600 CAP,0,0,"90,000",0
PENDIENTE RE,7501092720492,OMNARIS X 60 DOSIS,0,0,"44,000",0
PENDIENTE RE,7702057324247,OMNIC 0.4MG *30 CAP,0,0,"123,000",0
PENDIENTE RE,7702057010485,OSTEOLONG 150 MG X 1 COMP,0,0,0,0
PENDIENTE RE,7702045493719,OXIGENTA 10 VOL X 60 ML 2X1,0,0,0,0
PENDIENTE RE,7702045493726,OXIGENTA 20 VOL X 60 ML 2X1,0,0,0,0
PENDIENTE RE,7702045441819,OXIGENTA LOC/CREMOSA 10 VOL.,0,0,0,0
PENDIENTE RE,7702045441826,OXIGENTA LOC/CREMOSA 20 VOL.,0,0,0,0
PENDIENTE RE,7702045441833,OXIGENTA LOC/CREMOSA 30 VOL.,0,0,0,0
PENDIENTE RE,77013224,OXIMETAZOLINA NASAL ADULTO 0.05% X,0,0,"7,100",0
PENDIENTE RE,7703889116529,OXITONE INHALADOR X 200 DOSIS,0,0,0,0
PENDIENTE RE,7703889154415,OXITONE INHALADOR X 200 DOSIS,0,0,0,0
PENDIENTE RE,7702402044288,PALETA BARBIE CORAZON,0,0,0,0
PENDIENTE RE,7702045495706,PALETTE COL RUBI  REF 6-88,0,0,"9,800",0
PENDIENTE RE,7702045563344,PALETTE ROSA DULCE,0930,0,"15,600",0
PENDIENTE RE,7702045525045,",7PALETTE TINTE COLOR EST 3-65",0,0,"14,300",0
PENDIENTE RE,7702045524826,PALETTE TINTE COLOR TUBO 3-65 CAFE,0,0,"8,000",0
PENDIENTE RE,7702045508598,PALETTE TINTE COLOR TUBO 3-65 CAFE,0,0,"8,000",0
PENDIENTE RE,7702045524802,PALETTE TINTE COLOR TUBO 5-7 CAOBA,0,0,"8,000",0
PENDIENTE RE,7702045508499,PALETTE TINTE COLOR TUBO 6-88 MINI,0,0,"9,800",0
PENDIENTE RE,7702045508512,PALETTE TINTE COLOR TUBO 7-0 RUBIO,0,0,"9,800",0
PENDIENTE RE,7702026311148,PAÃ‘OS HUMEDOS FAMILIA MAX PROTECT,0,0,"2,200",0
PENDIENTE RE,7702026329310,PAÃ‘UELO FAMILIA POCKET DISENOS X,10,0,0,0
PENDIENTE RE,7702026333331,PAÃ‘UELOS FAMILIA BOLSILLO KARITE,0,0,"1,100",0
PENDIENTE RE,7702026032609,PAÃ‘UELOS FAMILIA BOLSILLO X 10 X,40,0,0,0
PENDIENTE RE,7702026032708,PAÃ‘UELOS FAMILIA MENTOL X 10 X 10,0,0,"1,026",0
PENDIENTE RE,7702026175399,PAPEL FAMILIA ACOLCHAMAX MEGAROLLO,0,0,"20,400",0
PENDIENTE RE,7702026013820,PAPEL HIG FAMILIA 2EN1 ECONOMICO X,0,0,"1,500",0
PENDIENTE RE,7702026169138,PAPEL HIG FAMILIA 3EN1 EXT GDE X 4,0,0,0,0
PENDIENTE RE,7702026016302,PAPEL HIG FAMILIA ACOLCHADO GRANDE,0,0,"1,400",0
PENDIENTE RE,7702026169541,PAPEL HIG FAMILIA ACOLCHADO GRANDE,0,0,"1,600",0
PENDIENTE RE,7702026190132,PAPEL HIG FAMILIA FRESCURA EXTREMA,0,0,"2,300",0
PENDIENTE RE,7702026145408,PAPEL HIG FAMILIA PH BALANCEADO *,10,0,"1,600",0
PENDIENTE RE,7702026013981,PAPEL HIG FAMILIA ULTRA SUAVE * 12,0,0,"23,400",0
PENDIENTE RE,7702026013998,PAPEL HIG FAMILIA ULTRA SUAVE X,10,0,"2,100",0
PENDIENTE RE,1770202601635,PAPEL HIG.FAMILIA TRIPLE HOJA X 24,0,0,0,0
PENDIENTE RE,7703153015046,PEDIAVIT JALEA X 240 ML,0,0,"40,000",0
PENDIENTE RE,7703153015657,PEDIAVIT ZINC FRESA *10 SOBRES,0,0,0,0
"PENDIENTE RE08555,",501237602,PEG-INTRON 80 MG PEN,0,0,0,0
PENDIENTE RE,7707181151516,PEQUENIN EXTRACONFORT PLUS ETP 3/G,0,0,"1,100",0
PENDIENTE RE,7707181150441,",7PEQUENIN EXTRAPROTECCION ET 2 X 30",0,0,0,0
PENDIENTE RE,7707181151752,",7PEQUENIN EXTRAPROTECCION ET 3 X 30",0,0,"23,000",0
PENDIENTE RE,7707181150502,",7PEQUENIN EXTRAPROTECCION ET 4 X 30",0,0,"26,500",0
PENDIENTE RE,7707181151066,PEQUENIN EXTRAPROTECCION ET 4 X 40,0,0,0,0
PENDIENTE RE,7702026959166,PEQUENIN EXTRAPROTECCION ET 5XXG *,0,0,"27,500",0
PENDIENTE RE,7702026311735,PEQUENIN UND,0,0,0,0
PENDIENTE RE,7702026318246,PEQUEÃ‘IN *2 CREMAS PROTECTORA X,600,0,"18,800",0
PENDIENTE RE,7702026031817,PEQUEÃ‘IN CREMA PROTECTORA X 60GRS,0,0,"10,300",0
PENDIENTE RE,7702026175856,PEQUEÃ‘IN EXTRA PROTEC ET 3/G * 30,0,0,"20,200",0
PENDIENTE RE,7702026175863,PEQUEÃ‘IN EXTRA PROTEC ET 4/XG *,300,0,"27,000",0
PENDIENTE RE,7707181154715,PEQUEÃ‘IN EXTRAPROTECCIO  ET 1  X,30,0,"11,000",0
PENDIENTE RE,7707181105922,PEQUEÃ‘IN EXTRAPROTECCION  ET 1  X,0,0,"15,300",0
PENDIENTE RE,7702026146597,PEQUEÃ‘IN EXTRAPROTECCION 1/P * 50,0,0,"25,000",0
PENDIENTE RE,7702026143183,PEQUEÃ‘IN EXTRAPROTECCION 1/P * 56,0,0,"27,500",0
PENDIENTE RE,7707181150571,PEQUEÃ‘IN EXTRAPROTECCION 2/M * 60,0,0,"30,700",0
PENDIENTE RE,7702026190040,PEQUEÃ‘IN EXTRAPROTECCION ET 1 X,500,0,"28,900",0
PENDIENTE RE,7702026177263,PEQUEÃ‘IN EXTRAPROTECCION ET 2 *,300,0,"17,500",0
PENDIENTE RE,7707181151042,PEQUEÃ‘IN EXTRAPROTECCION ET 2 X,400,0,"17,500",0
PENDIENTE RE,7707181155057,PEQUEÃ‘IN EXTRAPROTECCION ET 2/M *,0,0,"57,500",0
PENDIENTE RE,7702026177270,PEQUEÃ‘IN EXTRAPROTECCION ET 3 *,300,0,"23,000",0
PENDIENTE RE,7702026954772,PEQUEÃ‘IN EXTRAPROTECCION ET 3 X,300,0,"20,400",0
PENDIENTE RE,7707181105878,PEQUEÃ‘IN EXTRAPROTECCION ET 4  X,10,0,"12,100",0
PENDIENTE RE,7707181156320,PEQUEÃ‘IN EXTRAPROTECCION ET 4  X,30,0,"18,900",0
PENDIENTE RE,7707181955152,PEQUEÃ‘IN EXTRAPROTECCION ET 4 *,300,0,"25,900",0
PENDIENTE RE,7702026177287,PEQUEÃ‘IN EXTRAPROTECCION ET 4 *,300,0,"25,800",0
PENDIENTE RE,7702026954789,PEQUEÃ‘IN EXTRAPROTECCION ET 4 X,300,0,"26,200",0
PENDIENTE RE,7707181105885,PEQUEÃ‘IN EXTRAPROTECCION ET 4 X,300,0,"34,550",0
PENDIENTE RE,7707181955169,PEQUEÃ‘IN EXTRAPROTECCION ET 5 *,300,0,"28,000",0
PENDIENTE RE,7702026177591,PEQUEÃ‘IN EXTRAPROTECCION ET 5 *,300,0,"28,300",0
PENDIENTE RE,7707181154722,PEQUEÃ‘IN EXTRAPROTECCION PLUS ETP,0,0,"13,000",0
PENDIENTE RE,7707181154739,PEQUEÃ‘IN EXTRAPROTECCION PLUS ETP,0,0,"18,802",0
PENDIENTE RE,7702026319045,PEQUEÃ‘IN JABON EN ESPUMA R/N *,2000,0,"10,100",0
PENDIENTE RE,7702026318352,PEQUEÃ‘IN JABON LIQ Y SHAMPOO * 50,0,0,"1,600",0
PENDIENTE RE,7707181188420,PEQUEÃ‘IN KIT BABY SHOWER,0,0,"67,300",0
PENDIENTE RE,7702026144456,PEQUEÃ‘IN PAÃ‘ITOS HUMEDOS ORIG *,10,0,"7,500",0
PENDIENTE RE,7702026031442,PEQUEÃ‘IN PAÃ‘OS HUMEDOS ALOE * 5O,0,0,"7,900",0
PENDIENTE RE,7702026146689,PEQUEÃ‘IN PREMIUM TOUCH ET 5/XXG *,0,0,"27,000",0
PENDIENTE RE,7702026143145,PEQUEÃ‘IN PREMIUM TOUCH ETAP 1 X,300,0,"18,300",0
PENDIENTE RE,7702026146658,PEQUEÃ‘IN PREMIUM TOUCH ETAP 4 X,280,0,"29,500",0
PENDIENTE RE,7707181188376,PEQUEÃ‘IN RECIEN NACIDO ETAP 0 *,500,0,"19,800",0
PENDIENTE RE,7707181108862,PEQUEÃ‘IN RECIEN NACIDO ETAP 0 X,300,0,"12,700",0
PENDIENTE RE,7702026319052,PEQUEÃ‘IN SHAMPOO EN ESPUMA R/N *,20,0,"10,100",0
PENDIENTE RE,7702026318673,PEQUEÃ‘IN SHAMPOO Y BAÃ‘O LIQ 2 EN,0,0,"14,000",0
PENDIENTE RE,7702026340261,PEQUEÃ‘IN TOALLITAS ACOLCHADA X 80,0,0,"19,100",0
PENDIENTE RE,7702026034245,PEQUEÃ‘IN TOALLITAS FRESH KIDS X,240,0,"5,200",0
PENDIENTE RE,7702045530575,PERFECT TINTE MOUSSE EST,1000,0,"15,000",0
PENDIENTE RE,7702045530582,PERFECT TINTE MOUSSE EST,3000,0,"14,400",0
PENDIENTE RE,7702045530681,PERFECT TINTE MOUSSE EST,3190,0,"14,900",0
PENDIENTE RE,7702045530643,PERFECT TINTE MOUSSE EST,3650,0,0,0
PENDIENTE RE,7702045530599,PERFECT TINTE MOUSSE EST,4000,0,0,0
PENDIENTE RE,7702045530605,PERFECT TINTE MOUSSE EST,5000,0,"14,900",0
PENDIENTE RE,7702045530636,PERFECT TINTE MOUSSE EST,6650,0,0,0
PENDIENTE RE,7702045530612,PERFECT TINTE MOUSSE EST,8500,0,0,0
PENDIENTE RE,7704232001394,PHYTOSOYA N * 30 TBL,0,0,"65,500",0
PENDIENTE RE,7706263003880,PLAQUINOL 400 MG X 5 TABLS,0,0,0,0
PENDIENTE RE,7751493005722,PLENITUD CLASSIC GDE X 8 UNDS PREC,0,0,"14,300",0
PENDIENTE RE,7702425544772,PLENITUD PROTECT L GDE PAG 6 LLEV,80,0,"14,900",0
PENDIENTE RE,8470006941416,POSITON CREMA X 30 GRS,0,0,0,0
PENDIENTE RE,8470006941256,POSITON UNG X 30 GRS,0,0,0,0
PENDIENTE RE,050000637911,PRENAN LIQ. X 8 UNDS,0,0,0,0
PENDIENTE RE,5411834407432,PREVENTOR HOT HOT *3 PRESERVATIVOS,0,0,"8,500",0
PENDIENTE RE,7703153023263,PREZOC 100 MG X 10 TABLS,0,0,0,0
PENDIENTE RE,7703153023256,PREZOC 100 MG X 30 TABLS,0,0,"124,800",0
PENDIENTE RE,7703153023270,PREZOC 25 MG X 14 TABLS,0,0,0,0
PENDIENTE RE,7703153023249,PREZOC 50 MG X 14 TABLS,0,0,0,0
PENDIENTE RE,7703153023232,PREZOC 50 MG X 30 TABLS,0,0,"83,000",0
PENDIENTE RE,7703763393022,PRILEX JBE X 60 ML,0,0,0,0
PENDIENTE RE,7703763220366,PROFILAX 5 MG X 30 TABLS,0,0,0,0
PENDIENTE RE,7702973032349,PROSLOSIN 0.4 MG X 10 CAPS,0,0,"39,000",0
PENDIENTE RE,7702973032356,PROSLOSIN 0.4 MG X 30 CAPS,0,0,0,0
PENDIENTE RE,7501406808007,PRURIX LOCION X 120 ML,0,0,0,0
PENDIENTE RE,7709129092936,REBELL BIO-CLEAN ESPUMA LIMPIADORA,0,0,"24,500",0
PENDIENTE RE,00309442938019,RECOMBINANTE FACTOR VIII X 266UI,0,0,0,0
PENDIENTE RE,7704631904968,REFRESCANTE BUCAL FRESH & MINTY *,70,0,"6,100",0
PENDIENTE RE,7702001054459,REGENERIS ALPINA TROZOS FRESA *150,0,0,"2,900",0
PENDIENTE RE,7707249335155,RELAX VITAL GEL CON CANABIS SATIVA,0,0,"36,000",0
PENDIENTE RE,7702973041105,RENNASE MUJER 2% X 60 ML,0,0,0,0
PENDIENTE RER,79400301161,REXONA CLINICAL WOMEN EXTRA DRY X,40,0,"19,000",0
PENDIENTE RE,7321837702145,RHINOCORT AQUA 32 MCG X 10ML,0,0,"143,000",0
PENDIENTE RE,7702418000537,RHINOFRENOL ADUL X 15 ML,0,0,"17,400",0
PENDIENTE RE,7702418000520,RHINOFRENOL INFANTIL  X 15 ML,0,0,"13,500",0
PENDIENTE RE,7795320006414,RINOLAST 120 MG CJA *,10,0,"39,250",0
PENDIENTE RE,7891035611803,RODASOL SPRAY CUCARACHAS Y HORMIGA,0,0,"10,200",0
PENDIENTE RE,7704588000874,ROSULFANT 500 MG X 10 GRAG,0,0,"9,500",0
PENDIENTE RE,7703889000651,ROTOPAR 200 MG X 2 TABLS,0,0,0,0
PENDIENTE RE,7703889000644,ROTOPAR SUSP X 20 ML,0,0,0,0
PENDIENTE RE,7795345012698,",7ROVARTAL 10 MG X 30 COMPS",0,0,0,0
PENDIENTE RE,7861148020786,ROVARTAL 20 MG X 30 COMP,0,0,0,0
PENDIENTE RE,7792129000490,",7SABRO POLVO X 50 S/S",0,0,"9,300",0
PENDIENTE RE,7792129002784,SABRO STEVIA X 50 S/S,0,0,0,0
PENDIENTE RE,7702024020240,SALTINAS MANTEQUILLA MITITACO X,1080,0,0,0
PENDIENTE RE,7702354928353,SAVITAL 2 EN 1 AGUACATE SHAMPOO X,50,0,0,0
PENDIENTE RE,7702354930363,SAVITAL CREMA PEINAR MIEL X 275 ML,0,0,0,0
PENDIENTE RE,7702354032128,SAVITAL EMBRION DE PATO ACOND X 16,0,0,0,0
PENDIENTE RE,7702354032142,SAVITAL EMBRION DE PATO ACOND X,3400,0,0,0
PENDIENTE RE,7591044401258,SECNIDAL 900 MG POLVO X 30 ML,0,0,0,0
PENDIENTE RE,7704631002640,SEDA DENTAL MENTA * 300 M GTS SEDA,0,0,"7,300",0
PENDIENTE RE,7704631002688,SEDA DENTAL YERBABUENA * 300 M GTS,0,0,"7,300",0
PENDIENTE RE,7703454920995,SENNAX JBE X 120 ML,0,0,0,0
PENDIENTE RE,7703454921251,SENNAX PLUS X 10 TABLS,0,0,0,0
PENDIENTE RE,7703454921268,SENNAX PLUS X 20 TAB,0,0,0,0
PENDIENTE RE,7702026020187,SERVILLETA FAMILIA DECORATIVA X,1000,0,0,0
PENDIENTE RE,7702026182854,SERVILLETAS FAMILIA PRACTI-DIARIAS,0,0,"3,600",0
PENDIENTE RE,7795345011523,SESAREN XR 150 MG X 15 CAPS,0,0,0,0
PENDIENTE RE,7795345012391,SESAREN XR 37.5 MG X 7 CAPS,0,0,0,0
PENDIENTE RE,7702605104369,SIMVASTATINA 40 MG X 10 TABLS,0,0,0,0
PENDIENTE RE,7702605104376,SIMVASTATINA 80 MG X 10 TABLS,0,0,0,0
PENDIENTE RE,770184600028,SOMATIN 3 MG CJA * 1 AMP,0,0,"185,500",0
PENDIENTE RE,7702973029035,SOX CREMA VAG X 7 TUBOS,0,0,"52,500",0
PENDIENTE RE,7702010470202,SPEED STICK 24/7 PAGUE 10G LLEVE,120,0,550,0
PENDIENTE RE,7501406825011,STIEVAMYCIN GEL X 30 GRS,0,0,0,0
PENDIENTE RE,7706263006362,STILNOX 10 MG X 10 TABLS,0,0,0,0
PENDIENTE RE,3582910023241,STILNOX CR 12.5 MG X 14 TABS,0,0,0,0
PENDIENTE RE,7640140193311,STRATADERM GEL PARA TRATAMIENTO DE,0,0,"71,900",0
PENDIENTE RE,7640140193328,STRATADERM GEL PARA TRATAMIENTO DE,0,0,"102,200",0
PENDIENTE RE,7640140192932,STRATAMARK GEL *20 GR,0,0,"142,681",0
PENDIENTE RE,7703889001146,SUERO ORAL X 30 S/S,0,0,0,0
PENDIENTE RE,7503013040719,",7SUSTAGEN FRESA * 400 GRS",0,0,0,0
PENDIENTE RE,7503013040658,SUSTAGEN VAINILLA * 400 GR,0,0,"26,700",0
PENDIENTE RE,7702045520507,SYOOS SHAMPOO  ANTI CASPA X 50  ML,0,0,"12,400",0
PENDIENTE RE,7702045519839,SYOOSS SHAMPOO ANTI CASPA X 500ML,0,0,"10,900",0
PENDIENTE RE,7702045521016,SYOSS ACOND BRILLO POTENCIALIZADOR,0,0,"16,400",0
PENDIENTE RE,7702045521023,SYOSS ACOND REPARACION TERAPIA *,500,0,"16,500",0
PENDIENTE RE,7702045525908,SYOSS CREMA PEINAR HIDRATACION X,250,0,0,0
PENDIENTE RE,7702045548143,SYOSS CREMA/PEINAR LISO PERFECTO 5,0,0,"9,400",0
PENDIENTE RE,7702045526165,SYOSS HIDRATACION SHAMPOO X 500 ML,0,0,"12,400",0
PENDIENTE RE,7702045521214,SYOSS SHAMPOO BRILLO POTENCIAL X,500,0,"12,400",0
PENDIENTE RE,7702045526981,SYOSS SHAMPOO HIDRATACION X 500 ML,0,0,"12,400",0
PENDIENTE RE,7702045529432,SYOSS SHAMPOO POTENCIADLIZADOR X,500,0,"12,400",0
PENDIENTE RE,7702045554380,SYOSS SHAMPOO REPARA 7 + ACOND *,500,0,"24,000",0
PENDIENTE RE,7702045520996,SYOSS SHAMPOO TERAPIA X 500ML,0,0,"17,400",0
PENDIENTE RE,7702045525489,SYOSS TINTE COLOR 1-1 NEGRO,0,0,"9,200",0
PENDIENTE RE,7702045525496,SYOSS TINTE COLOR 1-4 NEGRO AZUL,0,0,"9,200",0
PENDIENTE RE,7702045525557,SYOSS TINTE COLOR 4-8 CHOCOLATE,0,0,"8,400",0
PENDIENTE RE,7702045525649,SYOSS TINTE COLOR 8-6 RUBIO CLARO,0,0,"9,000",0
PENDIENTE RE,7702045533491,SYOSS TINTE COLOR RUBIO OCASO KIT,0,0,0,0
PENDIENTE RE,7707184600691,TAFLAX (DEXIBUPROFENO) 300MG CJA *,0,0,"80,000",0
PENDIENTE RE,7707184600769,TAFLAX CAF X 100 TAB,0,0,0,0
PENDIENTE RE,7707184600776,TAFLAX CAF X 12 TB,0,0,"18,000",0
PENDIENTE RE,7707184600288,TAFLAX SUSP X 30 ML,0,0,"9,500",0
PENDIENTE RE,7707184600240,TAFLAX X 10 TABLETAS RECUBI,0,0,0,0
PENDIENTE RE,00161321021,TAFLAX X 20 TAB,0,0,0,0
PENDIENTE RE,7707184600189,TAFLAX X 50 TAB,0,0,"75,000",0
PENDIENTE RE,7702027047251,TENA BASIC L X 8 UND,0,0,"13,400",0
PENDIENTE RE,8750109005664,TENA BASIC L X 8 UND,0,0,0,0
PENDIENTE RE,7702027471759,TENA MUJER MAXI X 10,0,0,"9,800",0
PENDIENTE RE,7702027047442,TENA MUJER MINI X 10 UN,0,0,0,0
PENDIENTE RE,7702027047909,TENA MUJER ULTRA MINI X 298 UND,0,0,0,0
PENDIENTE RE,7702027470028,TENA MUJER ULTRAMINI CON ALAS * 14,0,0,"7,300",0
PENDIENTE RE,7702027472831,TENA PANTS L PAGUE 8 LLEVE 10,0,0,"25,700",0
PENDIENTE RE,7702027472732,TENA PANTS M PAGUE 8 LLEVE,100,0,0,0
PENDIENTE RE,7702027472749,TENA PANTS M X 1 UND,0,0,"3,200",0
PENDIENTE RE,7702026183189,TENA PANTS ULTRA M X 10 +2 UND,0,0,"35,000",0
PENDIENTE RE,7702027477669,TENA SABANILLA PARA CAMA BOLSA * 8,0,0,"35,000",0
PENDIENTE RE,7702026143879,TENA SLIP ULTRA L X 3 UND,0,0,"11,400",0
PENDIENTE RE,7702026144296,TENA SLIP ULTRA M X 3 UND,0,0,"9,900",0
PENDIENTE RE,7702027473470,TENA TOALLAS HUMEDAS AVENA * 10,0,0,"3,100",0
PENDIENTE RE,7702973029103,TENSARTAN 100 MG X 30 TABLS,0,0,0,0
PENDIENTE RE,7702973047138,TENSARTAN 50 MG X 30 TABLS,0,0,"116,300",0
PENDIENTE RE,7703546000017,TEOFILINA R (BICOFILIN) 300 MG CJA,0,0,"10,200",0
PENDIENTE RE,7704588000546,TERBUROP 2.5 MG X 30 TABLS,0,0,0,0
PENDIENTE RE,7704588000553,TERBUROP X 10 AMPS,0,0,"8,500",0
PENDIENTE RE,7707210530220,TESEIS (JARABE DE TOTUMO)X,1200,0,"5,000",0
PENDIENTE RE,7707081803249,TETERO PATICOS MANIJA * 10 ONZ,0,0,"16,000",0
PENDIENTE RE,8024813208332,TIENAM MONOVIAL 500 MGS,0,0,"35,600",0
PENDIENTE RE,7702973016189,TIMALAR 50 MG INH X 200 DOSIS,0,0,"66,000",0
PENDIENTE RE,7703153021306,TIMANTIL 5 MG X 7 CAPS,0,0,"74,500",0
PENDIENTE RE,3556610000505,TIMOPTOL XE 0.5% X 2.5 ML,0,0,0,0
PENDIENTE RE,7703454121026,TISTEN 75 MG X 14 TABS,0,0,0,0
PENDIENTE RE,7704232001684,TOPICREM DA BALSAMO EMOLIENTE *200,0,0,"79,800",0
PENDIENTE RE,7703863171278,TOSUS JBE X 120 ML,0,0,0,0
PENDIENTE RE,7730698001838,TRACTAL 2 MG X 20 COMPS,0,0,0,0
PENDIENTE RE,7730698001845,TRACTAL 3 MG X 20 COMPS,0,0,0,0
PENDIENTE RE,7702207700549,TRIALON 20MG/2MG/5MG GOTAS OFTAL*,10,0,"143,000",0
PENDIENTE RE,7501299310021,TRIMFAT 120 MG X 60 CAPS,0,0,0,0
PENDIENTE RE,7707172680186,TUMS FRUTAS X 12 ROLLOS,0,0,"41,200",0
PENDIENTE RE,7707172680179,TUMS MENTA X 12 ROLLOS,0,0,0,0
PENDIENTE RE,7707172680216,TUMS MENTA X 75 TAB,0,0,0,0
PENDIENTE RE,5033439026940,ULTIVA 2 MG X 5 VIALES,0,0,0,0
PENDIENTE RE,751273776948,UP 36 *1 SOFTGEL,0,0,"2,600",0
PENDIENTE RE,7702973034022,URIGEN X 14 TABLS,0,0,"52,900",0
PENDIENTE RE,7703333007809,UVEIL PS CREMA CLARA X 60 GRS,0,0,0,0
PENDIENTE RE,7703158001723,VALPROSID 250 MG X 50 CAPS,0,0,"25,000",0
PENDIENTE RE,7703158001747,VALPROSID JBE X 120 ML,0,0,"14,000",0
PENDIENTE RE,7707059808443,VALSAPREX H 160/12.5 MG X 14  TABL,0,0,0,0
PENDIENTE RE,7702626203669,VANISH LIQUIDO  BLANCO TOTAL  X,4500,0,"2,300",0
PENDIENTE RE,7702626203652,VANISH LIQUIDO  BLANCO TOTAL  X,9000,0,"4,450",0
PENDIENTE RE,7321831691612,VANNAIR 80/4.5 MCG X 120 DOSIS,0,0,"184,000",0
PENDIENTE RE,7703546262064,VASELASTIC 250 MG X 60 CAPS,0,0,0,0
PENDIENTE RE,7702626204789,VEET CREMA DEPIL ESENCIA SUPREMA X,0,0,"14,100",0
PENDIENTE RE,8413600516017,VEET CREMA DEPILADORA P/SENSIBLE X,0,0,"13,900",0
PENDIENTE RE,8413600497118,VEET CREMA DEPILATORIA P/NORMAL *,10,0,"13,500",0
PENDIENTE RE,7702626169156,VEET CREMA DEPILATORIA P/NORMAL *,10,0,"22,700",0
PENDIENTE RE,7702626169576,VEET CREMA DEPILATORIA P/NORMAL,1000,0,"13,600",0
PENDIENTE RE,7702626169583,VEET CREMA DEPILATORIA P/SECA *,1000,0,"13,500",0
PENDIENTE RE,8413600497019,VEET CREMA DEPILATORIA P/SECA *,1000,0,"13,500",0
PENDIENTE RE,7702626170916,VEET CREMA DEPILATORIA P/SENCIB *,10,0,"13,600",0
PENDIENTE RE,5011417538333,VEET MOUSSE DEPILATORIO SUAVISANTE,0,0,"11,000",0
PENDIENTE RE,7896269905261,VENTILAN 4 MG X 20 TABLS,0,0,0,0
PENDIENTE RE,7501043179317,VENTILAN JBE X 200 ML,0,0,"14,000",0
PENDIENTE RE,7703153018436,VERTIGEN 8MG *42 TAB,0,0,"97,700",0
PENDIENTE RE,80248120,VERUM 16 MG X 20 TABLS,0,0,"86,500",0
PENDIENTE RE,7702057701635,VITA C + ZINC MANDARINA MASTICABLE,0,0,"53,000",0
PENDIENTE RE,7702057701680,VITA C + ZINC MARACUYA MASTICABLE,50,0,"53,000",0
PENDIENTE RE,7702057700706,VITA C 500 MG POPS MORAZUL CJA * 5,0,0,"4,500",0
PENDIENTE RE,7702057700690,VITA C POPS MORAZUL X 25 S/S,0,0,"23,000",0
PENDIENTE RE,7702057074111,VITA E *400UI 2*1,0,0,"22,000",0
PENDIENTE RE,7702057079079,VITAFULL LUTEINA X 30 TABS,0,0,"20,500",0
PENDIENTE RE,7702057079086,VITAFULL LUTEINA X 60 TABS,0,0,"34,000",0
PENDIENTE RE,7702057733346,VITAFULL SENIOR * 30 TBL,0,0,"22,100",0
PENDIENTE RE,7702057079062,VITAFULL SENIOR X 60 TABS,0,0,"34,000",0
PENDIENTE RE,7702057076481,VITAMINA C 1 G EFERV MAND X10,0,0,"7,100",0
PENDIENTE RE,7702057076443,VITAMINA C 1 G EFERV NAR X,100,0,"8,600",0
PENDIENTE RE,7702057084226,VITAMINA C 1 GR EFER MANDARINA X 2,0,0,0,0
PENDIENTE RE,7702057078690,VITAMINA C MAST CEREZA X 100,0,0,"50,000",0
PENDIENTE RE,7702057827373,VITAMINA C MAST LULO X,1000,0,"28,500",0
PENDIENTE RE,7702057807757,VITAMINA C MAST MANDAR X 100,0,0,"25,000",0
PENDIENTE RE,7702057880323,VITAMINA C MAST NARANJA X,1000,0,"25,000",0
PENDIENTE RE,7702057832568,VITAMINA C MAST T-FRUTI X 100,0,0,"20,000",0
PENDIENTE RE,7702605103348,VITAMINA C MAST X 144 FRESA,0,0,0,0
PENDIENTE RE,7702057700652,VITAMINA C POPS CEREZA X 25 S/S,0,0,"23,000",0
PENDIENTE RE,7702057075668,",7VITAMINA C POPS MANZANA X 25 S/S",0,0,0,0
PENDIENTE RE,7709990874006,VITAMINA E 1000UI + SELENIO 35 MGS,0,0,"27,000",0
PENDIENTE RE,7703153000752,VITAMINA E 200 X 50 CAPS,0,0,0,0
PENDIENTE RE,7702057202156,VITERNUM X 100 ML,0,0,"15,100",0
PENDIENTE RE,5000267116297,WHISKY JOHNNIE WALKER DOUBLE BLACK,0,0,"180,000",0
PENDIENTE RE,5000267014005,WHISKY JOHNNIE WALKER RED LABEL *,70,0,"74,800",0
PENDIENTE RE,7701021146274,WINNY TOALLITAS ALOE VERA LLEVA,1200,0,"13,000",0
PENDIENTE RE,7701021144843,WINNY TOALLITAS ALOE VERA PAGUE 50,0,0,"6,500",0
PENDIENTE RE,7701021144867,WINNY TOALLITAS ALOE VERA PAGUE 70,0,0,"11,600",0
PENDIENTE RE,7701021149343,WINNY TOALLITAS ALOE VERA X 50UNDS,0,0,"5,500",0
PENDIENTE RE,7701021144942,WINNY TOALLITAS ALOE/VITA E PAG 50,0,0,"8,400",0
PENDIENTE RE,7701021148926,WINNY TOALLITAS ANTIBACTERIAL * 40,0,0,"4,300",0
PENDIENTE RE,7701021148780,WINNY TOALLITAS AVENA Y MIEL  * 24,0,0,"4,300",0
PENDIENTE RE,7701021144881,WINNY TOALLITAS AVENA/MIEL PAGUE,650,0,"10,100",0
PENDIENTE RE,7701021144874,WINNY TOALLITAS RECIEN NACIDO PAG,60,0,"10,100",0
PENDIENTE RE,7701021141200,WINNY ULTRATRIM GOLD ET1X 10 UNDS,0,0,"6,500",0
PENDIENTE RE,7701021141408,WINNY ULTRATRIM GOLD ET1X 18 UNDS,0,0,"11,000",0
PENDIENTE RE,7701021142153,WINNY ULTRATRIM GOLD ET2X 16 UNDS,0,0,"11,500",0
PENDIENTE RE,7701021113849,WINNY ULTRATRIM SEC ET1 X 30 UNDS,0,0,"13,400",0
PENDIENTE RE,7701021111777,WINNY ULTRATRIM SEC ET2 X 30 GTS,100,0,"14,200",0
PENDIENTE RE,7701021113887,WINNY ULTRATRIM SEC ET3 X  10 UNDS,0,0,"7,800",0
PENDIENTE RE,7701021111197,WINNY ULTRATRIM SEC ET4 X 30 UNDAD,0,0,"19,500",0
PENDIENTE RE,855600003957,XAMBO MALTEADA VAINILLA * 624 GR,0,0,"52,000",0
PENDIENTE RE,7706263005815,",3XATRAL OD 10 MG X 10 COMPS",0,0,"13,200",0
PENDIENTE RE,7707184600509,XINEBA 20MG *30 TAB,0,0,"83,200",0
PENDIENTE RE,7705959870058,XITUCIRA 500 MG X 30 COMP,0,0,0,0
PENDIENTE RE,7501199417073,XTREME GEL PARA HOMBRES ATTRACTION,0,0,"10,300",0
PENDIENTE RE,7702057070380,YODOPOVIDONA ESPUMA *120 ML,0,0,"10,300",0
PENDIENTE RE,7702132006402,Z BEC CHOCOLATE X 300 GR,0,0,"36,200",0
PENDIENTE RE,7702132006532,Z BEC TAB CJA * 60,0,0,"30,650",0
PENDIENTE RE,7501043173506,ZANTAC 150 MG X 20 TABS,0,0,"60,400",0
PENDIENTE RE,5034642042154,ZIAGEN 300 MG X 60 TABLS,0,0,0,0
PENDIENTE RE,5034643009576,ZIAGEN SOLUCION X 240 ML,0,0,0,0
PENDIENTE RE,7703153000950,ZITRIM 500 MG X 3 TABS,0,0,"87,400",0
PENDIENTE RE,5034642020992,ZOFRAN 8 MG X 10 TABLS,0,0,0,0
PENDIENTE RE,7795990001238,ZYPREXA 10 MG IM AMP X 2 ML,0,0,"53,000",0
PENDIENTE RE,7501082212334,",7ZYPREXA 5 MG X 14 TABLS",0,0,"30,400",0
PENDIENTE RE,7703991000013,ZYPREXA ZYDIS 5 MG X 14 TABS,0,0,"32,100",0
PENDIENTE RE,7612711111956,ZYRTEC 15MG GOTAS FCO * 15ML,0,0,"61,000",0
PENDIENTE RE,7707172689318,ZYRTEC 1MG/ML JBE X 60 ML,0,0,"56,000",0
PENDIENTE RE,7702184020296,*ACETILCISTEINA 600 MG * 30 S/S,0,0,"63,500",0
PENDIENTE RE,7702502201109,*AFRIN ADULTO * 15 ML,0,0,"29,200",0
PENDIENTE RE,7702184011362,*ATORVASTATINA 20 MG CJA * 1000 TB,0,0,"100,000",0
PENDIENTE RE,7702184690109,*BACTRODERM GEL X  45 FRUTAL,0,0,0,0
PENDIENTE RE,7702184690086,*BACTRODERM GEL X  45 OCEAN,0,0,0,0
PENDIENTE RE,7702184690093,*BACTRODERM GEL X  45 TE VERDE,0,0,0,0
PENDIENTE RE,7702535001745,*COCA COLA 2 L,0,0,0,0
PENDIENTE RE,7702535002742,*COCA COLA 500 ML,0,0,"1,700",0
PENDIENTE RE,7702535010952,*COCA COLA LT 237ML,0,0,0,0
"PENDIENTE RE06229,",770253500,*COCA COLA X 1 1/4,0,0,0,0
PENDIENTE RE,7702535013335,*COCA COLA X 237 ML,0,0,"1,200",0
PENDIENTE RE,7707172686126,*DOLEX FORTE *48 TAB,0,0,"76,900",0
PENDIENTE RE,7702425810563,*HUGGIES ACTIVE SEC PANTS ET 3-G *,0,0,"3,000",0
PENDIENTE RE,7795320005035,*ICADEN SOL X 20 ML,0,0,"66,500",0
PENDIENTE RE,7795320050950,*ICADEN SPRAY X 20 ML,0,0,"40,000",0
PENDIENTE RE,7501303436501,*ICADEN X 1 OVULO,0,0,"86,900",0
PENDIENTE RE,7896226504070,*INHIBACE 5 MG X 28 TABLS,0,0,0,0
PENDIENTE RE,7702057074425,*IRBESARTAN HCT 300/25 MG * 14 TAB,0,0,"29,900",0
PENDIENTE RE,7501543273010,*JERINGA INSULINA 1.0 ML B.D,0,0,"39,800",0
PENDIENTE RE,7702037564793,*JERINGA INSULINA 1ML 30GX 1/2 X,100,0,0,0
PENDIENTE RE,1770203751087,*JERINGA INSULINA 1ML27GX1 DISP X,10,0,0,0
PENDIENTE RE,7707300933511,*JERINGA P/INSU 29GX 3P DISP  X100,0,0,0,0
PENDIENTE RE,7702535003176,*JUGO DEL VALLE FRESH MANZANA X,4000,0,0,0
PENDIENTE RE,7702535002025,*JUGO DEL VALLE FRESH NARANJA X,4000,0,"1,300",0
PENDIENTE RE,7702184650011,*LAXALUD 17 MG X 10 TABLS,0,0,0,0
PENDIENTE RE,7702184650028,*LAXALUD 17 MG X 30 TABLS,0,0,0,0
PENDIENTE RE,7702001014187,*LECHE,0,0,"2,400",0
PENDIENTE RE,7702001084890,*LECHE FINESSE TETRAPACK X 1000 ML,0,0,0,0
PENDIENTE RE,7702184010761,*LOSARTAN HCT 50 MG / 12.5 MG * 15,0,0,"25,300",0
PENDIENTE RE,3518646670145,*MARIMER RESPULES NASALES X 12 X 5,0,0,0,0
PENDIENTE RE,7896548166277,*MAXITROL UNGÃŒENTO OFT TUBO * 3.5,0,0,"31,000",0
PENDIENTE RE,7704039111296,*METADOXIL 300 MG X 1 AMP,0,0,"21,200",0
PENDIENTE RE,7703863168520,*MIXEL 500 MG *6 TAB,0,0,"70,200",0
PENDIENTE RE,7702057077297,*MIXOFTAL GOTAS *5 ML,0,0,"27,600",0
PENDIENTE RE,7702184030127,*NITROPRUSIATO DE SODIO AMP,0,0,"70,600",0
PENDIENTE RE,7703546727051,*NUTRIBEN RN BAJO PESO LIQUIDA *,500,0,"1,600",0
PENDIENTE RE,7707351591333,*OFTIZUL X 7 ML,0,0,"14,800",0
PENDIENTE RE,77070193391116,**PERCLUSONE 500MG * 10TB,0,0,"12,200",0
PENDIENTE RE,7896226505091,*PROTOPIC 0.03% UNGTO X 10 GRS,0,0,0,0
PENDIENTE RE,7896226505114,*PROTOPIC 0.1% UNGTO X 10 GRS,0,0,0,0
PENDIENTE RE,7707275004018,*PRUEBA DE EMB HVO CASSETTE    X 1,0,0,0,0
PENDIENTE RE,7707226431139,*PRUEBA DE EMBARAZO CASE COMERL,0,0,"6,000",0
PENDIENTE RE,7707371680222,*PRUEBA DE EMBARAZO EN CASSETTE,0,0,"3,000",0
PENDIENTE RE,7707226431290,*PRUEBA DE EMBARAZO EN LAPIZ UNDAD,0,0,"10,000",0
PENDIENTE RE,7707087400046,*PRUEBA DE EMBARAZO USA TEST STRIP,0,0,"6,000",0
PENDIENTE RE,7702535005712,*QUATRO X 2.5 ML,0,0,0,0
PENDIENTE RE,7702001011155,*QUESO SABANA X 10 TAJADAS,0,0,0,0
PENDIENTE RE,7702001011179,*QUESO SABANA X 15 TAJADAS,0,0,0,0
PENDIENTE RE,8470000152610,*RONALOF X 30 CAP,0,0,0,0
PENDIENTE RE,7707290879394,*SEN INTIMO LUBRICANTE CALIENTE *,50,0,"8,000",0
PENDIENTE RE,7707290877017,*SEN INTIMO LUBRICANTE NATURAL *,600,0,"16,000",0
PENDIENTE RE,7703451000034,*SOREL PLUS LOCION FCO * 90ML,0,0,"9,700",0
PENDIENTE RE,7703038066354,",3*SULFATO FERROSO 100 MG X 300  TBS",0,0,0,0
PENDIENTE RE,7700598000019,*SULFATO FERROSO 2.5% JB FCO * 120,0,0,"5,000",0
PENDIENTE RE,7702184011775,*SULFATO FERROSO 300 MG * 250 TAB,0,0,"29,900",0
PENDIENTE RE,7707184600295,*TAFLAX SUSP *60 ML,0,0,"15,900",0
PENDIENTE RE,7795320007718,*TESTOVIRON DEPOT 250 MG AMP,0,0,"33,600",0
PENDIENTE RE,7702184030141,",7*TIAMINA AMP ECAR",0,0,"10,500",0
PENDIENTE RE,7702184020524,*TRIMETROPIN SULFA SUSPENSION *120,0,0,"10,000",0
PENDIENTE RE,7702184630020,*VICAL A+E X 50 TBS,0,0,0,0
PENDIENTE RE,7702184580226,*VITAMINA C TUTTI-FRUTTI * 144 TAB,0,0,"53,700",0
PENDIENTE RE,7702207312544,ACOTOL EX *84 COMP,0,0,"57,900",0
PENDIENTE RE,7703186028495,ACTOS 30 MG X 15 TAB,0,0,"66,700",0
PENDIENTE RE,7702001020119,ALPINA MANTEQUILLA ESPARCIBLE *,2000,0,0,0
PENDIENTE RE,7702057100100,ALTEX COVER X 15 GR,0,0,"23,000",0
PENDIENTE RE,7702057101091,ALTEX GEL ACCION INVISIBLE X 4GRS,0,0,"24,200",0
PENDIENTE RE,7702057101114,ALTEX GEL EXFOLIANTE X 100 GRS,0,0,"22,900",0
PENDIENTE RE,7702057105228,ALTEX JABON X 100 GR,0,0,"7,150",0
PENDIENTE RE,7702057100360,ALTEX LAMINAS ANTIBRILLO * 50,0,0,"17,000",0
PENDIENTE RE,7702207105825,AMIORIT X 10 TAB,0,0,"100,300",0
PENDIENTE RE,7702207102817,AMLOSYN 10 MG X 10 TABLS,0,0,0,0
PENDIENTE RE,7702207101810,AMLOSYN 5 MG X 10 TABLS,0,0,0,0
PENDIENTE RE,7702207101834,",7AMLOSYN 5 MG X 30 CAPS",0,0,0,0
PENDIENTE RE,7702207113912,AMLOSYN H 10/25 MG X 10 CAP,0,0,0,0
PENDIENTE RE,7702870001462,ATORLIP 10 MG X 10 TABLS,0,0,"80,600",0
PENDIENTE RE,7702870001479,ATORLIP 20 MG X 10 TABLS,0,0,"117,900",0
PENDIENTE RE,7702870004418,BACTROMAX 1% LOCION X 20 ML,0,0,0,0
PENDIENTE RE,7702870000236,BRONCHODERMINE X 45 GRS,0,0,"20,000",0
PENDIENTE RE,7702057532116,CALCIO 600 MG X 30 TABLS,0,0,"8,200",0
PENDIENTE RE,7702207300084,CIMAL 30 MG X 10 TAB,0,0,"70,000",0
PENDIENTE RE,7703197053073,CLORANFENICOL 0.5% OFT X 5 ML,0,0,0,0
PENDIENTE RE,7702207106174,CORDIAX 40MG *15 TAB,0,0,0,0
PENDIENTE RE,7702207106167,CORDIAX 80MG *15 TAB,0,0,0,0
PENDIENTE RE,7702057088552,CREMA N 4 * 50 GR,0,0,"14,300",0
PENDIENTE RE,7702057088743,CREMA N 4 CONCENTRADA X 110 GRS,0,0,"27,400",0
PENDIENTE RE,7702057100131,CREMA N 4 CONCENTRADA X 110 GTS 30,0,0,0,0
PENDIENTE RE,7702057100841,CREMA N 4 MEDICADA X 60 GR AHORRE,10,0,"14,000",0
PENDIENTE RE,7707189520741,DAZOLIN 10 MG X 30 TABLS,0,0,"577,500",0
PENDIENTE RE,7707189520734,DAZOLIN 5 MG X 30 TABLS,0,0,0,0
PENDIENTE RE,7702870004623,DIMECTIL 3 GR X 10 S/S,0,0,"58,900",0
PENDIENTE RE,7703178000669,DIXIN 0.25 MG X 30 TABLS,0,0,"40,900",0
PENDIENTE RE,7702870003897,DUODOL 37.5/3.25 MG * 10 TBL,0,0,"31,000",0
PENDIENTE RE,7703186029454,DUPHALAC *10 SOBRES,0,0,"59,800",0
PENDIENTE RE,7804603540665,EMUCELL ANTIESTRIAS X 200 ML,0,0,0,0
PENDIENTE RE,7702870072028,FENOX 120MG *30 TAB,0,0,"91,800",0
PENDIENTE RE,7702870072325,FITOPLUS 1.8% GEL VAGINAL TBO * 50,0,0,"107,000",0
PENDIENTE RE,7702870002827,FLAZCORT 0.1% CREMA X 15 GRS,0,0,"69,900",0
PENDIENTE RE,7702057063283,GLAUCOFTAL X 2.5 ML,0,0,"69,200",0
PENDIENTE RE,7702870004159,GYNFLU D X 2 TABS,0,0,"43,500",0
PENDIENTE RE,7702870000670,HEGLOBINA X 110 ML,0,0,"18,000",0
PENDIENTE RE,7702870000816,HEGLOBINA X 220 ML,0,0,"32,900",0
PENDIENTE RE,7703186442925,HYTRIN 2 MG X 14 TAB,0,0,"46,900",0
PENDIENTE RE,7703186443038,HYTRIN 5 MG X 14 TAB,0,0,"104,500",0
PENDIENTE RE,7703186443069,HYTRIN 5 MG X 28 TAB,0,0,"183,500",0
PENDIENTE RE,7707189521014,IBONE 150MG *1 CAP,0,0,"203,000",0
PENDIENTE RE,7702870004517,IMIK CREMA *5 GR,0,0,"72,800",0
PENDIENTE RE,7702870070116,INDUSTOL 200 MCG X 8 TABLS,0,0,"30,200",0
PENDIENTE RE,7707189520406,INFEX 100 MG X 3 OVULOS,0,0,0,0
PENDIENTE RE,7707189520413,INFEX 100 MG X 7 OVULOS,0,0,0,0
PENDIENTE RE,7702870072790,KELAC 10MG *30 TAB,0,0,"87,500",0
PENDIENTE RE,7703186665614,",7KLARICID I.V 500MG *1 AMP",0,0,"35,500",0
PENDIENTE RE,7703197053318,KYCORT GOTAS X 5 ML,0,0,0,0
PENDIENTE RE,7702207301043,LAFIGIN DT 100 MG X 30 TBS,0,0,"94,400",0
PENDIENTE RE,7702207301050,LAFIGIN DT 200 MG X 30 TBS,0,0,"225,000",0
PENDIENTE RE,7702207301029,LAFIGIN DT 25 MG X 30 TBS,0,0,"37,500",0
PENDIENTE RE,7702207301036,LAFIGIN DT 50 MG X 30 TBS,0,0,"59,800",0
PENDIENTE RE,7703763993871,LEPRIT 25 MG X 30 TABLS,0,0,"109,000",0
PENDIENTE RE,7702870001967,",7LUKAST 10MG *10 TAB",0,0,0,0
PENDIENTE RE,7702870070857,LUKAST 10MG *30 TAB,0,0,"156,600",0
PENDIENTE RE,7702870001943,LUKAST 4MG *10 TAB,0,0,0,0
PENDIENTE RE,7702870002094,LUKAST 4MG *20 TAB,0,0,"98,900",0
PENDIENTE RE,7702870070826,LUKAST 4MG *30 TAB,0,0,"124,100",0
PENDIENTE RE,7702870070833,LUKAST 4MG *90 TAB,0,0,"190,200",0
PENDIENTE RE,7702870001950,LUKAST 5 MG X 10 TABLS,0,0,0,0
PENDIENTE RE,7702870002100,LUKAST 5MG *20 TAB,0,0,"93,000",0
PENDIENTE RE,7702870070864,LUKAST 5MG *30 TAB,0,0,0,0
PENDIENTE RE,7707238861115,MAXANAL GOLD * 10 ML,0,0,"7,600",0
PENDIENTE RE,7702870001073,MELOCAM 15MG *10 TAB,0,0,"69,900",0
PENDIENTE RE,7702870003268,MELOCAM 15MG *30 TAB,0,0,"189,500",0
PENDIENTE RE,7709518580266,MENTHUS GEL CORPORAL TERMICO * 120,0,0,"3,000",0
PENDIENTE RE,7702870002742,MOFLOXIN 400 MG X 5 TABS,0,0,"132,100",0
PENDIENTE RE,7702870002735,MOFLOXIN 400 MG X 7 TABS,0,0,"191,100",0
PENDIENTE RE,7702870070963,MOVIFLEX MSM *30 S/S,0,0,"252,500",0
PENDIENTE RE,7702870003947,MOVIFLEX MSM X 15 S/S,0,0,"152,000",0
PENDIENTE RE,7702870002056,MOVIFLEX X 15 S/S,0,0,0,0
PENDIENTE RE,7702870002759,MOVIFLEX X 30 S/S,0,0,"216,500",0
PENDIENTE RE,7702870002063,MOVIFLEX X 30 TABLS,0,0,0,0
PENDIENTE RE,7703197050232,MULTISOLUTION PLUS X 120 ML,0,0,"26,800",0
PENDIENTE RE,7702207705070,NEOLAG ONE 0.3% GOTAS OLFATALMICAS,0,0,"68,300",0
PENDIENTE RE,7707189521069,NEURACTIN 250 MG X 30 TABS,0,0,"35,000",0
PENDIENTE RE,7707189521076,NEURACTIN 500 MG X 30 TABS,0,0,"69,300",0
PENDIENTE RE,7702207314531,NOVAL X 28 COMP,0,0,"28,900",0
PENDIENTE RE,7702057077259,OFTACLEAR GOTAS X 15ML,0,0,"14,000",0
PENDIENTE RE,7702207704943,OFTIDON T 0.05MG/5ML SOL OFTALMICA,0,0,"48,600",0
PENDIENTE RE,7703197053202,OPTICOMFORT X 15 ML,0,0,"39,900",0
PENDIENTE RE,7707189521021,OXICODAL 300 MG X 20 TABS,0,0,0,0
PENDIENTE RE,7707189521045,OXICODAL 600 MG X 10 TABS,0,0,0,0
PENDIENTE RE,4042809244113,PARCHE OCULAR COVERLET ADULTO X 20,0,0,"20,000",0
PENDIENTE RE,7702207700532,PREDNILAG 10MG/ML GOTAS OFTALMICAS,0,0,"41,300",0
PENDIENTE RE,7707291990098,PRONELL X 30 S/S,0,0,"285,600",0
PENDIENTE RE,7707291990081,PRONELL X 6 S/S,0,0,"72,000",0
PENDIENTE RE,7707189520697,QUETIDIN 25MG *30 TAB,0,0,"9,000",0
PENDIENTE RE,7707189521144,QUETIDIN 300MG *30 TAB,0,0,"106,900",0
PENDIENTE RE,7702207166208,RENIKAN SOL X 20 ML,0,0,"45,300",0
PENDIENTE RE,7702207163207,RENIKAN SOL X 50 ML,0,0,"70,000",0
PENDIENTE RE,7702870070437,RINOBUDEX SPRAY ADULTO X 280 DOSIS,0,0,"102,500",0
PENDIENTE RE,7702870070444,RINOBUDEX SPRAY NINOS X 120 DOSIS,0,0,"100,500",0
PENDIENTE RE,7702870002872,RINOBUDEX SPRAY NINOS X 60 DOSIS,0,0,"63,700",0
PENDIENTE RE,7708448461539,SAL DE MAR/MARINA*500G. UNIDAD,0,0,"2,000",0
PENDIENTE RE,7702870070635,SYNERGAL INY X 2 ML,0,0,"14,900",0
PENDIENTE RE,7703186029423,TEVETEN PLUS *14 TAB,0,0,0,0
PENDIENTE RE,7703006108369,TINIDAZOL SUSP * 15 ML,0,0,0,0
PENDIENTE RE,7702207101124,TRIFOLIUM *30 CAP,0,0,"67,600",0
PENDIENTE RE,7702207185865,TUSIPRIV PEDIATRICO *120 ML,0,0,"28,900",0
PENDIENTE RE,7702870072196,TYROIDT CREMA ULTRAHIDRATANTE *,2000,0,"35,500",0
PENDIENTE RE,7703186156402,VALCOTE I.V *5 ML,0,0,0,0
PENDIENTE RE,7702870002209,VALTAN 160MG *14 TAB,0,0,"49,200",0
PENDIENTE RE,7702870002186,VALTAN 80MG *14 TAB,0,0,"28,000",0
PENDIENTE RE,7702870002193,VALTAN 80MG *28 CAP,0,0,"46,300",0
PENDIENTE RE,7594001561415,VENDA DE YESO 4 X 5 YDS GYPSONA,0,0,"9,000",0
PENDIENTE RE,7702870071830,VENUXIA CJA * 28 TB,0,0,"28,900",0
PENDIENTE RE,7702870003985,VERTIX 8MG *50 TAB,0,0,"129,700",0
PENDIENTE RE,7702870052877,VITACARE NIÃ‘OS SMART VAINILLA *,400,0,"33,900",0
PENDIENTE RE,7703197053110,WASSER CIPRO SOLUCION OFT X 5 ML,0,0,0,0
PENDIENTE RE,7703197053226,",7WASSER CLEAR 0.05% SOL OFT X 5ML",0,0,0,0
PENDIENTE RE,7703197053233,WASSER FRESH X 15 ML,0,0,"30,000",0
PENDIENTE RE,7703197053042,WASSERCROM 4% OFTAL NASAL X 5 ML,0,0,"7,800",0
PENDIENTE RE,7703197053134,WASSERKET GOTAS X 5 ML,0,0,"49,000",0
PENDIENTE RE,7703197053158,WASSERMICINA UNGUENTO OFTALMICO *,50,0,"16,000",0
PENDIENTE RE,7703197053264,WASSERTIM 0.5% X 5 ML,0,0,"8,000",0
PENDIENTE RE,7702057086640,YODORA  ANTITRANSPIRANTE FCO * 175,0,0,"8,900",0
PENDIENTE RE,7702057086022,YODORA  ANTITRANSPIRANTE FCO * 240,0,0,"13,400",0
PENDIENTE RE,7702057084264,YODORA BARRA FRESH X 50 GR PAGUE 1,0,0,0,0
PENDIENTE RE,7702057085872,YODORA CREMA MEN PLATINUM FCO * 48,0,0,"16,500",0
PENDIENTE RE,7702057089092,YODORA CREMA X 32 GRSS 2X1,0,0,0,0
PENDIENTE RE,7702057084271,YODORA MAX PROTECCION 24H 50G PAG,10,0,0,0
PENDIENTE RE,7702057085643,YODORA MEN DESO SPRAY DYNAMIC *,1650,0,"12,400",0
PENDIENTE RE,7702057082307,YODORA MEN DYNAMIC * 2 ROLLON * 53,0,0,"20,900",0
PENDIENTE RE,7702057082598,YODORA MINI ROLLON POWER FRESH FOR,0,0,"2,100",0
PENDIENTE RE,7702007001662,YODORA NATURAL ANTIBACT SPRAY PIES,0,0,"9,200",0
PENDIENTE RE,7702057085223,YODORA NATURAL ANTIBACT SPRAY PIES,0,0,"17,600",0
PENDIENTE RE,7702057880088,YODORA ROLLON DYNAMIC  FOR MEN *,530,0,"12,500",0
PENDIENTE RE,7702057085902,YODORA ROLLON MEN PLATINUM FCO *,530,0,"12,400",0
PENDIENTE RE,7702057085919,YODORA ROLLON WOMEN PLATINUM FCO *,0,0,"12,400",0
PENDIENTE RE,7702057088637,YODORA SPRAY F.DURADERA X,1750,0,"12,500",0
PENDIENTE RE,7702057085926,YODORA SPRAY MEN PLATINUM FCO *,1650,0,"21,200",0
PENDIENTE RE,7702057087142,YODORA SPRAY PIES SUAVE X 240 ML,0,0,"10,300",0
PENDIENTE RE,7702057086893,YODORA SPRAY PIES SUAVES X,1750,0,"9,500",0
PENDIENTE RE,7702057085445,YODORA WOMEN CREMA POWER FRESH *,100,0,"6,300",0
PENDIENTE RE,7702057085650,YODORA WOMEN DESO SPRAY ACTIVE *,160,0,"17,300",0
PENDIENTE RE,7702057085971,YODORA WOMEN PLATINUM PIES SPRAY *,0,0,"17,300",0
PENDIENTE RE,7702057082802,YODORA WOMEN POWER FRESH BARRA *,600,0,"12,800",0
PENDIENTE RE,7702057085810,YODORA WOMEN S/FRAGANCIA CREMA *,100,0,"11,600",0
PENDIENTE RE,7702057085322,YODORA WOMEN SPRAY PIES SUAVES *,260,0,"18,900",0
PERCOS ,77072081104724,D CREMA * 30 GR,0,0,"130,200",0
PERCOS ,3282779035576,AGUA TERMAL AVENE * 50 ML,0,0,"45,900",0
PERCOS ,3282770413014,AKERAT CREMA CORPORAL X 200 ML,0,0,"99,500",0
PERCOS ,309976750026,ALMAY BASE LIQUIDA COMPLEXION * 30,0,0,"92,000",0
PERCOS ,3282779065863,ANACAPS * 60 TAB,0,0,"168,200",0
PERCOS ,3282770075526,ANAPHASE DUCRAY SHAMPOO PREVENCION,0,0,"169,000",0
PERCOS ,3282770259490,AVENE AGUA TERMAL * 150 ML,0,0,"72,900",0
PERCOS ,3282770133134,AVENE AGUA TERMAL * 300 ML,0,0,"104,500",0
PERCOS ,3282771035086,AVENE BARRA COLD CREAM X 100 GR,0,0,0,0
PERCOS ,3282770956733,AVENE CLEANANCE EMULSION X 40 ML,0,0,0,0
PERCOS ,3282770959888,AVENE CLEANANCE GEL LIMPIADOR *,2000,0,"130,000",0
PERCOS ,3282770153217,AVENE CONTORNO DE OJOS HYALURON *,10,0,"244,500",0
PERCOS ,3282770202854,AVENE CREMA CLEANANCE COMEDOMED *,30,0,"138,500",0
PERCOS ,3282770138801,AVENE CREMA CONTROL TOLERANCE * 40,0,0,"135,000",0
PERCOS ,3282770200553,AVENE CREMA DERMABSOLU CONTRONO DE,0,0,"234,000",0
PERCOS ,3282779234832,AVENE CREMA NUTRITIVA COMPENSADORA,0,0,"181,500",0
PERCOS ,3282776026317,AVENE DIROSEAL CREMA X 30 ML,0,0,0,0
PERCOS ,3282779042581,AVENE EMULSION SOLAR S.P.F. 50X 50,0,0,0,0
PERCOS ,3282779391023,AVENE EMULSION TOQUE FRESCO FRS 50,0,0,"106,200",0
PERCOS ,3282770152265,AVENE GEL MICELAR DESMAQUILLANTE *,0,0,"89,500",0
PERCOS ,3282770203493,AVENE HYDRANCE AQUA GEL HIDRATANTE,0,0,"130,400",0
PERCOS ,3282771091839,AVENE LOCION LIMPIADORA X 200 ML,0,0,0,0
PERCOS ,3282779051347,AVENE LOCION TONICA SUAVIZANTE *,200,0,"91,500",0
PERCOS ,3282770100037,AVENE PROTECTOR SOLAR CREMA FPS 50,0,0,"117,000",0
PERCOS ,3282770112689,AVENE PROTECTOR SOLAR FLUIDO COLOR,0,0,"120,000",0
PERCOS ,3282779402880,AVENE PROTECTOR SOLAR LECHE S.P.F,50,0,"130,500",0
PERCOS ,3282779199582,AVENE PROTECTOR SPRAY SPF 50  X,2000,0,0,0
PERCOS ,3282770388954,AVENE SERUM HYDRANCE BOOST * 30 ML,0,0,"139,500",0
PERCOS ,3282770075687,AVENE SOLAR LB FLUIDO MINERAL SPF,50,0,"124,000",0
PERCOS ,3282770104592,AVENE SOLAR MAT PERFECT COLOR SPF,50,0,"135,300",0
PERCOS ,3282770114096,AVENE TRIXERA BARRA LIMPIADORA *,100,0,"45,400",0
PERCOS ,3282779069519,CICALFATE + CREMA REPARADORA AVENE,0,0,"91,000",0
PERCOS ,3282771140650,DERMALIBOUR A DERMA CREMA * 50 ML,0,0,"51,500",0
PERCOS ,3282771111216,DERMOPAN A-DERMA BARRA * 100 ML,0,0,"41,000",0
PERCOS ,7707208613119,DHEMS GEL LIMPIADOR PIEL MIXTA CON,0,0,"56,500",0
PERCOS ,7707208612464,DHEMS SERUM  ACIDO HIALURONICO *,150,0,"76,000",0
PERCOS ,7707208614659,DHEMS SERUM ACIDO HYALURONICO * 30,0,0,"84,500",0
PERCOS ,7707208610682,DHEMS SERUM CON VITAMINA C * 15 ML,0,0,"79,500",0
PERCOS ,7707208611566,DHEMS TOALLITAS DESMAQUILLANTES *,30,0,"28,500",0
PERCOS ,7707208614949,DIFENZ CREMA * 30 GR,0,0,"159,100",0
PERCOS ,3282779059848,ELUAGE CREMA ANTI-AGE X 30 ML,0,0,0,0
PERCOS ,3282779059824,ELUAGE GEL ANTI-AGE X 15 ML,0,0,0,0
PERCOS ,3282770209440,EPITHELIALE A.H ULTRA SPF50 + * 40,0,0,"64,500",0
PERCOS ,3282779052160,EXOMEGA LECHE CUERPO X 200 ML,0,0,0,0
PERCOS ,5700666001445,IMEDEEN X 60 COMPS,0,0,"202,900",0
PERCOS ,3282779051231,KELUAL DS SHAMPOO * 100 ML,0,0,"118,300",0
PERCOS ,7707208110489,LIDOMAX 4% * 5 GR,0,0,"29,000",0
PERCOS ,3282771183640,YSTHEAL CONTORNO OJOS GEL X 15ML,0,0,0,0
PF FARMACEUT,7709990613124,AFTAKIDS GEL CON ACIDO HIALURONICO,0,0,"33,500",0
PF FARMACEUT,7709990613100,PF LIPS BALSAMO PARA LABIOS UVA *,10,0,"16,400",0
PFIZER FARMA,7703283401740,ACCUPRIL 10 MG X 28 TABLS,0,0,"151,000",0
PFIZER FARMA,7703283401726,ACCUPRIL 20 MG X 28 TABLS,0,0,"213,500",0
PFIZER FARMA,7703258030012,ALDACTONE 25MG TAB CJA * 20 PFIZER,0,0,"18,000",0
PFIZER FARMA,7703283401863,ALOND 75 MG X 30 CAPS,0,0,"48,000",0
PFIZER FARMA,7703283403942,AROMASIN 25 MG * 100 TAB,0,0,"566,400",0
PFIZER FARMA,7702338685388,ATIVAN 2 MG * 30 TAB,0,0,"64,000",0
PFIZER FARMA,7591257001429,CARDURAN 2 MG X 14 TABLS,0,0,"67,000",0
PFIZER FARMA,7702715337015,CAVERJECT 10 MCG * 1 AMP,0,0,"50,000",0
PFIZER FARMA,7702715337022,CAVERJECT 20 MCG * 1 AMP,0,0,"58,600",0
PFIZER FARMA,7795381411202,CHAMPIX 0.5 MG/1 MG X 53 TABS,0,0,"245,000",0
PFIZER FARMA,7795381411127,CHAMPIX 1 MG X 56 TABS,0,0,"246,400",0
PFIZER FARMA,7703283172015,COMBANTRIN 250 MG X 3 TABLS,0,0,"17,900",0
PFIZER FARMA,77010742,COMBANTRIN SUSP X 15 ML,0,0,"17,900",0
PFIZER FARMA,7703283405960,DALACIN C 300 MG * 32 CAP,0,0,"216,700",0
PFIZER FARMA,300093116160,DALACIN T LOCION * 30 ML,0,0,"50,800",0
PFIZER FARMA,7703283401443,DEPO MEDROL 40MG/5ML *1 AMP,0,0,"32,100",0
PFIZER FARMA,7703283111045,DIFLUCAN 150 MG X 1 CAPS,0,0,0,0
PFIZER FARMA,7703283401542,DIFLUCAN 200 MG X 7 CAPS,0,0,0,0
PFIZER FARMA,7703283405892,DYNASTAT 40MG *1 AMP,0,0,"30,500",0
PFIZER FARMA,7703283183035,FASIGYN 1 GR * 4 TAB,0,0,"47,500",0
PFIZER FARMA,7703283104016,FELDENE 20 MG X 10 CAPS,0,0,"59,900",0
PFIZER FARMA,7703283400347,FELDENE GEL X 30 GRS,0,0,"30,500",0
PFIZER FARMA,7703283401702,FELDENE IM 40MG *2 AMP,0,0,"26,500",0
PFIZER FARMA,8470008790722,FRAGMIN 10000 MG X 5 AMPS,0,0,"157,000",0
PFIZER FARMA,7317964204713,FRAGMIN 2500 MG X 10 AMPS,0,0,"73,200",0
PFIZER FARMA,7317964204973,FRAGMIN 5000 MG X 10 AMPS,0,0,"171,000",0
PFIZER FARMA,7591257002891,GENOTROPIN 36 UI * 1 CARPULA,0,0,"487,900",0
PFIZER FARMA,7703283400408,GEODON 40 MG X 28 CAPS,0,0,"305,000",0
PFIZER FARMA,7703283400392,GEODON 80 MG X 14 CAPS,0,0,0,0
PFIZER FARMA,300090555368,LINCOCIN 600 MG *6 AMP,0,0,"109,800",0
PFIZER FARMA,7703283401795,LIPITOR 20 MG X 14 TABLS,0,0,"157,900",0
PFIZER FARMA,7703283402259,LIPITOR 40 MG X 14 TABLS,0,0,"166,000",0
PFIZER FARMA,7703283405885,LIPITOR 40MG *90 TAB,0,0,"573,500",0
PFIZER FARMA,7703283402266,LIPITOR 80 MG X 14 TABLS,0,0,0,0
PFIZER FARMA,7703283401344,LYRICA 75MG *28 CAP,0,0,"43,500",0
PFIZER FARMA,300090056247,MEDROL 4 MG * 30 TAB,0,0,"55,400",0
PFIZER FARMA,7703283401566,MEDROL 4 MG * 50 TAB,0,0,"78,200",0
PFIZER FARMA,300090422042,MOTRIN RETARD 800 MG * 30 TAB,0,0,"124,500",0
PFIZER FARMA,7703283405977,NIMENRIX CJA * 1 AMP,0,0,"240,000",0
PFIZER FARMA,7702338362517,NORDETTE *21 GRAG,0,0,"23,500",0
PFIZER FARMA,7703283403676,PONSTAN MAX X 10 TAB,0,0,"7,500",0
PFIZER FARMA,7703283403683,PONSTAN MAX X 100 TAB,0,0,"53,000",0
PFIZER FARMA,7591592866103,PREMARIN 0.3 MG X 28 GRAG,0,0,"14,000",0
PFIZER FARMA,7702338368809,PREMARIN 0.625 MG X 28 GRAG,0,0,"35,000",0
PFIZER FARMA,7702338101093,PREVENAR 13 VALENTE 0.5 ML CJA * 1,0,0,"262,000",0
PFIZER FARMA,300090286163,PROVERA 5 MG * 30 TAB,0,0,"12,800",0
PFIZER FARMA,77010759,QUANTREL SUSP X 15 ML,0,0,"19,000",0
PFIZER FARMA,7703283402204,SAYANA 104 MG JERINGA PRELLENDA,0,0,0,0
PFIZER FARMA,7702715090019,SOLUCORTEF 100 MG AMP,0,0,"24,600",0
PFIZER FARMA,300090113124,SOLUMEDROL 40 MG *1 AMP,0,0,"9,000",0
PFIZER FARMA,300090765026,SOLUMEDROL 500MG *1 AMP (4 ML),0,0,"67,900",0
PFIZER FARMA,7703283125028,UNASYN 1.5 IM/IV *1 AMP,0,0,"17,900",0
PFIZER FARMA,7591257001221,UNASYN 250 MG X 120 ML,0,0,"117,000",0
PFIZER FARMA,7703283125059,UNASYN 250 MG X 60 ML,0,0,"100,400",0
PFIZER FARMA,7703283125042,UNASYN 375MG *10 TAB,0,0,"105,000",0
PFIZER FARMA,7703283131036,VIBAZINA *40 TAB,0,0,"39,000",0
PFIZER FARMA,7891268152340,VIBRAMICINA 100MG *15 TAB,0,0,"90,000",0
PFIZER FARMA,7703283401498,ZITROMAX MD SUSP X 60 ML,0,0,"104,500",0
PFIZER FARMA,7703283115036,ZITROMAX SD 500 MG X 2 TABLS,0,0,"77,000",0
PFIZER FARMA,7703283115012,ZITROMAX SUSP * 15 ML,0,0,"118,000",0
PFIZER FARMA,7703283401191,ZITROMAX SUSP *30 ML,0,0,"140,150",0
PHARMADERM,7707222420199,HYDROCLOR UNGUENTO EMOLIENTE * 500,0,0,"93,000",0
PHARMADERM,7707327210251,PILOSKIN ANTICASPA ANTICAIDA * 280,0,0,"114,500",0
PHARMADERM,7707327210268,PILOSKIN PLUS SHAMPOO ANTICAIDA *,20,0,"85,900",0
PHARMADERM,7707327210053,PILOSKIN SHAMPOO CON BIOTINA * 280,0,0,"81,100",0
PHARMADERM,7707327210015,SUNFACE ANTIEDAD  SPF50 + GEL * 70,0,0,"116,900",0
PHARMADERM,77014320,SUNSTOP BARRA LABIAL PROTECTORA *,40,0,"21,500",0
PHARMADERM,7707222420106,SUNSTOP POLVOS FACIALES CON FILTRO,0,0,"100,200",0
PHARMADERM,7707222420175,SUNSTOP TOTAL ANTIEDAD SPF 50+ *,800,0,"131,000",0
PHARMADERM,7707222420083,SYNDERM LOCION FCO * 280 ML,0,0,"82,000",0
PHARMADERM,7707222420168,TOPICARE HIDRATANTE CORPORAL * 280,0,0,"81,200",0
PHARMADERM,7707327210183,URIASKIN GEL HIDRATANTE CORPORAL *,0,0,"78,000",0
PHARMAPRIX C,7709757136262,CICAPRIX GEL * 15 ML,0,0,"103,500",0
PHARMAPRIX C,4031626711502,HYLO DUAL * 10 ML,0,0,"112,000",0
PHARMARIS CO,8436029460099,BEAUMIX CREMA HIDRATANTE INTIMA  *,0,0,"42,800",0
PHARMARIS CO,4022679137548,COMPLEJO B * 30 CAP,0,0,"25,200",0
PHARMARIS CO,4022679150196,MULTIVITAMINAS + MINERALES KIDS *,20,0,"32,000",0
PHARMARIS CO,4022679136183,MULTIVITAMINAS + MINERALES LIMON *,0,0,"26,000",0
PHARMARIS CO,7707271709825,PRODEGEL GEL X 30 GR,0,0,"59,300",0
PHARMARIS CO,7803504000391,RESPIALIVIO PATCH CJA *5 PARCHES,0,0,"19,500",0
PHILLIP MORR,7702005701939,HEETS BRONZE REPUEST CAJETILLA *20,0,0,"11,400",0
PHILLIP MORR,7622100799061,HEETS GREEN ZING REPUEST CAJETILLA,0,0,"11,400",0
PHILLIP MORR,7702005601963,HEETS PURPLE REPUEST CAJETILLA *20,0,0,"12,500",0
PISA FARMACE,7501125160295,CISPLATINO 50MG/50ML SOL INYEC * 1,0,0,"35,000",0
PISA FARMACE,7501125115561,DOPAMINA (INOTROPISA) 200MG/5ML X,50,0,"20,000",0
PISA FARMACE,7501125124068,IMATION 1 GR * 1 AMP,0,0,"7,500",0
PISA FARMACE,7501125176593,INSULEX R INSULINA HUMANA 100UI/ML,0,0,"14,000",0
PISA FARMACE,7501125198038,METILPREDNISOLONA 500 MG AMP. UDAD,0,0,"21,000",0
PISA FARMACE,7795367009904,MITOMICINA 20 MG AMP,0,0,"215,000",0
PISA FARMACE,7501125117640,MITOMICINA 5 MG AMP,0,0,"67,500",0
PISA FARMACE,7501125117985,RUNABICON (DAUNORUBICINA) 20 MG *,10,0,"50,000",0
PISA FARMACE,7501125118753,TIFEROMED (DACARBAZINA) 200 MG * 1,0,0,"37,500",0
PISA FARMACE,7501125110603,UMECORTIL 500 MG,0,0,"150,000",0
POLARIS ,7709431242234,POLARIS COLORANTE TEXTIL AZUL * 10,0,0,"2,000",0
POLARIS ,7709636418106,POLARIS COLORANTE TEXTIL CAFE * 10,0,0,"2,000",0
POLARIS ,7709431242296,POLARIS COLORANTE TEXTIL INDIGO *,10,0,"2,000",0
POLARIS ,7709431242203,POLARIS COLORANTE TEXTIL NEGRO *,100,0,"2,000",0
POLARIS ,7709515202215,POLARIS COLORANTE TEXTIL ROJO * 10,0,0,"2,000",0
POPSY ,7705890010476,HELADO GOURMET POPSY AREQUIPE *600,0,0,"38,000",0
POPSY ,7705890588418,HELADO GOURMET POPSY CAFE CARAMELO,0,0,"5,700",0
POPSY ,7705890010469,HELADO GOURMET POPSY CHOCOLATE *,600,0,"39,000",0
POPSY ,7705890233080,HELADO GOURMET POPSY CHOCOLATE *,750,0,"43,500",0
POPSY ,7705890699879,HELADO GOURMET POPSY MANDARINA *,750,0,"43,500",0
POPSY ,7705890267184,HELADO GOURMET POPSY MOCACCINO *60,0,0,"5,700",0
POPSY ,7705890993502,HELADO GOURMET POPSY RON CON PASAS,0,0,"5,700",0
POPSY ,7705890976291,HELADO GOURMET POPSY VAINILLA *,7500,0,"43,500",0
POPSY ,7705890010551,HELADO GOURMET POPSY VAINILLA *300,0,0,"22,000",0
POPSY ,7705890010445,HELADO GOURMET POPSY VAINILLA *600,0,0,"39,000",0
POPSY ,7705890435736,PALETA CREMOSA AREQUIPE POPSY *,1100,0,"8,900",0
POPSY ,7705890554345,PALETA CREMOSA VAINILLA POPSY *,1100,0,"9,300",0
POPSY ,7705890884688,PALETA YOGURT CEREZA ITALINA POPSY,0,0,"8,900",0
POPSY ,7705890897589,VASO VAINILLA GOURMET + TOPP CHIPS,0,0,"7,000",0
POPSY ,7705890896520,VASO VAINILLA GOURMET + TOPP M&M *,0,0,"7,000",0
POSTOBON CER,7702090050592,CERVEZA ANDINA DORADA BOTELLA *,2500,0,"2,400",0
POSTOBON CER,7702090052497,CERVEZA ANDINA LIGHT BOTELLA * 330,0,0,"2,700",0
POSTOBON CER,7707430871547,CERVEZA ANDINA LIGHT LATA * 310 ML,0,0,"3,400",0
POSTOBON CER,7707430870120,CERVEZA HEINEKEN LATA * 310 ML,0,0,"4,300",0
POSTOBON CER,7707430870106,CERVEZA HEINEKEN LATA * 473 ML,0,0,"5,800",0
POSTOBON CER,8712000055349,CERVEZA HEINEKEN S/ALCOHOL LATA *,20,0,"3,000",0
POSTOBON CER,7702090052404,CERVEZA MILLER LITE LATA * 269 ML,0,0,"3,100",0
POSTOBON CER,7702090067538,CERVEZA TECATE ORIGINAL LATA * 269,0,0,"2,500",0
POSTOBON CER,7702090066418,CERVEZA TECATE ORIGINAL LATA * 330,0,0,"3,000",0
POSTOBON GAS,7707362394671,HATSU TE AMARILLO SIN AZUCAR *,2500,0,"4,800",0
POSTOBON GAS,7702090041859,AGUA CRISTAL * 1 LT,0,0,"3,200",0
POSTOBON GAS,7702090006698,AGUA CRISTAL BOTELLA * 1.5 LT,0,0,"3,200",0
POSTOBON GAS,7702090037784,AGUA CRISTAL CON GAS BOTELLA * 300,0,0,"1,300",0
POSTOBON GAS,7702090050868,AGUA CRISTAL CON GAS BOTELLA * 300,0,0,"1,000",0
POSTOBON GAS,7702090023008,AGUA CRISTAL CON GAS BOTELLA * 600,0,0,"2,200",0
POSTOBON GAS,7702090042467,AGUA CRISTAL LIMONADA * 300 ML,0,0,"1,300",0
POSTOBON GAS,7707283790088,AGUA MINERAL NACIMIENTO VIDRIO *,500,0,"3,500",0
POSTOBON GAS,7702090061031,BILAC AVENA * 200 ML,0,0,"2,600",0
POSTOBON GAS,7702090061017,BILAC AVENA * 200 ML,0,0,"2,500",0
POSTOBON GAS,7702090070705,BRETAÃ‘A HARD SELTZER PIÃ‘A COLADA,0,0,"6,529",0
POSTOBON GAS,7702090060263,CANADA DRY GINGER ALE S/CALORIAS *,0,0,"6,500",0
POSTOBON GAS,7702090031829,CRISTAL VITALITY TEA LIMON,0,0,0,0
POSTOBON GAS,7702090011111,GASEOSA 7 UP 1.5 LT,0,0,"4,800",0
POSTOBON GAS,7702090065114,GASEOSA CANADA DRY GINGER ALE ZERO,0,0,"3,300",0
POSTOBON GAS,7702090049749,GASEOSA COLOMBIANA * 2 LT,0,0,"4,000",0
POSTOBON GAS,7702090067200,GASEOSA COLOMBIANA AGUAPANELA *,2500,0,500,0
POSTOBON GAS,7702090064933,GASEOSA COLOMBIANA AGUAPANELA *,4000,0,"2,200",0
POSTOBON GAS,7702090036831,GASEOSA COLOMBIANA S/CALORIAS *,3000,0,"2,200",0
POSTOBON GAS,7702090069648,GASEOSA KOLA * 1 LT,0,0,"4,500",0
POSTOBON GAS,7702090036398,GASEOSA KOLA * 2 LT,0,0,"6,500",0
POSTOBON GAS,7702090067279,GASEOSA KOLA HIPINTO S/CALORIAS *,40,0,"2,500",0
POSTOBON GAS,7702090068542,GASEOSA LIMONADA POSTOBON * 2 LT,0,0,"6,500",0
POSTOBON GAS,7702090029512,GASEOSA MANZANA * 1.5 LT,0,0,"5,900",0
POSTOBON GAS,7702090037722,GASEOSA MANZANA CERO S/CALORIAS *,10,0,"4,800",0
POSTOBON GAS,7702090034134,GASEOSA PEPSI * 2 LT,0,0,"6,500",0
POSTOBON GAS,7702090034387,GASEOSA PEPSI * 2 LT,0,0,"6,500",0
POSTOBON GAS,7702090029611,GASEOSA PEPSI LIGHT * 1.5 LT,0,0,"5,400",0
POSTOBON GAS,7702192016656,GASEOSA SEVEN UP H2O MANZANA * 1.5,0,0,"6,000",0
POSTOBON GAS,7702090039603,GASEOSA SEVEN UP H2O MANZANA * 600,0,0,"3,700",0
POSTOBON GAS,7702090039245,GASEOSA TORONJA * 250 ML,0,0,"1,500",0
POSTOBON GAS,7702090066548,GASEOSA UVA * 1 LT,0,0,"4,200",0
POSTOBON GAS,7702090029550,GASEOSA UVA * 1.5 LT,0,0,"5,900",0
POSTOBON GAS,7702090049077,GASEOSA UVA * 2 LT,0,0,"5,400",0
POSTOBON GAS,7702090020649,GASEOSA UVA * 2.5 LT,0,0,"5,900",0
POSTOBON GAS,7702090001259,GASEOSA UVA * 2.5 LT,0,0,"6,500",0
POSTOBON GAS,7702090042139,GASEOSA UVA * 250 ML,0,0,"1,500",0
POSTOBON GAS,7702090020977,GASEOSA UVA * 300 ML,0,0,"1,800",0
POSTOBON GAS,7702090031942,GASEOSA UVA * 400 ML,0,0,"3,200",0
POSTOBON GAS,7702090050271,GASEOSA UVA * 400 ML,0,0,"3,200",0
POSTOBON GAS,7702090033632,GASEOSA UVA * 600 ML,0,0,"4,800",0
POSTOBON GAS,7709990350494,HATSU ROSES * 250 ML,0,0,"3,900",0
POSTOBON GAS,7702090063462,HATSU SODA FRAMBUESAS & ROSAS LATA,0,0,"3,600",0
POSTOBON GAS,7709990350470,HATSU TEA * 400 ML,0,0,"5,500",0
POSTOBON GAS,7709990350432,HATSU WHITE * 250 ML,0,0,"3,900",0
POSTOBON GAS,7707133020075,HIT DURAZNO * 200 ML,0,0,"1,600",0
"POSTOBON GAS04017,",770209001,HIT JUGO * 237 ML,0,0,"1,700",0
POSTOBON GAS,7702090035629,HIT JUGO CON GAS UVA-FRESA,0,0,"1,500",0
POSTOBON GAS,7707133049663,HIT JUGO LULO * 1 LT,0,0,"5,700",0
POSTOBON GAS,7702090032574,HIT JUGO NARANJA * 500 ML,0,0,"3,700",0
POSTOBON GAS,7702090014969,HIT LULO * 237 ML,0,0,"2,200",0
POSTOBON GAS,7707133085456,HIT LULO * 500 ML,0,0,"3,700",0
POSTOBON GAS,7707133054698,HIT MANGO * 237 ML,0,0,"2,200",0
POSTOBON GAS,7707133098029,HIT MANGO CJA * 200 ML,0,0,"1,700",0
POSTOBON GAS,7702090014907,HIT MORA * 237 ML,0,0,"2,200",0
POSTOBON GAS,7707133074702,HIT MORA MANZANA NAVIDAD MAGICA *,10,0,"5,500",0
POSTOBON GAS,7707133051239,HIT NARANJA * 1.5 LT,0,0,"5,500",0
POSTOBON GAS,7702090032789,HIT NARANJA * 2 LT,0,0,"3,000",0
POSTOBON GAS,7707133075655,HIT NARANJA * 200 ML,0,0,"1,700",0
POSTOBON GAS,7707133082301,HIT UVA * 200 ML,0,0,"1,600",0
POSTOBON GAS,7702090032598,JUGO HIT * 2.5 LT,0,0,0,0
POSTOBON GAS,7707133075457,JUGO HIT MORA * 1 LT,0,0,"5,700",0
POSTOBON GAS,7702090030839,MR TE LIMON * 1.5 LT,0,0,"6,100",0
POSTOBON GAS,7702090042771,MR TEA ACAI * 300 ML,0,0,"1,500",0
POSTOBON GAS,7702090037203,MR TEA DURAZNO * 500 ML,0,0,"3,200",0
POSTOBON GAS,7702090027525,MR TEA LIGTH DURAZNO,0,0,"1,500",0
POSTOBON GAS,7702090033977,MR TEA LIMA LIMON MENOS CALORIAS *,0,0,"3,700",0
POSTOBON GAS,770209023855,MR TEA LIMON * 300 ML,0,0,"2,400",0
POSTOBON GAS,7702090051810,NATU MALTA * 1.5 LT,0,0,"6,400",0
POSTOBON GAS,7702090051827,NATU MALTA * 1000 ML,0,0,"4,700",0
POSTOBON GAS,7702090051575,NATU MALTA * 200 ML,0,0,"1,900",0
POSTOBON GAS,7702090034035,PEAK * 250 ML,0,0,"2,200",0
POSTOBON GAS,7702090027013,PEAK * 280 ML,0,0,"2,500",0
"POSTOBON GAS05511,",770209002,PEAK LATA * 330 ML,0,0,0,0
POSTOBON GAS,7702090071542,PEAK LATA * 473 ML,0,0,"3,400",0
POSTOBON GAS,7702090020885,PEPSI * 300 ML,0,0,"2,200",0
POSTOBON GAS,7702090044287,SPEED MAX CERO AZUCAR BOTELLA *,2500,0,"1,900",0
POSTOBON GAS,7702090066401,SQUASH CON VITAMINA C NARANJA *,5000,0,"3,100",0
POSTOBON GAS,7709990350456,TEA HATSU TE NEGRO Y JUGO DE LIMON,0,0,"3,900",0
POSTOBON GAS,7707362390086,TEA HATSU TE ROJO FRUTOS ROJOS *,400,0,"5,500",0
POSTOBON GAS,7702090038842,TWIST TEA CON GAS,0,0,"1,700",0
POSTOBON NUT,7702439879655,MANI BARY CROCANTE * 20 GR,0,0,"1,200",0
POSTOBON RED,9002490236021,RED BULL  * 250 ML,0,0,"9,000",0
POSTOBON RED,9002490222123,RED BULL * 355 ML,0,0,"12,400",0
PRECISION,17702037101889,AGUJA HIPODERMICA 20G X 1 CJA *,1000,0,"11,900",0
PRECISION,17702037101933,AGUJA HIPODERMICA 22G X 1 1/2 *100,0,0,"14,200",0
PRECISION,17702037101988,AGUJA HIPODERMICA 25G X 5/8 CJA *,10,0,"18,000",0
PRECISION,7702037101950,AGUJA HIPODERMICA ESTERIL 23G X 1,10,0,"15,000",0
PRECISION,7702037102759,BURETROL 150 ML,0,0,"6,900",0
PRECISION,7702037102049,CATETER 16G/32MM,0,0,"2,000",0
PRECISION,7702037102056,CATETER 18G / 32MM,0,0,"2,000",0
PRECISION,7702037102070,CATETER 22G/25MM,0,0,"2,000",0
PRECISION,17702037102084,CATETER 24,0,0,"2,000",0
PRECISION,7707270361260,GUANTE CIRUGIA ESTERIL TALLA,70,0,"2,700",0
PRECISION,7707270361284,",7GUANTE CIRUGIA ESTERIL TALLA",80,0,"2,700",0
PRECISION,7702037567022,GUANTE DE NITRILO AZUL TALLA M *,100,0,"54,900",0
PRECISION,7702037567015,GUANTE DE NITRILO AZUL TALLA S *,100,0,"54,900",0
PRECISION,7702037102285,GUANTE DE NITRILO NEGRO TALLA L *,10,0,"54,900",0
PRECISION,7702037102278,GUANTE DE NITRILO NEGRO TALLA M *,10,0,"30,000",0
PRECISION,7702037102261,GUANTE DE NITRILO NEGRO TALLA S *,10,0,"54,900",0
PRECISION,7702037511032,GUANTE DE VINILO PARA EXAMEN TALLA,0,0,"16,900",0
PRECISION,7708947100830,GUANTE EXAMEN DISPOCOL TALLA S *,100,0,"54,900",0
PRECISION,7707564896935,GUANTES DE VINILO DESECHABLE TALLA,0,0,"20,000",0
PRECISION,7707654277989,GUANTES DE VINILO DESECHABLE TALLA,0,0,"21,100",0
PRECISION,7702037100595,HUMIDIFICADOR DE OXIGENO * 1 UND,0,0,"8,000",0
PRECISION,7702037511162,JERINGA 20 ML 21 X 1*1/2,0,0,"13,400",0
PRECISION,7702037510905,JERINGA 5 ML,0,0,400,0
PRECISION,7702037511414,SONDA FOLEY 2 VIAS N. 18,0,0,"4,300",0
PRECISION,7707178250796,SONDA NELATON # 10 * 40CM UNDAD,0,0,"1,600",0
PRECISION,7707221290014,SONDA NELATON N. 8,0,0,"1,600",0
PREPARACIONE,7702044170178,ARDEN FOR MEN AEROSOL EVOLUTION X,20,0,0,0
PREPARACIONE,7702044170994,ARDEN FOR MEN AEROSOL FRESH BLUE X,0,0,"18,500",0
PREPARACIONE,7702044170970,ARDEN FOR MEN AEROSOL ORIGINAL X 2,0,0,"17,800",0
PREPARACIONE,7702044204392,ARDEN FOR MEN CLINICAL ROLLON * 50,0,0,"20,000",0
PREPARACIONE,7702044166072,ARDEN FOR MEN CREMA X 14 S/S EXTRA,0,0,"14,300",0
PREPARACIONE,7702044258845,ARDEN FOR MEN DESODORANTE CREMA X2,0,0,"18,000",0
PREPARACIONE,7702044007887,ARDEN FOR MEN ROLLON ORIG X 2 PREC,0,0,"15,000",0
PREPARACIONE,7702044236577,ARDEN FOR MEN ROLLON ORIGINAL * 30,0,0,"5,000",0
PREPARACIONE,7702044171007,ARDEN FOR MEN SILVER AEROSOL X 175,0,0,0,0
PREPARACIONE,7702044185295,ARDEN FOR MEN SPORT CREMA X 135+40,0,0,0,0
PREPARACIONE,7702044181778,ARDEN FOR MEN SPORT MINI ROLLON X,20,0,"2,100",0
PREPARACIONE,7702044163866,ARDEN FOR MEN SPORT ROLLON X 55 ML,0,0,0,0
PREPARACIONE,7702044173353,ARDEN FOR MEN URBAN ROLLON X 55 ML,0,0,0,0
PREPARACIONE,7702044200028,ARDEN FORMEN SPORT CREMA 135 GR *,20,0,"23,900",0
PREPARACIONE,7702044168564,BASE DE SOYA N 1 + POLVO TRIGO N 1,0,0,0,0
PREPARACIONE,7702044151719,BASE FLUIDA VITU CN SOYA   1 LIGHT,0,0,0,0
PREPARACIONE,5013965644696,BASE MAX FACTOR XPERIENCE FONATION,0,0,0,0
PREPARACIONE,7702044163675,BASE PAN STIK MAX FACTOR 75 GOLDEN,0,0,0,0
PREPARACIONE,7702044163651,BASE PAN STIK MAX FACTOR N6  SAND,30,0,0,0
PREPARACIONE,7702044160759,BASE VITU SABILA LIGHT CORRECOREF,10,0,0,0
PREPARACIONE,7774900004941,BLONDOR MANZANILLA *20 SOBRES,0,0,"94,000",0
PREPARACIONE,7702044066600,BLOQUEADOR BRONZE CREMA SPF 30 X,120,0,0,0
PREPARACIONE,7702044016339,BOND DESO STREET X 75 ML 2 X,10,0,0,0
PREPARACIONE,7702044183437,BRILLO LAB VITU FRAMBUESA MANTX 10,0,0,0,0
PREPARACIONE,7702044165112,CREMA HUMECT VITU ARROZ NOCHE X 50,0,0,0,0
PREPARACIONE,7702044077675,CREMA SHE HIDRATANTE X 12 CJN,0,0,0,0
PREPARACIONE,7702044165037,CREMA VITU 4 EN 1 VITAMINA X 50 ML,0,0,0,0
PREPARACIONE,7702044190220,CREMA VITU NATURAL FRUTOS ROJOS X,50,0,0,0
PREPARACIONE,7702044188951,CREMA VITU NATURAL PINA-COCO X 125,0,0,0,0
PREPARACIONE,7702044183536,CREMA VITU NATURAL YOGURT Y FRUTOS,0,0,0,0
PREPARACIONE,7702044226080,DES ARDEN FM CRE 11 P.E,0,0,"10,000",0
PREPARACIONE,7702044267533,DES ARDEN FM PROTECH MINI ROLL,0,0,"1,800",0
PREPARACIONE,7702044016520,DESO APRIL VIOLETS X 75 ML 2 X,10,0,0,0
PREPARACIONE,7702044273343,DESODORANTE ARDEN FOR MEN CLINICAL,0,0,"14,000",0
PREPARACIONE,7702044147347,ELIZABETH ARDEN ACTIVAS  AEROSOL X,0,0,0,0
PREPARACIONE,7702044147330,ELIZABETH ARDEN ACTIVAS  BARRA X,450,0,0,0
PREPARACIONE,7702044164887,ELIZABETH ARDEN ACTIVAS  CR X 60 X,0,0,0,0
PREPARACIONE,7702044165648,ELIZABETH ARDEN ACTIVAS  CREM X 14,0,0,0,0
PREPARACIONE,7702044147316,ELIZABETH ARDEN ACTIVAS  CREMA X,100,0,0,0
PREPARACIONE,7702044148641,ELIZABETH ARDEN ACTIVAS  CREMA X,140,0,0,0
PREPARACIONE,7702044147309,ELIZABETH ARDEN ACTIVAS  CREMA X,600,0,0,0
PREPARACIONE,7702044163873,ELIZABETH ARDEN ACTIVAS  ROLLON X,20,0,0,0
PREPARACIONE,7702044147279,ELIZABETH ARDEN ACTIVAS  ROLLON X,50,0,0,0
PREPARACIONE,7702044147293,ELIZABETH ARDEN ACTIVAS  ROLLON X,70,0,0,0
PREPARACIONE,7702044187459,ELIZABETH ARDEN AEROSOL CLASS X,1750,0,0,0
PREPARACIONE,7702044190374,ELIZABETH ARDEN CHIC SPRAY FCO *,170,0,0,0
PREPARACIONE,7702044164863,ELIZABETH ARDEN CLASSIC CREMA * 60,0,0,"16,600",0
PREPARACIONE,7702044246408,ELIZABETH ARDEN CLASSIC CREMA MINI,0,0,"2,900",0
PREPARACIONE,7702044246811,ELIZABETH ARDEN CLASSIC ROLLON *,700,0,"19,400",0
PREPARACIONE,7702044165631,ELIZABETH ARDEN CREMA X  14 S/S E.,0,0,"9,700",0
PREPARACIONE,7702044181594,ELIZABETH ARDEN CREMA X 100 GR X 2,0,0,0,0
PREPARACIONE,7702044192989,ELIZABETH ARDEN CREMA X 135 GR GTS,0,0,"11,500",0
PREPARACIONE,7702044007870,ELIZABETH ARDEN ROLL ON  X 60 ML 2,0,0,"6,600",0
PREPARACIONE,726669000501,KOLESTON CARE ACONDICIONADOR X 250,0,0,0,0
PREPARACIONE,7702012947061,KOLESTON EST CAOBA COBRIZO 64 2 X,10,0,0,0
PREPARACIONE,7501078231110,KOLESTON EST CASTANO BAMBI,770,0,0,0
PREPARACIONE,7501078231233,KOLESTON EST CASTANO CLARO,500,0,"12,000",0
PREPARACIONE,7501078231288,KOLESTON EST CASTANO OSCURO,30,0,0,0
PREPARACIONE,7501078231165,KOLESTON EST CHOCOLATE,670,0,0,0
PREPARACIONE,7501078231295,KOLESTON EST NEGRO,200,0,"12,000",0
PREPARACIONE,7501078266037,KOLESTON EST ROJO GRANATE INT NSO,80,0,0,0
PREPARACIONE,7501078231158,KOLESTON EST RUBIO AVELLANA,70,0,0,0
PREPARACIONE,7501078231097,KOLESTON EST RUBIO CENIZO CLARO,810,0,"12,000",0
PREPARACIONE,7501078230618,KOLESTON EST RUBIO CENIZO OSC RO,610,0,0,0
PREPARACIONE,7501078231134,KOLESTON EST RUBIO MEDIANO,700,0,0,0
PREPARACIONE,7702044165495,KOLESTON KIT  RUBIO AVELLANA,730,0,0,0
PREPARACIONE,7702012933279,KOLESTON KIT CAST.CLARO,0,0,0,0
PREPARACIONE,7702012933347,KOLESTON KIT CHOCOLATE,0,0,0,0
PREPARACIONE,7501078269250,KOLESTON KIT EXATI RUB.CE.M/C,0,0,0,0
PREPARACIONE,7702012933231,KOLESTON KIT NEGRO,0,0,0,0
PREPARACIONE,7702012933378,KOLESTON KIT RUB.AVELLA,0,0,0,0
PREPARACIONE,7702012947399,KOLESTON KIT TABACO COB,0,0,"416,500",0
PREPARACIONE,726669089490,KOLESTON TUBO RUBIO CLARO,800,0,"28,500",0
PREPARACIONE,7702044182898,KOLESTON TUBO SIG N 70 RUBIO MEDIO,0,0,0,0
PREPARACIONE,726669089681,KOLESTON TUBO SING # 48 NEGRO AZUL,0,0,0,0
PREPARACIONE,7702044176064,KOLESTON TUBO SING N 28 NEGRO AZUL,0,0,0,0
PREPARACIONE,7703644001404,NOPIKEX NINOS SPRAY X 120 ML,0,0,"20,000",0
PREPARACIONE,7702044098526,NUDE BLOCK ACTIVE SPORTS SPF 70 *,10,0,0,0
PREPARACIONE,7702044160910,",7NUDE BLOCK ACTIVE SPORTS X 5  ML X",0,0,0,0
PREPARACIONE,7702044088244,NUDE BLOCK BLOQUEADOR KIDS SPF50 *,0,0,0,0
PREPARACIONE,7702044088237,NUDE BLOCK BLOQUEADOR KIDS SPRAY *,0,0,0,0
PREPARACIONE,7702044056106,NUDE BLOCK BLOQUEADOR SOLAR SPF 30,0,0,0,0
PREPARACIONE,7702044098519,NUDE BLOCK BOLQUEADOR KIDS SPF50 *,0,0,0,0
PREPARACIONE,7702044168960,NUDE BLOCK SPF 30 + 2 BRONCEADORES,0,0,0,0
PREPARACIONE,7702044194402,NUDE BLOQUEADOR BABY FPS,700,0,"37,000",0
PREPARACIONE,7702044015141,NUDE BRONZE AUTOBRONCEADOR CREMA X,0,0,0,0
PREPARACIONE,7702044056069,NUDE LOCION BRONCE ACEL. SPF4 X,1200,0,0,0
PREPARACIONE,5011321208452,PESTANINA 2000 CALORIE,0,0,0,0
PREPARACIONE,7702044075213,PESTANINA LASHMAKER NEGRA 25% DCTO,0,0,0,0
PREPARACIONE,7702044258029,PESTAÃ‘INA OFERTA,0,0,"22,000",0
PREPARACIONE,7702044069892,POLVO COMP MAX FACTOR CLASICO No.7,0,0,0,0
PREPARACIONE,7702044069908,POLVO COMP MAX FACTOR CLASICO No.8,0,0,0,0
PREPARACIONE,7702044007412,POLVO COMP MAX FACTOR CREME PUFF,010,0,0,0
PREPARACIONE,7702044151467,POLVO COMP VITU 04 TANN,0,0,0,0
PREPARACIONE,7702044152327,POLVO COMP VITU N 1,0,0,0,0
PREPARACIONE,7702044152525,POLVO COMP VITU N 4,0,0,0,0
PREPARACIONE,7702044288439,PROMO PROTECTOR SPF 100 * 120 ML +,0,0,"68,700",0
PREPARACIONE,7702044185820,PROTECTOR FACIAL NUDE SPF,500,0,"130,700",0
PREPARACIONE,7707200901337,PROTECTOR LABIAL,0,0,0,0
PREPARACIONE,7501078279426,SOFT COLOR EST CACAO DORADO 773,0,0,0,0
PREPARACIONE,7501078270676,SOFT COLOR EST CASTANO CLARO,00,0,0,0
PREPARACIONE,726669007371,SOFT COLOR EST CASTANO MED.,400,0,0,0
PREPARACIONE,7501078270638,SOFT COLOR EST CASTANO OSCURO,300,0,0,0
PREPARACIONE,7501078270737,SOFT COLOR EST CHOCOLATE,670,0,0,0
PREPARACIONE,7501078284956,SOFT COLOR EST CRESZA INTESO  6645,0,0,0,0
PREPARACIONE,726669007364,SOFT COLOR EST NEGRO,200,0,0,0
PREPARACIONE,7501078270614,SOFT COLOR EST NEGRO AZUL,280,0,0,0
PREPARACIONE,7501078284949,SOFT COLOR EST RUBIO CENIZO,70,0,0,0
PREPARACIONE,726669007388,SOFT COLOR EST RUBIO NATURAL,700,0,0,0
PREPARACIONE,7501078270706,SOFT COLOR EST RUBIO OSCURO,60,0,0,0
PREPARACIONE,7702044032100,SPLASH BODY MIST PEAR DELIGHT X,2400,0,0,0
PREPARACIONE,7702044182904,SPLASH VITU SANTORINI DREAM X240ML,0,0,0,0
PREPARACIONE,7702044182942,SPLASH VITU TROPICAL ISLAND X240ML,0,0,0,0
PREPARACIONE,7702044152501,VITU POLVO COMPACTO AVELLANA N 2 *,0,0,"10,500",0
PREPARACIONE,7702870103173,VOLUMIA,0,0,"11,000",0
PREPARACIONE,7896016106811,WELLAPON ACONDICIONADOR RIZADO X,300,0,0,0
PREPARACIONE,7896016116179,WELLAPON ACONDICIONADOR TENIDO X,300,0,0,0
PREPARACIONE,7896016113079,WELLAPON SHAMPOO MAXX HIDRATANTE X,0,0,0,0
PREPARACIONE,7501078276647,WELLAPON TRATAMIENTO HIDRAT RIZADO,0,0,0,0
PREPARACIONE,7501078278979,WELLATON EST CAOBA CLARO,550,0,0,0
PREPARACIONE,7501001287108,WELLATON KIT CASTANO VIOLETA,0,0,0,0
PREPARACIONE,7501001319755,WELLATON KIT CHOCOLATE ROJIZO,0,0,0,0
PREPARACIONE,7501001287238,WELLATON KIT RUBIO SOLAR,0,0,0,0
PRICESMART C,041616201092,ALMONDS HOODY 907GR,0,0,0,0
PRICESMART C,096619134397,ALMONDS X 57 GRS,0,0,0,0
PRICESMART C,037000269502,AMBIEN FEBREZE THAI DRAGON FRUIT,270,0,0,0
PRICESMART C,6939636720188,BASTONES NAVIDAD SWEET SEASONS X,200,0,0,0
PRICESMART C,096619134410,CASHEWS X 57 GRS,0,0,0,0
PRICESMART C,7441136200958,CEREAL ALL INKLUSIVE CON ALMENDRAS,0,0,0,0
PRICESMART C,041800261000,JUGO UVA X 1.89 LTS,0,0,0,0
PRICESMART C,096619135288,PEANUTS X 57 GRS,0,0,0,0
PRICESMART C,041616200811,PEANUTS X 907 GRS,0,0,0,0
PRICESMART C,014113910125,PISTACHIOS X 680 GRS,0,0,0,0
PRICESMART C,722008504914,SARDINA SALSA DE TOMATE VAN CAMPS,20,0,0,0
PRICESMART C,725181207016,SKWINKLES RELLENOS PIÃ‘A TAMARINDO,0,0,"5,500",0
PRICESMART C,051000012517,SOPA DE POLLO FIDEOS CAMPBELLS 305,0,0,0,0
PRICESMART C,070221011116,TOBLERONE * 100 GR,0,0,"19,500",0
PRICESMART C,070221000257,TOBLERONE ONE BY ONE X  50 UNIDS,100,0,0,0
PRIME HEALTH,811726001390,PROBIOTICS X 60 CAPS,0,0,"51,900",0
PRINGLES MAN,037000377054,PRINGLES * 170 GR,0,0,0,0
PRINGLES MAN,03741809,PRINGLES * 23 GR,0,0,0,0
PRINGLES MAN,03800018373,PRINGLES BBQ * 40 GR,0,0,"7,900",0
PRINGLES MAN,038000183690,PRINGLES BBQ * 71 GR,0,0,"12,000",0
PRINGLES MAN,038000185069,PRINGLES BBQ *124 GR,0,0,"15,900",0
PRINGLES MAN,03716706,PRINGLES CHEDDAR * 21 GR,0,0,"5,500",0
PRINGLES MAN,7896004008998,PRINGLES CHEDDAR E BACON * 105 GR,0,0,"9,500",0
PRINGLES MAN,038000184949,PRINGLES CREMA Y CEBOLLA * 124 GR,0,0,"17,300",0
PRINGLES MAN,038000201158,PRINGLES CREMA Y CEBOLLA * 149 GR,0,0,"15,300",0
PRINGLES MAN,37000379973,PRINGLES XTREME ALITAS DE POLLO *,10,0,0,0
PRINGLES MAN,37000380405,PRINGLES XTREME CHICLE EXPLOSIVO *,0,0,0,0
PRINGLES MAN,37000380160,PRINGLES XTREME QUESO PICANTE *,1400,0,0,0
PROANMED,7705201030414,IRONFOL JBE X 240 ML,0,0,"30,000",0
PROANMED,7705201030513,MONODOX SUSP X 20 ML,0,0,0,0
PROANMED,7705201030520,MONODOX X 2 TABLS,0,0,0,0
PROANMED,7705201030629,MUCOENEX ADUL X 120 ML,0,0,"19,500",0
PROANMED,7705201030735,NORFENAC 75 MG X 6 AMPS,0,0,0,0
PROANMED,7705201031121,ROBINEX 500 MG X 10 TABLS,0,0,0,0
PROANMED,7705201031022,SECNIMED 500 MG SUSP X 15 ML,0,0,0,0
PROANMED,7705201031015,SECNIMED 500 MG X 4 COMPS,0,0,0,0
PROCAPS CLIN,7703153024765,",7CLENOX 40 MG * 1 AMP",0,0,"17,000",0
PROCAPS DIAB,7703153035235,ATOVAROL CBG 20MG *60 CAP,0,0,"207,400",0
PROCAPS DIAB,7703153019150,ATOVAROL CBG 40 MG X 10 CAPS,0,0,"91,300",0
PROCAPS OTC,7703153020248,*ZOLPIDEM 10 MG X 10 TABLS,0,0,0,0
PROCAPS OTC,7703153011154,ACAR KLEAN SPRAY * 400 ML,0,0,"40,600",0
PROCAPS OTC,7703153023928,ACETAMINOFEN CODEINA 500/30 MG X,100,0,"10,000",0
PROCAPS OTC,7703153024925,BONFIBRA CIRUELA X 14 UNDS,0,0,"8,000",0
PROCAPS OTC,7703153001377,DOLOFEN 500 MG * 60 CAP,0,0,"57,000",0
PROCAPS OTC,7703153000233,DOLOFEN JBE * 60 ML,0,0,"11,600",0
PROCAPS OTC,7707069710101,EYEZUL GOTAS * 7 ML,0,0,"14,900",0
PROCAPS OTC,7703153014490,GUMIVIT C * 12 S/S,0,0,"19,900",0
PROCAPS OTC,7703153022990,GUMIVIT C * 12 S/S,0,0,"19,900",0
PROCAPS OTC,7703153019372,",7GUMIVIT C * 12 S/S GTS 6 S/S",0,0,"19,900",0
PROCAPS OTC,7703153014520,GUMIVIT C * 6 S/S,0,0,"10,400",0
PROCAPS OTC,7703153031350,GUMIVIT C KUNG FU PANDA * 12 S/S,0,0,"9,000",0
PROCAPS OTC,7703153008147,LAGRIFRESH OFTALMICO * 15 ML,0,0,"20,500",0
PROCAPS OTC,7703153032883,LAGRIGEN LAGRIMAS ARTIFICIALES *,100,0,"27,800",0
PROCAPS OTC,7703153015626,LEMOVIT C * 30 CAP,0,0,"38,300",0
PROCAPS OTC,7703153015718,LEVOTREX 5 MG *20 ML,0,0,"67,400",0
PROCAPS OTC,7703153014711,MELOXICAM 15 MG X 3 AMPS,0,0,0,0
PROCAPS OTC,7703153039622,MULTIVIT NF * 30 CAP,0,0,"33,500",0
PROCAPS OTC,7703153032012,NOVAMIL PREMIUM 2 6-12 MESES * 400,0,0,"42,000",0
PROCAPS OTC,7703153015800,PROLANZ 5MG *14 TAB,0,0,"167,000",0
PROCAPS OTC,7703153021948,TIMANTIL 10MG *20 CAP,0,0,"43,500",0
PROCAPS OTC,7703153019488,VERTIGEN 16 MG X 21 TAB,0,0,"101,700",0
PROCAPS OTC,7703153035112,VITAMINA C 500 MG * 60 CAP,0,0,"38,000",0
PROCAPS OTC,7703153009557,VITAMINA E 400 * 50 CAP 12X1,0,0,"54,500",0
PROCAPS OTC,7703153000776,VITAMINA E 400 X 50 CAPS,0,0,"24,000",0
PROCAPS OTX,7703153022037,ALAP 0.2% GOTAS OFTALMICAS * 3 ML,0,0,"122,300",0
PROCAPS OTX,7703153035563,ALAP 0.2% GOTAS OFTALMICAS *6 ML,0,0,"129,500",0
PROCAPS OTX,7703153033354,ALBISEC CD * 12 UND,0,0,"92,300",0
PROCAPS OTX,7703153028695,ALBISEC ONE * 6 TAB,0,0,"107,400",0
PROCAPS OTX,7703153033453,ALERCET D * 10 CAP,0,0,"97,900",0
PROCAPS OTX,7703153033460,ALERCET D * 60 ML,0,0,"92,600",0
PROCAPS OTX,7703153031305,ALERCET GOTAS * 15 ML,0,0,"84,100",0
PROCAPS OTX,7703153031312,ALERCET JBE * 60 ML,0,0,"74,700",0
PROCAPS OTX,7703153000059,B-VIT * 50 CAP,0,0,"75,200",0
PROCAPS OTX,7703153011390,B-VIT PLUS * 6 AMP,0,0,"99,800",0
PROCAPS OTX,7703153018156,BETADUO 2 ML * 2 AMP,0,0,"78,000",0
PROCAPS OTX,7703153037871,BIOFLOR * 10 S/S,0,0,"86,500",0
PROCAPS OTX,7703153036614,BLEFADEX SOLUCION + 100 GASAS * 80,0,0,"124,200",0
PROCAPS OTX,7703153020101,CLOPERAX SUSP * 120 ML,0,0,"66,900",0
PROCAPS OTX,7703153045678,ESTAVIT DHA * 30 CAP,0,0,"109,000",0
PROCAPS OTX,7703153024550,FLEXURE MSM X 15 S/S FRESA,0,0,"169,700",0
PROCAPS OTX,7703153010645,GESTAVIT MATERNO * 30 CAP,0,0,"83,800",0
PROCAPS OTX,7703153040451,GUMMY D-FEROL FRASCO *60,0,0,"37,000",0
PROCAPS OTX,7703153040444,GUMMY FORTZINK FRASCO 60 GOMAS,0,0,"40,300",0
PROCAPS OTX,7703153039424,KIMOD 3 MG *7 CAP,0,0,"29,300",0
PROCAPS OTX,7703153011901,MUVETT * 2 AMP,0,0,"87,600",0
PROCAPS OTX,7703153006396,MUVETT 200 MG * 21 CAP,0,0,"107,400",0
PROCAPS OTX,7703153035037,MUVETT S 200/120 MG * 60 TAB,0,0,"205,800",0
PROCAPS OTX,7703153017262,MUVETT SUSP * 120 ML,0,0,"107,800",0
PROCAPS OTX,7703153012410,NYTAX 500 MG * 6 CAP,0,0,"93,800",0
PROCAPS OTX,7703153017699,NYTAX SUSP * 30 ML,0,0,"69,200",0
PROCAPS OTX,7703153012434,NYTAX SUSP * 60 ML,0,0,"98,900",0
PROCAPS OTX,7703153000516,PEDIAVIT GOTAS * 10 ML,0,0,"30,200",0
PROCAPS OTX,7703153015022,PEDIAVIT JALEA * 120 ML,0,0,"50,000",0
PROCAPS OTX,7703153012083,PEDIAVIT ZINC GOTAS * 10 ML,0,0,"29,300",0
PROCAPS OTX,7703153031299,PLENIV  * 30 CAP,0,0,"53,500",0
PROCAPS OTX,7703153030612,PLENIV * 60 CAP,0,0,"104,000",0
PROCAPS OTX,7703153020446,PROLANZ FAST 10 MG * 7 TAB,0,0,"32,000",0
PROCAPS OTX,7703153032746,TEARSOFT OFTALMICA PAGUE 1 LLEVE 2,0,0,"68,600",0
PROCAPS OTX,7703153024321,VAXIDUO * 5 OVULOS,0,0,"110,800",0
PROCAPS OTX,7703153024307,VAXIDUO * 7 OVULOS,0,0,"152,000",0
PROCAPS OTX,7703153023836,VIGIA 100 MG * 3 CAP,0,0,"43,900",0
PROCAPS OTX,7703153019310,VIGIA 200 MG * 14 CAP,0,0,"199,100",0
PROCAPS OTX,7703153023843,VIGIA 200 MG * 3 CAP,0,0,"45,900",0
PROCAPS OTX,7703153030582,VISOMEGA * 60 CAP,0,0,"168,600",0
PROCAPS OTX,7703153033323,VISOMEGA * 60 CAP PAGUE 1 LLEVE,20,0,"189,200",0
PROCAPS OTX,7703153030797,VITYBELL * 30 CAP,0,0,"129,800",0
PROCAPS RX,7703153028053,ADELLA * 21 TAB,0,0,"28,200",0
PROCAPS RX,7703153028060,ADELLA MINI * 28 TAB,0,0,"26,700",0
PROCAPS RX,7703153019587,ALACTIN 0.5 MG * 4 TAB,0,0,"42,100",0
PROCAPS RX,7703153019594,ALACTIN 0.5 MG FRASCO * 8 TAB,0,0,"81,500",0
PROCAPS RX,7703153022686,BONESE 150 MG * 1 CAP,0,0,"294,500",0
PROCAPS RX,7703153024482,BRONER 10 GR *100 DOSIS,0,0,"57,400",0
PROCAPS RX,7703153019471,CROMUS 0.03 % UNGUENTO * 15 GR,0,0,"73,800",0
PROCAPS RX,7703153018481,CROMUS 0.03 % UNGUENTO * 30 GR,0,0,"147,000",0
PROCAPS RX,7703153018504,CROMUS 0.1 % UNGUENTO * 30 GR,0,0,"245,800",0
PROCAPS RX,7703153018498,CROMUS 0.1% UNGUENTO * 15 GR,0,0,"139,700",0
PROCAPS RX,5060189411160,DERMATONICS ONCE HEEL BALM * 75 ML,0,0,"70,500",0
PROCAPS RX,7703153012021,DORZOPT GOTAS * 6 ML,0,0,"97,400",0
PROCAPS RX,7703153039714,EPAPURE 1 GR * 60 CAP,0,0,"208,000",0
PROCAPS RX,7703153022754,EPAX EC * 30 CAP,0,0,"107,600",0
PROCAPS RX,7703153022747,EPAX EC * 50 CAP,0,0,"131,700",0
PROCAPS RX,7703153012915,FLEXURE X 30 S/S NARANJA,0,0,"214,500",0
PROCAPS RX,7703153017330,FOLISTER HAIR LOTION * 60 ML,0,0,"136,500",0
PROCAPS RX,7703153027841,GOUTEX 80MG * 30 CAP,0,0,"132,200",0
PROCAPS RX,7703153021184,IFAXIM 200 MG * 14 CAP,0,0,"85,400",0
PROCAPS RX,7703153033149,IFAXIM 550MG * 7 CAP,0,0,"77,500",0
PROCAPS RX,7703153021177,IFAXIM SUSP *60 ML,0,0,"68,900",0
PROCAPS RX,7703153019273,INFLAXEN 20 MG * 30 CAP,0,0,"227,000",0
PROCAPS RX,7703153025571,ISBELA *21 TAB,0,0,"10,600",0
PROCAPS RX,7703153016234,ISOFACE 20 MG * 30 CAP,0,0,"209,400",0
PROCAPS RX,7703153028152,JARIT 25MG *30 CAP,0,0,"62,500",0
PROCAPS RX,7703153014513,LEVOTREX 5 MG * 10 CAP,0,0,"106,600",0
PROCAPS RX,7703153022419,LEVOTREX JBE * 120 ML,0,0,"99,000",0
PROCAPS RX,7703153026493,MARCELLE *28 TAB,0,0,"48,600",0
PROCAPS RX,7703153042172,MENTSII * 30 CAP,0,0,"106,600",0
PROCAPS RX,7703153042653,PREVENTIA PRO VAINILLA BOLSA * 732,0,0,"213,800",0
PROCAPS RX,7703153042264,PRODUO * 32 CAP,0,0,"225,400",0
PROCAPS RX,7703153043308,ROVARIL 10 MG * 30 CAP,0,0,"150,000",0
PROCAPS RX,7703153008161,TOBRACORT GOTAS OFTALMICAS * 6 ML,0,0,"92,200",0
PROCAPS RX,7703153022617,VARTERAL 160/10 MG *14 CAP,0,0,"26,600",0
PROCAPS RX,7703153022624,VARTERAL 160/5 MG *14 CAP,0,0,"26,900",0
PROCAPS RX,7703153022631,VARTERAL 80/10 MG *14 CAP,0,0,"13,400",0
PROCAPS RX,7703153033767,VARTERAL 80/5 MG * 28 CAP,0,0,"27,500",0
PROCAPS RX,7703153022532,VARTERAL 80/5 MG *14 CAP,0,0,"13,300",0
PROCAPS RX,7703153033774,VARTERAL NF 80/10 MG * 28 CAP,0,0,"36,000",0
PROCAPS RX,7703158025595,VERONIQ * 21 TAB,0,0,"30,200",0
PROCAPS RX,7703153023942,XALAR 10MG *90 CAP,0,0,"218,700",0
PROCAPS RX,7703153023966,XALAR 4MG *90 TAB,0,0,"81,600",0
PROCAPS RX,7703153023959,XALAR 5MG *90 TAB,0,0,"102,900",0
PROCAPS RX,7703153025618,YAEL * 21 TAB,0,0,"17,900",0
PROCLIN ,8901108971426,AGUA ESTERIL PARA INYECCION CJA *,50,0,"28,600",0
PROCLIN ,8904240100198,CLORURO DE SODIO 0.9% FCO * 100 ML,0,0,"2,500",0
PROCLIN ,7707342950309,ETILEFRINA CLORHIDRATO 10MG/ML * 5,0,0,"38,000",0
PROCLIN ,8901108987427,METOCLOPRAMIDA (MECLONIR) 10 MG/ 2,0,0,"7,900",0
PROCTER & GA,7702418000018,ANEMIDOX * 20 CAP,0,0,"70,000",0
PROCTER & GA,7702418006430,ANEMIDOX * 30 CAP,0,0,"126,500",0
PROCTER & GA,7702418002708,ANEMIDOX GOTAS PED * 30 ML,0,0,"97,500",0
PROCTER & GA,7702418002715,ANEMIDOX JBE * 120 ML,0,0,"103,600",0
PROCTER & GA,4054839084621,BION3 * 60 TAB,0,0,"80,600",0
PROCTER & GA,7891721028694,BION3 CJA *30 TAB,0,0,"36,500",0
PROCTER & GA,7702418005259,CEBION MAST MANDARINA *100 TAB +30,0,0,"60,500",0
PROCTER & GA,7702418000117,CEBION MAST TROPICAL *100 TAB,0,0,"60,500",0
PROCTER & GA,7501298222462,DIABION *30 CAP,0,0,"69,500",0
PROCTER & GA,7501298221199,DIABION CREMA HIDRATA ANTIOXIDANTE,0,0,"45,500",0
PROCTER & GA,7501298217369,DIABION CREMA X 200 ML,0,0,"58,200",0
PROCTER & GA,7702418002937,DIABION X 30 CAPS,0,0,"69,500",0
PROCTER & GA,7506339350890,METAMUCIL * 10 S/S,0,0,"43,900",0
PROCTER & GA,7702418006478,NASIVIN AQUA SPRAY NASAL *30ML,0,0,"40,100",0
PROCTER & GA,7702418006492,NASIVIN INFANTIL SOL NASAL *15 ML,0,0,"24,900",0
PROCTER & GA,7702418000414,NENE DENT GOTAS * 10 ML,0,0,"27,800",0
PROCTER & GA,7501298217536,NEUROBION * 3 AMP,0,0,"47,900",0
PROCTER & GA,7501298220178,NEUROBION DC *1 AMP,0,0,"44,500",0
PROCTER & GA,7702418002920,RHINOFRENOL BABY X 15 ML,0,0,"13,700",0
PROCTER & GA,7702418003583,RHINOSALINE SPRAY NASAL X 30  ML,0,0,"25,500",0
PROCTER & GA,7500435181068,VICK VAPORUB * 100 GR,0,0,"35,700",0
PROCTER & GA,4054839015915,VIVERA * 8 S/S,0,0,"88,200",0
PROCTER & GA,7506309845777,ARIEL LIQUIDO POWER PODS 3EN1 * 14,0,0,"11,800",0
PROCTER & GA,7702018283262,CARTUCHOS FUSION PROGLIDE  X 2,0,0,"45,700",0
PROCTER & GA,7506195129166,",7CEPILLO ORAL B ADVANTAGE 3 EN 1 40",0,0,"32,900",0
PROCTER & GA,7501864,CEPILLO PRO 900 2X1,0,0,"15,800",0
PROCTER & GA,7500435134415,CEPILLO PRO UNIDAD,0,0,"3,000",0
PROCTER & GA,7500435177023,CREMA DENTAL ORAL B 3D WHITE 67 ML,0,0,"24,900",0
PROCTER & GA,7500435127363,CREMA DENTAL ORAL B KIDS MICKEY *,50,0,"7,200",0
PROCTER & GA,047400156876,FUSION GILLETE RESPUESTO X,40,0,0,0
PROCTER & GA,7506195125137,GILLETE DESO COOL WAVE GTS MAQUINA,0,0,"8,283",0
PROCTER & GA,7506195125069,GILLETE MACH3 GTS MULTIHERRAMIENTA,0,0,"10,100",0
PROCTER & GA,7506195184431,GILLETE PRESTOBARBA BODY SENSE X 4,0,0,0,0
PROCTER & GA,7500435113472,GILLETTE CLEAR GEL ANTIBACTERIAL *,0,0,"28,900",0
PROCTER & GA,7500435128315,GILLETTE CLEAR GEL ANTIBACTERIAL,110,0,"46,000",0
PROCTER & GA,047400097872,GILLETTE CLEAR GEL POWER RUSH *,1130,0,"29,900",0
PROCTER & GA,7500435011150,GILLETTE CLINICAL PRESSURE DEFENSE,0,0,"18,500",0
PROCTER & GA,7702018023752,GILLETTE COOL WAVE SPRAY FCO * 150,0,0,"10,000",0
PROCTER & GA,7500435132022,GILLETTE DESO ENDURANCE ROLLON X,570,0,"18,000",0
PROCTER & GA,7506309864891,GILLETTE DESO SPRAY POWER RUSH *,930,0,"18,000",0
PROCTER & GA,7506309824260,GILLETTE DESO SPRAY SENSITIVE *,1500,0,"15,300",0
PROCTER & GA,7500435182553,GILLETTE DESODORANTE INVISIBLE GEL,0,0,"55,500",0
PROCTER & GA,3014260273880,GILLETTE ESPUMA FOAMY PROTECCION X,0,0,0,0
PROCTER & GA,7500435116763,GILLETTE GEL COOL WAVE CLEAR 2 UND,0,0,"38,400",0
PROCTER & GA,047400130715,GILLETTE GEL DE AFEITAR HIDRATANTE,0,0,"36,500",0
PROCTER & GA,3014260274399,GILLETTE GEL DE AFEITAR P/SENSIBLE,0,0,"13,900",0
PROCTER & GA,7702018013463,GILLETTE GEL EXFOLIANTE SCRUD ALOE,0,0,"12,400",0
PROCTER & GA,7702018913640,GILLETTE GEL POWER BEADS COOL WAVE,0,0,"29,000",0
PROCTER & GA,047400187900,GILLETTE LOCION AFTER SHAVE A I X,10,0,"31,600",0
PROCTER & GA,7702018013494,GILLETTE LOCION HIDRATANTE ALOE X,70,0,"15,500",0
PROCTER & GA,7500435211390,GILLETTE MACH 3 CARBONO REPUESTO *,0,0,"35,200",0
PROCTER & GA,7702018084821,GILLETTE MACH 3 REPUESTO * 1 UNDAD,0,0,"6,500",0
PROCTER & GA,7702018037896,GILLETTE MACH 3 REPUESTO SENSITIVE,0,0,"60,000",0
PROCTER & GA,7500435219327,GILLETTE MACH3 CARBON REPUESTO * 4,0,0,"58,000",0
PROCTER & GA,7702018363322,GILLETTE MAQUINA DE AFEITAR MACH 3,0,0,"35,000",0
PROCTER & GA,7500435116862,GILLETTE PRESTOBARBA 3 SENSITIVE *,0,0,"23,900",0
PROCTER & GA,7506195153774,",7GILLETTE PRESTOBARBA BODY SENSE X",20,0,0,0
PROCTER & GA,7500435011303,GILLETTE PRESTOBARBA ULTRAGRIP 3 *,0,0,"4,300",0
PROCTER & GA,7500435011297,GILLETTE PRESTOBARBA ULTRAGRIP 3 *,0,0,"9,200",0
PROCTER & GA,7500435141512,GILLETTE RECARGABLE MACH3 AQUAGRIP,0,0,"24,300",0
PROCTER & GA,7506309890661,GILLETTE ROLLON POWER RUSH X 60 GR,0,0,0,0
PROCTER & GA,7702018980819,GILLETTE SERIES GEL SENSITIVE *,2000,0,"25,000",0
PROCTER & GA,7506195184615,GILLETTE SPRAY ANTI COOL WAVE X,1500,0,"13,400",0
PROCTER & GA,7506295342434,GILLETTE SPRAY ANTI SPORT X 150 ML,0,0,0,0
PROCTER & GA,7506195128985,GILLETTE SPRAY BODY COOL WAVE X,1500,0,"11,700",0
PROCTER & GA,7506195128992,GILLETTE SPRAY BODY SOFT COMFORT X,0,0,"11,100",0
PROCTER & GA,7506339315479,GILLETTE VENUS SKIN COMFORT BREEZE,0,0,"39,700",0
PROCTER & GA,7506339315899,GILLETTE VENUS SKIN COMFORT BREEZE,0,0,"39,600",0
PROCTER & GA,7506339346091,H & S ACOND ALIVIO INSTANTANEO *,400,0,"17,500",0
PROCTER & GA,7506195143360,H & S ACOND LIMPIEZA RENOVADORA X,40,0,"18,800",0
PROCTER & GA,7506195120330,H & S ACOND MANZANA FRESH FCO *,2000,0,"11,400",0
PROCTER & GA,7506195143346,H & S ACOND RELAX CON EUCALIPTO X,20,0,0,0
PROCTER & GA,7500435159241,H & S SHAMPO CRECE FUERTE DESDE LA,0,0,"15,900",0
PROCTER & GA,7500435019958,H & S SHAMPO LIMPIEZA RENOVADORA *,0,0,"15,900",0
PROCTER & GA,7501001170530,H & S SHAMPOO  2E1 SUAVA Y MANEJAB,0,0,0,0
PROCTER & GA,7500435121057,H & S SHAMPOO 2EN1 SUAVE MANEJABLE,0,0,"24,400",0
PROCTER & GA,7506295355076,H & S SHAMPOO 3 EN 1 X 400 ML,0,0,"18,500",0
PROCTER & GA,7501001133634,H & S SHAMPOO ACCION HUMECTANTE X,20,0,"12,100",0
PROCTER & GA,7501001133306,H & S SHAMPOO ACCION HUMECTANTE X,30,0,"28,000",0
PROCTER & GA,7506339346022,H & S SHAMPOO ALIVIO INSTANTANEO *,0,0,"12,500",0
PROCTER & GA,7506339346039,H & S SHAMPOO ALIVIO INSTANTANEO *,0,0,"19,400",0
PROCTER & GA,7500435247771,H & S SHAMPOO ANTI-COMEZON  375 ML,0,0,"33,700",0
PROCTER & GA,7506195120057,H & S SHAMPOO APPLE FRESH X 200 ML,0,0,"11,400",0
PROCTER & GA,7506295385080,H & S SHAMPOO APPLE FRESH X 400 ML,0,0,0,0
PROCTER & GA,7500435106115,H & S SHAMPOO CLINICAL SOLUTIONS *,0,0,"25,100",0
PROCTER & GA,7500435020664,H & S SHAMPOO CONTROL COMEZON *,1800,0,"12,000",0
PROCTER & GA,7500435020671,H & S SHAMPOO CONTROL COMEZON *375,0,0,"22,000",0
PROCTER & GA,7501006707687,H & S SHAMPOO FOR MEN X 200 ML,0,0,"12,900",0
PROCTER & GA,7501006707694,H & S SHAMPOO FOR MEN X 400 ML,0,0,"22,600",0
PROCTER & GA,7506195131282,H & S SHAMPOO LIMPIEZA/RENOVADOX,200,0,"13,900",0
PROCTER & GA,7500435016865,H & S SHAMPOO NUTRICION PROFUNDA X,0,0,"16,700",0
PROCTER & GA,7506295385097,H & S SHAMPOO PREVENCION CAIDA X,400,0,0,0
PROCTER & GA,7506295385103,H & S SHAMPOO PROTECCION CAIDA  X,40,0,0,0
PROCTER & GA,7506195131305,H & S SHAMPOO PROTECCION CAIDA X,200,0,"11,800",0
PROCTER & GA,7501001244255,H & S SHAMPOO PROTECCION CAIDA X,200,0,"12,200",0
PROCTER & GA,7501001244262,H & S SHAMPOO PROTECCION CAIDA X,400,0,"18,100",0
PROCTER & GA,7501007460352,H & S SHAMPOO PUREZA Y BRILLO *,2000,0,"10,600",0
PROCTER & GA,7501007460369,H & S SHAMPOO PUREZA Y BRILLO *,4000,0,"17,300",0
PROCTER & GA,7500435138000,H & S SHAMPOO PURIFICACION CAPILAR,0,0,"28,000",0
PROCTER & GA,7500435149082,HERBAL ESSENCES MASCARILLA CAPITAL,0,0,"32,200",0
PROCTER & GA,190679000026,HERBAL ESSENCES TORONJA SHAMPOO  *,0,0,"34,800",0
PROCTER & GA,328785401004,INHALADOR DE VAPOR,0,0,"85,000",0
PROCTER & GA,7500435235075,KIT ORAL B CEPILLO CARBONO + CREMA,0,0,"30,900",0
PROCTER & GA,7500435156011,KIT ORTODONCIA ORAL B EXPERT,0,0,"19,900",0
PROCTER & GA,7702018325597,",7MACH 3 REP F14 X 2",0,0,0,0
PROCTER & GA,7702018283170,MAQ FUSION PROGLIDE,0,0,"49,100",0
PROCTER & GA,7702018283279,MAQ FUSION PROGLIDE POWER REP X 2,0,0,0,0
PROCTER & GA,7501009225003,MAQ PRESTOBARBA EXCEL X 2 UND,0,0,0,0
PROCTER & GA,7702018326709,MAQ VENUS EMBRACE,0,0,0,0
PROCTER & GA,7702018314850,MAQ VENUS OCEANA MALIBU X,20,0,"18,600",0
PROCTER & GA,7702018072361,MAQ VENUS OCEANA X 2,0,0,"22,200",0
PROCTER & GA,7702018072477,MAQ VENUS REP X 2,0,0,"29,000",0
PROCTER & GA,7500435202855,OLD SPICE ANTITRANSPIRANTE EXTREME,0,0,"21,700",0
PROCTER & GA,7500435156882,OLD SPICE ANTITRANSPIRANTE SECO *,10,0,"23,400",0
PROCTER & GA,7702018992164,OLD SPICE BODY SPRAY AFTER PARTY *,0,0,"15,400",0
PROCTER & GA,7702018992195,OLD SPICE BODY SPRAY PURE SPORT *,10,0,"16,700",0
PROCTER & GA,7506309899053,OLD SPICE CREMA OLOR BLOCKER BARRA,0,0,"16,400",0
PROCTER & GA,17500435029107,OLD SPICE DESO SPRAY SECO SECO *,150,0,0,0
PROCTER & GA,7500435018487,OLD SPICE OLOR BLOCKER SPRAY * 150,0,0,"27,400",0
PROCTER & GA,7506295399544,ORAL B BANDAS 3D WHITE STRIPS X 14,0,0,"80,100",0
PROCTER & GA,7501086494675,ORAL B CEPILLO 40 CROS ACTION,0,0,0,0
PROCTER & GA,3014260014445,ORAL B CEPILLO 5 ACCIONES LIMPIEZA,0,0,"14,000",0
PROCTER & GA,7506195131398,ORAL B CEPILLO ADVANTAGE 3 EN 1 40,0,0,0,0
PROCTER & GA,3014260802189,ORAL B CEPILLO COMPLETE 40 MEDIANO,0,0,"8,000",0
PROCTER & GA,7506195138397,ORAL B CEPILLO COMPLETE GTIS CREMA,0,0,"5,500",0
PROCTER & GA,7506295387503,ORAL B CEPILLO INDICATOR PLUS GTIS,0,0,"7,000",0
PROCTER & GA,3014260019723,ORAL B CEPILLO KIDS MICKEY 3 AÃ‘OS,0,0,"6,000",0
PROCTER & GA,7500435133777,ORAL B CEPILLO MULTIPLEACCIÃ“N * 4,0,0,"33,900",0
PROCTER & GA,7891051030480,ORAL B CEPILLO ORTHO,0,0,0,0
PROCTER & GA,3014260278922,ORAL B CEPILLO STAGES E.4,0,0,"11,750",0
PROCTER & GA,7506339390964,ORAL B CREMA DENTAL 3D WHITE X 100,0,0,"15,300",0
PROCTER & GA,7506195169384,ORAL B CREMA DENTAL PRO-SALUD X,1500,0,0,0
PROCTER & GA,7506195132074,ORAL B CREMA DENTAL PRO-SALUD X 75,0,0,0,0
PROCTER & GA,7891051037878,ORAL B ENJUAGUE BUCAL 4 EN 1 MENTA,0,0,"10,900",0
PROCTER & GA,7506195132869,ORAL B ENJUAGUE BUCAL PRO-SALUD X,50,0,0,0
PROCTER & GA,7501086453023,ORAL B ENJUAGUE BUCAL S/A * 350 ML,0,0,"12,500",0
PROCTER & GA,7800005081225,ORAL B SEDA DENTAL CERA MENTA * 25,0,0,"9,300",0
PROCTER & GA,037000862130,PAMPERS BABY DRY ULTRA TALLA 6 *,210,0,"68,100",0
PROCTER & GA,7501007457819,PANTENE ACOND BRILLO EXTREMO X 200,0,0,0,0
PROCTER & GA,7501007457826,PANTENE ACOND BRILLO EXTREMO X 400,0,0,"16,200",0
PROCTER & GA,7506309840567,PANTENE ACOND HIDROCAUTERIZACION X,0,0,"9,900",0
PROCTER & GA,7506195126530,PANTENE ACOND REPARACION NUTRITIVA,0,0,0,0
PROCTER & GA,7501006721317,PANTENE ACOND RESTAURACION *400 ML,0,0,"27,500",0
PROCTER & GA,7501001165321,PANTENE ACOND RIZOS DEFINIDOS *400,0,0,"26,500",0
PROCTER & GA,7500435155939,PANTENE ACONDICIONADOR BAMBU * 200,0,0,"16,500",0
PROCTER & GA,7500435155922,PANTENE ACONDICIONADOR BAMBU * 400,0,0,"25,700",0
PROCTER & GA,7500435121125,PANTENE C/PEINAR RIZOS DEFINIDOS *,0,0,"19,500",0
PROCTER & GA,7500435155915,PANTENE CREMA PARA PEINA BBAMBU X,30,0,"16,200",0
PROCTER & GA,7501001303549,PANTENE CREMA PEINAR CONTROL CAIDA,0,0,"12,100",0
PROCTER & GA,7501001319922,PANTENE CREMA PEINAR FRIZZ CONTROL,0,0,"11,300",0
PROCTER & GA,7501001170073,PANTENE CREMA PEINAR LISO EXT REMO,0,0,"12,100",0
PROCTER & GA,7506195126547,PANTENE FUSION NATURALEZA CREMA *,10,0,"6,500",0
PROCTER & GA,7501001165277,PANTENE LISO SEDOSO 2 EN 1 FCO *,400,0,"16,900",0
PROCTER & GA,7501007466361,PANTENE LOCION BRILLO EXTREMO X,1500,0,0,0
PROCTER & GA,7500435155908,PANTENE MASCARILLA INTENSIVA PRO-V,0,0,0,0
PROCTER & GA,7500435012430,PANTENE MASCARILLA INTENSIVA PRO-V,0,0,"19,900",0
PROCTER & GA,7500435155892,PANTENE PRO-V MIRACLES BAMBU NUTRE,0,0,"2,000",0
PROCTER & GA,7500435131094,PANTENE RESTAURACION SHAMPOO * 400,0,0,"39,900",0
PROCTER & GA,7501001169107,PANTENE RIZOS DEFINIDOS ACOND X,2000,0,"10,500",0
PROCTER & GA,7501001168995,PANTENE SHAMPOO 2 EN 1 CLASICO X,400,0,"16,200",0
PROCTER & GA,7506295326410,PANTENE SHAMPOO 2 EN 1 LISO SEDOSO,0,0,"13,900",0
PROCTER & GA,7501007457789,PANTENE SHAMPOO BRILLO EXTREMO X,200,0,"10,600",0
PROCTER & GA,7501001303464,PANTENE SHAMPOO CONTROL CAIDA  X,400,0,"16,200",0
PROCTER & GA,7506295385189,",7PANTENE SHAMPOO CONTROL CAIDA X",4000,0,0,0
PROCTER & GA,7501001303396,PANTENE SHAMPOO CONTROL CAIDA X200,0,0,"11,300",0
PROCTER & GA,7590002012932,PANTENE SHAMPOO CUID CLASIC X,4000,0,0,0
PROCTER & GA,7501001319847,PANTENE SHAMPOO FRIZZ CONTROL *,4000,0,"16,200",0
PROCTER & GA,7506195126295,PANTENE SHAMPOO HIDRAT. BALANCEADA,0,0,"13,900",0
PROCTER & GA,7506295385196,PANTENE SHAMPOO HIDRATA BALAN X,4000,0,0,0
PROCTER & GA,7506309840000,PANTENE SHAMPOO HIDROCAUTERIZACION,0,0,"11,400",0
PROCTER & GA,7506309840581,PANTENE SHAMPOO HIDROCAUTERIZACION,0,0,0,0
PROCTER & GA,7501001164669,PANTENE SHAMPOO LISO EXTREMO X 200,0,0,"11,200",0
PROCTER & GA,7506309888354,PANTENE SHAMPOO LISO EXTREMO X 200,0,0,0,0
PROCTER & GA,7506309889559,PANTENE SHAMPOO LISO EXTREMO X 400,0,0,0,0
PROCTER & GA,7501001169039,PANTENE SHAMPOO LISO-SEDOSO X  200,0,0,"10,200",0
PROCTER & GA,7501001165314,PANTENE SHAMPOO LISO-SEDOSO X  400,0,0,"20,500",0
PROCTER & GA,7500435128612,PANTENE SHAMPOO MICELAR PURIFICA E,0,0,"26,500",0
PROCTER & GA,7500435128599,PANTENE SHAMPOO MICELAR PURIFICA E,0,0,"14,500",0
PROCTER & GA,7501065920515,PANTENE SHAMPOO RENOVACION PROF.,200,0,"10,600",0
PROCTER & GA,7501006721119,PANTENE SHAMPOO RESTAURACION * 200,0,0,"18,300",0
PROCTER & GA,7501006721133,PANTENE SHAMPOO RESTAURACION * 400,0,0,"28,500",0
PROCTER & GA,7506309888347,PANTENE SHAMPOO RESTAURACION X 200,0,0,0,0
PROCTER & GA,7506295385202,PANTENE SHAMPOO RESTAURACION X 400,0,0,0,0
PROCTER & GA,7500435022859,PANTENE SHAMPOO RIZOS DEFINIDOS *,30,0,"13,000",0
PROCTER & GA,7501001164645,PANTENE SHAMPOO RIZOS DEFINIDOS *,40,0,"26,500",0
PROCTER & GA,7501001169091,PANTENE SHAMPOO RIZOS DEFINIDOSX,200,0,"11,400",0
PROCTER & GA,7501006740219,PANTENE TRATAMIENTO RESTAURACION *,0,0,"27,800",0
PROCTER & GA,7506339398014,PANTENE TRATAMIENTO SUMMER EDITION,0,0,"15,400",0
PROCTER & GA,7506295327264,PANTENE TRATAMIENTO TERMO PROT X,150,0,0,0
PROCTER & GA,7702094110209,PILAS AAA * 2 UND,0,0,"8,000",0
PROCTER & GA,7501006714128,PRESTOBARBA ULTRAGRIP MEGA PACK X,10,0,0,0
PROCTER & GA,7501009222736,PRESTOBARBA ULTRAGRIP X 12 UNDS,0,0,"28,700",0
PROCTER & GA,7506295387541,PRO CEPILLO 425 MEDIO GTS CREMA X,70,0,0,0
PROCTER & GA,7702018965687,PRO CEPILLO 425 SUAVE 2 X,10,0,"9,200",0
PROCTER & GA,7501086454198,PRO CEPILLO 900 MEDIANO * 2 UND,0,0,"16,400",0
PROCTER & GA,3014260846725,PRO CEPILLO COMPACT ONDULADO X 1,0,0,"1,900",0
PROCTER & GA,7506295387527,PRO COMPACT CEPILLO + CREMA ORAL B,0,0,"3,000",0
PROCTER & GA,7702018980505,PRO CREMA DENTAL MICKEY MINNIE X,750,0,"7,900",0
PROCTER & GA,80374991,REPUESTO CEPILLO ORAL-B ELÃ©CTRICO,0,0,"54,500",0
PROCTER & GA,7506339394207,RINDEX 3EN1 FLORES PARA MIS AMORES,0,0,"12,800",0
PROCTER & GA,7506339394191,RINDEX 3EN1 FLORES PARA MIS AMORES,0,0,"6,000",0
PROCTER & GA,7506339394245,RINDEX 3EN1 MI MEDIO LIMON BOLSA *,0,0,"12,900",0
PROCTER & GA,7506339394238,RINDEX 3EN1 MI MEDIO LIMON BOLSA *,0,0,"6,000",0
PROCTER & GA,7506295380030,RINDEX BEBE X 450 GR,0,0,"3,600",0
PROCTER & GA,7500435020077,SHAMPOO H&S ALIVIO INSTANTANEO,0,0,"10,200",0
PROCTER & GA,7500435136945,SHAMPOO PANTENE MIRC HIDRATAC EXTR,0,0,"14,500",0
PROCTER & GA,328785200058,VAPOPADS * 12 UND,0,0,"98,000",0
PROCTER & GA,032809822644,VARTA PILAS AAA,0,0,"3,000",0
PROCTER & GA,7702018072392,VENUS MAQUINA DE AFEITAR SUAVE * 2,0,0,"21,200",0
PROCTER & GA,7702018072217,VENUS MAQUINA SENSITIVE CON ALOE *,0,0,"29,500",0
PROCTER & GA,7501001280031,VICK JBE MIEL *120 ML,0,0,"27,500",0
PRODS ROCHE,4015630063932,ACCU-CHEK ACTIVE GLUCOMETRO,0,0,"161,000",0
PRODS ROCHE,4987562425754,ACCU-CHEK ACTIVE GLUCOMETRO PRECIO,0,0,"83,000",0
PRODS ROCHE,7640128014942,ACTEMRA 80 MG /4 ML,0,0,"625,000",0
PRODS ROCHE,7896226501253,BACTRIM I.V. X 5 AMP,0,0,0,0
"PRODS ROCHE06491,",764012801,BONDRONAT 6 MG AMP,0,0,"800,000",0
PRODS ROCHE,7896226505350,BONVIVA 150 MG X 1 TABL,0,0,"199,000",0
PRODS ROCHE,7640128011224,BONVIVA AMP I.V SOL X 3 ML,0,0,0,0
PRODS ROCHE,7896226504438,DILATREND 25 MG X 28 TABLS,0,0,"35,900",0
PRODS ROCHE,7896226504421,DILATREND 6.25 MG X 28 TABLS,0,0,"10,900",0
PRODS ROCHE,7896226503974,DORMICUM 7.5 MG X 10 TABLS,0,0,0,0
PRODS ROCHE,4015630065929,GLUCOMETRO ACCU-CHEK ACTIVE GTS 50,0,0,"138,000",0
PRODS ROCHE,4015630057160,",4GLUCOMETRO ACCU-CHEK ACTIVE KIT",0,0,"79,600",0
PRODS ROCHE,4015630007509,GLUCOMETRO ACCU-CHEK PERFORMA NANO,0,0,0,0
PRODS ROCHE,7896226504063,INHIBACE 2.5 MG X 28 TABLS,0,0,0,0
PRODS ROCHE,10068031,INVIRASE 500 MG X 120 TABLS,0,0,0,0
PRODS ROCHE,4015630006779,LANCETAS ACCU-CHEK SOFTCLIX X 200,0,0,0,0
PRODS ROCHE,7702092002742,LANITOP GOTAS X 10 ML,0,0,"74,300",0
PRODS ROCHE,7702092002735,LANITOP X 20 TABLS,0,0,"28,500",0
PRODS ROCHE,7702092731246,LANITOP X 5 AMPS,0,0,"52,500",0
PRODS ROCHE,7896226504865,LEXOTAN 3 MG X 30 TABLS,0,0,"67,800",0
PRODS ROCHE,7896226503929,LEXOTAN 6 MG X 10 TABLS,0,0,"74,800",0
PRODS ROCHE,7642205738338,NEULASTIM AMP,0,0,0,0
PRODS ROCHE,7640128010685,PULMOZYME 2.5 MG X 6 AMPS,0,0,"529,600",0
PRODS ROCHE,7640149614411,RECORMON 30.000 U.I AMP,0,0,"341,000",0
PRODS ROCHE*,7640128010791,ROACCUTAN 10 MG X 30 CAPS,0,0,"107,300",0
PRODS ROCHE,7640128010814,ROACCUTAN 20 MG X 30 CAPS,0,0,"191,000",0
PRODS ROCHE,7640149614442,ROACCUTAN 20 MG X 30 CAPS,0,0,"172,500",0
PRODS ROCHE,7702092506714,ROCEPHIN 500 MG I.M. AMP,0,0,0,0
PRODS ROCHE,7792371382863,TAMIFLU 75 MG *10 CAP,0,0,"221,700",0
PRODS ROCHE,7792371992321,TIBERAL 1 GM X 5 AMPS,0,0,0,0
PRODS ROCHE,7642216526481,TIBERAL 500 MG X 10 COMPS,0,0,0,0
PRODS ROCHE,7642213937150,VIRACEPT 250 MG X 270 TABLS,0,0,0,0
PRODS ROCHE,7640128011095,XELODA 500 MG X 120 COMP,0,0,"750,000",0
PRODS ROCHE,7640128011118,",7XENICAL 120 MG X 21 CAPS",0,0,0,0
PRODS ROCHE,7640128011149,",7XENICAL 120 MG X 42 CAPS",0,0,"214,000",0
PRODS ROCHE,7640128011163,XENICAL 120 MG X 84 CAPS,0,0,"329,450",0
PRODUCTOS AD,7709990982534,ACEITE  DE ALMENDRAS * 120 ML,0,0,"7,700",0
PRODUCTOS AD,7709990982596,ALCANFOR * 32 UND,0,0,"35,200",0
PRODUCTOS AD,7708448461799,AZUFRE SOBRE * 20 GR,0,0,500,0
PRODUCTOS AD,7453078500485,CORTAUÃ‘AS GRANDE CORONA,0,0,"2,500",0
PRODUCTOS AD,7708448461447,LINAZA EN PEPA SOBRE,0,0,400,0
PRODUCTOS AD,17707175441804,MANTECA DE CACAO BARRA LADY ROSE X,0,0,"20,500",0
PRODUCTOS AD,7707175440312,MANTECA DE CACAO LABIAL SABORES *,10,0,"22,800",0
PRODUCTOS AD,7707316673357,PATO CLINICO FEMENINO PLASTICO,0,0,"15,500",0
PRODUCTOS AD,7707369905207,POWERSX TB,0,0,"5,000",0
PRODUCTOS AD,7708448461782,SAL DE EPSOM * S/S,0,0,"1,000",0
PRODUCTOS AD,8711920041043,TAPONES P/OIDOS PAR,0,0,"4,200",0
PRODUCTOS AD,7708448461911,VASELINA * 120 GR,0,0,"4,000",0
PRODUCTOS AD,7708448461959,VASELINA PURA * 250 GR,0,0,"6,900",0
PRODUCTOS IM,4011800622510,BARRA DE CEREAL CHOCOLATE CORNY  X,0,0,"3,500",0
PRODUCTOS IM,5410976823018,CHOCOLATINA DARK RASPBERRY GUYLIAN,0,0,"12,200",0
PRODUCTOS IM,4014400916409,DULCES BLANDOS MAMBA SOUR X 4UND X,0,0,"5,000",0
PRODUCTOS IM,4014400918205,DULCES CARAMELO SOFT WERTHERS X 48,0,0,"4,100",0
PRODUCTOS IM,5011563624300,DULCES FRUTOS DEL BOSQUE SIMPKINS,0,0,"11,200",0
PRODUCTOS IM,7610700002056,DULCES SF EUCALIPTO RICOLA  X 27.5,0,0,"5,700",0
PRODUCTOS IM,7610700001936,DULCES SF NARANJA MENTA RICOLA  X,20,0,"5,700",0
PRODUCTOS IM,8000350003043,GALLETA MINISNACK CREMA VICENZI  X,0,0,"2,200",0
PRODUCTOS IM,8716100351349,GOMAS FASCINI SOUR POWER RIPROLL X,0,0,0,0
PRODUCTOS IM,8437003969713,GOMAS STRAWBERRY E.FRUTTI KISS  X,40,0,"2,600",0
PRODUCTOS IM,070177169633,INFUSION FRESA Y MANGO TWININGS X,10,0,"9,900",0
PRODUCTOS IM,070177197155,TE FRUTOS ROJOS TWININGS X,100,0,"9,900",0
PRODUCTOS IM,070177197285,TE INDIAN CHAI TWININGS X,100,0,"9,900",0
PRODUCTOS IM,070177197377,TE LADY GREY TWININGS X,100,0,"9,900",0
PRODUCTOS IN**,3401573670633,BIODERMA PROTECTOR SOLAR PHOTODERM,0,0,"120,500",0
PRODUCTOS IN,7702113010787,CREMA PEINAR MUSS ALTA NUTRICION X,0,0,"11,000",0
PRODUCTOS PL,7709990136463,BALDE PLAYERO TORRE,0,0,"12,000",0
PRODUCTOS PL,6941057456614,CHALECO FLOTADOR INFLABLE NIÃ‘OS,0,0,"25,500",0
PRODUCTOS PL,6941057459257,FLOTADOR INFLABLE LLANTA NEGRO,0,0,"20,000",0
PRODUCTOS PL,6941057451657,FLOTADOR INTEX,0,0,"36,000",0
PRODUCTOS PL,6920767123153,GAFAS DE AGUA,0,0,"17,500",0
PRODUCTOS PL,6956373001028,GORRO DE NATACION,0,0,"10,000",0
PRODUCTOS PL,7707193621731,GUARDA TODO,0,0,"6,000",0
PRODUCTOS RA,7702914114608,BARRITA CHOCO *5 UND,0,0,"10,500",0
PRODUCTOS RA,7702914604697,CHAMPITAS CRISPETAS CARAMELO * 115,0,0,"6,900",0
PRODUCTOS RA,7702914604772,CHAMPITAS CRISPETAS DULCE Y SAL *,10,0,"6,800",0
PRODUCTOS RA,7702914595063,CHAMPITAS CRISPETAS DULCE Y SAL *,20,0,"2,600",0
PRODUCTOS RA,7702914603010,CHAMPITAS CRISPETAS DULCE Y SAL *,90,0,"5,500",0
PRODUCTOS RA,7702914607780,CHOCORAMO BROWNIE CREMA DE MASMELO,0,0,"4,000",0
PRODUCTOS RA,7702914114202,CHOCORRAMO TAJADA * 5 UNS,0,0,0,0
PRODUCTOS RA,7702914225205,COLACIONES SURTIDAS RAMO *240 GR,0,0,"16,900",0
PRODUCTOS RA,7702914595858,CRISPETAS CASERITAS CHEDDAR BLANCO,0,0,"5,000",0
PRODUCTOS RA,7702914598989,EQUILIBRIO MUFFIN CON ARANDANOS *,60,0,"3,700",0
PRODUCTOS RA,7702914229005,GALLETAS RAMO ARTESANALES MIEL *,270,0,800,0
PRODUCTOS RA,7702914115100,GANSITO * 45 GR,0,0,"1,000",0
PRODUCTOS RA,7702914597418,GANSITO * 6 UND,0,0,"12,500",0
PRODUCTOS RA,7702914595285,LECHERITAS GALLETAS RAMO BOLSA *,180,0,"10,800",0
PRODUCTOS RA,7702914595483,MAIZITO LIMON *38G,0,0,"1,200",0
PRODUCTOS RA,7702914602167,MAIZITOS HABANERO LIMON UY CHILE *,0,0,"2,600",0
PRODUCTOS RA,7702914550505,MAIZITOS TRADICIONAL * 215 GR,0,0,"8,500",0
PRODUCTOS RA,7702914598828,NACHOS QUESO * 34 GR,0,0,"1,200",0
PRODUCTOS RA,7702914595445,NACHOS QUESO *190 GR,0,0,"7,400",0
PRODUCTOS RA,7702914596237,PAPAS LIMON *105 GR,0,0,"6,800",0
PRODUCTOS RA,7702914596152,PAPAS PAPRIKA *25 GR,0,0,"1,600",0
PRODUCTOS RA,7702914596299,PAPAS POLLO *105 GR,0,0,"6,800",0
PRODUCTOS RA,7702914602488,PLATANO MADURO UY CHILE ROJO LIMON,0,0,"2,200",0
PRODUCTOS RA,7702914112055,PONQUE GALA LIMON TAJADA * 63 GR,0,0,0,0
PRODUCTOS RA,7702914112208,PONQUE GALA SURTIDO * 5 UND,0,0,0,0
PRODUCTOS RA,7702914115605,PONQUE GANSITOS  *14 UND,0,0,"14,512",0
PRODUCTOS RA,7702914599405,PONQUE RAMO FELICIDADES * 1000 GR,0,0,"49,500",0
PRODUCTOS RA,7702914185004,PONQUE RAMO MANZANA Y CANELA * 230,0,0,0,0
PRODUCTOS RA,7702914110112,PONQUE RAMO TRADICIONAL * 255 GR,0,0,0,0
PRODUCTOS RA,7702914110211,PONQUE RAMO TROZOS DE CHOCOLATE *,20,0,"10,000",0
PRODUCTOS RA,7702914602211,TOSTACOS HABANERO LIMON UY PICANTE,0,0,"9,000",0
PRODUCTOS RA,7702914602204,TOSTACOS HABANERO LIMON UY PICANTE,0,0,"2,300",0
PRODUCTOS YU,7703111001586,BESOTES * 28 GR YUPI,0,0,"65,500",0
PRODUCTOS YU,7702586010000,COPELIA,0,0,0,0
PRODUCTOS YU,7702586010024,COPELIA 138G,0,0,0,0
PRODUCTOS YU,7702586010314,COPELIA LIGHT200G,0,0,0,0
PRODUCTOS YU,7702586010413,COPELIA MANJAR 250G,0,0,0,0
PRODUCTOS YU,7703133072540,GOLPE LIMON *45 GR,0,0,"3,000",0
PRODUCTOS YU,7703133072748,GOLPE LIMON 50G,0,0,0,0
PRODUCTOS YU,7703133072731,GOLPE MIX 50G,0,0,0,0
PRODUCTOS YU,7703133072571,GOLPE ORIGINAL X 45G,0,0,"1,600",0
PRODUCTOS YU,7703133072717,GOLPE RANCHERO 50G,0,0,0,0
PRODUCTOS YU,7703133091299,RIZADA DE POLLO 30G,0,0,0,0
PRODUCTOS YU,7703133071116,RIZADA MEXICANA X 115 GR,0,0,0,0
PRODUCTOS YU,7703133070324,RIZADAS 28GR,0,0,0,0
PRODUCTOS YU,7703133076944,YUPI DELIQUESO 45G,0,0,0,0
PRODUCTOS YU,7703133072397,YUPI TOSTI EMPANADAS,0,0,0,0
PRODUCTOS YU,7703133072335,YUPI TOSTI EMPANADAS LIMON * 28 GR,0,0,800,0
PRODUCTOS YU,7703133073370,YUPI TOSTI NACHOS LIMON,1500,0,0,0
PRODUCTOS YU,7703133073844,YUPI TOZINETA *25 GR,0,0,"2,300",0
PRODUCTOS YU,7703133074643,YUPI WOW NATURAL 45G,0,0,0,0
PRODUMEDIX I,7709990113143,BONESTONE X 15 S/S,0,0,0,0
PRODUMEDIX I,7709990113150,DEFENZINC X 15 S/S,0,0,0,0
PRODUMEDIX I,7709990113167,DEFENZINC X 30 S/S,0,0,"187,500",0
PRODUMEDIX I,7798167870132,DUOCROM X 30 CAP,0,0,0,0
PRODUMEDIX I,7798167870071,MENOSLIP 1 X 90 CAP,0,0,0,0
PRODUMEDIX I,7709990113181,SINAPSUM X 30 S/S,0,0,"160,000",0
PROFAMILIA,7703689016722,COPA MENSTRUAL TALLA L,0,0,"60,000",0
PROFAMILIA,7703689000448,CYCLOFEM 0.5 ML * 1 AMP + JERINGA,0,0,"21,900",0
PROFAMILIA,7702123002758,JADELLE * 2 IMPLANTES,0,0,"166,000",0
PROFAMILIA,7703689813161,OBLAISE * 28 TAB,0,0,"32,400",0
PROFAMILIA,7703689165130,OMURA * 21 TAB,0,0,"25,500",0
PROFAMILIA,7703689289652,ONIVE * 2 TAB,0,0,"11,700",0
PROFAMILIA,7703689304614,OZELA * 28 COMP,0,0,"26,800",0
PROFAMILIA,7703689000066,PIEL LUB GEL LUBRICANTE DURAZNO *,70,0,"22,600",0
PROFAMILIA,7703689003210,PRUEBA DE EMBARAZO CASSETTE,0,0,"10,000",0
PROFAR S.A.S,7709258997706,KOMILON APPETIT JRB SABOR CEREZA *,0,0,"22,100",0
PROMARCA,7703712061002,DICLOVERT * 80 ML,0,0,"28,000",0
PROMARCA,7703712064027,DRISUL-L * 120 ML,0,0,"34,000",0
PROMARCA,7703712064584,NIBOTEN * 30 CAP,0,0,"60,600",0
PROMARCA,7703712063501,NIBOTEN JB * 240 ML,0,0,"63,700",0
PROMEES S.A.,7331689780123,RESTYLANE SUB Q AMP 2 ML,0,0,0,0
PRONABELL SA,7707016405265,AC GEL FCO * 30 GR,0,0,"20,400",0
PRONABELL SA,7707016404749,ARAWAK ANTI EDAD X 50 GRS,0,0,"20,400",0
PRONABELL SA,7707016404787,ARAWAK ANTICELULITICA X 200 ML GTS,0,0,"18,500",0
PRONABELL SA,7707016404794,ARAWAK CREMA CORPORAL X 200 GR GTS,0,0,"9,300",0
PRONABELL SA,7707016405319,ARAWAK DESPIG CUTANEO X 50 GRS GTS,0,0,"26,000",0
PRONABELL SA,7707016404992,ARAWAK DESPIGMENTADOR CUTANEO X 50,0,0,"22,900",0
PRONABELL SA,7707016405500,ARAWAK REDUGELL GEL CALIENTE CJA *,0,0,"13,000",0
PRONABELL SA,7707016403643,DOLOGEL TBO * 60 GR,0,0,"15,500",0
PRONABELL SA,7707016405579,FORZAMAX EMBARAZO Y LACTANCIA *,4000,0,"32,900",0
PRONABELL SA,7707016403926,GRIPLED X 120 ML,0,0,0,0
PRONABELL SA,7707016405548,KIT GEL HIDRATANTE NUTRITIVO 50GR+,0,0,"15,600",0
PRONABELL SA,7707016404091,LAXOLED X 120 ML,0,0,0,0
PRONABELL SA,7707016402301,LEDSOY X 400 GRS,0,0,0,0
PRONABELL SA,7707016405494,LIVERBYL *240 ML,0,0,"24,200",0
PRONABELL SA,7707016404350,NEUROLIFE *30 CAP,0,0,"17,900",0
PRONABELL SA,7707016417367,PASSELED *60 ML,0,0,"19,900",0
PRONABELL SA,7707016404930,POST SOLAR GEL HIDRATANTE ARAWAK X,0,0,"41,100",0
PRONABELL SA,7707016404022,PROSLED X 60 CAP,0,0,0,0
PRONABELL SA,7707016404398,REDUGEL X 200 ML,0,0,0,0
PRONABELL SA,7707016404596,SUNDARK NIÃ‘OS PROTECTOR SOLAR 60,0,0,"32,900",0
PRONABELL SA,7707016401182,TOSILED JARABE X 120 ML,0,0,0,0
PROQUIDENT,7702314451143,CEPILLO DENTAL PROQUIDENT KIDS * 2,0,0,"7,400",0
PROQUIDENT,7702314451167,CEPILLO DENTAL SONRIDENT * 5 UND,0,0,"9,200",0
PROQUIDENT,7702314153818,CEPILLOS INTERPROXIMAL VIAJERO * 4,0,0,"13,100",0
PROQUIDENT,7702314121268,",7ENJUAGUE BUCAL ZERO PROQUIDENT *",200,0,"10,000",0
PROQUIDENT,7702314180616,KIT PERSONAL KIDS,0,0,"14,500",0
PROQUIDENT,7702314451334,PROQUIDENT CEPILLO DENTAL DE BAMBU,0,0,"12,500",0
PROQUIDENT,7702314700685,PROQUIDENT CREMA ADHESIVA MENTA *,20,0,"20,500",0
PROQUIDENT,7702314700456,PROQUIDENT CREMA ADHESIVA MENTA *,40,0,"36,500",0
PROQUIDENT,7702314501855,PROQUIDENT CREMA DENTAL JUNIOR GTS,0,0,"9,500",0
PROQUIDENT,7702314117384,SEDA DENTAL SONRIDENT CON CERA *,500,0,"5,500",0
PROTEX S.A.,17707710160771,AGUJA HIPODERMICA 21G 1 1/2 *,1000,0,"14,000",0
PROTEX S.A.,7707270361093,BOLSA PARA HIELO,0,0,"16,500",0
PROTEX S.A.,7707710160125,GUANTE SUPREME ESTERILES TALLA 7,0,0,"2,000",0
PROVEEDORES ,7709990467055,ACEITE DE ALMENDRAS X 120 ML,0,0,"5,200",0
PROVEEDORES ,7703166003115,ACEITE RICINO X 250 ML,0,0,0,0
PROVEEDORES ,770999046618,ACIDO BORICO X 100 GR,0,0,0,0
PROVEEDORES ,7707176460029,ALCACHOFA GOTAS FCO X 60 MLS,0,0,0,0
PROVEEDORES ,7707176460494,ALCACHOFA X 60 CAP,0,0,0,0
PROVEEDORES ,7705137100380,ALCOHOL *3600 ML,0,0,"23,800",0
PROVEEDORES ,7707231001020,ALGODON LAMINADO 3X5,0,0,"2,000",0
PROVEEDORES ,7705255001439,ALUMBRE X 25 S/S,0,0,"7,500",0
PROVEEDORES ,7707035511091,AMOXICILINA 250MG POLV P/SUSP X 60,0,0,0,0
PROVEEDORES ,7702037611015,ARO PARA DENTICION,0,0,"1,190",0
PROVEEDORES ,7705255001453,BICARBONATO *25 S/S,0,0,"12,500",0
PROVEEDORES ,7709990235692,BIO-GRASS *60 CAP,0,0,"89,000",0
PROVEEDORES ,7361819980239,BIOZOLIDA *300ML,0,0,"70,000",0
PROVEEDORES ,7703812014458,BLANCOX LOZACREM LIMON Y ALOE *,2000,0,"3,000",0
PROVEEDORES ,8906006641402,BONAIR HFA 100 MCG X 200 DOSIS,0,0,0,0
PROVEEDORES ,7702057070991,CALCIO PLUS TABLETAS FCO X 60  TBS,0,0,0,0
PROVEEDORES ,7707176460531,CALENDULA  X 60 CAPS,0,0,0,0
PROVEEDORES ,7707265200864,CALENDULA CREMA X 60 GR,0,0,0,0
PROVEEDORES ,7702026318741,CAMBIADORES DESECHABLES PQUEIN X,100,0,0,0
PROVEEDORES ,7707175400262,CELULAR LANIX W30 NEGRO ROSA,0,0,0,0
PROVEEDORES ,7702004011015,CERVEZA REDDS,0,0,0,0
PROVEEDORES ,608940517390,COLONIA 360 BLUE FOR MEN SPRAYX,1000,0,0,0
PROVEEDORES ,77702057605482,COPITOS ESTERILIZADOS X 60 UNID,1000,0,0,0
PROVEEDORES ,7703752080308,CREMA CONCHA DE NACAR X,300,0,0,0
PROVEEDORES ,7703752150094,CREMA DE LIMON X 9 GR,0,0,0,0
PROVEEDORES ,7707260311107,CREMA MARLY * 400 GR,0,0,"88,700",0
PROVEEDORES ,7702277019091,DEPILEX CREMA DEPILADORA PIEL SECA,0,0,0,0
PROVEEDORES ,7702025121335,DUCALES X 5 25G,0,0,0,0
PROVEEDORES ,7707358420339,ESOIN 40 MG X 14 CAPSULAS,0,0,0,0
PROVEEDORES ,7709990465365,ESPECIFICO / CREOLINA X 60 ML,0,0,0,0
PROVEEDORES ,9003502000555,EYEFIL H.D JERINGA PRELLENADA,0,0,0,0
PROVEEDORES ,7703838066974,FLUOXETINA CAPSULS 20 MG X,3000,0,0,0
PROVEEDORES ,7707350520129,GASA ESTERIL 10 X 10 X  3 GASAS,0,0,0,0
PROVEEDORES ,7707364800972,GASA ESTERIL 10 X 10 X 3,0,0,0,0
PROVEEDORES ,7707300933368,GASA SUPERTEX 1X 1 YDA,0,0,0,0
PROVEEDORES ,4056500008714,GEL CIRKULIN,0,0,0,0
PROVEEDORES ,7592307000171,GINELLE JABON LIQ P/HIG INTIMA X,200,0,0,0
PROVEEDORES ,7705326018052,GOLOSIA AREQUIPE MAMA INES *45 GR,10,0,"2,000",0
PROVEEDORES ,7705255012275,HITALKE X 30 TABLS,0,0,0,0
PROVEEDORES ,7707300930183,INHALOCAMARA ADULTOS,0,0,"11,900",0
PROVEEDORES ,7707190470905,INMUNOGLOBULINA ANTI-D 300 MG,0,0,"281,000",0
PROVEEDORES ,7702502009446,INSEC COOPERS LIQUIDO   X235 MLS,0,0,0,0
PROVEEDORES ,7703153022921,ISOFLAVONA + CALCIO + VITAMINA D X,0,0,0,0
PROVEEDORES ,076690578327,JABON DE AZUFRE * 95 GR,0,0,"12,000",0
PROVEEDORES ,7702118800697,JABON DE AZUFRE LEMAITRE * 100 GR,0,0,"17,000",0
PROVEEDORES ,382903882090,JELCO  ANGIOCATH  18,0,0,"2,200",0
PROVEEDORES ,010038290381411,JELCO  INSYTE AUTOGUARD 24G  X0.56,0,0,0,0
PROVEEDORES ,382903882106,JELCO  PLASTICAT RX,0,0,0,0
PROVEEDORES ,7702031031017,JOHNSON SHAMPOO X 400 MANZAN P/ESP,0,0,0,0
PROVEEDORES ,7702031030997,JOHNSON SHAMPOO X 400 ORIGIN P/ESP,0,0,0,0
PROVEEDORES ,7702031031703,JOHNSON SHAMPOO X 400 ROMERO P/ESP,0,0,0,0
PROVEEDORES ,7707341204809,JULIENE SÃ©RUM ÃCIDO HIALURÃ“NICO,0,0,"66,000",0
PROVEEDORES ,3433422407268,KERIUN SHAMPO ANTICASPA INTEN SIVO,0,0,"99,000",0
PROVEEDORES ,7703006342336,KETOMICOL 200 MG X 10 TAB,0,0,0,0
PROVEEDORES ,7703006601334,LABENDAZOL 200 MG X  2 TAB,0,0,0,0
PROVEEDORES ,7703006340363,LABENDAZOL SUSP X 20 ML,0,0,0,0
PROVEEDORES ,7707178033795,LACA FIJADORA RODHER,0,0,0,0
PROVEEDORES ,7707291342811,LAMINA GEL CRISTAL 30 X 40,0,0,0,0
PROVEEDORES ,7706569022204,LANSOPRAZOL 30 MG X 14 TAB,0,0,0,0
PROVEEDORES ,7700604044648,LECHE LEN MIEL X 500 BOLSA,0,0,0,0
PROVEEDORES ,7705323111190,LEVOTIROXINA 100 MCG X 150 TABL,0,0,"30,000",0
PROVEEDORES ,7707232093833,LINAZA 500 GRS CON OMEGA,3690,0,0,0
PROVEEDORES ,77011121,LUZ ZUL GOTAS X 7 ML,0,0,"9,000",0
PROVEEDORES ,7707271202401,MANTECA DE CACAO BARRA X 5 GR,0,0,0,0
PROVEEDORES ,7703340008400,MANTEL SEMP RED UNIC,0,0,0,0
PROVEEDORES ,7707202166048,MASCARA DE OXIGENO ADULTO,0,0,"4,600",0
PROVEEDORES ,751273773855,MELATONINA * 120 CAP,0,0,"53,200",0
PROVEEDORES ,7702098006515,MICROPORE 3M HIPOALERGICO,0,0,0,0
PROVEEDORES ,609454619907,MYM DULCE MONEDERO,0,0,0,0
PROVEEDORES ,7707241094326,N PETROLEO SHAMPOO X 240 ML,0,0,0,0
PROVEEDORES ,7707241094500,N SHAMPOO X 240 MANZANILLA,0,0,0,0
PROVEEDORES ,7707241094319,N SHAMPOO X 240 ORTIGA+ALOE,0,0,0,0
PROVEEDORES ,7707035510261,NAPROXENO 250 MG X 10 CAP,0,0,0,0
PROVEEDORES ,7703006325322,NEMIMED JBE X 360 ML,0,0,0,0
PROVEEDORES ,7707183820113,NEOCRIN SHAMPOO NORMAL A SECO X250,0,0,"78,600",0
PROVEEDORES ,7703006481332,NIMESULIFE 100 MG X 10 TAB,0,0,0,0
PROVEEDORES ,7703086201028,NOXODERM UNG X 20 GR,0,0,0,0
PROVEEDORES ,7707299516627,NUTSURE X 400 GR,0,0,0,0
PROVEEDORES ,00123456789,PACK DE PRUEBA,0,0,0,0
PROVEEDORES ,7806500730705,PANITOS HUM BABYSEC X,800,0,0,0
PROVEEDORES ,7702605102075,PENICILNA SODICA 1000000 CAJA X 10,0,0,0,0
PROVEEDORES ,12800498468,PILA AUDIFONO RAYOVAC SIZE,100,0,0,0
PROVEEDORES ,8423372025044,PILOPEPTAN X 60 CAPS LABS,0,0,"181,818",0
PROVEEDORES ,7707175800260,PLASVITAN X 5 AMPS,0,0,0,0
PROVEEDORES ,4005800052033,PROTECTOR RODILLAS Y CODOS,0,0,0,0
PROVEEDORES ,7707178031210,REMOVEDOR RHODER,0,0,0,0
PROVEEDORES ,7707186900706,ROCIGEL GEL TOPICO COLAPSIBLE X 30,0,0,0,0
PROVEEDORES ,7702026072056,SERVILLETA FAMILIA CAFETERIA X 100,0,0,0,0
PROVEEDORES ,7702026725952,SERVILLETA FAMILIA PARTIDA X,1500,0,0,0
PROVEEDORES ,7703340006550,SERVILLETA SEMPE AZU,0,0,0,0
PROVEEDORES ,7703340006581,SERVILLETA SEMPE LIM,0,0,0,0
PROVEEDORES ,7702277077381,SIETE ESCENCIAS DE LOS ANDES  X290,0,0,0,0
PROVEEDORES ,7707300933627,SONDA FOLEY 2 VIAS 16FR5-15ML X 10,0,0,0,0
PROVEEDORES ,7707221290328,SONDA NASOGASTRICA,0,0,0,0
PROVEEDORES ,7707221290250,SONDA NASOGASTRICA  6,0,0,0,0
PROVEEDORES ,037600141734,SPAM AHUMADO 340 GR,0,0,0,0
PROVEEDORES ,037600190671,SPAM CLASICO 85 GR,0,0,0,0
PROVEEDORES ,7707184142689,SUERO ORAL X 30 SS,0,0,0,0
PROVEEDORES ,7703006776339,SULFINAM 160/800 MG X 10 TAB,0,0,0,0
PROVEEDORES ,7706976000763,TAPA BOCA MEREY X 50 UND,0,0,0,0
PROVEEDORES ,6946596030066,TAPA BOCAS X 50 UND,0,0,0,0
PROVEEDORES ,7707069729004,TINTURA DE ARNICA * 30 ML,0,0,"2,400",0
PROVEEDORES ,7703166002675,TINTURA DE MERCURIO CROMO AL 2% X,40,0,0,0
PROVEEDORES ,7709990467970,TINTURA DE RUIBARBO X 25 ML,0,0,0,0
PROVEEDORES ,7709990460414,TINTURA DE YODO BLANCO X 60 ML,0,0,0,0
PROVEEDORES ,7709990465877,TINTURA DE YODO NEGRO X 25 ML,0,0,0,0
PROVEEDORES ,7709990461251,TINTURA DE YODO NEGRO X 60 ML,0,0,0,0
PROVEEDORES ,7702108203057,TOALLA ELLAS DELGADAS GEL CON ALAS,0,0,0,0
PROVEEDORES ,7707178031173,TRATAMIENTO CAPILAR GUSANO DE SEDA,0,0,0,0
PROVEEDORES ,076690000743,TRICOFERO DE BARRY C/GRASA X,1180,0,0,0
PROVEEDORES ,076690000941,TRICOFERO DE BARRY S/GRASA X,1180,0,0,0
PROVEEDORES ,076690000545,TRICOFERO DE BARRY TRAD X 118,0,0,0,0
PROVEEDORES ,7702133414459,TRIDENT CANELA X 60,0,0,400,0
PROVEEDORES ,7703006600337,ULFADIN 40 MG X 10 TAB,0,0,0,0
PROVEEDORES ,7707358420254,UMONEX 150 MG X 1,0,0,0,0
PROVEEDORES ,7702094449033,VARTA ALKALINA AAA MULTIBLISTEX 10,0,0,0,0
PROVEEDORES ,7705255001514,VASELINA * 20 GR,0,0,"3,000",0
PROVEEDORES ,7707223661515,VASELINA X 100 GR,0,0,"3,500",0
PROVEEDORES ,7702796813002,VENDA DE YESO 6 X 5 YARDA,0,0,"14,000",0
PROVEEDORES ,7702057700416,VITA C 1GR EFERV MANDARINA X 10,0,0,0,0
PROVEEDORES ,7705255010905,VITIFER JBE X 240 ML,0,0,"19,000",0
PROVEEDORES ,8470001904393,VITISES GEL X 100 ML,0,0,"147,100",0
PROVEEDORES ,852260000012,XERAGEL *10 GR,0,0,"85,500",0
PROVICOL,7709952092066,ESBELTA TOALLA HIGIEÌNICA DIA * 8,0,0,"6,000",0
PROVICOL,7708971288641,ESBELTA TOALLA HIGIEÌNICA TELA *,30,0,"9,900",0
PROVIGASA ME,7707350520044,GASA 1X 5 YDAS HECPLUS,0,0,"6,500",0
PROVIGASA ME,7705438110101,GASA ESTERIL PRECORT 7.5*7.5 SOBRE,0,0,700,0
QALYS S.A.,850056003124,GLURESTAR X 15 GR,0,0,0,0
QUALA ASEO P,7702354934767,BIOEXPERT ACOND CONTROL CAIDA *,3500,0,"13,600",0
QUALA ASEO P,7702354956318,NUTRIBELA 15 CELULAS MADRE SHAMPOO,0,0,"1,500",0
QUALA ASEO P,7702354956233,NUTRIBELA 15 CELULAS MADRE SHAMPOO,0,0,"23,500",0
QUALA ASEO P,7702354956301,NUTRIBELA 15 ENZIMOTERAPIA SHAMPOO,0,0,"1,500",0
QUALA ASEO P,7702354939403,NUTRIBELA 15 NUTRICION TRATAMIENTO,0,0,"21,100",0
QUALA ASEO P,7702354953690,NUTRIBELA 15 PRO-HIALURONICO  *180,0,0,"12,000",0
QUALA ASEO P,7702354953713,NUTRIBELA 15 PRO-HIALURONICO X 450,0,0,"24,100",0
QUALA ASEO P,7702354956387,NUTRIBELA 15 REPARACION SHAMPOO *,40,0,"37,700",0
QUALA ASEO P,7702354959005,NUTRIBELA 15 SHAMPOO BIOKERATINA *,0,0,"12,600",0
QUALA ASEO P,7702354958114,NUTRIBELA 15 SHAMPOO BIOKERATINA *,0,0,"23,500",0
QUALA ASEO P,7702354951962,NUTRIBELA 15 TRATAMIENTO NUTRICION,0,0,"1,800",0
QUALA ASEO P,7702354958251,SHAMPOO NUTRIBELA BIOKERTINA X 400,0,0,"35,700",0
QUALA NEVERA,7702354945770,DISFRUTALOE,0,0,"1,600",0
QUALA NEVERA,7702354025168,ENERGIZANTE,0,0,"3,000",0
QUALA NEVERA,7702354025229,FRUTINO FRESA X 6 LITROS,0,0,0,0
QUALA NEVERA,7702354131005,INSTACREM 175 GR,0,0,0,0
QUALA NEVERA,7702354953966,LIKE CITRUS ICE COOLER BOTELLA *,300,0,"5,700",0
QUALA NEVERA,7702354939548,POPETAS CARAMELO-MANTEQUILLA * 165,0,0,"1,200",0
QUALA NEVERA,7702354939649,POPETAS MIX CARAMELO QUESO * 121.2,0,0,"5,300",0
QUALA NEVERA,7702354948085,SABIFRUT CON ALOE VERA NARANJA *,320,0,"2,400",0
QUALA NEVERA,7702354939786,SAVILOE * 270 ML,0,0,"2,100",0
QUALA NEVERA,7702354946210,SAVILOE * 320 ML,0,0,"3,500",0
QUALA NEVERA,7702354939762,SAVILOE * 420 ML,0,0,"3,700",0
QUALA NEVERA,7702354953829,SAVILOE FAMILIAR CON FIBRA BOTELLA,0,0,"7,500",0
QUALA NEVERA,7702354951160,SPARTAN XTREME LATA * 269 ML,0,0,"2,100",0
QUALA NEVERA,7702354948337,SUNTEA DURAZNO *20 GR,0,0,"1,600",0
QUALA NEVERA,7702354031466,SUNTEA DURAZNO 40G,0,0,0,0
QUALA NEVERA,7702354948412,SUNTEA FRUTOS ROJOS X 20 GR,0,0,"1,400",0
QUALA NEVERA,7702354031459,SUNTEA LIMON 40G,0,0,0,0
QUALA NEVERA,7702354034009,SUNTEA MANZANA 1.5L,0,0,0,0
QUALA NEVERA,7702354948405,SUNTEA MANZANA X 20 GR,0,0,"1,200",0
QUALA NEVERA,7702354948368,SUNTEA MARACUYA X 20 GR,0,0,"1,600",0
QUALA NEVERA,7702354929503,VIVE 100 *240 ML,0,0,"2,900",0
QUALA NEVERA,7702354954871,ZEN DURAZNO *540 ML,0,0,"2,800",0
QUALA NEVERA,7702354946685,ZEN FRUTOS LIMON & HIERBABUENA *,540,0,"2,100",0
QUALA NEVERA,7702354946692,ZEN FRUTOS ROJOS Y FLOR DE JAMAICA,0,0,"2,800",0
QUEST NUTRIC,888849010936,BARRA QUEST HERO CHOCOLATE *,0,0,"15,200",0
QUIBI ,7707229971243,AGUA DESTILADA ESTERIL BOLSA * 500,0,0,"4,300",0
QUIBI ,7709936688506,BIO-GLICOL S/ELECTROLITOS FCO *,1600,0,"30,000",0
QUIBI ,7707229970161,CLORURO DE SODIO SUERO FISIOLOGICO,0,0,"4,100",0
QUIBI ,7707229970086,CLORURO DE SODIO SUERO FISIOLOGICO,0,0,"9,700",0
QUIBI ,7707229970147,DEXTROSA 5% * 500 ML,0,0,"3,000",0
QUIBI ,7361819980017,ENEMATROL ORAL LIMON * 133 ML,0,0,"23,200",0
QUIBI ,7361819980024,ENEMATROL ORAL MARACUYA * 133 ML,0,0,"23,200",0
QUIBI ,7707229970192,FISIOLINE NASAL X 30 ML,0,0,"14,000",0
QUIBI ,7707229971120,FISIOLINE SPRAY NASAL X 30 ML,0,0,"18,800",0
QUIBI ,7707229970178,LACTATO DE RINGER SLN HARTMAN X,5000,0,"2,600",0
QUIBI ,7707229970482,PEDIASOL 45 CEREZA *500 ML,0,0,"7,900",0
QUIBI ,7707229970499,PEDIASOL 45 COCO *500 ML,0,0,"7,900",0
QUIBI ,7707229971052,PEDIASOL 45 TUTTI FRUTTI *500 ML,0,0,"7,900",0
QUIBI ,7707229970512,PEDIASOL 45 UVA *500 ML,0,0,"7,900",0
QUIBI ,7361819980253,PEDIASOL 75 ZINC CEREZA *500 ML,0,0,"7,900",0
QUIBI ,7361819980178,PEDIASOL 75 ZINC UVA *500 ML,0,0,"7,900",0
QUIBI ,7709936688568,SOPRIL 5MG X 100ML,0,0,"23,400",0
QUIBI ,7707229970154,SUERO GLUCOSADO AL 10% BOLSA * 500,0,0,"3,800",0
QUIFARMA,770419010838,",055 FLUORACILO 5% UNGUENTO",0,0,"106,500",0
QUIFARMA,7703006303344,ACIDO RETINOICO (ANTIACNE) CREMA *,0,0,"30,000",0
QUIFARMA,7704190272102,PASTA LASSAR PROTECTOR CUTANEO *,100,0,"24,500",0
QUIFARMA,7704190272119,PASTA LASSAR PROTECTOR CUTANEO X,600,0,"16,000",0
QUIFARMA,7704190000002,SOL-OR EMULSION SPRAY SPF 41 X 120,0,0,"119,000",0
QUIFARMA,7704190000231,SOL-OR GEL PROTECTOR SOLAR SPF40 *,0,0,"52,900",0
QUIFARMA,7704190554703,SOL-OR GEL PROTECTOR SOLAR SPF40 *,0,0,"86,000",0
QUIFARMACOS ,7707185689701,PSYLLIUM TARRO X 300 GR,0,0,0,0
QUIMICA PATR,7707067620891,ALERTADINA 2 MG * 20 TAB,0,0,"27,000",0
QUIMICA PATR,7707067620440,BRONTUSS M JBE ADUL X 120 ML,0,0,"14,600",0
QUIMICA PATR,7707067620457,BRONTUSS M JBE PED X 120 ML,0,0,"12,300",0
QUIMICA PATR,7707067620587,CETIRRINOL 10 MG X 10 TABLS,0,0,"19,200",0
QUIMICA PATR,7707067620839,CETIRRINOL D JBE X 60 ML,0,0,0,0
QUIMICA PATR,7707067620600,CETIRRINOL GOTAS * 30 ML,0,0,"8,000",0
QUIMICA PATR,7707067620594,CETIRRINOL JBE * 60 ML,0,0,"13,000",0
QUIMICA PATR,7707067620099,DIETAVIT X 150 GRS,0,0,"25,700",0
QUIMICA PATR,7707067620150,FERITREX 500 MG X 1 TABL,0,0,"16,500",0
QUIMICA PATR,7707067620136,FERITREX SUSP X 30 ML,0,0,"19,000",0
QUIMICA PATR,7707067620747,FLOROFER 1000 PLUS X 30 TABLS,0,0,0,0
QUIMICA PATR,7707067620761,FLOROFER PLUS SUSP X 240 ML,0,0,"27,600",0
QUIMICA PATR,7707067620730,FLOROFER PLUS X 30 TABLS,0,0,"37,961",0
QUIMICA PATR,7707067620792,PARAMAN F X 20 TABLS,0,0,"41,000",0
QUIMICA PATR,7707067620280,PRITENZOL 150 MG X 1 CAPS,0,0,"9,300",0
QUIMICA PATR,7707067620648,TRIANOREXIL *120 ML,0,0,"22,400",0
QUIMICA PATR,7707067620655,TRIANOREXIL *20 TAB,0,0,"22,000",0
QUIMICA PATR,7707067620822,ZYPANAR ENZIMATICO X 30 TABLS,0,0,"50,000",0
QUIMICA PATR,7707067620815,ZYPANAR X 30 TABLS,0,0,"34,000",0
QUIMIDERM,7707243982393,AC-FREE GEL X 30 GR,0,0,0,0
QUIMIDERM,7707243980030,DERMALIM-H GEL ESPUMOSO X 240 ML,0,0,"63,700",0
QUIMIDERM,7707243982904,MELANOSTOP EMULSION X 30 ML,0,0,"198,300",0
QUIMIDERM,7707243991050,WIN SUN PROTECTOR SOLAR X 100 ML,0,0,"88,900",0
QUIRON PHARM,7709978862100,VIOXIN 4% (CLORHEXIDINA) JABON *,120,0,"10,000",0
QUIRUPOS,7709990839982,FENNYN 100MG *30 TAB,0,0,"10,900",0
QUIRUPOS,7709530287648,TREEVER OFT * 5 ML,0,0,"14,500",0
RECAMIER,7702113044386,TINTE COLORISS KIT RUBIO MEDIANO,70,0,"12,500",0
RECAMIER,7702113024661,BACTERION CREMA CORPORAL NORMAL X,30,0,0,0
RECAMIER,7702113024685,BACTERION CREMA CORPORAL SECA X,3500,0,0,0
RECAMIER,7702113024654,BACTERION CREMA MANOS NORMAL X 100,0,0,0,0
RECAMIER,7702113023473,BACTERION GEL ANTIBACT VAINILLX,1000,0,0,0
RECAMIER,7702113023466,BACTERION GEL ANTIBACT VAINILLX,3000,0,"12,400",0
RECAMIER,7702113041453,BACTERION GEL ANTIBACTERIAL BAMBOO,0,0,"7,000",0
RECAMIER,7702113037586,BACTERION GEL ANTIBACTERIAL FRUTOS,0,0,"7,350",0
RECAMIER,7702113003628,BACTERION GEL ASEPTIZANTE ADULTO X,0,0,"8,800",0
RECAMIER,7702113024852,BACTERION GEL ASEPTIZANTE PRE PACK,0,0,0,0
RECAMIER,7702113016598,BACTERION JABON EXF PIEL/MIXT X,1000,0,0,0
RECAMIER,7702113016628,BACTERION JABON GEL X 300 ML,0,0,0,0
RECAMIER,7702113613650,BACTERION JABON INTIMO NATURAL *,150,0,"13,300",0
RECAMIER,7702113613643,BACTERION JABON INTIMO NEUTRO *,1500,0,"13,300",0
RECAMIER,7702113007862,BACTERION JABON LIQ BAMBU 2EN1 X,300,0,"19,000",0
RECAMIER,7702113018912,BACTERION JABON LIQ BAMBU REPT2EN1,0,0,"9,900",0
RECAMIER,7702113018868,BACTERION JABON LIQ MANZANA-CANELA,0,0,0,0
RECAMIER,7702113018875,BACTERION JABON LIQ MANZANA-CANELA,0,0,0,0
RECAMIER,7702113033687,BACTERION JABON LIQUIDO DE AVENA Y,0,0,"10,550",0
RECAMIER,7702113029154,BACTERION JABON MANZANA-CANELA X,120,0,0,0
RECAMIER,7702113024692,BACTERION LOCION SPLASH VERVENA X,20,0,0,0
RECAMIER,7702113040111,BACTERION REPELENTE CREMA KIDS *,120,0,"13,000",0
RECAMIER,7702113025170,BACTERION TALCO ANTIBAC X 300 GTS,10,0,"15,800",0
RECAMIER,7702113024609,BACTERION TOALLAS CLEAN X 10 UND,0,0,0,0
RECAMIER,7702113016505,BACTERION TOALLAS INTIMAS X 16,0,0,0,0
RECAMIER,7702113027600,BALANCE TRATAMIENTO B & S HYDRA X,30,0,0,0
RECAMIER,7702113019070,COLORANCE EST TINTE CASTANO OSCURO,0,0,0,0
RECAMIER,7702113019056,COLORANCE EST TINTE NEGRO AZUL NO.,0,0,0,0
RECAMIER,7702113024845,COLORANCE TINTE EST CAPUCCINO 7.0,0,0,0,0
RECAMIER,7702113017946,COLORISS TINTE EST CASTANO MEDIANO,0,0,"7,200",0
RECAMIER,7702113698367,COLORISS TINTE KIT CASTAÃ‘O CLARO,50,0,"8,800",0
RECAMIER,7702113038194,COLORISS TINTE KIT CASTAÃ‘O OSCURO,0,0,"8,200",0
RECAMIER,7702113696028,DEO PIES ANTIBACT * 260 + ANTIBACT,0,0,"22,400",0
RECAMIER,7702113051551,DEO PIES ANTIBACTERIAL VIAJERO *,500,0,"10,000",0
RECAMIER,7702113632262,DEO PIES ANTIBACTERIAL+ NIOS X 260,0,0,0,0
RECAMIER,7702113612769,DEO PIES ANTITRANSPIRANTE * 260ML+,0,0,"26,500",0
RECAMIER,7702113016383,DEO PIES KIDS SPRAY *260 ML,0,0,"24,500",0
RECAMIER,7702113026467,DEO PIES NATURAL PIEDRALUMBRE X,2600,0,"14,100",0
RECAMIER,7702113682434,DEO PIES NINOS DUO X 260 ML AHORRE,0,0,0,0
RECAMIER,7702113682335,DEO PIES SPRAY ANTIBACTERIAL * 260,0,0,"39,000",0
RECAMIER,7702113047707,DEO PIES TALCO * 60 GR,0,0,"7,900",0
RECAMIER,7702113049435,DEO PIES TALCO ALMIDON DE MAIZ *,120,0,"17,900",0
RECAMIER,7702113696042,DEO PIES XTREM *260 + ANTIBACT 260,0,0,"29,000",0
RECAMIER,7702113050721,ESTUCHE VIAJERO MUSS BABY ORIGINAL,0,0,"40,200",0
RECAMIER,7702113687699,IMAX ANTICASPA GTS IMAXGEL SHAMPOO,0,0,0,0
RECAMIER,7702113019773,IMAX FOR MEN TINTE NEGRO X 25 GRS,0,0,0,0
RECAMIER,7702113019841,IMAX GEL FIJACION FUERTE X 150GRS,0,0,"3,700",0
RECAMIER,7702113019902,IMAX PASTA MOLDEADORA X 200 G,0,0,0,0
RECAMIER,7702113019872,IMAX SHAMPOO DIARIO X 250 ML,0,0,0,0
RECAMIER,7702113006803,KLEER LAC FUERTE X 60 ML 2 X,10,0,"8,000",0
RECAMIER,7702113023442,KLEER LAC GEL FUERTE DOY PAK X 500,0,0,0,0
RECAMIER,7702113019421,KLEER LAC GEL FUERTE X 170 ML,0,0,0,0
RECAMIER,7702113019438,KLEER LAC GEL FUERTE X 300 GRS,0,0,0,0
RECAMIER,7702113051582,KLEER LAC LACA INVISIBLE VIAJERO *,0,0,"8,500",0
RECAMIER,7702113651096,",7KLEER LAC SUAVE X 120 ML 2 X",10,0,"7,600",0
RECAMIER,7702113655506,",7KLEER LAC SUAVE X 60 ML 2 X 1",0,0,"5,700",0
RECAMIER,7702113030952,LACA KLEER HIGH CONTROL SPRAY *,1200,0,"12,900",0
RECAMIER,7702113662023,LISSURA CREMA ALISADORA X 70 G2 X,10,0,0,0
RECAMIER,7702113001020,LUMINANCE KIT #3.0 CASTAÃ‘O OSCURO,0,0,"19,900",0
RECAMIER,7702113654158,LUMINANCE TINTE EST CASTANO CLARO,20,0,0,0
RECAMIER,7702113010138,LUMINANCE TINTE EST MARRON ROJIZO,30,0,0,0
RECAMIER,7702113676495,LUMINANCE TINTE EST MARRON ROJIZO,30,0,0,0
RECAMIER,7702113042368,MUSS BABY SHAMPOO ROMERO Y SEDA *,40,0,"21,500",0
RECAMIER,7702113026573,MUSS CREMA PEINAR FRIZZ REPUESTO X,0,0,0,0
RECAMIER,7702113047875,MUSS CREMA PEINAR KIDS RIZOS * 300,0,0,"15,900",0
RECAMIER,7702113042160,MUSS CREMA PEINAR NEGROS PROFUNDOS,0,0,"18,300",0
RECAMIER,7702113026566,MUSS CREMA PEINAR RIZOS REPUESTO X,0,0,"6,100",0
RECAMIER,7702113012705,MUSS CREMA PEINAR RUBIO LUMINOSO X,0,0,"6,000",0
RECAMIER,7702113020724,MUSS CREMA PEINAR SPA REVIVAL  X,300,0,0,0
RECAMIER,7702113620559,MUSS KIDS DURAZNO SHAMPOO * 400 ML,0,0,"33,200",0
RECAMIER,7702113018738,MUSS MASQUE PARA PEINAR TORONJA X,30,0,0,0
RECAMIER,7702113018721,MUSS MASQUE PARA PEINAR VAINILLA X,0,0,0,0
RECAMIER,7702113023725,MUSS NEGRO PROFUNDO X  400 ML,0,0,"19,400",0
RECAMIER,7702113023756,MUSS PLATA RADIANTE ACONDICIONADOR,0,0,"25,500",0
RECAMIER,7702113689600,MUSS SHAMPOO +ACOND NEGRO PROFUNDO,0,0,"10,800",0
RECAMIER,7702113007022,MUSS SHAMPOO BABY AVENA Y MIEL X,250,0,0,0
RECAMIER,7702113018769,MUSS SHAMPOO BABY AVENA Y MIEL X,750,0,0,0
RECAMIER,7702113007015,MUSS SHAMPOO BABY MANZANILLA X 250,0,0,0,0
RECAMIER,7702113018783,MUSS SHAMPOO BABY MANZANILLA X 750,0,0,"9,800",0
RECAMIER,7702113023565,MUSS SHAMPOO BABY ROMERO X 250 ML,0,0,0,0
RECAMIER,7702113023572,MUSS SHAMPOO BABY ROMERO X 750 ML,0,0,0,0
RECAMIER,7702113026535,MUSS SHAMPOO CERO FRIZZ REPUESTO X,0,0,0,0
RECAMIER,7702113037296,MUSS SHAMPOO KERATINA+BIOTINA *,2000,0,"4,000",0
RECAMIER,7702113042429,MUSS SHAMPOO KIDS MANZANILLA * 400,0,0,"23,100",0
RECAMIER,7702113023749,MUSS SHAMPOO PLATA RODIANTE X  400,0,0,0,0
RECAMIER,7702113038385,MUSS SHAMPOO SECOS HIDRATA INTENSE,0,0,"10,800",0
RECAMIER,7702113023787,MUSS SHAMPOO SPA FORTIFICACANTE X,40,0,0,0
RECAMIER,7702113023824,MUSS SHAMPOO SPA REBALANC X 400 ML,0,0,0,0
RECAMIER,7702113023800,MUSS SHAMPOO SPA REVITAL X 400 ML,0,0,0,0
RECAMIER,7702113633115,MUSS SHAMPOO+AC PLATA FCO * 400 ML,0,0,"11,700",0
RECAMIER,7702113023831,MUSS SPA REBALANC ACOND X 400 ML,0,0,0,0
RECAMIER,7702113023855,MUSS SPA RENOVADOR ACOND X 400 ML,0,0,0,0
RECAMIER,7702113023817,MUSS SPA REVITAL ACOND X 400 ML,0,0,"8,400",0
RECAMIER,7702113015829,",7MUSS TRATAMIENTO INTENSIVO 3 MIN X",0,0,0,0
RECAMIER,7702113020496,MUSS TRATAMIENTO NUTRICION PLUS X,40,0,0,0
RECAMIER,7702113019322,REPELENTE BACTERION AEROSOL FAMILY,0,0,"8,800",0
RECAMIER,7702113037616,REPELENTE BACTERION MENTIFRESH *,120,0,"12,200",0
RECAMIER,7702113687125,REPELENTE BACTERION ROLLON GT  GEL,0,0,0,0
RECAMIER,7702113689808,REPELENTE BACTERION ROLLON X 40 ML,0,0,0,0
RECAMIER,7702113043099,REPELENTE BACTERION SELVATIC ULTRA,0,0,"22,800",0
RECAMIER,7702113689785,REPELENTE BACTERION SPRAY X 120 ML,0,0,0,0
RECAMIER,7702113042320,SHAMPOO MUSS HIDRATACION INTENSA *,0,0,"25,900",0
RECAMIER,7702113620542,SHAMPOO MUSS RUBIOS LUMINOSOS X,4000,0,"38,000",0
RECAMIER,7702113687989,SOLECLAIR POLVO PAGUE 9 LLE 12 S/S,0,0,0,0
RECAMIER,7702113003673,TALCO BACTERION ANTIBACTERIAL *,1200,0,"6,000",0
RECAMIER,7702113025163,TALCO BACTERION ANTIBACTERIAL X,1200,0,"10,400",0
RECAMIER,7702113688139,TANGA  BLOQUEADOR KIDS FPS 60 X,1200,0,0,0
RECAMIER,7702113033472,TANGA ACEITE BRONCEADOR SFP 3 *250,0,0,"35,500",0
RECAMIER,7702113696097,TANGA ACEITE BRONCEADOR SFP 3 *250,0,0,"35,500",0
RECAMIER,7702113617153,TANGA ACEITE BRONCEADOR SPF 3 *250,0,0,"30,000",0
RECAMIER,7702113034639,TANGA BABY BLOQUEADOR EN CREMA SPF,0,0,"44,400",0
RECAMIER,7702113043327,TANGA BARRAS CORP Y FACIALES SPF,700,0,"39,900",0
RECAMIER,7702113043396,TANGA BLOQ ADULTO SPF 60 CREMA *,130,0,"54,000",0
RECAMIER,7702113043334,TANGA BLOQ ADULTO SPF 70 CREMA *,220,0,"68,200",0
RECAMIER,7702113043372,TANGA BLOQ ADULTOS SPF 100 CREMA *,0,0,"69,800",0
RECAMIER,7702113043358,TANGA BLOQ BABY SPF 100 CREMA *,1200,0,"54,100",0
RECAMIER,7702113043389,TANGA BLOQ CONTINOUS SPF 110 SPRAY,0,0,"61,100",0
RECAMIER,7702113660500,TANGA BLOQ. PROTEC-SOL SPF 32 X,1200,0,0,0
RECAMIER,7702113026290,TANGA BLOQUEADOR CONTINUOS SPF 100,0,0,0,0
RECAMIER,7702113018745,TANGA BLOQUEADOR CREMA FACES FP 50,0,0,0,0
RECAMIER,7702113033427,TANGA BLOQUEADOR EN CREMA SPF 60 *,0,0,"39,200",0
RECAMIER,7702113612431,TANGA BLOQUEADOR EN CREMA SPF50 *,10,0,"31,000",0
RECAMIER,7702113020076,TANGA BLOQUEADOR EN SPRAY SPF 50 X,0,0,0,0
RECAMIER,7702113033403,TANGA BLOQUEADOR FACIAL SPF 30 *,500,0,"26,400",0
RECAMIER,7702113034684,TANGA BLOQUEADOR FACIAL SPF 50 Q10,0,0,"29,500",0
RECAMIER,7702113010381,TANGA BLOQUEADOR KISD SPRAY FP50 X,0,0,0,0
RECAMIER,7702113018752,TANGA BLOQUEADOR SPF 100 X 120ML,0,0,0,0
RECAMIER,7702113033397,TANGA BLOQUEADOR SPF 15 SPRAY *,1750,0,"36,800",0
RECAMIER,7702113023619,TANGA BLOQUEADOR SPF 70 X 200 ML,0,0,0,0
RECAMIER,7702113043228,TANGA BRONCEADORES SPF 4 ACEITE *,10,0,"44,800",0
RECAMIER,7702113043235,TANGA BRONCEADORES SPF 4 CREMA *,220,0,"47,300",0
RECAMIER,7702113043846,TANGA BRONCEADORES SPF 4 CREMA *,850,0,"23,300",0
RECAMIER,7702113019308,TANGA CREMA BLOQUEADORA SPORT SPF,40,0,0,0
RECAMIER,7702113024890,TANGA CREMA BRONCEADORA SPF 8 X,2000,0,0,0
RECAMIER,7702113033434,TANGA LOCION BLOQUEADORA KIDS SPF,60,0,"50,700",0
RECAMIER,7702113047783,TANGA PROTECTOR FACIAL LIGERO SPF,50,0,"58,000",0
RECAMIER,7702113047790,TANGA PROTECTOR FACIAL MINERAL SPF,0,0,"74,000",0
RECAMIER,7702113622157,TANGA PROTECTOR SOLAR CREMA SPF,1000,0,"68,000",0
RECAMIER,7702113037845,TANGA PROTECTOR SOLAR FACE SPF30 *,0,0,"19,700",0
RECAMIER,7702113657012,TANGA PROTECTOR SOLAR SPF 50 CREMA,0,0,"42,100",0
RECAMIER,7702113657036,TANGA PROTECTOR SOLAR SPF 50 CREMA,0,0,"65,200",0
RECAMIER,7702113043822,TANGA PROTECTOR SOLAR SPF 50 CREMA,0,0,"31,400",0
RECAMIER,7702113657005,TANGA PROTECTOR SOLAR SPF 70 CREMA,0,0,"70,000",0
RECAMIER,7702113622140,TANGA PROTECTOR SOLAR SPF 70 CREMA,0,0,"65,500",0
RECAMIER,7702113622096,TANGA SPF8 LOCION 185 ML + GEL AFS,0,0,"46,800",0
RECAMIER,7702113017984,TINTE COLORISS KIT CASTAÃ‘O CLARO,50,0,"12,500",0
RECAMIER,7702113620139,TINTE COLORISS KIT CASTAÃ‘O OSCURO,0,0,"12,500",0
RECAMIER,7702113035612,VITANE ADVANCE SHAMPOO ANTICASPA *,0,0,"15,600",0
RECAMIER,7702113023145,VITANE HYDRA THERAPY CABSECO ACOND,0,0,0,0
RECAMIER,7702113031058,VITANE MEN GEL MAX EXTREME CONTROL,0,0,"7,400",0
RECAMIER,7702113030730,VITANE MEN SHAMPOO PURE BALANCE *,40,0,"11,300",0
RECAMIER,7702113023206,VITANE SHAMPOO MUJER ANTI-CAIDA X,40,0,"15,100",0
RECAMIER,7702113038156,VITANE SHAMPOO S/SAL CONTROL GRASA,0,0,"17,900",0
RECAMIER,7702113023213,VITANE THERAPY ANTI-CAIDA ACOND X,40,0,0,0
RECAMIER,7702113023183,VITANE THERAPY ANTI-EDAD ACOND X,400,0,0,0
RECKITT ASEO,7702626168852,BETUN CHERRY LIQ NEGRO GTIS CHERRY,0,0,"7,000",0
RECKITT ASEO,7702626104041,BETUN CHERRY LIQ SUPER BLANCO X 60,0,0,"6,900",0
RECKITT ASEO,7702626168371,CHERRY BETUN NEGRO * 30 GR GTIS 12,0,0,"4,800",0
RECKITT ASEO,7702626202518,CHERRY CREMA AUTOBRILLANTE NEGRO *,0,0,"9,000",0
RECKITT ASEO,7702626170299,DETTOL 2X1 JABON LIQU ORIGINAL *,250,0,"10,900",0
RECKITT ASEO,7702626170312,DETTOL 2X1 JABON LIQU SKINCARE *,250,0,"9,200",0
RECKITT ASEO,7702626204925,DETTOL GEL ANTIBACTERIAL P/MANOS *,0,0,"14,800",0
RECKITT ASEO,7702626204994,DETTOL JABON  BARRA SKINCARE X 125,0,0,"2,600",0
RECKITT ASEO,7702626171067,DETTOL JABON ALOE VERA BARRA X 120,0,0,"2,600",0
RECKITT ASEO,7702626171098,DETTOL JABON ALOE VERA X 120 GR X,30,0,0,0
RECKITT ASEO,7702626204963,DETTOL JABON LIQ FRESH X 220 ML,0,0,"9,300",0
RECKITT ASEO,7702626204956,DETTOL JABON LIQ SKINCARE  220 ML,0,0,"9,000",0
RECKITT ASEO,7702626205090,DETTOL JABON LIQUIDO REPUESTO *,2500,0,"6,100",0
RECKITT ASEO,7702626204918,REPELEX KIDS GEL X 100 ML,0,0,"11,200",0
RECKITT ASEO,7702626109121,SANPIC PERFUMES FLOR DEL CAMPO X,500,0,"3,200",0
RECKITT ASEO,7702626204659,VANISH PODER O2 BLANCO TOTAL * 210,0,0,"6,100",0
RECKITT ASEO,7702626204628,VANISH PODER O2 BLANCO TOTAL X 450,0,0,"24,400",0
RECKITT BENC,7501159033725,DUREX GEL COSQUILLAS DE PLACER *,500,0,"31,400",0
RECKITT BENC,7707733975966,DUREX PACK EXTRA SEGURO,0,0,"21,800",0
RECKITT BENC,7702626205830,GAVISCON MENTA SUSP FRASCO *300 ML,0,0,"58,000",0
RECKITT BENC,7702626205847,GAVISCON SUSP LIQ *12 S/S,0,0,"25,900",0
RECKITT BENC,7707733979216,STREPSILS INTENSIVE MIEL-LIMON * 8,0,0,"13,500",0
RECKITT BENC,7707733979888,STREPSILS MIEL Y LIMÃ³N 8.75 MG *,10,0,"43,200",0
RECKITT BENC,8410104274160,VEET CREMA DEPIL PURE & FRESH *,2000,0,"32,500",0
RECKITT BENC,7702626202280,VEET CREMA DEPILADORA P.NORMA  *50,0,0,"14,300",0
RECKITT BENC,7702626206752,VEET CREMA DEPILATORIA FACIAL * 30,0,0,"10,300",0
REMO ,7705713300012,ANTIDOL B12 * 3 AMP,0,0,"26,600",0
REMO ,770571300005,ATOXCYNAROL * 5 ML,0,0,"21,400",0
REMO ,7705713100223,ENDOTELON 150 MG X 20 TABS,0,0,"78,800",0
REMO ,7705713100247,ENISOL 250 MG X 14 TABLS,0,0,"88,000",0
REMO ,7705713600013,ENISOL CREMA X 15 GRS,0,0,"17,600",0
REMO ,7705713200022,FINOXAL SUSP X 30 ML,0,0,"14,700",0
REMO ,7705713400019,METATITANE * 40 GR,0,0,"33,300",0
REPRESENT Y ,7707101103113,ASPIRADOR NASAL,0,0,"19,300",0
REPRESENTACI,77012418,DERMACOL UNG * 10 GR,0,0,"12,100",0
RIBEL Y CIA ,7709990734874,ANUCURE APLICADOR ESTUCHE,0,0,"80,000",0
ROCIPHAR SAS,7707186900812,ENERSAL FRESA * 30 SOBRES,0,0,"38,900",0
ROCIPHAR SAS,7707186901451,TAXEN 2% * 30 ML,0,0,"26,500",0
ROCIPHAR SAS,7707186900843,TAXEN X 90 ML,0,0,"11,000",0
ROPSOHN THER,7704588000058,BETOPROLOL 100 MG * 30 TAB,0,0,"16,400",0
ROPSOHN THER,7704588000300,INFLASAN GEL *50 GR,0,0,"23,900",0
ROPSOHN THER,7704588000232,LIDOPROCTO * 10 SUPOSITORIOS,0,0,"131,600",0
ROPSOHN THER,7704588000195,PRANOSINA * 20 TAB,0,0,"69,600",0
ROPSOHN THER,7704588000188,PRANOSINA JBE *120 ML,0,0,"47,500",0
ROPSOHN THER,7704588002137,ROXICAINA 1% SIMPLE * 10 ML,0,0,"14,900",0
ROPSOHN THER,77010957,ROXICAINA 1% SIMPLE * 20 ML,0,0,"26,900",0
ROPSOHN THER,7704588000270,ROXICAINA 1% SIMPLE * 50 ML,0,0,"29,100",0
ROPSOHN THER,7704588000331,ROXICAINA 2% SIMPLE * 50 ML,0,0,"28,700",0
ROPSOHN THER,7704588002151,ROXICAINA 2% SIMPLE *10 ML,0,0,"5,900",0
ROPSOHN THER,7704588000416,ROXICAINA JALEA * 30 ML,0,0,"27,700",0
ROPSOHN THER,7704588003417,SULFATO DE MAGNESIO 40 AMP * 10 ML,0,0,"44,000",0
ROPSOHN THER,7704588000560,TERBUROP *120 ML,0,0,"33,300",0
ROPSOHN THER,7704588000577,TERBUROP GUAYACOLATO * 120 ML,0,0,"33,500",0
ROPSOHN THER,7704588002045,",7TRANEXAM * 8 AMP",0,0,"61,500",0
ROSS D ELEN,7702789036029,GREEN EMULSION REFRESCANTE ROLL ON,0,0,"20,500",0
RUBEN DIAZ Y,7702746066106,HINDU ICE TEA 720G,0,0,0,0
RUBEN DIAZ Y,7702746100015,HINDU TE ROJO X 20UD,0,0,0,0
RUBEN DIAZ Y,7702746070141,HINDU TE VERDE CON PIEL DE UVA 26G,0,0,0,0
RUECAM LABOR,7709233974487,GAZU 40 MG *14 CAP,0,0,"25,300",0
RYMCO ,27706634002836,AGUJA 18 X 1 X 100,0,0,0,0
RYMCO ,27706634002928,AGUJA 19 X 1 X 100,0,0,0,0
RYMCO ,27706634003215,AGUJA 22 X 1 X 100,0,0,0,0
RYMCO ,27706634003314,AGUJA 23 X 1 X 100,0,0,"15,000",0
RYMCO ,27706634003420,AGUJA 25G X 100 UN,0,0,0,0
RYMCO ,27706634003468,AGUJA 26 X 1/2 X 100,0,0,0,0
RYMCO ,27706634003482,AGUJA 27 X 1/2 X 100,0,0,"18,000",0
RYMCO ,7706634002801,AGUJA HIPODERMICA 16 * 1 1/2,0,0,200,0
RYMCO ,27706634002850,AGUJA HIPODERMICA 18 * 1 1/2 * 100,0,0,"19,000",0
RYMCO ,27706634003345,AGUJA HIPODERMICA 23 * 1 1/2 * 100,0,0,"19,000",0
RYMCO ,7706634003884,EQUIPO ADMON SANGRE S/AGUJA,0,0,0,0
RYMCO ,7706634025688,EQUIPO MACROGOTEO,0,0,"1,700",0
RYMCO ,7706634004287,JELCO 20 UND RYMCO,0,0,"2,200",0
RYMCO ,7706634023592,JELCO 22 UND,0,0,"2,200",0
RYMCO ,7706634023585,JELCO 24 UND,0,0,"2,200",0
RYMCO ,010038290388336,JELCO 24G X 3/4,0,0,"2,200",0
RYMCO ,7706634000388,JERINGA 3 ML 23 X 1,0,0,400,0
RYMCO ,7706634000944,JERINGA INSULINA 27 X 1/2  HS CARE,0,0,400,0
RYMCO ,7706634003990,",7MINISET EQP. PERICRANEAL NO. 19G X",0,0,"1,000",0
RYMCO ,7706634004027,",7MINISET EQP. PERICRANEAL NO. 20G X",0,0,"1,000",0
RYMCO ,7706634008698,",7MINISET EQP. PERICRANEAL NO. 21G X",0,0,"1,000",0
RYMCO ,7706634004119,",7MINISET EQP. PERICRANEAL NO. 23G X",0,0,"1,000",0
RYMCO ,7706634004171,",7MINISET EQP. PERICRANEAL NO. 25G X",0,0,"1,000",0
SALUS ,7709456424882,AGUA BOTELLON * 5 LT,0,0,"7,900",0
SALUS PHARMA,7707367050657,ACIDO TRANEXAMICO 500 MG / 5 ML *,10,0,"150,000",0
SALUS PHARMA,7707367050671,BECLONOSE 50MG/22 ML SPRAY NASAL *,0,0,"11,000",0
SALUS PHARMA,7707367050510,FLUVIS 0.1% *5ML,0,0,"18,900",0
SANDERSON S.,17800062001966,CLORURO DE POTASIO 14.9% 10 ML CJA,0,0,"205,000",0
SANDERSON S.,17800062002376,CLORURO DE SODIO 11.7% 10 ML CJA *,0,0,"270,000",0
SANDOZ ,3838957021376,EQUILUMEN * 16 CAP,0,0,"27,500",0
SANDOZ ,7792069027021,LECTRUM 7.5 MG * 1 AMP,0,0,0,0
SANOFI FARMA,7591044912419,ACTONEL 150 MG X 1 TABLS,0,0,"59,600",0
SANOFI FARMA,4015600006501,ACTONEL 35 MG X 2 TABLS,0,0,"120,600",0
SANOFI FARMA,7591044006163,AMARYL 2 MG *15 COMP,0,0,"73,300",0
SANOFI FARMA,7591044006170,AMARYL 4 MG * 15 COMP,0,0,"138,900",0
SANOFI FARMA,7706263020542,AMARYL M 2/1000 MG * 32 COMP,0,0,"77,600",0
SANOFI FARMA,7501165006072,AMARYL M 2/1000 MG X 16 COMP,0,0,"51,800",0
SANOFI FARMA,8806107604798,AMARYL M 2/500 MG *30 COMP,0,0,"37,900",0
SANOFI FARMA,7702771024218,AMBRAMICINA 500 MG X 240 CAPS,0,0,"372,000",0
SANOFI FARMA,7706263000704,AMISPED 4 MG X 10 TBS,0,0,"37,500",0
SANOFI FARMA,7706263000711,AMISPED 4 MG X 30 TBS,0,0,"105,000",0
SANOFI FARMA,7706263000728,AMISPED 5 MG X 10 TBS,0,0,"38,000",0
SANOFI FARMA,7706263000735,AMISPED 5 MG X 30 TBS,0,0,"107,000",0
SANOFI FARMA,3582910014164,APIDRA 100 UI X 1 CARTUCHO *3 ML,0,0,"25,900",0
SANOFI FARMA,7706263001107,ARALEN X 200 TABLS,0,0,"62,000",0
SANOFI FARMA,7591044005630,ARAVA 100 MG * 3 TAB,0,0,"92,000",0
SANOFI FARMA,7591044005623,ARAVA 20 MG * 30 TAB,0,0,"222,800",0
SANOFI FARMA,7891058001100,BI-PROFENID 150 MG * 10 COMP,0,0,"100,400",0
SANOFI FARMA,3582910028055,",7CLEXANE 40MG *2 AMP",0,0,"170,000",0
SANOFI FARMA,3582910028031,CLEXANE 60 MG *2 AMP,0,0,"47,400",0
SANOFI FARMA,3582910028017,CLEXANE 80MG *2 AMP,0,0,"55,000",0
SANOFI FARMA,3582910027775,COAPROVEL 150/12.5 MG X 14 CO,0,0,"15,000",0
SANOFI FARMA,3582910027782,",7COAPROVEL 300/12.5 MG X 14 CO",0,0,"29,900",0
SANOFI FARMA,7706263005136,CORDARONE X 10 COMPS,0,0,"175,300",0
SANOFI FARMA,7706263001800,FALMONOX SUSP *90 ML,0,0,"58,600",0
SANOFI FARMA,7706263002760,FALMONOX TAB CJA * 3,0,0,"48,300",0
SANOFI FARMA,7702605107155,GLEMINEX 500/2.5 MG X 30 TABLS,0,0,"43,800",0
SANOFI FARMA,7702605107162,GLEMINEX 500/5 MG X 30 TAB,0,0,"49,800",0
SANOFI FARMA,3664798009682,HEXAXIM 0.5 ML * 1 JERINGA,0,0,"260,000",0
SANOFI FARMA,7706263001954,HIPERLIPEN *10 TAB,0,0,"8,200",0
SANOFI FARMA,7706263001961,",7HIPERLIPEN *20 TAB",0,0,"18,650",0
SANOFI FARMA,7702771450628,LANTADIN 6 MG X 10 TABLS,0,0,"9,300",0
SANOFI FARMA,7591044106245,LANTUS AMP * 10 ML,0,0,"144,500",0
SANOFI FARMA,7591044110006,LANTUS AMP * 3 ML,0,0,"43,400",0
SANOFI FARMA,7702771397848,LASILACTON X 16 CAPS,0,0,"94,900",0
SANOFI FARMA,7591044009775,LASIX 20 MG * 5 AMP,0,0,"41,500",0
SANOFI FARMA,7750939000192,MUSCORIL 8 MG X 10 CAPS,0,0,"59,300",0
SANOFI FARMA,7706263002913,NEO-QUIPENYL X 14 TABLS,0,0,"16,000",0
SANOFI FARMA,7702771214114,OMIFIN 50 MG X 30 TABLS,0,0,"147,600",0
SANOFI FARMA,7706263003231,",3PLAVIX 75 MG X 14 TABLS",0,0,"24,900",0
SANOFI FARMA,7706263006300,PLITICAN 50MG *5 AMP,0,0,"63,400",0
SANOFI FARMA,7591044401180,PROFENID 100 MG I.M. * 6 AMP,0,0,"103,900",0
SANOFI FARMA,7703202146387,PROFENID 100 MG I.V. * 3 AMP,0,0,"54,000",0
SANOFI FARMA,7591044401166,PROFENID GEL * 30 GR,0,0,"63,400",0
SANOFI FARMA,7891058008277,PROFENID JBE PEDIATRICO * 150 ML,0,0,"27,900",0
SANOFI FARMA,7706263007307,RHAMOXILINA 250 MG SUSP X 100 ML,0,0,"16,000",0
SANOFI FARMA,7591044207560,RIFOCINA SPRAY * 20 ML,0,0,"62,200",0
SANOFI FARMA,7591044401241,",7SECNIDAL 500 MG POLVO X 15 ML",0,0,"29,000",0
SANOFI FARMA,7591044411325,SINOGAN 100 MG X 100 TABLS,0,0,"285,000",0
SANOFI FARMA,7591044401333,SINOGAN GOTAS 4% * 20 ML,0,0,"81,800",0
SANOFI FARMA,7706263006379,SOCIAN 50 MG *20 TAB,0,0,"13,300",0
SANOFI FARMA,7501165006874,TRITACE 2.5 MG X 20 TABL,0,0,"119,000",0
SANOFI FARMA,7501165006850,TRITACE 5 MG X 20 TABLS,0,0,"228,000",0
SANOFI FARMA,7706263004337,WINTOMYLON SUSP X 120 ML,0,0,"30,600",0
SANOFI OTC,7706263200173,COLAXIN X 10 CAP,0,0,"9,200",0
SANOFI OTC,7703381002177,DULCOLAX P * 30 PERLAS,0,0,"27,000",0
SANOFI OTC,7703381001613,EFFORTIL * 3 AMP,0,0,"31,500",0
SANOFI OTC,7703381004492,PHARMATON KIDDI COMPLEX X 200 ML,0,0,"61,285",0
SANOFI OTC,7610939000939,PHARMATON X 30 CAPS,0,0,"37,000",0
SANOFI OTC,7703381101092,PHARMATON X 30 CAPS PAG 1 LLEV 2,0,0,"42,800",0
SANOFI OTC,041167627631,SELSUN AMARILLO 2.5% SOBRE CJA *,400,0,"92,000",0
SANOFI OTC,041167627624,SELSUN AMARILLO X 180 ML,0,0,"35,400",0
SANOFI OTC,041167627709,SELSUN AMARILLO X 40 S/S,0,0,"301,400",0
SANOFI OTC,7706263004528,WINTROPLEX X 100 TABLS,0,0,"96,600",0
SANULAC ,7502253072825,INFACARE 1 * 400 GR,0,0,"45,500",0
SANULAC ,75020202,INFACARE 1 * 400 GR,0,0,"41,900",0
SANULAC ,7503032206158,INFACARE 1 * 800 GR,0,0,"83,500",0
SANULAC ,7502253072856,INFACARE 2 * 400 GR,0,0,"39,600",0
SANULAC ,7500464348319,INFACARE 3 * 400 GR,0,0,"27,500",0
SANULAC ,7702338402114,PROGRESS * 900 GR,0,0,0,0
SANULAC ,7501108768500,S-26 GOLD * 400 GR,0,0,"37,500",0
SANULAC ,300080826553,S-26 GOLD * 900 GR,0,0,"80,000",0
SANULAC ,77501108768494,S-26 GOLD 1 * 900 GR,0,0,"125,600",0
SANULAC ,7702338162902,S-26 MAMA * 400 GR,0,0,"55,400",0
SANULAC ,7702338167983,S-26 MAMA * 400 GR PAG 1 LLEV,20,0,0,0
SC JOHNSON,7501032909857,AMBIENTADOR GEL GLADE MANZANA *,1700,0,"5,700",0
SC JOHNSON,7591005980877,AUTAN CREMA REPELENTE CON ALOE *,190,0,"18,400",0
SC JOHNSON,7503026029640,AUTAN SPRAY * 177 ML,0,0,"20,700",0
SC JOHNSON,7501032926069,BAYGON SPRAY MATA CUCARACHAS * 285,0,0,"8,500",0
SC JOHNSON,7501032922764,BAYGON VERDE LIQUIDO * 480 ML,0,0,"10,600",0
SC JOHNSON,7501032938215,GLADE LAVANDA AMBIENTADOR SPRAY *,40,0,"13,500",0
SC JOHNSON,7501032913687,GLADE VAINILLA AMBIENTADOR SPRAY *,0,0,"12,900",0
SC JOHNSON,7591005991972,MR MUSCULO MULTIUSOS * 500 ML,0,0,"12,700",0
SC JOHNSON,7591005574014,RAID LIQUIDO ELECTRICO,0,0,"19,300",0
SC JOHNSON,7591005993419,RAID MATA CUCARACHAS * 235 ML,0,0,"7,500",0
SC JOHNSON,7501032926199,RAID MATA CUCARACHAS * 285 ML,0,0,"15,700",0
SC JOHNSON,7591005677814,RAID REPUESTO + 24 PASTILLAS,0,0,"19,500",0
SC JOHNSON,7591005994782,RAID ZANCUDOS Y CUCARACHAS 2 UND *,0,0,"25,700",0
SC JOHNSON,7591005981881,RAID ZANCUDOS Y MOSCAS * 235 ML,0,0,"7,500",0
SC JOHNSON,7702277151852,STAY OFF REPELENTE ADULTO SPRAY *,10,0,"13,500",0
SC JOHNSON,7702277131205,STAY OFF REPELENTE DE PIOJOS SPRAY,0,0,"26,000",0
SC JOHNSON,7702277016175,STAY OFF REPELENTE EXT ROLLON * 40,0,0,"15,500",0
SC JOHNSON,7702277016182,STAY OFF REPELENTE EXT SPRAY * 120,0,0,"20,000",0
SC JOHNSON,7702277521570,STAY OFF REPELENTE FAMILIAR CREMA,20,0,"28,500",0
SC JOHNSON,7706800002925,STAY OFF REPELENTE NINOS SPRAY *,120,0,"25,000",0
SC JOHNSON,7702277151821,STAY OFF REPELENTE NIÃ‘OS SPRAY *,10,0,"13,500",0
SC JOHNSON,7706800003021,STAY OFF REPELENTE ROLL ON EXTREME,0,0,"12,000",0
SC JOHNSON,7702277048022,STAY OFF REPELENTE ROLLON AMAZONIC,0,0,"15,500",0
SC JOHNSON,7702277047926,STAY OFF REPELENTE ROLLON AMAZONIC,0,0,"15,500",0
SC JOHNSON,7702277190332,STAY OFF REPELENTE ROLLON NIÃ‘O *,40,0,"15,500",0
SC JOHNSON,7702277190257,STAY OFF REPELENTE ROLLON NIÃ‘O *,40,0,"15,300",0
SERONO DE CO,7730949041118,GONAL-F 75 UI AMP,0,0,0,0
SERPHARMA/SW,7707296690313,DOLIFOR-T 200 MG. * 10 CAP. UNIDAD,0,0,"6,000",0
SERPHARMA/SW,7707296690368,DOLIFOR-T 400 MG. * 10 CAP. UNIDAD,0,0,"10,000",0
SERVIER ,5391189230605,COVERAM 10/10MG * 30 COMP,0,0,"52,300",0
SERVIER ,5391189220576,COVERAM 10/5 MG * 30 COMP,0,0,"48,000",0
SERVIER ,5391189200608,COVERAM 5/5MG *30 COMP,0,0,"25,300",0
SERVIER ,7708908625549,DAFLON 500 MG * 30 TAB,0,0,"29,200",0
SERVIER ,7594002620425,PROCORALAN 5 MG *28 COMP,0,0,"53,000",0
SERVIER ,7594002620418,PROCORALAN 7.5 MG X 28 COMP,0,0,"134,700",0
SERVIPAN DE ,7707220540264,MERENGUITOS X 110 GR,0,0,0,0
SERVIPAN DE ,7707220548857,PAN ALINADO X 190 GR,0,0,0,0
SERVIPAN DE ,7707240270059,PAN DE QUESO X 6 UND,0,0,0,0
SESDERMA,8470003085410,SESDERMA ATOPISES GEL DE BAÃ‘O *,750,0,"78,300",0
SESDERMA,8429979208040,SESDERMA AZELAC RU LIPOSOMAL SERUM,0,0,"220,000",0
SESDERMA,8470001612731,SESDERMA GEL DE ALOE HIDRALOE *,2500,0,"84,500",0
SESDERMA,8470001669421,SESDERMA VITAMIN-C CREMA FACIAL *,50,0,"175,000",0
SEVENPHARMA ,8902413019490,FLUOROURACILO INTRAVENOSO 500 MG *,0,0,"14,800",0
SEVENPHARMA ,8906028266492,GEMCITABINA 1 GR  + MANITOL 1GR *,10,0,"96,000",0
SEVENPHARMA ,8903726235225,IRINOTECAN 100 MG/5 ML AMPOLLA,0,0,"92,800",0
SEVENPHARMA ,8906098723741,MIZONIC 4MG *1 VIAL,0,0,"38,800",0
SEVENPHARMA ,8903726283844,TADET 20MG X 1TAB,0,0,"14,400",0
SEVENPHARMA ,8903726283851,TADET 20MG X 2 TAB,0,0,"24,000",0
SEVENPHARMA ,8903726271049,TADET 5MG X 30 TAB,0,0,0,0
SEVENPHARMA ,8903726204603,TRUSTIVA CJA * 30 TB,0,0,"121,600",0
SEVENPHARMA ,8903726247211,ZEMIB 10 MG * 21 TAB,0,0,"74,500",0
SEVERIANO FE,7706462000062,FOSFOGEN * 100 TAB,0,0,"83,200",0
SEVERIANO FE,7706462000031,FOSFOGEN * 100 TAB,0,0,"83,200",0
SEVERIANO FE,7706462000048,FOSFOGEN * 20 TAB,0,0,"18,700",0
SEVERIANO FE,7706462000017,FOSFOGEN * 20 TAB,0,0,"17,800",0
SEVERIANO FE,7706462000055,FOSFOGEN * 40 TAB,0,0,"34,900",0
SEVERIANO FE,7706462000024,FOSFOGEN * 40 TAB,0,0,"34,600",0
SEX SHOP,7709848252482,ANILLOS RETARDANTES STAY HARD,0,0,"7,000",0
SEX SHOP,7707674731171,ANUBIS PLUG ANAL LESTER,0,0,"22,900",0
SEX SHOP,6970556031336,ARES SMART VIBRADOR,0,0,0,0
SEX SHOP,7709212861098,CERDITO VIBRADOR,0,0,"25,917",0
SEX SHOP,6970556031169,LILO BALA VIBRADORA,0,0,0,0
SEX SHOP,6970556030766,LILO VIBRADOR PALO ROSA RECARGABLE,0,0,0,0
SEX SHOP,7707674739634,LUBRICANTE INTIMO DE SILICONA * 30,0,0,"35,900",0
SEX SHOP,7709584196453,LUBRICANTE INTIMO PLACER ANAL * 15,0,0,"26,775",0
SEX SHOP,7709671756591,LUBRICANTE INTIMO PLACER ANAL * 60,0,0,"62,475",0
SEX SHOP,7709671756539,LUBRICANTE INTIMO PLACER EXPLOSION,0,0,"18,000",0
SEX SHOP,7709671756522,LUBRICANTE INTIMO PLACER NEUTRO *,60,0,"33,000",0
SEX SHOP,7708909924597,LUBRICANTE PLACER EXPLOSION FRUTAS,0,0,"33,000",0
SEX SHOP,7708909924573,TOUCHME SPLASH FEROMONA NEUTRA *,200,0,"42,600",0
SEX SHOP,7709848252413,VALA VIBRADORA,0,0,"30,000",0
SEX SHOP,7709848252499,VALA VIBRADORA DELFIN,0,0,"10,000",0
SEX SHOP,094308630335,VIBRADOR PANDORA,0,0,"40,900",0
SIEGFRIED AH,7707351591173,CONDIMAX SOL * 5 ML,0,0,"79,000",0
SIEGFRIED AH,7707351591869,CUYDERM CREMA * 40 GR,0,0,"24,000",0
SIEGFRIED AH,7707351591272,DICLOCIL 250 MG * 80 ML,0,0,"54,500",0
SIEGFRIED AH,7707351592880,LASONIL GEL * 20 GR,0,0,"43,800",0
SIEGFRIED AH,7707351592828,LASONIL GEL * 40 GR,0,0,0,0
SIEGFRIED AH,7707351591159,RIFAPEN SPRAY * 20 ML,0,0,"62,300",0
SIEGFRIED AH,7707351591418,S ORIPOL NF * 20 CAP,0,0,"83,300",0
SIEGFRIED CO,7707355057682,ADOREM 500 * 10 TAB PAGUE 1 LLEVE,20,0,"12,600",0
SIEGFRIED CO,7707355052014,ADOREM JBE * 120 ML,0,0,"17,700",0
SIEGFRIED CO,7707355059181,ADOREM PLUS * 10 TAB PAGUE 1 LLEVE,0,0,"14,400",0
SIEGFRIED CO,7707355052700,DOCEFAL * 10 TAB,0,0,"13,000",0
SIEGFRIED CO,7707355052205,DOCEFAL * 100 TAB,0,0,"107,500",0
SIEGFRIED CO,7707355052212,DOCEFAL TOSUS *120 ML,0,0,"16,500",0
SIEGFRIED CO,7703366200123,",7HIPOGLOS * 30 GR",0,0,"12,000",0
SIEGFRIED CO,7707355051017,",7HIPOGLOS * 60 GR",0,0,"21,000",0
SIEGFRIED CO,7707355051048,HIPOGLOS CALENDULA * 30 GR,0,0,"15,700",0
SIEGFRIED CO,7703234103044,NOXPIRIN DIA MANDARINA * 24 S/S,0,0,"63,500",0
SIEGFRIED CO,7707355053431,NOXPIRIN DIA MANDARINA * 6 S/S,0,0,"17,600",0
SIEGFRIED CO,7703234103020,NOXPIRIN F DIA ADULTOS * 24 SOBRES,0,0,"36,000",0
SIEGFRIED CO,7703234100616,NOXPIRIN JUGO DIA * 6 S/S,0,0,0,0
SIEGFRIED CO,7707320980748,SUN DAYS FPS50 + POST SOLAR GOLD *,0,0,"56,500",0
SIEGFRIED CO,7707355057330,SUN DAYS LOCION FPS50 + 2 UND *,1200,0,"72,100",0
SIEGFRIED FA,7707355050034,ACIBATH LOCION * 120 ML,0,0,"68,800",0
SIEGFRIED FA,7707355050973,",7ACIBATH SCRUB * 120 GR",0,0,"76,800",0
SIEGFRIED FA,7707355056838,AFELIUS EXPERT SPF50 + EMULSION *,60,0,"140,400",0
SIEGFRIED FA,7707355050881,AFELIUS OIL FREE * 60 GR,0,0,"139,000",0
SIEGFRIED FA,7707355050843,",7AFELIUS SPF 50 * 60 GR",0,0,"135,000",0
SIEGFRIED FA,7707355053554,ALGIMIDE 325/15MG * 10 TAB,0,0,"21,900",0
SIEGFRIED FA,7705323131150,ANTALGINE FORTE * 8 TAB,0,0,0,0
SIEGFRIED FA,7705323131174,ANTALGINE FORTE * 80 TAB,0,0,"92,000",0
SIEGFRIED FA,7707355056043,",7APRACAL GOTAS * 20 ML",0,0,0,0
SIEGFRIED FA,7703153021061,AQUASOL B6 * 30 CAP,0,0,"66,300",0
SIEGFRIED FA,7707355052076,ARTRITES 100 MG * 5 AMP,0,0,"94,300",0
SIEGFRIED FA,7703863010058,ARTRITES 120 MG RETARD * CAP,100,0,"33,000",0
SIEGFRIED FA,7703863321031,ARTRITES GEL * 50 GR,0,0,"34,400",0
SIEGFRIED FA,7896226501246,BACTRIM F 400/80MG * 100 ML,0,0,"122,400",0
SIEGFRIED FA,7707355055930,BACTRIM SUSP * 100 ML,0,0,"86,700",0
SIEGFRIED FA,7703153016357,BIENEX 15MG/1.5 ML * 3 AMP,0,0,"72,100",0
SIEGFRIED FA,7703234100128,BRONCOCHEM TUTTI FRUTI * 120 ML,0,0,"18,000",0
SIEGFRIED FA,7707355056050,CEDAR 25 MG * 20 TAB,0,0,"19,500",0
SIEGFRIED FA,7703659000072,CEDAR 25 MG * 20 TAB,0,0,"19,500",0
SIEGFRIED FA,7703659000089,",7CEDAR 30 MG * 20 TAB",0,0,0,0
SIEGFRIED FA,7707355056074,",7CEDAR JBE * 120 ML",0,0,0,0
SIEGFRIED FA,7707355050744,CLIMBASEB SHAMPOO * 120 ML,0,0,"116,400",0
SIEGFRIED FA,7703659129001,",7COQUAN 0.5 MG * 30 TAB",0,0,"31,500",0
SIEGFRIED FA,7703659129605,",7COQUAN 2 MG * 30 TAB",0,0,"55,300",0
SIEGFRIED FA,7707355056104,COQUAN GOTAS * 30 ML,0,0,"72,600",0
SIEGFRIED FA,7795345002897,CORBIS 5 MG * 30 TAB,0,0,"19,800",0
SIEGFRIED FA,7707355050263,",7DARKSUN PANTALLA SOLAR GEL * 60 ML",0,0,"148,000",0
SIEGFRIED FA,7707355050232,DESONIDA 0.05% CREMA * 15 GR,0,0,"20,500",0
SIEGFRIED FA,7707355052182,DIFAST F * 10 TAB,0,0,"32,000",0
SIEGFRIED FA,7707355052175,DIFAST F * 20 TAB,0,0,"49,100",0
SIEGFRIED FA,7707163010282,",7EFAL BARRA LIMPIAD PED * 100 GR",0,0,"50,100",0
SIEGFRIED FA,7707355050553,EXANIA EMULSION * 60 ML,0,0,"67,400",0
SIEGFRIED FA,7703659000416,EXPAN 50 MG * 30 TAB,0,0,"87,300",0
SIEGFRIED FA,7707355052229,FASTFEN * 10 TAB,0,0,"79,000",0
SIEGFRIED FA,7707355052236,FASTFEN * 120 ML,0,0,"71,000",0
SIEGFRIED FA,7707355053851,FLY OUT REPELENTE FAMILIAR SPRAY *,0,0,"23,000",0
SIEGFRIED FA,7703153011529,GESTAFER * 30 CAP,0,0,"89,400",0
SIEGFRIED FA,7707355057576,GIRALMET 100.000 UI * 2 ML,0,0,"97,600",0
SIEGFRIED FA,7707355057750,GIRALMET 1000 UI * 100 TAB GTS *,300,0,"99,200",0
SIEGFRIED FA,7707163010916,",7GLISAL RENOVADOR CUTANEO * 30 GR",0,0,"135,900",0
SIEGFRIED FA,7705323231119,GOTAX 0.5 MG * 5 ML,0,0,"11,500",0
SIEGFRIED FA,7707355056487,INDUCTAL 2 MG * 30 TAB,0,0,"114,000",0
SIEGFRIED FA,7707355052281,KASTMAR 10 MG * 10 TAB,0,0,"44,500",0
SIEGFRIED FA,7703863164393,",7KASTMAR 4 MG * 10 TAB MASTICABLES",0,0,0,0
SIEGFRIED FA,7707355052304,KASTMAR 5 MG * 10 TAB MASTICABLES,0,0,"38,500",0
SIEGFRIED FA,7705323221127,",7KURAMED UNG * 10 GR",0,0,"23,500",0
SIEGFRIED FA,7707163010831,",7LAUDAL CREMA * 30 GR",0,0,"109,200",0
SIEGFRIED FA,7707355052342,LEZAT 5 MG * 10 TAB,0,0,"62,400",0
SIEGFRIED FA,7707355052359,LEZAT GOTAS * 20 ML,0,0,"61,500",0
SIEGFRIED FA,7707355052373,",7LEZAT JBE * 120 ML",0,0,"54,000",0
SIEGFRIED FA,7703863166557,LEZAT JBE * 60 ML,0,0,"42,100",0
SIEGFRIED FA,7703153000400,LIFERTRON E * 30 CAP,0,0,"43,000",0
SIEGFRIED FA,7707355052380,",7MATERNAMIM NF * 30 TAB",0,0,0,0
SIEGFRIED FA,7703659166709,",7MEFLAX 5 MG * 14 TAB",0,0,0,0
SIEGFRIED FA,7707355058184,MEFLAX 5 MG * 30 TAB,0,0,"68,900",0
SIEGFRIED FA,7791984999970,MEGACISTIN LOCION TRATANTE SPRAY *,0,0,"123,000",0
SIEGFRIED FA,7791984999987,MEGACISTIN SHAMPOO TRATANTE FCO *,20,0,"100,000",0
SIEGFRIED FA,7707355052465,MELCOX 15 MG * 3 AMP,0,0,"35,500",0
SIEGFRIED FA,7703153000455,METROZIN 250 MG * 120 ML,0,0,"60,100",0
SIEGFRIED FA,7703153000479,METROZIN 500 MG * 10 OVULOS,0,0,"44,400",0
SIEGFRIED FA,7703153000462,METROZIN 500 MG * 50 CAP,0,0,"129,000",0
SIEGFRIED FA,7707355055558,METROZIN NISTATINA * 10 OVULOS,0,0,"56,500",0
SIEGFRIED FA,7707355056135,MIGRAGESIN GOTAS * 10 ML,0,0,"87,100",0
SIEGFRIED FA,7707355052533,MIXEL 500 MG * 6 TAB,0,0,"81,000",0
SIEGFRIED FA,7707355052519,MIXEL SUSP * 30 ML,0,0,"66,400",0
SIEGFRIED FA,7707355052526,MIXEL SUSP * 60 ML,0,0,"90,400",0
SIEGFRIED FA,7707355052472,MOPERID SUSP * 60 ML,0,0,"37,500",0
SIEGFRIED FA,7707355052496,MOPSALEM * 100 TAB,0,0,"106,000",0
SIEGFRIED FA,7703659000195,",7NISON 30 MG * 30 TAB",0,0,0,0
SIEGFRIED FA,7707355050683,NOPTER LOCION * 60 ML,0,0,"57,500",0
SIEGFRIED FA,7798181642128,NUTRIBABY PREMIUM 1 * 800 GR,0,0,"131,000",0
SIEGFRIED FA,7798181640261,NUTRIBABY PREMIUM BAJA LACTOSA *,400,0,"80,000",0
SIEGFRIED FA,7798181640315,NUTRIBABY PREMIUM PREMATUROS * 400,0,0,"79,600",0
SIEGFRIED FA,7705323121137,OSTEOCAL D * 30 TAB,0,0,"14,100",0
SIEGFRIED FA,7703153001711,OTOSEC GOTAS * 10 ML,0,0,"61,500",0
SIEGFRIED FA,7707355055657,OTOSEC HC GOTAS * 10 ML,0,0,"80,300",0
SIEGFRIED FA,7703153000509,PAMOX 250 MG * 30 CAP,0,0,"142,000",0
SIEGFRIED FA,7703153000493,PAMOX 250 MG SUSP * 15 ML,0,0,"31,500",0
SIEGFRIED FA,7707355050706,PRAMIXAL LOCION * 120 ML,0,0,"39,900",0
SIEGFRIED FA,7707355050171,QUANOX GOTAS  * 5 ML,0,0,"33,500",0
SIEGFRIED FA,7707355050485,QUANOX LOCION TOPICA * 60 ML,0,0,"60,400",0
SIEGFRIED FA,7707163010961,",7REMITAL * 60 GR",0,0,"63,300",0
SIEGFRIED FA,7705323244126,ROSUCOL 10 MG * 14 TAB,0,0,0,0
SIEGFRIED FA,7705323244133,ROSUCOL 10 MG * 28 TAB,0,0,"196,000",0
SIEGFRIED FA,7707355052595,ROTAFLEX NARANJA * 15 S/S,0,0,"82,400",0
SIEGFRIED FA,7703863176020,",7ROTAFLEX NARANJA * 30 S/S",0,0,"124,500",0
SIEGFRIED FA,7703863179014,",7SAK 20 MG * 14 TAB",0,0,0,0
SIEGFRIED FA,7707355050928,",7SILICARE DERMOPROTECTORA * 60 GR",0,0,"61,800",0
SIEGFRIED FA,7707355050157,SPORUM SHAMPOO * 120 ML,0,0,"120,000",0
SIEGFRIED FA,7707355050058,STRATUN LOCION HIDRAT * 240 ML,0,0,"95,000",0
SIEGFRIED FA,7705323242122,TIAZOMET-S 10/20MG * 28 TAB,0,0,"78,300",0
SIEGFRIED FA,7707355052663,TIZAFEN * 20 TAB,0,0,"85,000",0
SIEGFRIED FA,7707355055572,TRALEX * 10 CAP,0,0,"47,900",0
SIEGFRIED FA,7703863111175,TREX CREMA * 15 GR,0,0,"30,000",0
SIEGFRIED FA,7707355052656,TREX CREMA * 15 GR,0,0,"30,000",0
SIEGFRIED FA,7707267840068,TREX CREMA * 30 GR,0,0,"39,000",0
SIEGFRIED FA,7703659000287,",7VALSUP 500 MG * 30 TAB",0,0,"41,200",0
SIEGFRIED FA,7707355056265,VALSUP JBE * 120 ML,0,0,"11,800",0
SIEGFRIED FA,7707355052694,VISEP 16 MG * 20 TAB,0,0,"76,900",0
SIEGFRIED FA,7707355052670,VISEP 8 MG * 30 TAB,0,0,"47,000",0
SIEGFRIED FA,7707355052687,",7VISEP 8 MG * 50 TAB",0,0,0,0
SIEGFRIED FA,7703153018375,VISOCAP * 30 CAP,0,0,"85,100",0
SIEGFRIED FA,7707355056760,ZEPAX 10 MG * 30 TAB,0,0,"191,300",0
SIEGFRIED FA,7707355056753,ZEPAX 20 MG * 30 TAB,0,0,"227,400",0
SIEGFRIED FA,7703153000974,ZITRIM SUSP * 15 ML,0,0,"67,800",0
SIEGFRIED FA,7703153014391,ZITRIM SUSP * 30 ML,0,0,"71,500",0
SIEGFRIED NO,7702635151937,DIOVAN HCT 160/12.5 * 14 TAB,0,0,"44,500",0
SIEGFRIED NO,7702635710202,DIOVAN HCT 160/12.5 * 28 TAB,0,0,"68,400",0
SIEGFRIED NO,7702635710110,EXFORGE 10/160 MG * 28 TAB,0,0,"58,000",0
SIEGFRIED NO,7702635710424,EXFORGE 5/160 MG * 14 COMP,0,0,"55,400",0
SIEGFRIED NO,7702635709671,EXFORGE 5/160 MG * 28 COMP,0,0,"57,000",0
SIEGFRIED NO,7702635709626,EXFORGE 5/80 MG * 28 COMP,0,0,"29,600",0
SIEGFRIED NO,7702635712961,GALVUS 50 MG * 28 COMP,0,0,"53,700",0
SIEGFRIED NO,7702635716853,GALVUS 50 MG * 56 COMP,0,0,"97,600",0
SIEGFRIED NO,7702635717416,GALVUS-MET 50/1000MG * 28 COMP,0,0,"54,800",0
SIEGFRIED NO,7702635717492,GALVUS-MET 50/1000MG * 56 COMP,0,0,"101,400",0
SIEGFRIED NO,7702635717423,GALVUS-MET 50/500MG * 28 COMP,0,0,"36,600",0
SIEGFRIED NO,7702635717409,GALVUS-MET 50/850MG * 28 COMP,0,0,"55,000",0
SIMONIZ ,7702155491315,BINNER AUTO SANO MENTA SPRAY * 110,0,0,"6,800",0
SIMONIZ ,7702155048090,BINNER DESINFECTANTE HOGAR AEROSOL,0,0,"10,300",0
SIMONIZ ,7702155572694,BINNER SANO KIDS MORA AZUL,0,0,"11,000",0
SIMONIZ ,7702155309658,BINNER TODO SANO JABON LIQ AVENA Y,0,0,"8,000",0
SKINDRUG ,7707327210169,GELCLIN PLUS LIMPIADOR FACIAL *,2800,0,"91,100",0
SKINDRUG,7707327210152,LEAXIN CREMA * 15 GR,0,0,"58,000",0
SKINDRUG,7707327210312,RETIMAX *45 CAP,0,0,"120,000",0
SKY ,7708682913603,KIT ORTODONCIA LUXURY ORAL-PLUS,0,0,"7,900",0
SKY ,7707860021178,CEPILLO ADULTO WAVINESS,0,0,"1,700",0
SKY ,7704631420000,CEPILLO INTERDENTAL TRAVELER BRUSH,0,0,"8,800",0
SKY ,7704631904111,CEPILLO ULTRA DUO TEXTURA MEDIA,0,0,"7,000",0
SKY ,7708682913962,CREMA DENTAL ORAL-PLUS SIN FLUOR +,0,0,"6,500",0
SKY ,7708682913078,ENHEBRADORES ORAL PLUS X 15,0,0,"3,600",0
SKY ,7707860028146,ENJUAGUE BUCAL FLUOR * 500 ML,0,0,"7,000",0
SKY ,7708682913658,KIT ORTODONCIA FLEX ORAL PLUS,0,0,"14,900",0
SKY ,7708682913290,KIT ORTODONCIA VIAJERO COMPLETO,0,0,"15,000",0
SKY ,7704631000202,SEDA DENTAL YERBABUENA CON FLUOR *,0,0,"6,200",0
SKY PHARMA,7707299360435,DAPET JB * 240 ML,0,0,"29,000",0
SKY PHARMA,7707299360114,DYNA PLUS MULTIVITAMINICO CJA * 30,0,0,"35,000",0
SKY PHARMA,7707299360411,DYNAFORT FAMILIA VAINILLA POTE *,400,0,"27,500",0
SKY PHARMA,7707299360466,ROTAGEL UNG * 40 GR,0,0,"33,000",0
SKY PHARMA,7707299360497,ULCEFLUX JB * 240 ML,0,0,"37,000",0
SKY PHARMA,7707299360589,ULCEFLUX JB * 360 ML,0,0,"35,000",0
SKY PHARMA,7709541819777,VITAMINA E PLUS ZINC 1000 U.I. CJA,0,0,"38,000",0
SMART LABORA,7702186031320,COLONIA VIRKOS RETRO X 100 ML,0,0,0,0
SMART LABORA,7702186007240,ESMALTE AMATISTA  64,0,0,0,0
SMART LABORA,7702186007295,ESMALTE ANGEL  69,0,0,0,0
SMART LABORA,7702186007257,ESMALTE IMAVERA  65,0,0,0,0
SMART LABORA,7702186007288,ESMALTE ORQUIDEA  68,0,0,0,0
SMART LABORA,7702186007233,ESMALTE PERLA  63,0,0,0,0
SMART LABORA,7702186058532,ESTUCHE CREMA + TALCO ETEREAL X,2000,0,0,0
SMART LABORA,7702186031405,GEL DE AFEITAR VIRKOS X 130 GR,0,0,0,0
SMART LABORA,7702186004706,LABIAL SMART N 139 X 4 GR,0,0,0,0
SMART LABORA,7702186004010,LAPIZ DE LABIOS COCOA,0,0,0,0
SMART LABORA,7707186004003,LAPIZ DE LABIOS ESCARA,0,0,0,0
SMART LABORA,7702186003525,LAPIZ DELINEADOR OJOS CAFE SMART,0,0,0,0
"SMART LABORA06475,",770218603,LOCION SPLASH VIRKOS X 25 ML,0,0,0,0
SMART LABORA,7702186031399,LOCION VIRKOS AFTER/SAVE X 100ML,0,0,0,0
SMART LABORA,7702186022267,NAILEN CORR LIQ N1  7G X,10,0,"14,500",0
SMART LABORA,7702186023264,NAILEN DELINEADOR LAP OJ VAINILLA,0,0,"7,300",0
SMART LABORA,7702186015122,NAILEN FASHION GIRL X 65 ML,0,0,0,0
SMART LABORA,7702186030125,NAILEN GEL PARA OJOS X30GR,0,0,0,0
SMART LABORA,7702186023714,NAILEN ILUMINADOR N 1,0,0,0,0
SMART LABORA,7702186023721,NAILEN ILUMINADOR N,20,0,0,0
SMART LABORA,7702186023646,NAILEN LABIAL LARGA DURACION FRESA,0,0,"5,700",0
SMART LABORA,7702186023691,NAILEN LABIAL LARGA DURACION MELON,0,0,"5,700",0
SMART LABORA,7702186024377,NAILEN LABIAL LD CORAL MATE 2G X,10,0,"8,500",0
SMART LABORA,7702186023127,NAILEN LAPIZ DELINEADOR CEJAS DARK,0,0,"7,900",0
SMART LABORA,7702186023066,NAILEN LAPIZ DELINEADOR OJOS CELES,0,0,0,0
SMART LABORA,7702186023035,NAILEN LAPIZ DELINEADOR OJOS SEPIA,0,0,"7,300",0
SMART LABORA,7702186023103,NAILEN LAPIZ RETRACTIL CEJAS COCOA,0,0,0,0
SMART LABORA,7702186023486,NAILEN LAPIZ RETRACTIL LABIOS DIVA,0,0,0,0
SMART LABORA,7702186023431,NAILEN LAPIZ RETRACTIL LABIOS FLAN,0,0,0,0
SMART LABORA,7702186023424,NAILEN LAPIZ RETRACTIL LABIOS INCA,0,0,0,0
SMART LABORA,7702186023158,NAILEN LAPIZ RETRACTIL OJOS ALEGRO,0,0,0,0
SMART LABORA,7702186023073,NAILEN LAPIZ RETRACTIL OJOS CAFE X,0,0,0,0
SMART LABORA,7702186023141,NAILEN LAPIZ RETRACTIL OJOS INDIGO,0,0,0,0
SMART LABORA,7702186030323,NAILEN LOCION ASTRIGENTE X 250ML,0,0,0,0
SMART LABORA,7702186030224,NAILEN LOCION TONICAX 250ML,0,0,0,0
SMART LABORA,7702186020072,",7NAILEN MAQUILLAJE BASE LIQ # 1 *",250,0,"10,500",0
SMART LABORA,7702186020089,",7NAILEN MAQUILLAJE BASE LIQ # 2 *",250,0,"10,500",0
SMART LABORA,7702186020096,",7NAILEN MAQUILLAJE BASE LIQ # 3 *",250,0,"10,500",0
SMART LABORA,7702186020102,",7NAILEN MAQUILLAJE BASE LIQ # 4 *",250,0,"10,500",0
SMART LABORA,7702186020119,",7NAILEN MAQUILLAJE BASE LIQ # 5 *",250,0,"10,500",0
SMART LABORA,7702186020638,NAILEN MAQUILLAJE CREMOSO,30,0,0,0
SMART LABORA,7702186020676,NAILEN MAQUILLAJE CREMOSO BARRA N,10,0,0,0
SMART LABORA,7702186020690,NAILEN MAQUILLAJE CREMOSO BARRA N,30,0,"8,100",0
SMART LABORA,7702186020706,NAILEN MAQUILLAJE CREMOSO BARRA N,40,0,0,0
SMART LABORA,7702186020713,NAILEN MAQUILLAJE CREMOSO BARRA N,50,0,0,0
SMART LABORA,7702186020720,NAILEN MAQUILLAJE CREMOSO BARRA N,60,0,0,0
SMART LABORA,7702186023240,NAILEN PESTANINA  TRANSPARENTE X 6,0,0,"4,800",0
SMART LABORA,7702186023196,NAILEN PESTANINA NEGRA X 6 GR,0,0,"4,800",0
SMART LABORA,7702186060016,NAILEN POLVERA ED LIMITADA N.1 *,140,0,"7,500",0
SMART LABORA,7702186060023,NAILEN POLVERA ED LIMITADA N.2 *,140,0,"7,500",0
SMART LABORA,7702186028191,NAILEN POLVO COMPACTO,0,0,"9,000",0
SMART LABORA,7702186020331,NAILEN POLVO COMPACTO FILTRO SOLAR,0,0,"11,600",0
SMART LABORA,7702186020492,NAILEN POLVO COMPACTO FILTRO SOLAR,0,0,"10,900",0
SMART LABORA,7702186020508,NAILEN POLVO COMPACTO FILTRO SOLAR,0,0,"11,600",0
SMART LABORA,7702186020577,NAILEN POLVO COMPACTO FILTRO SOLAR,0,0,"10,900",0
SMART LABORA,7702186020584,NAILEN POLVO COMPACTO FILTRO SOLAR,0,0,"10,900",0
SMART LABORA,7702186020591,NAILEN POLVO COMPACTO FILTRO SOLAR,0,0,"10,900",0
SMART LABORA,7702186028153,NAILEN POLVO COMPACTO MANDALA N,10,0,"6,400",0
SMART LABORA,7702186020324,NAILEN POLVO COMPACTO SATINADO,0,0,"6,100",0
SMART LABORA,7702186026296,NAILEN REMOVEDOR VITA E X 30 ML,0,0,"3,300",0
SMART LABORA,7702186026289,NAILEN REMOVEDOR VITA E X 63 ML,0,0,0,0
SMART LABORA,7702186021901,NAILEN RUBOR DUO N 3 *5 GR,0,0,"7,900",0
SMART LABORA,7702186021000,NAILEN RUBOR INDIVIDUAL N 19 *3 GR,0,0,"4,600",0
SMART LABORA,7702186020751,NAILEN RUBOR INDIVIDUAL N 26 *3 GR,0,0,"4,600",0
SMART LABORA,7702186016327,PESTANINA CAFE SMART,0,0,0,0
SMART LABORA,7702186037001,PESTANINA SP PRO NEGRA,0,0,0,0
SMART LABORA,7702186023134,PESTAÃ±INA NAILEN TRANSPARENTE X,130,0,"11,000",0
SMART LABORA,7702186023349,PESTAÃ±INA NAILEN WATERPROOF NEGRA,0,0,"11,000",0
SMART LABORA,7702186001477,POLVO COMP SMART A/EDAD HUMECT N13,0,0,0,0
SMART LABORA,7702186064007,POLVO COMP SMART N12 + LABIAL N142,0,0,0,0
SMART LABORA,7702186001200,POLVO COMPACTO SMART N1 ESPEJO X,140,0,0,0
SMART LABORA,7702186000418,POLVO COMPACTO SMART N1 X 14 GR,0,0,"8,500",0
SMART LABORA,7702186001279,POLVO COMPACTO SMART N12 ESPEJO X,10,0,0,0
SMART LABORA,7702186001217,POLVO COMPACTO SMART N2 ESPEJO X,140,0,0,0
SMART LABORA,7702186000425,POLVO COMPACTO SMART N2 X 14 GR,0,0,"8,500",0
SMART LABORA,7702186001224,POLVO COMPACTO SMART N3 ESPEJO X,140,0,0,0
SMART LABORA,7702186001231,POLVO COMPACTO SMART N4 ESPEJO X,140,0,0,0
SMART LABORA,7702186000456,POLVO COMPACTO SMART N5 X 14 GR,0,0,"8,500",0
SMART LABORA,7702186001255,POLVO COMPACTO SMART N6 ESPEJO X,140,0,0,0
SMART LABORA,7702186001262,POLVO COMPACTO SMART N7 ESPEJO X,140,0,0,0
SMART LABORA,7702186000524,POLVO SMART FILTRO SOLARN N,00,0,0,0
SMART LABORA,7702186000517,POLVOS SMART FILTRO SOLAR N  0,0,0,0,0
SMART LABORA,7702186001569,SOMBRA,0,0,0,0
SMART LABORA,7702186001811,SOMBRA,0,0,0,0
SMART LABORA,7702186002153,SOMBRA ENCANTO N 36,0,0,0,0
SMART LABORA,7702186002047,SOMBRA SMART N25,0,0,0,0
SMART LABORA,7702186002054,SOMBRA SMART N26,0,0,0,0
SMART LABORA,7702186002061,SOMBRA SMART N27,0,0,0,0
SMART LABORA,7702186002078,SOMBRA SMART N28,0,0,0,0
SMART LABORA,7702186002184,SOMBRA SMART N39,0,0,0,0
SMART LABORA,7702186002191,SOMBRA SMART N40,0,0,0,0
SMART LABORA,7702186002214,SOMBRA SMART N42,0,0,0,0
SMART LABORA,7702186002245,SOMBRA SMART N45,0,0,0,0
SMART LABORA,7702186002269,SOMBRA SMART N47,0,0,0,0
SOFT CAPS LA,7709990447194,RDU 21 L112 X 48 TAB,0,0,0,0
SOFT CAPS LA,7709990447101,RDU 21 REDUCTOR VIENTRE PLANO X 28,0,0,"76,800",0
SOLMEDICAL C,7798025130347,MENOPUR 75/75 U.I X 5 AMP,0,0,0,0
SOLMEDICAL C,7798025130064,MINIRIN (DESMOPRESINA) SPRAY NASAL,0,0,"569,000",0
SOLUTIONS CO,7709121771402,HIS HIS AQUA DESODORANTE HOMBRE *,10,0,"12,900",0
SOLUTIONS CO,7709961717479,HIS HIS AQUA DESODORANTE HOMBRE *,20,0,"21,900",0
SOLUTIONS CO,8699990531698,HIS HIS IGNUS ESPUMA AFEITAR * 200,0,0,"10,900",0
SOLUTIONS CO,7709961717424,NAKAI DESODORANTE PIES MUJER * 220,0,0,"12,900",0
SOPHIA DE CO,7360854450533,-A GOTAS * 5 ML,0,0,"96,400",0
SOPHIA DE CO,736085213195,",73AGGLAD * 5 ML",0,0,"24,500",0
SOPHIA DE CO,736085403923,COXYLAN 0.03% * 5 ML,0,0,"63,900",0
SOPHIA DE CO,736085418897,ELAR-B 5 ML,0,0,"79,400",0
SOPHIA DE CO,736085404661,FLUMETOL NF GOTAS * 5 ML,0,0,"53,100",0
SOPHIA DE CO,736085410471,FLUMETOL NF GOTAS * 5 ML,0,0,"53,100",0
SOPHIA DE CO,736085410075,",73GAAP OFTENO * 3 ML",0,0,"27,000",0
SOPHIA DE CO,736085405668,HUMYLUB OFTENO * 15 ML,0,0,"61,600",0
SOPHIA DE CO,736085411423,HUMYLUB PF * 10 ML,0,0,"67,100",0
SOPHIA DE CO,736085409666,KRYTAN TEK * 5 ML,0,0,"116,500",0
SOPHIA DE CO,736085412826,KRYTAN TEK PF * 5 ML,0,0,"124,400",0
SOPHIA DE CO,736085405378,KRYTAN-TEK * 5 ML,0,0,"192,000",0
SOPHIA DE CO,736085280005,LAGRICEL * 20 DOSIS,0,0,"78,800",0
SOPHIA DE CO,736085416725,LANDAX 0.5% * 5 ML,0,0,"77,000",0
SOPHIA DE CO,736085053883,MODUSIK-A GOTAS * 5 ML,0,0,"260,000",0
SOPHIA DE CO,736085410334,TRAZIDEX OFTENO * 5 ML,0,0,"81,000",0
SOPHIA DE CO,736085132069,NAZIL OFTENO * 15 ML,0,0,"22,200",0
SOPHIA DE CO,736085405422,SPLASH TEARS LAGRIMAS ARTIFICIALES,0,0,"32,100",0
SOPHIA DE CO,736085410884,T - P OFTENO * 15 ML,0,0,"38,200",0
STENDHAL,7501701400555,ATRIPLA 600MG +200MG +300 MG FCO *,0,0,"773,500",0
SUIPHAR DE C,7704163003139,ADAPCLIN  GEL*30 G,0,0,"86,000",0
SUIPHAR DE C,7704163001104,AGEX SOY CREMA X 30 ML,0,0,0,0
SUIPHAR DE C,7704163000589,ATOP FRASCO X 125 ML,0,0,0,0
SUIPHAR DE C,8426594251253,",8BLEMIL PLUS 1 *400 GR",0,0,"52,000",0
SUIPHAR DE C,8426594250614,",8BLEMIL PLUS 1 AE * 400 GR",0,0,"63,000",0
SUIPHAR DE C,84265942271312,",BLEMIL PLUS 1 X 800GR",0,0,"81,800",0
SUIPHAR DE C,8426594271350,",8BLEMIL PLUS 2 *800 GR",0,0,"89,100",0
SUIPHAR DE C,8426594257194,BLEMIL PLUS 2 AE *800 GR,0,0,"102,900",0
SUIPHAR DE C,8426594250638,",8BLEMIL PLUS 2 AE X 400 GR",0,0,0,0
SUIPHAR DE C,8426594257156,BLEMIL PLUS 2 ARROZ *400 GR,0,0,"100,000",0
SUIPHAR DE C,8426594251277,",8BLEMIL PLUS 2 X 400 GRS",0,0,"41,800",0
SUIPHAR DE C,8426594270094,BLEMIL PLUS ARAC X 400GR,0,0,0,0
SUIPHAR DE C,7704163000336,DELTACRIN SHAMPO X 250 ML,0,0,"68,000",0
SUIPHAR DE C,7704163001142,DESTRIL GEL X 120 ML,0,0,"99,300",0
SUIPHAR DE C,7798092890212,EBIXA 20MG *28 COMP,0,0,"138,000",0
SUIPHAR DE C,7704039110848,EUROFER *120 ML,0,0,"83,400",0
SUIPHAR DE C,7704163001524,ITROL 100 MG * 28 CAP,0,0,"82,000",0
SUIPHAR DE C,7704163001302,ITROL 100MG * 15 CAP,0,0,"44,000",0
SUIPHAR DE C,7704039121004,PERCOF JBE *120 ML,0,0,"67,000",0
SUIPHAR DE C,7704163001715,PHOTOKER X 50 ML,0,0,0,0
SUIPHAR DE C,7704039121370,PUROXAN 400 MG * 60 TAB,0,0,"252,100",0
SUIPHAR DE C,7704039111364,PUROXAN JBE * 120 ML,0,0,"81,800",0
SUIPHAR DE C,7704163001487,RENUEVE-C,0,0,"120,600",0
SUIPHAR DE C,7704039111661,SPASMOPRIV PLUS X 10 CAP,0,0,"69,800",0
SUIPHAR DE C,7704163001555,SPOTLESS FORTE X 30 ML,0,0,0,0
SUIPHAR DE C,7704163001043,SUNLAT BT EMULSION SPF 45 X 100 ML,0,0,0,0
SUIPHAR DE C,7704163000794,SUNLAT X 60 TABS,0,0,0,0
SUIPHAR DE C,7704163001432,TELEANGIL 600 MG X 60 TABS,0,0,0,0
SUIPHAR DE C,7704163001173,TELEANGIL FACIAL X 30 ML,0,0,0,0
SUIPHAR DE C,7704163000800,TRICOVIT * 60 TAB,0,0,"157,800",0
SUPER DE ALI,7702993018811,BARRILETE RERLLENO,0,0,600,0
SUPER DE ALI,7702993020678,LOKIÃ‘O SURTIDO,0,0,600,0
SUPER DE ALI,7702993012871,MENTA CHAO * 100 UND,0,0,"20,000",0
SUPER DE ALI,7702993019887,OKA LOKA FUSION,0,0,600,0
SUPER DE ALI,7702993016558,OKA LOKA NANOS,0,0,"1,100",0
SUPER DE ALI,7702993033326,PASTILLAS CHAO MENTA,0,0,900,0
SUPER DE ALI,7702993042014,SUPER COCO BARRA CON CEREAL CJA *,60,0,"6,600",0
SUPER DE ALI,7702993053935,TRULULU GOMITAS AROS * 100 GR MAXI,0,0,"3,500",0
SUPER DE ALI,7702993051764,TRULULU GOMITAS BANANOS ACIDITOS *,0,0,"2,800",0
SUPER DE ALI,7702993043868,TRULULU GOMITAS BANANOS ACIDITOS *,0,0,"3,000",0
SUPER DE ALI,7702993028261,TRULULU GOMITAS GUSANOS ACIDOS *,900,0,"2,800",0
SUPER DE ALI,7702993028957,TRULULU GOMITAS MASMELOS COLORES *,0,0,"2,500",0
SUPER DE ALI,7702993021989,TRULULU GOMITAS MASMELOS NUBES *,700,0,"2,500",0
SUPER DE ALI,7702993028933,TRULULU GOMITAS MASMELOS NUBES *65,0,0,"2,400",0
SUPER DE ALI,7702993038130,TRULULU GOMITAS MASMELOS UNICORNIO,0,0,"3,400",0
SUPER DE ALI,7702993050200,TRULULU GOMITAS MINI OSITOS,0,0,"1,400",0
SUPER DE ALI,7702993056479,TRULULU GOMITAS MUTANTES SPLASH *,70,0,"3,200",0
SUPER DE ALI,7702993028483,TRULULU GOMITAS SABORES * 90 GR,0,0,"2,800",0
SUPER DE ALI,770299352009,TRULULU GOMITAS SANDIAS ACIDAS *90,0,0,"2,400",0
SUPER DE ALI,7702993053287,TRULULU GOMITAS SPLASH RELLENAS *,10,0,"3,500",0
SUPER DE ALI,7702993052297,TRULULU MASMELOS CHOCO BANANA * 50,0,0,"3,500",0
SUPER DE ALI,7702993047644,TRULULU MASMELOS CHOCO VAINILLA *,50,0,"3,400",0
SUPER DE ALI,7702993044834,TRULULU MASMELOS RELLENOS CARAMELO,0,0,"3,400",0
SUPER DE ALI,7702993045329,TRULULU MASMELOS RELLENOS FRESA *,50,0,"3,400",0
SUPER DE ALI,7861008511522,TUMIX MENTA,0,0,300,0
SUPERTEX MED,7703252002466,BAJALENGUAS BOLSA X,200,0,0,0
SUPERTEX MED,7707282990496,BAJALENGUAS DE MADERA SUPERTEX *,200,0,"2,100",0
SUPERTEX MED,7703010301015,COMPRESA GASA TEJIDA * 4 CAPAS * 5,0,0,"11,000",0
SUPERTEX MED,7703010218030,GASA SUPERTEX 1 X 1 YDA,0,0,"2,000",0
SUPERTEX MED,7703010100090,GASA SUPERTEX 1 X 1/2 YDA,0,0,"1,200",0
SUPERTEX MED,7703010218016,GASA SUPERTEX 5 X 1 YDAS,0,0,"6,000",0
SUPERTEX MED,7703010218023,GASA SUPERTEX 5 X 1/2 YDA,0,0,"4,400",0
SUPERTEX MED,7703010217132,GASA TEJIDA ESPONJA * 8 PLIEGUES *,0,0,800,0
SUPERTEX MED,7703010160025,SUPER KIT CITOLOGICO,0,0,"3,400",0
SUPERTEX MED,7703010327022,VENDA COBAN 6X5 YDS,0,0,"37,500",0
SUPERTEX MED,7703010120029,VENDA DE ALGODON LAMINADO 3 X 4,0,0,"2,500",0
SUPERTEX MED,7703010120036,VENDA DE ALGODON LAMINADO 4 X 4,0,0,"2,500",0
SUPERTEX MED,7707364802013,VENDA DE ALGODON LAMINADO 4 X 5,0,0,"1,900",0
SUPERTEX MED,7703010120630,VENDA DE ALGODON LAMINADO 4 X 5 YD,0,0,"3,000",0
SUPERTEX MED,7703010120043,VENDA DE ALGODON LAMINADO 5 X 4,0,0,0,0
SUPERTEX MED,7703010120647,VENDA DE ALGODON LAMINADO 5 X 5 YD,0,0,"3,100",0
SUPERTEX MED,7703010120050,VENDA DE ALGODON LAMINADO 6 X 4,0,0,0,0
SUPERTEX MED,7703010110037,VENDA DE GASA 4 X 5,0,0,0,0
SUPERTEX MED,7703010110044,VENDA DE GASA 5 X 5,0,0,0,0
SUPERTEX MED,7703010110051,VENDA DE GASA 6 X 5,0,0,0,0
SUPERTEX MED,7703010130448,VENDA ELASTICA BLANCA 2 * 5 YARDAS,0,0,"1,600",0
SUPERTEX MED,7703010350082,VENDA ELASTICA BLANCA 3 * 5 YARDAS,0,0,"1,300",0
SUPERTEX MED,7703010350099,VENDA ELASTICA BLANCA 4 * 5 YARDAS,0,0,"1,600",0
SUPERTEX MED,7703010130462,VENDA ELASTICA BLANCA 4 * 5 YARDAS,0,0,"2,100",0
SUPERTEX MED,7703010350105,VENDA ELASTICA BLANCA 5 * 5 YARDAS,0,0,"1,800",0
SUPERTEX MED,7703010130479,VENDA ELASTICA BLANCA 5 * 5 YARDAS,0,0,"2,400",0
SUPERTEX MED,7703010350112,VENDA ELASTICA BLANCA 6 * 5 YARDAS,0,0,"2,100",0
SUPERTEX MED,7703010130486,VENDA ELASTICA BLANCA 6 * 5 YARDAS,0,0,"2,750",0
SUPERTEX MED,7703010140218,VENDA FIJA 4*4,0,0,"4,500",0
SUREZINC,7707263005096,SUREZINC COLAGENO HIDROLIZADO *,4000,0,"56,500",0
SUREZINC,7708152336604,SUREZINC TRANSFER KIDS FRESA *,10000,0,"109,900",0
SUREZINC,7708152336192,SUREZINC TRANSFER KIDS VAINILLA *,10,0,"109,900",0
SUREZINC,7709990770889,SUREZINCF KIDS VAINILLA * 400 GR,0,0,"56,500",0
SUREZINC,7707263007038,SUREZINCF TRANSFER  KIDS FRESA *,900,0,"109,900",0
SUSANITA,7709455050242,ARROZ SOPLADO * 20GR,0,0,"2,000",0
SUSANITA,7709455050204,MAIZ SOPLADO * 15GR,0,0,"1,600",0
TAKEDA FARMA,4031083002700,ALVESCO 160 MCG X 60 DOSIS,0,0,"157,000",0
TAKEDA FARMA,7501092720485,OMNARIS X 120 DOSIS,0,0,"57,000",0
TAKEDA FARMA,7501092720393,ZURCAL 20 MG X 14 GRAG,0,0,"96,000",0
TAKEDA FARMA,7501092720805,ZURCAL 40 MG I.V AMP,0,0,0,0
TAKEDA FARMA,7501092720423,ZURCAL 40 MG X 14 GRAG,0,0,"109,000",0
TAKEDA FARMA,7501092720430,ZURCAL 40 MG X 28 GRAGS,0,0,"240,000",0
TASK PRO,7703147300929,GUANTE DE NITRILO NEGRO TALLA M *,10,0,"54,900",0
TASK PRO,7703147300912,GUANTE DE NITRILO NEGRO TALLA S *,10,0,"54,900",0
TECNOQUIMICA,7702057091033,ACETAMINOFEN 500 MG RAPID GEL * 10,0,0,"8,500",0
TECNOQUIMICA,7702057074715,ACID-NESS * 120 ML,0,0,"20,000",0
TECNOQUIMICA,7702057070335,ALIVRUB *50 GR,0,0,"16,500",0
TECNOQUIMICA,7702057010478,BENZIRIN FORTE SPRAY * 120 ML,0,0,"65,100",0
TECNOQUIMICA,7707141350843,BOLSA TRAVAD * 1500 ML,0,0,"61,400",0
TECNOQUIMICA,7702057072063,COMPLEJO B *250 TAB,0,0,"72,500",0
TECNOQUIMICA,7702057600006,CUREBAND GASA 7.5 CM * 7.5 CM * 12,0,0,"13,000",0
TECNOQUIMICA,7702057019921,DECADRON GOTAS * 5 ML,0,0,"39,200",0
TECNOQUIMICA,7702057644109,DURAFLEX FORTE 500 MG * 18 CAP,0,0,"57,100",0
TECNOQUIMICA,7702057050801,FERROVITAL * 180 ML,0,0,"14,400",0
TECNOQUIMICA,7702057067212,HEMOCYTON * 340 ML,0,0,"33,400",0
TECNOQUIMICA,7702057091965,IBUFLASH MIGRAN * 6 CAP,0,0,"16,600",0
TECNOQUIMICA,7702057736996,KOLA FULL * 400 GR,0,0,"20,500",0
TECNOQUIMICA,7702057737177,KOLA FULL * 6 S/S,0,0,"12,000",0
TECNOQUIMICA,7702057737412,KOLA GRANULADA *5 SOBRES,0,0,"5,950",0
TECNOQUIMICA,7702057557171,MAGNESIA * 360 ML,0,0,"30,200",0
TECNOQUIMICA,7702057124021,MERTHIOLATE INCOLORO * 90 ML,0,0,"20,500",0
TECNOQUIMICA,7702057013387,MICOFIX * 30 ML,0,0,"50,200",0
TECNOQUIMICA,7702057101145,MINOXIDIL FORTE 5% * 60 ML PAGUE 2,0,0,"167,400",0
TECNOQUIMICA,7702057100445,MINOXIDIL FORTE 5% * 60 ML TRIPACK,0,0,"167,400",0
TECNOQUIMICA,7702057039455,NOPION PLUS * 60 GR,0,0,"37,900",0
TECNOQUIMICA,7702057837655,NORAVER S/VALVULA MENTA * 120 ML,0,0,"34,700",0
TECNOQUIMICA,7702057167806,NORAVER SPRAY MENTA *120 ML,0,0,"49,800",0
TECNOQUIMICA,7702057160555,NORAVER TOS ADULTO * 120 ML,0,0,"36,600",0
TECNOQUIMICA,7702057160562,NORAVER TOS PED * 120 ML,0,0,"30,300",0
TECNOQUIMICA,7702057013851,PERIACTIN JBE * 180 ML,0,0,"73,000",0
TECNOQUIMICA,7702057801922,SAL DE FRUTAS LUA PLUS * 8 S/S,0,0,"27,200",0
TECNOQUIMICA,7702057055608,TAMPRO DUO * 30 CAP,0,0,"68,000",0
TECNOQUIMICA,7702057014254,TRIMETABOL JBE * 120 ML,0,0,"64,400",0
TECNOQUIMICA,7702057102203,UNGUENTO AL MENTOL N2 * 20 GR,0,0,"14,700",0
TECNOQUIMICA,7702057701864,VITA C + ZINC EFERV MANDARINA * 10,0,0,"20,000",0
TECNOQUIMICA,7702057701536,VITA C +ZINC EFERV *10 TAB PROMO 2,0,0,"38,000",0
TECNOQUIMICA,7702057701543,VITA C +ZINC EFERV *10 TAB PROMO 2,0,0,"29,100",0
TECNOQUIMICA,7702057700188,VITA C 500MG TUTTI FRUTTI *100 TAB,0,0,"54,000",0
TECNOQUIMICA,7703197053165,WASSERVOLT OFTALMICO * 5 ML,0,0,"17,900",0
TECNOQUIMICA,7702057085827,YODORA MEN CREMA S/FRAGANCIA 2 UND,0,0,"11,800",0
TECNOQUIMICA,7702057086817,YODORA ROLLON TOTAL MEN CONTROL *,50,0,"16,100",0
TECNOQUIMICA,7702057058203,YODOSALIL *30 GR,0,0,"20,100",0
TECNOQUIMICA,7702057080426,BLANKISIMA * 60 GR,0,0,"38,400",0
TECNOQUIMICA,7702057101121,CREMA N 4 DERMA CARE * 90 GR,0,0,"44,000",0
TECNOQUIMICA,7702057101060,CREMA N4 MULTIUSOS *30 GR,0,0,"18,800",0
TECNOQUIMICA,7702057086886,YODORA BARRA DERMA CONTROL * 2 UND,0,0,"33,600",0
TECNOQUIMICA,7702057087869,YODORA CREMA *250 GR,0,0,"70,000",0
TECNOQUIMICA,7702057080105,YODORA CREMA *32 GR,0,0,"17,500",0
TECNOQUIMICA,7702057086930,YODORA DERMA CONTROL PROMO 2 UND *,0,0,"20,500",0
TECNOQUIMICA,7702057086824,YODORA MINI ROLLON DERMA CONTROL *,0,0,"3,600",0
TECNOQUIMICA,7702057086831,YODORA MINI ROLLON TOTAL CONTROL *,0,0,"3,600",0
TECNOQUIMICA,7702057085094,YODORA NATURAL ANTIBACT SPRAY PIES,0,0,"21,000",0
TECNOQUIMICA,7702057087760,YODORA TALCO * 120 GR + 90 GR + 30,0,0,"22,800",0
TECNOQUIMICA,7702057080587,YODORA TALCO *120 GR,0,0,"9,000",0
TECNOQUIMICA,7702057081553,YODORA TALCO *120 GR + 60GR,0,0,"17,700",0
TECNOQUIMICA,7702057086923,YODORA TOTAL-CONTROL * 100GR PROMO,0,0,"19,800",0
TECNOQUIMICA,7702057075088,ALCOHOL MK * 350 ML,0,0,"6,300",0
TECNOQUIMICA,7702057075101,ALCOHOL MK * 700 ML,0,0,"9,900",0
TECNOQUIMICA,7702057077068,ALGODON MK * 100 GR,0,0,"9,800",0
TECNOQUIMICA,7702057077051,ALGODON MK * 50 GR,0,0,"5,500",0
TECNOQUIMICA,7702057077075,ALGODON POMOS *40 GR,0,0,"5,500",0
TECNOQUIMICA,7702057643577,ALGODON ROLLO TIPO HOSPITALARIO *,50,0,"29,300",0
TECNOQUIMICA,7702136648349,CINTA CUREBAND MICROP BCO 1X5,20,0,"12,000",0
TECNOQUIMICA,7702057644208,COPITOS MK *140 UND,0,0,"18,500",0
TECNOQUIMICA,7702136646529,CUREBAND CURAS PREMIUM IMPERMEABLE,0,0,"17,000",0
TECNOQUIMICA,7702136647663,CUREBAND GASA ESTERIL 7.5 * 7.5 CM,0,0,"12,500",0
TECNOQUIMICA,7702057644024,CUREBAND GASA ESTERIL 7.5 CM * 7.5,0,0,"23,000",0
TECNOQUIMICA,7702136645003,CURITAS CURE BAND *100 UND,0,0,"18,700",0
TECNOQUIMICA,7702136647694,GASA ESTERIL 10*10CM CURE BAND *,240,0,"40,500",0
TECNOQUIMICA,7702136647670,GASA ESTERIL 7.5X7.5CM CURE BAND *,0,0,"32,500",0
TECNOQUIMICA,7702057070427,YODOPOVIDONA BUCOFARINGEO *120 ML,0,0,"21,000",0
TECNOQUIMICA,7702057070397,YODOPOVIDONA ESPUMA * 60 ML,0,0,"13,500",0
TECNOQUIMICA,7702057070410,YODOPOVIDONA SOLUCION * 60 ML,0,0,"13,700",0
TECNOQUIMICA,7702057070403,YODOPOVIDONA SOLUCION *120 ML,0,0,"22,500",0
TECNOQUIMICA,7702057010201,AFLUX NINOS JBE * 75 ML,0,0,"35,700",0
TECNOQUIMICA,7702057012496,ALERFAST 120 MG * 10 TAB,0,0,"41,900",0
TECNOQUIMICA,7702057015107,ALERFAST D * 10 TAB,0,0,"93,200",0
TECNOQUIMICA,7702057013738,ALERNESS 5 MG * 10 TAB,0,0,"77,000",0
TECNOQUIMICA,7702057012687,ANEXIA 90 MG * 14 TAB,0,0,"90,900",0
TECNOQUIMICA,7702057010652,ANGIOVAN 100MG *10 COMP,0,0,"19,000",0
TECNOQUIMICA,7702057010409,ANGIOVAN 50 MG * 10 COMP,0,0,"9,500",0
TECNOQUIMICA,7702057018085,BENZIRIN ROSA DUCHA VAG CON CANULA,0,0,"44,300",0
TECNOQUIMICA,7702057012724,BENZIRIN VERDE ASEPTIC SPRAY * 120,0,0,"64,000",0
TECNOQUIMICA,7702057015572,CYNETIC PRO * 60 CAP,0,0,"105,000",0
TECNOQUIMICA,7702057834135,CYTIL 200 MG * 14 TAB,0,0,"174,300",0
TECNOQUIMICA,7702057768201,CYTIL 200 MG * 28 TAB,0,0,"530,000",0
TECNOQUIMICA,7702057010348,DECADRON NISTATINA * 8 OVULOS,0,0,"62,500",0
TECNOQUIMICA,7702057011680,FIXAMICIN DEXACIPRO * 7.5 ML,0,0,"103,500",0
TECNOQUIMICA,7702057013158,FIXAMICIN GOTAS OTICAS * 15 ML,0,0,"36,000",0
TECNOQUIMICA,7702057019761,FIXAMICIN HC * 10 ML,0,0,"107,500",0
TECNOQUIMICA,7702057805074,GASTROFAST ADVANCE * 24 S/S,0,0,"70,000",0
TECNOQUIMICA,7702057015336,HIDRAPLUS 75 ZINC MANZANA VERDE *,40,0,"15,000",0
TECNOQUIMICA,7702057013769,IBS BIOTIC * 30 CAP,0,0,"163,000",0
TECNOQUIMICA,7702057018924,ILOTICINA PLUS LOCION * 50 ML,0,0,"103,700",0
TECNOQUIMICA,7702057011284,INMOX 30 MG * 14 CAP,0,0,"16,800",0
TECNOQUIMICA,7702057011413,INMOX 60MG * 14 CAP,0,0,"35,400",0
TECNOQUIMICA,7702057017057,LOMEXIN 600 MG * 2 OVULOS,0,0,"95,500",0
TECNOQUIMICA,7702057012311,MODUALZ 20 MG * 14 TAB,0,0,"29,700",0
TECNOQUIMICA,7702057017361,PANGETAN * 100 TAB,0,0,"238,500",0
TECNOQUIMICA,7702057318505,PAXAN 20 MG * 10 TAB,0,0,"112,400",0
TECNOQUIMICA,7702057013059,PEG 3350 * 12 S/S,0,0,"100,400",0
TECNOQUIMICA,7702057016418,PEG 3350 POLVO * 290 GR,0,0,"130,000",0
TECNOQUIMICA,7702057012939,STYMA 50 MG * 28 TAB,0,0,"39,900",0
TECNOQUIMICA,7702057014148,TRAVAD PIK * 2 S/S,0,0,"106,000",0
TECNOQUIMICA,7702057015602,ZELIX 500 MG * 6 TAB,0,0,"65,900",0
TECNOQUIMICA,7702057015534,ZOLEM 40 MG * 30 TAB,0,0,"171,000",0
TECNOQUIMICA,7701021116789,CONTENT ADVANCE TALLA L *21 UND +,20,0,"82,500",0
TECNOQUIMICA,7701021120038,CONTENT MEDICAL M * 1 UND,0,0,"3,300",0
TECNOQUIMICA,7701021117441,CONTENT ULTRA TOALLAS HUMEDAS *,1000,0,"20,000",0
TECNOQUIMICA,7701021143525,WINNY GOLD ET4 XG * 50 UND,0,0,"84,700",0
TECNOQUIMICA,7701021118998,WINNY GOLD ET6 XXXG * 50 UND,0,0,"101,000",0
TECNOQUIMICA,7701021144829,WINNY GOLD SENSITIVE ET 0 * 30 UND,0,0,"22,800",0
TECNOQUIMICA,7701021118011,WINNY GOLD SENSITIVE ET 1 * 30 UND,0,0,"29,800",0
TECNOQUIMICA,7701021116420,WINNY GOLD SENSITIVE ET 2 * 40 UND,0,0,"47,400",0
TECNOQUIMICA,7701021115140,WINNY ULTRATRIM SEC ET 2 * 16 UND,0,0,"16,600",0
TECNOQUIMICA,7701021115874,WINNY ULTRATRIM SEC ET 2 * 50 + 20,0,0,"51,300",0
TECNOQUIMICA,7701021114174,WINNY ULTRATRIM SEC ET 5 * 30 UND,0,0,"50,900",0
TECNOQUIMICA,7701021116031,WINNY ULTRATRIM SEC ET 5 * 50 UND,0,0,"82,900",0
TECNOQUIMICA,7701021142610,WINNY TOALLITAS SENSITIVE R/NACIDO,0,0,"7,200",0
THOMSON PLM,7707103700136,DICCIONARIO PLM 2012,0,0,0,0
THYMS ,7702615040008,LEALE COLORS 4-0 CASTAÃ‘O MEDIO *,20,0,"14,500",0
THYMS ,7702615070005,LEALE COLORS 7-0 RUBIO MEDIO UNDAD,0,0,"9,000",0
THYMS ,7702615230003,LEALE TINTE EST COLOR 3-0 CASTAÃ‘O,0,0,"20,000",0
TIENDA NACIO,7707235640508,FEM SOY X 500 GR,0,0,0,0
TIENDA NACIO,7707235640195,FORTACAL VAINILLA X 500 GRS,0,0,0,0
TIENDA NACIO,7707235640423,IRON KIDS X 240 ML,0,0,0,0
TIENDA NACIO,7707235640218,NUTRIFORT VAINILLA X 500 GRS,0,0,0,0
TIGO CONMOVI,7702138087931,CHIP PREPAGO TIGO,0,0,"2,500",0
TRIDEX FARMA,7707263006802,ACICUTIN * 30 CAP,0,0,"69,500",0
TRIDEX FARMA,7707263009650,ACICUTIN * 60 TAB,0,0,"121,000",0
TRIDEX FARMA,7707263000398,CEVIT GOTAS * 30 ML,0,0,"17,600",0
TRIDEX FARMA,7709705727450,CEVIT MENTA * 24 S/S,0,0,"60,000",0
TRIDEX FARMA,7709705727443,CEVIT MIEL * 24 S/S,0,0,"74,000",0
TRIDEX FARMA,7709705727412,FAMIGAL ALOE * 60 ML,0,0,"20,000",0
TRIDEX FARMA,7709705727429,FAMIGAL COLAGENO HIDROLIZADO * 360,0,0,"33,000",0
TRIDEX FARMA,7708901541129,FAMIGAL MULTIVITAMINAS JALEA * 240,0,0,"31,800",0
TRIDEX FARMA,7707069714512,FORMOL * 30 ML,0,0,"3,000",0
TRIDEX FARMA,7707263003818,FRENIDOL 2% * 120 ML,0,0,"4,000",0
TRIDEX FARMA,7707069720452,GAMAHEXACLOR SHAMPOO ANTIPIOJOS *,20,0,0,0
TRIDEX FARMA,7707069720056,GAMAHEXACLOR SHAMPOO ANTIPIOJOS *,60,0,0,0
TRIDEX FARMA,7707263003443,GRIPAC * 10 CAP,0,0,"22,600",0
TRIDEX FARMA,7707263003474,GRIPAC * 100 CAP,0,0,"199,800",0
TRIDEX FARMA,7707263003450,GRIPAC * 24 CAP,0,0,"28,900",0
TRIDEX FARMA,7707263009308,GRIT 4 FRUTOS ROJOS * 12 TB,0,0,"24,000",0
TRIDEX FARMA,7707263005232,GRIT 4 MENTA * 12 TB,0,0,"24,000",0
TRIDEX FARMA,7707263001135,MEDIZOL 1% * 30 ML,0,0,"13,200",0
TRIDEX FARMA,7707263007946,OKA FEM X 10 TAB,0,0,"15,000",0
TRIDEX FARMA,7707263003078,OMEGA 3 6 9 * 90 CAP,0,0,"69,500",0
TRIDEX FARMA,7704642905435,POMADA VERDE * 23 GR,0,0,"14,900",0
TRIDEX FARMA,7704642905442,",7POMADA VERDE * 50 GR",0,0,"18,000",0
TRIDEX FARMA,7707263005973,SEGURET * 2 TAB,0,0,"19,200",0
TRIDEX FARMA,7703712080478,SULTRIFAR F * 120 ML,0,0,"42,600",0
TRIDEX FARMA,7707263002927,SUNSOL KIDS PROTECTOR SOLAR SPF,1000,0,"58,200",0
TRIDEX FARMA,7707263004754,SUNSOL KIDS PROTECTOR SOLAR SPF 50,0,0,"48,100",0
TRIDEX FARMA,7707263005034,SUNSOL KREM PROTE/SOLAR SPF 100 *,60,0,"58,200",0
TRIDEX FARMA,7703712080324,VISIFAR 0.5MG/ML SOL OFTALMICA *,150,0,"20,400",0
TRIDEX FARMA,7707263001746,XETRIX * 10 TAB,0,0,"36,000",0
TROLLI ,7702174075794,PIN POP GIGANTE,0,0,600,0
UNILEVER AND,7702006208659,ACONDICIONADOR DOVE OLEO NUTRICION,0,0,"23,500",0
UNILEVER AND,7702014626698,ADEREZO DE MOSTAZA  SAN JORGE *,1000,0,"2,500",0
UNILEVER AND,75051730,AXE ANTI-BACTERIAL SIGNATURE BARRA,0,0,"14,400",0
UNILEVER AND,7506306233348,AXE ANTI-BACTERIAL SIGNATURE SPRAY,0,0,"14,600",0
UNILEVER AND,75025922,AXE BARRA SECO DARK TEMPTATION *,500,0,"22,700",0
UNILEVER AND,7506306249974,AXE BODY AQUA CITRUS SALVIA ENEBRO,0,0,"27,900",0
UNILEVER AND,7702006001014,AXE BODY DARK TEMPTATION SPRAY 150,0,0,"36,500",0
UNILEVER AND,7506306226852,AXE BODY SPRAY ANARCHY FOR HER *,150,0,"14,900",0
UNILEVER AND,7506306249981,AXE BODY SPRAY BLUE LAVENDER MENTA,0,0,"27,900",0
UNILEVER AND,7791293025797,AXE BODY SPRAY DARK TEMPTATION *,150,0,"23,800",0
UNILEVER AND,7791293025865,AXE BODY SPRAY GOLD TEMPTATION *,150,0,"15,200",0
UNILEVER AND,7791293995779,AXE DARK TEMPTATION SECO SPRAY *,150,0,"22,600",0
UNILEVER AND,7702006000994,AXE DARK TEMPTATION SPRAY 152 ML *,0,0,"38,000",0
UNILEVER AND,7506306245822,AXE DESODORANTE AEROSOL EPIC FRESH,0,0,"23,500",0
UNILEVER AND,7702006653756,AXE DESODORANTE AEROSOL EPIC FRESH,0,0,"35,500",0
UNILEVER AND,7506306213906,AXE ICE CHILL EFECTO FRIO SPRAY *,10,0,"23,500",0
UNILEVER AND,7791293005249,AXE SECO + SENSITIVE AEROSOL UNDAD,0,0,"7,000",0
UNILEVER AND,7791293020372,AXE SECO AEROSOL EXCITE X 152 ML,0,0,"17,400",0
UNILEVER AND,7702354944360,BIOEXPERT ACOND GUSANO DE SEDA *,350,0,"14,600",0
UNILEVER AND,7702354934774,BIOEXPERT ACONDICIONADOR  FORTALEC,0,0,"12,500",0
UNILEVER AND,7702006300322,BIOEXPERT CREMA PEINAR OMEGA NUTRE,0,0,"13,900",0
UNILEVER AND,7702354944414,BIOEXPERT SHAMPOO GUSANO DE SEDA *,0,0,"20,100",0
UNILEVER AND,7702354934668,BIOEXPERT SHAMPOO REV/REPARACION *,0,0,"12,900",0
UNILEVER AND,7702354944391,BIOEXPERT SHAMPOO S/SAL REPARACION,0,0,"15,200",0
UNILEVER AND,7702006206266,CHAMPU SAVITAL+ACOND,0,0,"19,100",0
UNILEVER AND,7702006400312,CLEAR SHAMPOO DUAL 2 EN 1 * 400 ML,0,0,"13,400",0
UNILEVER AND,7702006922715,CLEAR SHAMPOO DUAL EFFECT * 400 ML,0,0,0,0
UNILEVER AND,7702006922692,CLEAR SHAMPOO DUAL EFFECT 2 UND *,20,0,0,0
UNILEVER AND,7702006922722,CLEAR SHAMPOO ENOVACION DIARIA *,400,0,0,0
UNILEVER AND,7501056343040,CLEAR SHAMPOO ICE COOL MENTHOL *,200,0,"11,300",0
UNILEVER AND,7501056344221,CLEAR SHAMPOO ICE COOL MENTHOL *,400,0,"17,400",0
UNILEVER AND,7702006923835,CLEAR SHAMPOO ICE COOL MENTOL *,2000,0,"8,800",0
UNILEVER AND,789115001936,CLEAR SHAMPOO MEN DUAL EFFECT 2 EN,0,0,"16,000",0
UNILEVER AND,7702006921329,CLEAR SHAMPOO RENOVACION DIARIA *,20,0,"14,400",0
UNILEVER AND,7501056342920,CLEAR SHAMPOO RENOVACION DIARIA *,20,0,0,0
UNILEVER AND,7702006923828,CLEAR SHAMPOO RENOVACION DIARIA *,20,0,"8,800",0
UNILEVER AND,7501056342982,CLEAR SHAMPOO RENOVACION DIARIA *,40,0,"15,700",0
UNILEVER AND,7702006923859,CLEAR SHAMPOO RENOVACION DIARIA *,40,0,0,0
UNILEVER AND,7702354929855,CREMA DENTAL FORTIDENT X 50 ML 20%,0,0,"1,800",0
UNILEVER AND,7898422747930,",7CREMA PEINAR DOVE CONTROL CAIDA X",20,0,"12,900",0
UNILEVER AND,7891150008816,DOVE AC. RECONSTRUCCION COMPLETA,200,0,"10,100",0
UNILEVER AND,7891150043282,DOVE ACOND RECUPERACION EXTREMA *,20,0,"11,800",0
UNILEVER AND,7891150043237,DOVE ACOND RECUPERACION EXTREMA *,40,0,"17,700",0
UNILEVER AND,7702006653084,DOVE ACONDICIONADOR RECONSTRUCCION,0,0,"1,600",0
UNILEVER AND,7702006201025,DOVE AEROSOL DERMO ACLARANT 150 ML,0,0,"40,900",0
UNILEVER AND,7791293022819,DOVE AEROSOL MEN INVISIBLE DRY *,150,0,"25,300",0
UNILEVER AND,7702006406437,DOVE AEROSOL ORQUIDEAS PROMO 2 UND,0,0,"40,900",0
UNILEVER AND,7411000314081,DOVE AEROSOL TONO UNIFORME PROMO 3,0,0,"57,900",0
UNILEVER AND,7891150036369,DOVE BABY JABON LIQ HUMECTANTE *,400,0,"37,000",0
UNILEVER AND,7702006201315,DOVE BABY JABON LIQ HUMECTANTE 400,0,0,"68,500",0
UNILEVER AND,7891037013629,DOVE C.P RECONSTRUCCION COMPLETA,200,0,"13,300",0
UNILEVER AND,7501056346140,DOVE CREMA NUTRICION ESSENCIAL X,200,0,"9,100",0
UNILEVER AND,7501056346164,DOVE CREMA NUTRICION GO FRESH *,2000,0,"18,000",0
UNILEVER AND,7501056346188,DOVE CREMA NUTRICION INTENSIVA X,200,0,"9,000",0
UNILEVER AND,7891150025394,DOVE CREMA PEINAR PUNTAS REPARADAS,0,0,"29,900",0
UNILEVER AND,7702006001069,DOVE DERMOACLARANT BARRA 2 UND *,500,0,"39,900",0
UNILEVER AND,7861001361087,DOVE DERMOACLARANT ROLLON 50 ML *,20,0,"25,900",0
UNILEVER AND,7702006400282,DOVE DESO AEROSOL CLEAN COMFORT 89,0,0,"37,600",0
UNILEVER AND,7791293012087,DOVE DESO AEROSOL CLEAN COMFORT X,80,0,"18,400",0
UNILEVER AND,7702006923323,DOVE DESO AEROSOL CLEAR COMFORT *,80,0,"23,800",0
UNILEVER AND,7702006919586,DOVE DESO AEROSOL DERMO ACLARANT 2,0,0,"29,900",0
UNILEVER AND,7791293998619,DOVE DESO AEROSOL DERMO ACLARANT X,0,0,"20,400",0
UNILEVER AND,7702006400275,DOVE DESO AEROSOL DERMO ACLARANT*,10,0,"38,500",0
UNILEVER AND,7791293012063,DOVE DESO AEROSOL EXTRA FRESH X 89,0,0,"17,600",0
UNILEVER AND,7791293008868,DOVE DESO AEROSOL INVISIBLE DRY X,10,0,"18,900",0
UNILEVER AND,7702006923354,DOVE DESO BARRA CLEAN COMFORT * 50,0,0,"18,000",0
UNILEVER AND,75027964,DOVE DESO BARRA GO FRESH PEPINO+TE,0,0,"15,500",0
UNILEVER AND,75027537,DOVE DESO BARRA INVISIBLE DRY * 50,0,0,"25,000",0
UNILEVER AND,7702006915755,DOVE DESO BARRA ORIGINAL 2 UND *,500,0,"35,700",0
UNILEVER AND,75081645,DOVE DESO CLINICAL TONO UNIFORME *,0,0,"30,500",0
UNILEVER AND,789931640,DOVE DESO ROLLON CLEAN COMFORT X,300,0,"3,300",0
UNILEVER AND,78927254,DOVE DESO ROLLON CLEAN COMFORT X,500,0,"13,300",0
UNILEVER AND,78924512,DOVE DESO ROLLON GO FRESH PEPINO +,0,0,"18,000",0
UNILEVER AND,78924529,DOVE DESO ROLLON INVISIBLE DRY X,500,0,"13,300",0
UNILEVER AND,75063115,DOVE DESO SERUM ACLARADOR ROLLON *,0,0,"10,700",0
UNILEVER AND,7702006299763,DOVE DESO SERUM ACLARANT SPRAY *,110,0,"12,900",0
UNILEVER AND,7702006923569,DOVE DOSE AEROSOL DERMO ACLARANT *,0,0,"14,100",0
UNILEVER AND,7702006302197,DOVE HIDRATACION Y SUAVIDAD PROMO,20,0,"38,500",0
UNILEVER AND,7891038301800,DOVE JABON BABY X 75 GRS,0,0,"2,600",0
UNILEVER AND,7411000394175,DOVE JABON CLEAN COMFORT X 90 G X,20,0,"7,500",0
UNILEVER AND,7891150043923,DOVE JABON GRANADA REVIGORIZANTE *,0,0,"7,700",0
UNILEVER AND,7898422746803,DOVE JABON HIDRATACION X 90 GR,0,0,"2,650",0
UNILEVER AND,7702191001387,DOVE JABON KARITE * 3 UNID X 90 GR,0,0,"20,200",0
UNILEVER AND,7891150019560,DOVE JABON KARITE * 90 GR,0,0,"6,500",0
UNILEVER AND,7891150034075,DOVE JABON LECHE DE COCO * 90 GR,0,0,"6,500",0
UNILEVER AND,7702006201346,DOVE JABON LECHE DE COCO 90 GR * 3,0,0,"19,300",0
UNILEVER AND,7891150017849,DOVE JABON LIQ BEAUTY CREAM WASH *,0,0,"18,000",0
UNILEVER AND,011111124257,DOVE JABON LIQUIDO DEEP MOISTURE *,0,0,"37,900",0
UNILEVER AND,011111074705,DOVE JABON LIQUIDO REJUVENATING *,50,0,"37,500",0
UNILEVER AND,7898422746759,DOVE JABON ORIGINAL * 90 GR,0,0,"7,600",0
UNILEVER AND,7891150095700,DOVE JABON PIEL SENSIBLE 90 GR * 3,0,0,"21,300",0
UNILEVER AND,7898422746810,DOVE JABON REAFIRMANTE * 90 GR,0,0,"6,100",0
UNILEVER AND,78931640,DOVE MEN + CARE CLEAN COMFORT ROLL,0,0,"4,400",0
UNILEVER AND,7506306252851,DOVE SERUM CORPORAL HIALURONICO *,40,0,"45,000",0
UNILEVER AND,7506306252882,DOVE SERUM CORPORAL PRO RETINOL *,40,0,"45,000",0
UNILEVER AND,7891150095984,DOVE SERUM HIDRATACION * 110 ML,0,0,"24,300",0
UNILEVER AND,7506306252820,DOVE SERUM PRO RETINOL REAFIRMANTE,0,0,"29,900",0
UNILEVER AND,7702006208710,DOVE SHAMPOO ANTICASPA HIDRATACION,0,0,"24,100",0
UNILEVER AND,7791293005027,DOVE SHAMPOO HIDRATACION INTENSA *,0,0,"24,000",0
UNILEVER AND,7891150064881,DOVE SHAMPOO LARGOS FORTALECIDOS +,0,0,"22,900",0
UNILEVER AND,7891150025837,DOVE SHAMPOO PUNTAS REPARADAS *,4000,0,"22,900",0
UNILEVER AND,7791293042176,DOVE SHAMPOO REGENERACION  EXTREMA,0,0,"22,600",0
UNILEVER AND,7702006301794,DOVE SHAMPOO REGENERACION EXTREMA,40,0,"40,000",0
UNILEVER AND,7411000353813,DOVE SHAMPOO+ACONDICIONADOR RECONS,0,0,"15,100",0
UNILEVER AND,75062859,DOVE TONO UNIFORME COCO BARRA * 45,0,0,"26,500",0
UNILEVER AND,7702354029777,EGO BLACK SHAMPOO * 230 ML,0,0,"14,000",0
UNILEVER AND,7702354929589,EGO BLACK SHAMPOO * 400 ML,0,0,"19,100",0
UNILEVER AND,7702354029791,EGO BLUE SHAMPOO * 230 ML,0,0,"11,900",0
UNILEVER AND,7702006653527,EGO CREMA PEINAR FIJACION DURADERA,0,0,"16,900",0
UNILEVER AND,7702006204057,EGO GEL ATTRACTION * 25 ML,0,0,"1,100",0
UNILEVER AND,7702354030872,EGO GEL BLACK X 240 ML,0,0,"7,000",0
UNILEVER AND,7702354027605,EGO GEL BLUE X 100 ML,0,0,0,0
UNILEVER AND,7702354030841,EGO GEL BLUE X 240 ML,0,0,0,0
UNILEVER AND,7702354023140,EGO GEL BLUE X 250 ML,0,0,0,0
UNILEVER AND,7702354929978,EGO GEL EXTREME FOR MEN KIT,0,0,0,0
UNILEVER AND,7702354030780,EGO GEL EXTREME MAX *15 S/S,0,0,"16,500",0
UNILEVER AND,7702006299930,EGO GEL EXTREME MAX X 250 ML,0,0,"10,200",0
UNILEVER AND,7702354027575,EGO GEL EXTREME X 15 S/S,0,0,0,0
UNILEVER AND,7702354033910,EGO SHAMPOO * 20 ML,0,0,"2,000",0
UNILEVER AND,7702191657317,FAB DETERGENTE FLORAL X 900 GR,0,0,0,0
UNILEVER AND,7702006205177,GEL FOR MEN EGO ALFA CONTROL CAIDA,0,0,"2,000",0
UNILEVER AND,7702006205016,JABON LUX JAZMIN X 125 GR,0,0,"1,400",0
UNILEVER AND,7861001364484,JABON REXONA AVENA ANTIBACTERIAL,110,0,"12,500",0
UNILEVER AND,7861001364446,JABON REXONA FRESH ANTIBACTERIAL,110,0,"12,500",0
UNILEVER AND,7702354033712,JABON SAVITAL AVENA X 130 GRS,0,0,"1,800",0
UNILEVER AND,7702354033705,JABON SAVITAL VITAMINA E X 130GRS,0,0,"1,700",0
UNILEVER AND,7702191040843,JABON VARELA COCO *300 GR,0,0,"5,500",0
UNILEVER AND,7702191657980,JABON VEL ROSITA BARRA TRIPACK X,250,0,"7,400",0
UNILEVER AND,7702191662700,JABON VEL ROSITA BARRA X,2200,0,"2,300",0
UNILEVER AND,7702191653838,LE SANCY JABON ESENCI FLOR X 3 UND,0,0,0,0
UNILEVER AND,7702191658611,LUX JABON DESEO DE MORA X 110 GR X,0,0,0,0
UNILEVER AND,7702191656129,LUX JABON DESEO DE MORA X 125 GR X,0,0,0,0
UNILEVER AND,7702191656112,",7LUX JABON DESEO DE MORA X 125 GRS",0,0,"1,600",0
UNILEVER AND,7702191660614,LUX JABON FRESCURA IRRESISTIBLE  *,0,0,"2,200",0
UNILEVER AND,7891150017085,LUX JABON LIQ TOQUE DE CEREZA X,2500,0,0,0
UNILEVER AND,7891150017078,LUX JABON LIQ TOQUE DE DAMASCO X,250,0,0,0
UNILEVER AND,7702191659045,LUX JABON PERFECCION CREMOSA X 110,0,0,0,0
UNILEVER AND,7702191658536,LUX JABON PERFECCION CREMOSA X 110,0,0,"1,800",0
UNILEVER AND,7702191651599,LUX JABON PERFECCION CREMOSA X 125,0,0,"1,800",0
UNILEVER AND,7702191656600,LUX JABON PERFECCION CREMOSA X 125,0,0,0,0
UNILEVER AND,7791293990781,LUX JABON PRUEBAME X 125 GR,0,0,"1,800",0
UNILEVER AND,7791293990743,LUX JABON REFRESCATE X 125 GR,0,0,"1,700",0
UNILEVER AND,7702191651766,LUX JABON SAVILA ENERGIZANTE BARRA,0,0,"1,900",0
UNILEVER AND,7791293990705,LUX JABON SORPRENDEME X 125 GR,0,0,"1,800",0
UNILEVER AND,7702191656082,LUX JABON TENTACION PERA X 125GRS,0,0,"1,700",0
UNILEVER AND,7702047041284,MAYONESA FRUCO BAJA EN ACIETE *,1200,0,"3,500",0
UNILEVER AND,7506306217508,POMDS GEL HYDRATACION ACTIVE * 110,0,0,"42,500",0
UNILEVER AND,7506306252196,PONDS AGE MIRACLE CREMA NOCHE * 50,0,0,"66,900",0
UNILEVER AND,8901030237386,PONDS AGE MIRACLE CREMA NOCHE * 50,0,0,"66,200",0
UNILEVER AND,7702006207515,PONDS AGE MIRACLE CREMA SACHET * 7,0,0,"6,000",0
UNILEVER AND,7702006404327,PONDS AGUA MICELAR ALOE VERA * 300,0,0,"18,600",0
UNILEVER AND,7506306252240,PONDS BRIGHT MIRACLE CREMA DIA *,500,0,"63,300",0
UNILEVER AND,7506306252226,PONDS BRIGHT MIRACLE SERUM DIA *,300,0,"72,900",0
UNILEVER AND,7506306252110,PONDS BRIGTH MIRACLE CREMA NOCHE *,0,0,"66,400",0
UNILEVER AND,7501056320133,PONDS C * 100 GR,0,0,"22,500",0
UNILEVER AND,7501056346287,PONDS C CREMA DESMAQUILLADORA *,2000,0,"22,500",0
UNILEVER AND,7702006915496,PONDS C EXT.PEPINO * 100 GR GTS 50,0,0,0,0
UNILEVER AND,7702006920575,PONDS CLARANT B3 ACLARADORA P/SECA,0,0,"19,300",0
UNILEVER AND,7506306224650,PONDS CLARANT B3 C/FACIAL TUBO *,450,0,"26,000",0
UNILEVER AND,7501056333430,PONDS CLARANT B3 ESPUMAS LIM * 100,0,0,"9,550",0
UNILEVER AND,7702006405645,PONDS CLARANT B3 GRASA 100 GR + 50,0,0,"29,000",0
UNILEVER AND,7506306250901,PONDS CREMA FACIAL CLARANT B3 * 45,0,0,"21,500",0
UNILEVER AND,7501056326180,PONDS CREMA H HIDRATANTE POTE *,2000,0,"29,900",0
UNILEVER AND,7506306216761,PONDS CREMA HUMECTANTE FPS30 * 100,0,0,"26,300",0
UNILEVER AND,7702006923941,PONDS CREMA REJUVENESS * 100+PONDS,0,0,"36,000",0
UNILEVER AND,7501056326166,PONDS CREMA S HUMECTANTE POTE *,2000,0,"37,000",0
UNILEVER AND,7506306215900,PONDS DETOX LIMPIADOR FACIAL * 220,0,0,"25,900",0
UNILEVER AND,7501056333416,PONDS ESPUMA FACIAL HYDRA SOFTX,1000,0,"7,900",0
UNILEVER AND,7506306217645,PONDS GEL FRUITY HYDRAT FRESH ALOE,0,0,"37,900",0
UNILEVER AND,7506306217669,PONDS HYDRA FRESH LIMPIADOR FACIAL,0,0,"38,500",0
UNILEVER AND,7702006301480,PONDS LIMPIADOR FACIAL DIARIO * 50,0,0,"15,500",0
UNILEVER AND,7501056346270,PONDS LOCION LIMPIADORA CLARANT B3,0,0,"39,000",0
UNILEVER AND,7702006921855,PONDS S CREMA NUTRITIVA X 50 GRS X,0,0,0,0
UNILEVER AND,7506306250413,PONDS SERUM FACIAL HYDRA ACTIVE *,30,0,"52,000",0
UNILEVER AND,7506306248144,PONDS SERUM FACIAL VS MANCHAS * 30,0,0,"52,000",0
UNILEVER AND,7506306254602,PONDS SERUM PROTECTOR FACIAL FPS,500,0,"64,500",0
UNILEVER AND,7702006919722,PONDS TOALLITAS * 2 UNDS * 60,0,0,"36,300",0
UNILEVER AND,7702006201537,PONDS TOALLITAS DESMAQUILLANTES *,20,0,"35,100",0
UNILEVER AND,7501056342777,PONDS WHIT BEAUTY UNIFORME DIA *,500,0,"22,600",0
UNILEVER AND,7702006921817,PONDS WHITE BEAUTY UNIFORME DIA *,50,0,0,0
UNILEVER AND,7501056342807,PONDS WHITE BEUTY ANTIMANCHA DIA *,0,0,"14,400",0
UNILEVER AND,7501056342821,PONDS WHITE BEUTY NATURALS DIA *,500,0,"17,000",0
UNILEVER AND,7702047094631,RAMA MARGARINA BAJA EN SAL,0,0,0,0
UNILEVER AND,7702047129425,RAMA MARGARINA CUBO X 50GR,0,0,0,0
UNILEVER AND,7702047094709,RAMA MARGARINA LINE X 250GR,0,0,0,0
UNILEVER AND,7702006922272,REXONA AEROSOL COTTON X 105 GR X 2,0,0,0,0
UNILEVER AND,7702006923583,REXONA AEROSOL EXTRA COOL X 105 GR,0,0,"10,800",0
UNILEVER AND,7702006922753,REXONA AEROSOL EXTRA COOL X 105 GR,0,0,"14,300",0
UNILEVER AND,7702006916271,REXONA AEROSOL SPORTFAN X 175 ML X,0,0,0,0
UNILEVER AND,7791293005270,REXONA AEROSOL SUPER HEROX 175ML,0,0,"10,800",0
UNILEVER AND,7791293983905,REXONA AEROSOL TEENS TROPIC ENERGY,0,0,"10,100",0
UNILEVER AND,7702006202343,REXONA AEROSOL V8 150 ML * 3 UND,0,0,"47,900",0
UNILEVER AND,7702006921626,REXONA AEROSOL WOMEN EXTRA FRESH X,0,0,"9,800",0
UNILEVER AND,7702006921961,REXONA BAMBOO BARRA * 50 + SHAMPOO,0,0,"8,100",0
UNILEVER AND,7791293037158,REXONA CLINICAL AEROSOL ROSADO *,150,0,"22,100",0
UNILEVER AND,78939448,REXONA CLINICAL CLASSIC ROLLON *,500,0,"13,900",0
UNILEVER AND,7702006200929,REXONA CLINICAL CLASSIC WOMEN * 20,0,0,"26,500",0
UNILEVER AND,7702006000710,REXONA CLINICAL CLEAN MEN 48 GR *,20,0,"42,900",0
UNILEVER AND,7702006298766,REXONA CLINICAL CLEAN SCENT PROMO,40,0,"41,900",0
UNILEVER AND,75067373,REXONA CLINICAL EXPERT ROLLON * 50,0,0,"13,600",0
UNILEVER AND,7702006401425,REXONA CLINICAL EXTRA DRY PROMO 48,0,0,"44,500",0
UNILEVER AND,7791293037141,REXONA CLINICAL MEN AEROSOL AZUL *,0,0,"19,900",0
UNILEVER AND,7702006401869,REXONA CLINICAL MEN CLEAN PACK * 3,0,0,"38,300",0
UNILEVER AND,7702006404143,REXONA CLINICAL MEN EXPERT 46 GR *,0,0,"39,900",0
UNILEVER AND,75067410,REXONA CLINICAL MEN EXPERT ROLL ON,0,0,"14,300",0
UNILEVER AND,079400300546,REXONA CLINICAL MEN SPORT STRENGTH,0,0,"30,300",0
UNILEVER AND,7702006402842,REXONA CLINICAL MEN SPORT STRENGTH,0,0,"42,900",0
UNILEVER AND,7702006401876,REXONA CLINICAL WOMEN CLASSIC PACK,0,0,"38,300",0
UNILEVER AND,7891150089952,REXONA CLINICAL WOMEN REFRESH *,1500,0,"28,200",0
UNILEVER AND,7702006000741,REXONA CLINICAL WOMEN ROSADO 48 GR,0,0,"42,900",0
UNILEVER AND,7702006910323,REXONA COTTON * 10GR CJA *,140,0,"9,000",0
UNILEVER AND,7702006918350,REXONA COTTON SOBRE UNDAD UNILEVER,0,0,700,0
UNILEVER AND,75026646,REXONA DESO BARRA CRYSTAL PINKX 50,0,0,"6,000",0
UNILEVER AND,75036829,REXONA DESO BARRA SIN PERFUME X 50,0,0,"9,200",0
UNILEVER AND,7791293006420,REXONA DESO CRYSTAL PINK AEROX 105,0,0,0,0
UNILEVER AND,78924222,REXONA DESO MINI ROLLON BAMBOO *,300,0,"4,300",0
UNILEVER AND,7702006130769,REXONA DESO ROLLON BAMBOO 50 ML *,20,0,"21,700",0
UNILEVER AND,78929371,REXONA DESO ROLLON EXTRA FRESH X,500,0,"11,000",0
UNILEVER AND,78925373,REXONA DESO ROLLON TEENS DANCEX 50,0,0,0,0
UNILEVER AND,7702006917872,REXONA DESO WOMEN BAMBO PAG 16LLEV,0,0,"16,500",0
UNILEVER AND,7702006921930,REXONA EXTRA FRESH SOBRES CJA * 12,0,0,"8,500",0
UNILEVER AND,7702006404785,REXONA GEL MEN EXTRA COOL 2 UND *,10,0,"37,900",0
UNILEVER AND,7702191658765,REXONA JABON ALOE X 110 GR 3 +,10,0,0,0
UNILEVER AND,7791293521558,",7REXONA JABON ALOE X 125 GRS",0,0,"2,000",0
UNILEVER AND,7702006402231,REXONA JABON ANTIBACTERIAL AVENA *,0,0,"3,900",0
UNILEVER AND,7702191659373,REXONA JABON AQUA FRESH X 125 GR,0,0,"1,900",0
UNILEVER AND,7702191658772,REXONA JABON AVENA X 110 GR PAGUE,30,0,0,0
UNILEVER AND,7702006652438,REXONA JABON AVENA X 125 GR,0,0,"3,600",0
UNILEVER AND,7702006402200,REXONA JABON BAMBOO FRESH BARRA *,10,0,"4,000",0
UNILEVER AND,7702191657768,REXONA JABON DEO FRESCOR X 110 GRS,0,0,0,0
UNILEVER AND,7702191655740,REXONA JABON ENERGISING X 125 GRS,0,0,0,0
UNILEVER AND,7702191657720,REXONA JABON NATURAL X 110 GRS X 3,0,0,0,0
UNILEVER AND,7702191657775,REXONA JABON NUTRIFRESH X 110 G X,30,0,0,0
UNILEVER AND,7702191659410,REXONA JABON NUTRITIVE X 125 GR X,30,0,0,0
UNILEVER AND,7702191000960,REXONA JABON ORCHID FRESH BARRA *,10,0,"2,200",0
UNILEVER AND,7791293990583,REXONA MEN  EXTREME AEROSOL FCO *,10,0,"7,000",0
UNILEVER AND,7506306236523,REXONA MEN AEROSOL ANTIBAC FRESH,100,0,"15,100",0
UNILEVER AND,7791293025537,REXONA MEN AEROSOL ANTIBACTERIAL *,0,0,"15,900",0
UNILEVER AND,75058852,REXONA MEN ANTIBACTERIAL+INVISIBLE,0,0,"13,000",0
UNILEVER AND,78939455,REXONA MEN CLINICAL ROLLON CLEAN *,0,0,"14,000",0
UNILEVER AND,7791293023175,REXONA MEN FANATICOS AEROSOL FCO *,0,0,"11,100",0
UNILEVER AND,75045425,REXONA MEN FANATICOS ROLON FCO *,500,0,"8,000",0
UNILEVER AND,78925472,REXONA MEN INVISIBLE ROLLON UNIDAD,0,0,"5,000",0
UNILEVER AND,7702006917865,REXONA MEN SENSITIVE * 12G CJA *,140,0,"16,000",0
UNILEVER AND,7791293022581,REXONA MEN XTRA COOL AEROSOL * 150,0,0,"24,500",0
UNILEVER AND,7791293017037,REXONA SPLASH EXTRA FRESH * 125 ML,0,0,"8,000",0
UNILEVER AND,75028961,REXONA TEENS 50GR,0,0,"7,200",0
UNILEVER AND,78925496,REXONA TEENS MUSIC FAN ROLON UNDAD,0,0,"5,000",0
UNILEVER AND,7791293011745,REXONA TUNING AEROSOL FCO * 175 ML,0,0,"9,000",0
UNILEVER AND,7791293025544,REXONA WOMEN AEROSOL ANTIBACTERIAL,0,0,"15,700",0
UNILEVER AND,7506306236516,REXONA WOMEN ANTIBAC FRESH 10X *,100,0,"15,100",0
UNILEVER AND,7702006921503,REXONA WOMEN BAMBOO SOBRES CJA *,200,0,"9,500",0
UNILEVER AND,7791293032436,REXONA WOMEN POWDER DRY SPRAY *,1500,0,"24,000",0
UNILEVER AND,7702354022822,SAVITAL ACOND 100ML,0,0,0,0
UNILEVER AND,7702006299671,SAVITAL ACOND ACEITE DE ARGAN X 20,0,0,"11,700",0
UNILEVER AND,7702354937355,SAVITAL ACOND BIOTINA Y SABILA *,530,0,"13,300",0
UNILEVER AND,7702006299749,SAVITAL ACOND COLAGENO 25 MIL X 20,0,0,"12,100",0
UNILEVER AND,7702006208598,SAVITAL ACOND COLAGENO Y SABILA *,40,0,"19,400",0
UNILEVER AND,7702006208529,SAVITAL ACOND FUSION PROTEINAS FCO,0,0,"19,600",0
UNILEVER AND,7702006299084,SAVITAL ACOND KERATINA Y SABILA,5300,0,"9,700",0
UNILEVER AND,7702006406499,SAVITAL ACOND SERUM AMINOACIDO *,100,0,"3,600",0
UNILEVER AND,7702354932909,SAVITAL AGUACATE 2 EN 1 SHAMPOO X,50,0,"12,800",0
UNILEVER AND,7702006202275,SAVITAL CR/PEINAR MULTIVITAMINAS Y,0,0,"1,300",0
UNILEVER AND,7702006406055,SAVITAL CREMA PEINAR HIALURONICO *,0,0,"3,800",0
UNILEVER AND,7702354028633,SAVITAL CREMA PEINAR TRATAMIENTO *,0,0,"15,000",0
UNILEVER AND,7702354030544,SAVITAL EMBRION DE PATO SHAMPOO X,10,0,0,0
UNILEVER AND,7702354030551,SAVITAL EMBRION DE PATO SHAMPOO X,10,0,"5,000",0
UNILEVER AND,7702354030537,SAVITAL EMBRION DE PATO SHAMPOO X,30,0,0,0
UNILEVER AND,7702354030520,SAVITAL EMBRION DE PATO SHAMPOO X,30,0,0,0
UNILEVER AND,7702354000264,SAVITAL EMBRION DE PATO SHAMPOO X,50,0,"13,300",0
UNILEVER AND,7702354023287,SAVITAL MIEL SHAMPOO X 18 S/S,0,0,0,0
UNILEVER AND,7702354023393,SAVITAL MIEL Y SABILA SHAMPOO X,1700,0,0,0
UNILEVER AND,7702354023416,SAVITAL MIEL Y SABILA SHAMPOO X,3700,0,0,0
UNILEVER AND,7702006205283,SAVITAL SHAMPOO ANTICASPA SOBRE *,20,0,700,0
UNILEVER AND,7702006302135,SAVITAL SHAMPOO ANTICASPA SUAVIDAD,0,0,"21,400",0
UNILEVER AND,7702354937379,SAVITAL SHAMPOO BIOTINA Y SABILA *,0,0,"17,900",0
UNILEVER AND,7702191522295,SAVITAL SHAMPOO ELIXIR ROMERO *,5100,0,"23,000",0
UNILEVER AND,7702006301657,SAVITAL SHAMPOO FUSION PROTEINAS Y,0,0,"4,300",0
UNILEVER AND,7702006207768,SAVITAL SHAMPOO FUSION PROTEINAS Y,0,0,"17,300",0
UNILEVER AND,7791293995939,SEDAL ACOND CAPAS DESTACADAS * 350,0,0,"7,000",0
UNILEVER AND,7591107424231,SEDAL ACOND. CAIDA DEFENSE FCO *,350,0,"10,500",0
UNILEVER AND,7591107423739,SEDAL ACOND. LISO PERFECTO FCO *,350,0,"10,500",0
UNILEVER AND,7702006301572,SEDAL ACONDICIONADOR CELULAS MADRE,0,0,"17,600",0
UNILEVER AND,7702006207690,SEDAL ACONDICIONADOR CERAMIDAS *,240,0,"1,200",0
UNILEVER AND,7702006654203,SEDAL ACONDICIONADOR LUMINOSO UV *,0,0,"17,900",0
UNILEVER AND,7506306205031,SEDAL BY YUYA DETOX ACOND * 340 ML,0,0,"13,900",0
UNILEVER AND,7506306205048,SEDAL C/PEINAR BY YUYA DETOX * 300,0,0,"14,800",0
UNILEVER AND,7702006912129,SEDAL CAIDA DEFENSE SHAMP. FCO *,200,0,"5,350",0
UNILEVER AND,7501056335403,SEDAL CAPAS DESTAPADAS SHAMPOO *,350,0,"8,500",0
UNILEVER AND,7702006920032,SEDAL CERAMIDAS 350ML+ACONDI 350ML,0,0,"13,000",0
UNILEVER AND,7702006918695,SEDAL CERAMIDAS SHAMPO SOBRE UNDAD,0,0,"1,000",0
UNILEVER AND,7702006916189,SEDAL CERAMIDAS SHAMPOO X 20 S/S,0,0,"10,300",0
UNILEVER AND,7501056340773,SEDAL CLIMA RESIST ACOND X 200ML,0,0,"7,400",0
UNILEVER AND,7501056340780,SEDAL CLIMA RESIST ACOND X 350 ML,0,0,"9,300",0
UNILEVER AND,7501056340766,SEDAL CLIMA RESIST SHAMPOO FCO *,350,0,"9,000",0
UNILEVER AND,7791293623078,SEDAL CRECI/FORTIFICADO ACOND X,2000,0,0,0
UNILEVER AND,7501056336417,SEDAL CRECIMIENTO FORT. SHAMPOO *,20,0,"6,500",0
UNILEVER AND,7501056336394,SEDAL CRECIMIENTO FORTIFICADO *,3500,0,"8,900",0
UNILEVER AND,7501056340124,SEDAL CREMA PEINAR CERAMIDAS * 300,0,0,"21,500",0
UNILEVER AND,7501056340797,SEDAL CREMA PEINAR CLIMA RESIST X,30,0,"7,700",0
UNILEVER AND,7501056340117,SEDAL CREMA PEINAR LISO PERFECTO X,0,0,"11,900",0
UNILEVER AND,7501056340025,SEDAL CREMA PEINAR RESTAURACION X,30,0,"10,900",0
UNILEVER AND,7702006400923,SEDAL CREMA PEINAR RIZOS DEFINIDOS,0,0,"30,000",0
UNILEVER AND,7702006400107,SEDAL CREMA RIZOS DEFINIDOS CJA *,20,0,"15,000",0
UNILEVER AND,7702006920049,",7SEDAL DUO SAHMPOO X 20 S/S",0,0,0,0
UNILEVER AND,7702006015066,SEDAL GER/TRI SHAMPOO X 200 ML,0,0,0,0
UNILEVER AND,7791293003498,SEDAL GUARANA ACTIVE SHAMPOO X 350,0,0,0,0
UNILEVER AND,7501056347116,SEDAL HIDRATACION SEDOSA ACOND X,350,0,"8,300",0
UNILEVER AND,7501056347918,SEDAL HIDRATACION SEDOSA SHAMPOO X,0,0,0,0
UNILEVER AND,7501056347093,SEDAL HIDRATACION SEDOSA SHAMPOO X,0,0,"9,200",0
UNILEVER AND,7702006400978,SEDAL KERATINA SHAMPOO+ACOND * 340,0,0,"31,000",0
UNILEVER AND,7702006912884,SEDAL LISO PERFECTO SHAMPOO X  200,0,0,"7,500",0
UNILEVER AND,7702006912891,SEDAL LISO PERFECTO SHAMPOO X  350,0,0,"9,600",0
UNILEVER AND,7891150099920,SEDAL MASCARILLA LUMINOSO UV * 300,0,0,"17,900",0
UNILEVER AND,7891150099456,SEDAL MASCARILLA RIZOS DEFINIDOS *,0,0,"17,900",0
UNILEVER AND,7791293006789,SEDAL NEGRO LUMINOSO SHAMPOO X 350,0,0,"9,300",0
UNILEVER AND,7791293006772,SEDAL NEGRO LUMINOSOS SHAMPOO X200,0,0,0,0
UNILEVER AND,7791293006741,SEDAL NEGROS LUMINOSOS ACOND X 350,0,0,"4,800",0
UNILEVER AND,7791293006796,SEDAL NEGROS LUMINOSOS ACOND.* 200,0,0,"4,700",0
UNILEVER AND,7702006921763,SEDAL RECONSTRUCCION SHAMPOO X 200,0,0,"5,500",0
UNILEVER AND,7501056347895,SEDAL REVIT Y FUERZA SHAMPOO X 200,0,0,0,0
UNILEVER AND,7501056347222,SEDAL REVIT Y FUERZA SHAMPOO X 350,0,0,"9,200",0
UNILEVER AND,7506306237421,SEDAL RIZOS DEFINIDOS SHAMPOO *,3400,0,"18,900",0
UNILEVER AND,7702006405058,SEDAL RIZOS DEFINIDOS SHAMPOO *400,0,0,"19,000",0
UNILEVER AND,7791293008660,SEDAL RIZOS OBEDIENTES  ACOND X,3500,0,"6,600",0
UNILEVER AND,7898422746032,SEDAL RIZOS OBEDIENTES CREMA FCO *,0,0,"8,000",0
UNILEVER AND,7702006912938,SEDAL RIZOS OBEDIENTES SHAMPOO *,650,0,"13,700",0
UNILEVER AND,7702006921770,SEDAL RIZOS OBEDIENTES SHAMPOO 200,0,0,"5,500",0
UNILEVER AND,7702006912914,SEDAL RIZOS OBEDIENTES SHAMPOO X,200,0,"5,500",0
UNILEVER AND,7702006912921,SEDAL RIZOS OBEDIENTES SHAMPOO X,350,0,"8,900",0
UNILEVER AND,7702006923736,SEDAL RIZOS SHAMPOO X 350 ML+ACOND,0,0,0,0
UNILEVER AND,7702006923750,SEDAL RIZOS SHAMPOO X 650 ML+SPRAY,0,0,0,0
UNILEVER AND,7501056334710,SEDAL S.O.S. STYLING SHAMPOO * 350,0,0,"6,500",0
UNILEVER AND,7891150099906,SEDAL SERUM CAPILAR LUMINOSO UV X,10,0,"23,100",0
UNILEVER AND,7702006921121,SEDAL SHAMPOO CERAMIDAS SOBRES CJA,0,0,"10,000",0
UNILEVER AND,7506306205079,SEDAL SHAMPOO DETOX YUYA TE VERDEY,0,0,"14,000",0
UNILEVER AND,7702006654166,SEDAL SHAMPOO LUMINOSO UV * 340 ML,0,0,"17,900",0
UNILEVER AND,7702006400329,SEDAL SHAMPOO REPAR KERATINA * 350,0,0,"14,000",0
UNILEVER AND,7506306237322,SEDAL SHAMPOO RESTAURACION INST *,30,0,"13,700",0
UNILEVER AND,7898422752033,SEDAL TEENS BRILLO POP ACOND X 200,0,0,0,0
UNILEVER AND,7702006299152,SHAM SAVITAL BIOTINA Y SABILA X,5500,0,"11,500",0
UNILEVER AND,7702006653510,SHAMPOO DOVE BOND INTENSE REPAIR *,0,0,"25,900",0
UNILEVER AND,7702047001318,SUMAIZ BUUELO X 350 GR,0,0,0,0
UNILEVER AND,7702006150064,TALCO REXONA EFFICIENT * 180 GR +,50,0,"24,900",0
UNILEVER AND,7702006404358,TALCO REXONA EFFICIENT * 300 GR+,850,0,"30,400",0
UNILEVER AND,7702006207287,TALCO REXONA EFFICIENT FRESH X 180,0,0,"12,800",0
UNILEVER AND,7702006404303,TALCO REXONA EFFICIENT SPRAY 2 UND,0,0,"31,400",0
UNILEVER AND,7791293042091,TALCO REXONA EFFICIENT SPRAY X 210,0,0,"16,400",0
UNILEVER AND,7702006301459,TALCO REXONA EFFICIENT X 85 GR,0,0,"8,000",0
UNILEVER AND,7891150013773,",7TRATAMIENTO DOVE CONTROL CAIDA X",350,0,0,0
UNILEVER AND,7506306226302,TRESEMME ACOND BLINDAJE PLATINUM *,0,0,"16,300",0
UNILEVER AND,7891150050730,TRESEMME ACOND DETOX CAPILAR * 400,0,0,"15,700",0
UNILEVER AND,7702006200561,TRESEMME BLINDAJE PLATINUM SHAMPOO,0,0,"27,000",0
UNILEVER AND,7506306226333,TRESEMME SHAMPOO BLINDAJE PLATINUM,0,0,"15,500",0
UNILEVER AND,7506306232587,TRESEMME SHAMPOO REPAIR RITUALS *,40,0,"15,700",0
UNILEVER AND,7702006000307,TRESEMME SHAMPOO REPARACION SOBRES,0,0,800,0
UNILEVER AND,7501056342470,VASENOL HUMECTACION TOTAL AVENA *1,0,0,"45,400",0
UNILEVER AND,7501056341961,VASENOL HUMECTACION TOTAL FCO *,1000,0,"5,100",0
UNILEVER AND,7501056334956,VASENOL RECUPERACION INTENSIVA *,400,0,"21,900",0
UNILEVER AND,7702006921800,VASENOL RECUPERACION INTENSIVA X,200,0,0,0
UNILEVER AND,7501056338374,VASENOL RECUPERACION INTENSIVA X,400,0,"17,000",0
UNILEVER AND,7501056334925,VASENOL RECUPERACION INTENSIVAX,1000,0,"5,200",0
UNILEVER AND,7501056334949,VASENOL RECUPERACION INTENSIVAX,2000,0,"9,400",0
UNILEVER HOG,7702191162996,AROMATEL  COCO BAMBU X  400 ML,0,0,"2,800",0
UNILEVER HOG,7702191162972,AROMATEL COCO BAMBU X 180 ML,0,0,"1,800",0
UNILEVER HOG,7702191163009,AROMATEL COCO BAMBU X 2 UNIDADES X,0,0,"21,900",0
UNILEVER HOG,7702191162712,AROMATEL FLORAL X 180 ML,0,0,"1,200",0
UNILEVER HOG,7702191161517,AROMATEL FLORAR X 400 ML,0,0,"2,600",0
UNILEVER HOG,7702191161470,AROMATEL LAVANDA MORA 2 UNIDADES X,0,0,"13,500",0
UNILEVER HOG,7702191162736,AROMATEL LAVANDA MORA X 180 ML,0,0,"1,200",0
UNILEVER HOG,7702191161524,AROMATEL LAVANDA MORA X 400 ML,0,0,"2,600",0
UNILEVER HOG,7702191162095,AROMATEL MANDARINA FLORAL X 400 ML,0,0,"2,800",0
UNILEVER HOG,7702191162699,AROMATEL MANZANA VERDE X 180 ML,0,0,"1,200",0
UNILEVER HOG,7702191161449,AROMATEL MANZANA VERDE X 900 ML *,20,0,"13,900",0
UNILEVER HOG,7702006925426,DETERGENTE LIQUIDO VEL ROSITA X,3000,0,"3,900",0
UNILEVER HOG,7702010210624,FAB DETERGENTE FLORAL X 115 GR,0,0,0,0
UNILEVER HOG,7702010210655,FAB DETERGENTE LIMON X 115 GR,0,0,0,0
UNILEVER HOG,7702191657843,JABON FAB BARRA LIMON X 3 UND X,2400,0,0,0
UNILEVER HOG,7702191658895,JABON FAB BARRA MULTIUSOS FLORAL X,0,0,0,0
UNILEVER HOG,7702191658901,JABON FAB BARRA MULTIUSOS LIMON X,30,0,0,0
UNILEVER HOG,7702191163245,JABON FAB LIQUIDO X 150 ML,0,0,"1,500",0
UNILEVER HOG,7702191657584,JABON FAB POLVO C/TOQUE SUAVIZANTE,0,0,0,0
UNILEVER HOG,7702191163184,JABON FAB POLVO X 800 GR,0,0,"5,200",0
UNILEVER HOG,7702191658406,JABON LAVOMATIC POLVO FLORAL X 450,0,0,0,0
UNILEVER HOG,7702191657522,JABON LAVOMATIC POLVO FLORAL X 900,0,0,0,0
UNILEVER HOG,7702191658222,JABON PURO AZUL X 235 GR,0,0,0,0
UNILEVER HOG,7702191657812,JABON PURO BARRA HORTENSIAS X 3,0,0,0,0
UNILEVER HOG,7702191655221,JABON PURO FUERZA AZUL X 350 GR,0,0,0,0
UNILEVER HOG,7702191655276,JABON PURO FUERZA DE SOL TRIPACK X,0,0,0,0
UNILEVER HOG,7702047136300,KNORR CALDO COSTILLA,0,0,0,0
UNILEVER HOG,7702047132043,KNORR CALDO COSTILLA X 40 CUBOS,0,0,0,0
UNILEVER HOG,7702047021507,KNORR CALDO GALLINA X 28 CUBOS,0,0,0,0
UNILEVER HOG,7702047004203,KNORR CREMA CHAMPIONES X 70 GR,0,0,0,0
UNILEVER HOG,7702047004210,KNORR CREMA POLLO X 70 GRS,0,0,0,0
UNILEVER HOG,7702047129722,KNORR SOPA COSTILLA/FIDEO X 70 GR,0,0,0,0
UNILEVER HOG,7702047135983,KNORR SOPA CRIOLLA X 60 GR,0,0,0,0
UNILEVER HOG,7702047136003,KNORR SOPA PESCADO X 60 GR,0,0,0,0
UNILEVER HOG,7702047135945,KNORR SOPA POLLO/FIDEO 70 GR,0,0,0,0
UNILEVER HOG,7702047023303,MAIZENA CEREAL BEBES X 280 GR,0,0,0,0
UNILEVER HOG,7702047134115,MAIZENA COLADA MIX X 30 GR,0,0,0,0
UNILEVER HOG,7702047003497,MAIZENA FECULA DE MAIZ X 380 GR,0,0,0,0
UNILEVER HOG,7702047003466,MAIZENA FECULA DE MAIZ X 90 GR,0,0,0,0
URBIMED LABO,7707317810027,UPRONE 150 MG X 90 CAPS,0,0,0,0
URBIMED LABO,7707317810072,UPRONE 200 MG X 90 CAPS,0,0,0,0
URBIMED LABO,7707317810126,",0UPRONE KIDS X 30 S/S",0,0,0,0
VALMY DE COL,7591949528012,REMOVEDOR VALMY FCO,0,0,"3,900",0
VALMY DE COL,7591949634010,VALMY CREMA DE MANOS ANTIEDAD,0,0,0,0
VALMY DE COL,7591949627012,VALMY DILUENTE DE ESMALTE DE UÃ‘AS,0,0,"2,600",0
VALMY DE COL,7591949531036,VALMY ESMALTE QUIMICA ENDURECEDORA,0,0,"3,900",0
VALMY DE COL,7591949691013,VALMY KIT AMOR Y AMISTAD NO,10,0,0,0
VALMY DE COL,7591949691020,VALMY KIT AMOR Y AMISTAD NO,20,0,0,0
VALMY DE COL,7591949691037,VALMY KIT AMOR Y AMISTAD NO,30,0,0,0
VALMY DE COL,7591949691051,VALMY KIT AMOR Y AMISTAD NO,50,0,0,0
VALMY DE COL,7591949381013,VALMY POLVO COMPACTO SIN ESPEJO #,00,0,"6,200",0
VALMY DE COL,7591949381037,VALMY POLVO COMPACTO SIN ESPEJO #,00,0,"6,200",0
VALMY DE COL,7591949569015,VALMY REMOVEDOR SIN ACETONA 500,0,0,"12,400",0
VALMY DE COL,7591949581246,VALMY SOMBRA DE OJOS P.F. N,240,0,0,0
VALMY DE COL,7591949617112,VALMY SPLASH BODY N 1 NICOLETTE,0,0,0,0
VALMY DE COL,7591949617129,VALMY SPLASH BODY N 2 COLLECTION,0,0,0,0
VALMY DE COL,7591949617136,VALMY SPLASH BODY N 3 ENCHANTED,0,0,0,0
VALMY DE COL,7591949617143,VALMY SPLASH BODY N 4 FRESH,0,0,0,0
VALMY DE COL,7591949617150,VALMY SPLASH BODY N 5 CHICK,0,0,0,0
VALMY DE COL,7591949617167,VALMY SPLASH BODY N 6 NICKY,0,0,0,0
VAPEOCOL,6976690693515,VAPEADOR LIT SWITCH KIT GRAPE SODA,0,0,"45,000",0
VAPEOCOL,6976690693485,VAPEADOR LIT SWITCH KIT STRAWBERRY,0,0,"45,000",0
VAPEOCOL,6976690693898,VAPEADOR LITPOD KIT FROZEN MINT 5%,0,0,"70,000",0
VAPEOCOL,6976690692112,VAPEADOR LITPOD KIT MANGO TWIST 5%,0,0,"70,000",0
VARIOS ,7709835537974,ACEITE DE COCO * 120 ML,0,0,"14,000",0
VARIOS ,7708970476520,ACEITE ESENCIAL V-CIDE * 9 ML,0,0,"96,800",0
VARIOS ,7705959000165,ACETATO DE ALUMINIO X 25 S/S,0,0,"15,000",0
VARIOS ,8050444858592,ACNESTIL GEL *200 ML,0,0,"137,000",0
VARIOS ,7709839387537,ACONCIONADOR + CREMA PARA PEINAR,100,0,"3,500",0
VARIOS ,0040565124841,ACTICOAT FLEX 3 10 CM * 10 CM * 12,0,0,"263,000",0
VARIOS ,7707188720531,ACTIV FYMAX * 360 ML,0,0,"83,100",0
VARIOS ,3583316666643,ACUPAN 20 ML * 5 AMP,0,0,"115,000",0
VARIOS ,7709444129966,ADAPTESSENS *90 CAP,0,0,"122,000",0
VARIOS ,7800061175104,ADRENALINA(EPINEFRINA) 1MG/1ML AMP,0,0,"360,000",0
VARIOS ,7708989349891,AGUJAS PARA INSULINA 32G * 4MM *,100,0,"49,000",0
VARIOS ,557501201310019,ALACRAMYN AMPOLLA,0,0,"550,000",0
VARIOS ,7702576000066,ALCOHOL 70Â° GALON,0,0,"32,000",0
VARIOS ,7705137100014,ALCOHOL ANTISEPTICO OSA X 3600 ML,0,0,"23,800",0
VARIOS ,7702477475604,ALGARRA LECHE ACHOCOLATADA BOLSA *,0,0,"2,400",0
VARIOS ,079295005007,ALMOHADILLA ELECTRICA,0,0,"240,500",0
VARIOS ,7707368240248,ALSACE BOLSAS Y OJERAS EMULSION *,10,0,"120,750",0
VARIOS ,7706304000069,ANTIFAZ FRIO,0,0,"65,300",0
VARIOS ,7707368818591,AOX THERAPY SUPLEMENTO DIETARIO,2500,0,"237,000",0
VARIOS ,7707178252325,APOSITO ABDOMINAL ROLLO 22.5 * 150,0,0,"8,500",0
VARIOS ,7707178251557,APOSITO DE GASA Y ALGODÃ“N 10 * 20,0,0,"3,200",0
VARIOS ,7709067204415,ARGICARD X 60 TAB,0,0,"71,900",0
VARIOS ,7709990164329,ARTIMAG SUPLEMENTO DIETARIO FRCO *,0,0,"37,700",0
VARIOS ,7701205202314,ASEPTIDINA JABON QUIRURGICO * 1000,0,0,"41,000",0
VARIOS ,7701205202611,ASEPTIDINA SOLUCION TOPICA SPRAY *,0,0,"11,400",0
VARIOS ,7709609790598,ASHWAGANDHA * 60 CAP,0,0,"66,500",0
VARIOS ,6970244522184,AUDIFONOS XIAOMI MI IN-EAR NEGRO,0,0,"25,000",0
VARIOS ,7790440200117,AVONEX X 4 JERINGAS PRELLENADAS,30,0,"02,825,900",0
VARIOS ,5000223421991,BACTIGRAS APOSITO 15 CM/20 CM  * 1,0,0,"18,000",0
VARIOS ,7709990986419,BAJALENGUAS MADERA BOLSA *500 UND,0,0,"35,000",0
VARIOS ,0766871799206,BANDAS NASALES HIPOALERGENICAS *,100,0,"24,000",0
VARIOS ,4891199027581,BATERIA GP ULTRA AA,0,0,"4,000",0
VARIOS ,7707329732270,BECLOMETASONA NASAL 50MCG INH *,2000,0,"20,000",0
VARIOS ,8901117231511,BECLORT SPRAY NASAL 0.1% 50 MCG X,10,0,"13,500",0
VARIOS ,7702814701816,BEKUNIS *45 TAB NTI,0,0,"35,000",0
VARIOS ,7704768002667,BETACAROTENO + VITAMINA E CJA * 50,0,0,"25,000",0
VARIOS ,7707394716458,BI-PRO CLASIC WHEY PROTEIN ISOLATE,0,0,"135,500",0
VARIOS ,0671875630410,BI-PRO CLASSIC 2 LB,0,0,"145,000",0
VARIOS ,0614143432149,BIGBERRY * 500 ML,0,0,"156,000",0
VARIOS ,7707341204540,BIO-RETINOL ANTIEDAD REGENERA * 30,0,0,"93,000",0
VARIOS ,7709653729148,BIOPHILUS * 30 S/S,0,0,"202,000",0
VARIOS ,7709042207721,BIOPROSURE * 700 GR,0,0,"23,600",0
VARIOS ,7707232094861,BIOTIN 900 MG + VITAMIN E FCO * 50,0,0,"23,000",0
VARIOS ,7707305546969,BLOQUEADOR SOLAR FACIAL SPF 50+ *,50,0,"46,200",0
VARIOS ,6977252934060,BOLSA RECOLECTORA LECHE MATERNA *,60,0,"29,000",0
VARIOS ,7707855876424,BOMBILLA LED,0,0,"4,000",0
VARIOS ,7707291341968,BRACE ARTICULAR RODILLA #,50,0,"250,000",0
VARIOS ,7704096023877,BRACE DE RODILLA,0,0,"290,000",0
VARIOS ,07426770218600,BRILLO LABIAL PEARL  FRESA X 4 GR,0,0,"5,000",0
VARIOS ,7703712064515,BUCO-FAR * 120 ML,0,0,"35,000",0
VARIOS ,7707394717035,BURNER STACK * 360 GR,0,0,"130,000",0
"VARIOS 09895,",770303501,CABESTRILLO DRILL ADULTO,0,0,"15,000",0
VARIOS ,6991234500135,CABLE ANDROID 3.0 A REF PLUS-2403,0,0,"19,000",0
VARIOS ,7702057355807,",7CALCIO 600 MG X 60 TABLS",0,0,0,0
VARIOS ,860100401004,CARGADOR PARA PORTATIL 12-24 V + 8,0,0,"40,000",0
VARIOS ,7709244726839,CEFAZOLINA 1 GR AMP,0,0,"6,500",0
VARIOS ,780392000111821,CEFEPIMA 1000 MG AMP,0,0,"9,000",0
VARIOS ,7704631420079,CEPILLO INTERDENTAL AMPLIO ESPACIO,0,0,"16,200",0
VARIOS ,7701001766607,CEREAL TAEQ GRANOLA Y FRUTOS ROJOS,0,0,"12,500",0
VARIOS ,7709068456004,CHIA+LINAZA X 400 GR,0,0,"20,000",0
"VARIOS 04866,",770218903,CHICHARRON AMERICANO,0,0,0,0
VARIOS ,7707283888934,",7CHICLETS XTIME SANDIA",0,0,0,0
VARIOS ,7701101356449,CHORIZO TERNERA ZENU TRIPACK * 110,0,0,"2,737",0
VARIOS ,6971971571742,CHUPO BEIDILE  ULTRA AIR NIGTH  X,20,0,"15,000",0
VARIOS ,6941096097359,CHUPO CUCARRON UNDAD,0,0,"5,000",0
VARIOS ,072239316610,CHUPO DR BROWNS ADVANTAGE 0-6 M *,20,0,"47,500",0
VARIOS ,4902508136792,CHUPO PIGEON,0,0,"24,000",0
VARIOS ,7702617445665,CITRUS REFRESCO DE AGUA CALIFORNIA,0,0,600,0
VARIOS ,7622210939234,CLORETS MINTS * 9 GR,0,0,"2,100",0
VARIOS ,7709587473377,CLOROFILA * 360 ML,0,0,"24,300",0
VARIOS ,7709048258185,CLORURO DE SODIO SUERO FISIOLOGICO,0,0,"2,000",0
VARIOS ,0051131222823,CODERA AJUSTABLE,0,0,"42,000",0
VARIOS ,0731299207305,COLAG WELL * 600 GR,0,0,"118,000",0
VARIOS ,7707357200598,COLAGENO HIDROLIZADO,0,0,"43,000",0
VARIOS ,5014398151003,COLOMYCIN INJECTION 1.000.000 X 10,0,0,"923,000",0
VARIOS ,5020353055804,COLONIA MUJER CHARMING GIRL FCO *,70,0,"20,600",0
VARIOS ,7702186031337,",0COLONIA VIRKOS VIP X 100 ML",0,0,0,0
VARIOS ,7702001017164,",7COMPOTA ALPINA FRUTAS TROPICALES X",0,0,0,0
VARIOS ,7707207272331,COMPRESAS ESTERILES 45 * 45 MM * 5,0,0,"15,000",0
VARIOS ,7707368240453,CONTREAC2 GEL HIDRATANTE FACIAL AC,0,0,"117,800",0
VARIOS ,7708678340758,CRANBERRY * 30 CAP,0,0,"48,000",0
VARIOS ,7707360610018,CREMA  ULTRAMAR CON VITAMINA E FCO,0,0,"54,500",0
VARIOS ,7707341204892,CREMA ARNICA 90GR,0,0,"45,000",0
VARIOS ,7702044213318,CREMA CORPORAL VITU PIÃ‘A Y COCO *,0,0,"17,000",0
VARIOS ,7709296944106,CREMA ESPARCIBLE AVELLANA *,0,0,"40,000",0
VARIOS ,7709990450897,CRISS POLVO COMPACTO FILTRO FUCSIA,0,0,"6,200",0
VARIOS ,7709990450835,CRISS POLVO COMPACTO FILTRO LIMA *,0,0,"6,200",0
VARIOS ,7709990148824,CRISS POLVO COMPACTO FILTRO UVA *,10,0,"6,200",0
VARIOS ,21352135,CUPON LOOPING PARK,0,0,1,0
VARIOS ,3661434001086,CUZN CREMA * 40 ML,0,0,"94,400",0
VARIOS ,00000000,DAAFGFHTJDC,0,0,0,0
VARIOS ,1175449,CODAILY PLUS SUPLEMENTO DIETARIO FCO,0,0,0,0
VARIOS ,7702433523011,",0DELINEADOR LIQ NEGRO WENDY",0,0,0,0
VARIOS ,0760412931124,DERMANTA NIACINAMIDE SERUM 10% *30,0,0,"67,000",0
VARIOS ,7701684000760,DERMICOX * 30 ML,0,0,"27,000",0
VARIOS ,7709195054555,DERPROSOL 0.05% * 60 ML,0,0,"47,000",0
VARIOS ,7500435144636,DESODORANTE CLINICAL SECRET GEL *,40,0,"24,500",0
VARIOS ,7709393531247,DETENS SUPLEMENTO DIETARIO CJA *,600,0,"92,300",0
"VARIOS 08107,",770718416,DEXAMETASONA 8 MG X 10 AMP,0,0,0,0
VARIOS ,860005035601,DHEA 50 MG * 60 CAP,0,0,"65,000",0
VARIOS ,7708960122482,DUOPETSA FCO * 30 TB,0,0,"205,900",0
VARIOS ,7709990473032,EMTRICITABINA 200MG + TENOFOVIR,3000,0,"500,000",0
VARIOS ,7709893115169,ENTEROPLEX SUPLEMENTO DIETARIO *,180,0,"167,100",0
VARIOS ,7707368240008,EPISOLEIL PROTECTOR SOLAR FPS 45 *,0,0,"107,000",0
VARIOS ,7706634011902,",7EQUIPO MACRO VENOCLISIS C/A",0,0,0,0
VARIOS ,7707141317983,",7EQUIPO MACRO VENOCLISIS S/A",0,0,0,0
VARIOS ,7706634004607,",7EQUIPO MACRO VENOCLISIS S/A",0,0,0,0
VARIOS ,7706634011735,",7EQUIPO MICROGOTEO S/A",0,0,"3,600",0
VARIOS ,7707019871517,ESCENCIAS FLORARES PARA ANSIEDAD *,0,0,"19,800",0
VARIOS ,7707357640417,",7ESENCIA FLORAL ADIOS A LA TRISTEZA",0,0,0,0
VARIOS ,7702007076905,ESENCIA FLORAL HAKA RESCATE * 30ML,0,0,"35,500",0
"VARIOS 07425,",770218603,ESTUCHE CREMA CORPORAL ETEREAL X,100,0,0,0
VARIOS ,7702011032652,",7ESTUCHE NAVIDENO COLOMBINA LATA",0,0,0,0
VARIOS ,7709468930661,EXIGRAS CAJA X 60 CAPSULAS BLANDAS,0,0,"85,000",0
VARIOS ,7707178250413,EXTENSION PARA ANESTESIA ADULTO,0,0,"4,400",0
VARIOS ,6977252931854,EXTRACTOR MANUAL PALANCA ONLY BABY,0,0,"35,000",0
VARIOS ,7702045520095,FA NATURAL & SOFT ROSE ROLON * 50G,0,0,"7,500",0
VARIOS ,7707291340923,FAJA DORSO-LUMBAR,0,0,"87,500",0
VARIOS ,7708366088498,FENO GREC * 100 UND,0,0,"27,000",0
VARIOS ,7702207700594,FENOBARBITAL 0.4% SOL ORAL FCO *,120,0,"11,000",0
VARIOS ,7709990868159,FIBRA VIDA PSYLLIUM NATURAL POTE *,0,0,"25,900",0
VARIOS ,7707066010785,FISIOTAPE VENDA NEUROMUSCULAR 5 CM,0,0,"45,000",0
VARIOS ,7709480642283,FLOR DE JAMAICA 40 GR,0,0,"8,300",0
VARIOS ,7709990363258,FLORADER * 8 UND,0,0,"75,000",0
VARIOS ,8423372040023,FLUIDBASE REDERM 10% AHA LOTION X,80,0,"157,100",0
VARIOS ,7702973041013,FORMULA MAGISTRAL,0,0,"102,400",0
VARIOS ,7702174074513,FRUNA CUBO SURTIDA,0,0,200,0
VARIOS ,7707179990530,FUROTIL X 18 TAB,0,0,"10,200",0
VARIOS ,0745853851620,GAF PLUS ADVANCE FRUTOS ROJOS *,3000,0,"36,000",0
VARIOS ,7622300769154,",7GALLETA CLUB SOCIAL SANDWICH QUESO",0,0,0,0
VARIOS ,7702487004474,GALLETAS CAN AMOR CON VITAMINAS *,10,0,"3,600",0
VARIOS ,7703010218054,GASA 1/2 X 1/2 YDA,0,0,"1,000",0
VARIOS ,7703010030007,",7GASA HOSPIT 1 X 100 YDA",0,0,"60,000",0
VARIOS ,7707364801870,GASA TEJIDA ROLLO *100 YARDAS,0,0,"61,300",0
VARIOS ,7701929156078,GEL ANTIBACTERIAL CON EXTRACTOS DE,0,0,"62,000",0
VARIOS ,8470001590879,GEL DENTAL PERIO KIN *30 ML,0,0,"32,130",0
VARIOS ,0731299207275,GENSAVI * 500 GR,0,0,"68,300",0
VARIOS ,7709601520131,GINKGO BILOBA 80 MG * 60 CAP,0,0,"34,000",0
VARIOS ,7702418001749,GINSENG CAPSULAS FCO *,500,0,"29,000",0
VARIOS ,074312012303,GLINICINATO DE MAGNESIO 240 MG FCO,0,0,"133,000",0
VARIOS ,0760412931087,GLOW TONIC TONICO DESPIGMENTANTE *,0,0,"57,500",0
VARIOS ,7206657555402,GLUCONATO DE MAGNESIO 550 MG * 100,0,0,"64,000",0
VARIOS ,7707394719893,GLUTA STACK * 510 GR,0,0,"82,000",0
VARIOS ,7206657553668,GLUTAMINA * 250 GR,0,0,"50,000",0
VARIOS ,7709326579964,GOING GEL ENERGETICO GRANADA SOBRE,0,0,"7,000",0
VARIOS ,7709990042986,GOING GEL ENERGETICO GUAYABA SOBRE,0,0,"7,000",0
VARIOS ,7708230557211,GOMAS APATTIO SLEEP WELL * 90 UND,0,0,"110,000",0
VARIOS ,7702174072342,GOMAS PLAY GUSANOS,0,0,700,0
VARIOS ,7702174073053,GOMAS PLAY MINI AROS,0,0,700,0
VARIOS ,7708813653095,GRANBERRY * 60 CAPS,0,0,"67,000",0
VARIOS ,814465010388,GRANBERRY X 100 CAPS,0,0,"34,500",0
VARIOS ,7702789010135,GREEN,0,0,"22,900",0
VARIOS ,7702789028048,GREEN SPRAY TONICO REFRESCANTE *,180,0,"30,001",0
VARIOS ,7709334992038,GREENSOFG BISGLICINATO DE MAGNESIO,0,0,"50,000",0
VARIOS ,7707346260282,GUARDIAN 2.9 LT,0,0,"12,500",0
VARIOS ,8033875147725,GUNA-9 GUNA-ALLERGY TREAT FCO * 30,0,0,"95,000",0
VARIOS ,7709474379409,GYNOMED * 360 ML,0,0,"92,400",0
VARIOS ,074312785641,HAIR SKIN & NAILS GUMMIES COLLAGEN,0,0,"112,000",0
VARIOS ,3308833,",3400933HALFAN 250 MG X 6 TABLS",0,0,0,0
VARIOS ,3312562,",3400933HALFAN SUSP FCO X 45 ML",0,0,0,0
VARIOS ,672822413551,",HEALTHIFEET CREMA X 113 GR",0,0,0,0
VARIOS ,7708678340543,HEALTHVIT GLICINATO DE MAGNESIO *,30,0,"55,400",0
VARIOS ,5060295491100,HEMATIX CREMA X 15G,0,0,"71,500",0
VARIOS ,8903726190012,HETVAL 1000 MG * 30 TAB,0,0,"219,000",0
VARIOS ,7700598000224,HIDROXIDO DE ALUMINIO + SIMETICONA,0,0,"6,200",0
VARIOS ,7707220056697,HIELO CRISTAL * 2 KG,0,0,"5,000",0
VARIOS ,7709948150725,HIGGS FOODS BERRY BLISS 160 GR *20,0,0,"89,000",0
VARIOS ,7709948150732,HIGGS FOODS LEMON-LIME POLVO 32 GR,0,0,"21,000",0
VARIOS ,85951637173005,",HYATOPROL X 50 ML",0,0,0,0
VARIOS ,7703889090027,HYGIENES SOBRES CJA *,240,0,"31,200",0
VARIOS ,7707180630500,ICE GEL REFRESCANTE RUBEFACIENTE *,0,0,"5,000",0
VARIOS ,7707175800499,ICOMIEL JB * 120 ML,0,0,"11,200",0
VARIOS ,7702113019834,",7IMAX GEL FIJACION XTREMA X 150GRS",0,0,0,0
VARIOS ,751273783199,IMMBOOST *60 CAP,0,0,"107,500",0
VARIOS ,7704096021293,INMOVILIZADOR DE PULGAR TALLA M,0,0,"30,000",0
VARIOS ,8906112610354,INMUNOGLOBULINA HUMANA 5% AMP *100,0,0,"997,000",0
VARIOS ,7708848422314,INOSITOL * 450 GR,0,0,"46,000",0
VARIOS ,7375589782900,INOSITOL 150 GR,0,0,"59,000",0
VARIOS ,8698573032904,INSPIROMETRO INCENTIVO EJERCITADOR,0,0,"25,500",0
VARIOS ,7702190192994,JABON ANTISEPTICO WEST WESCOHEX 2%,0,0,"13,350",0
VARIOS ,7707338400795,JABON BABYDER DERMOLIMPIADORA *,1000,0,"21,100",0
VARIOS ,7702826001218,JABON COCO  PRENDAS DELICADAS  *,200,0,"3,200",0
VARIOS ,0653981830557,JABON DE TIERRA BOTANICA FACE *,1200,0,"9,000",0
VARIOS ,7702191001240,JABON FAB  POLVO X 2 KILOS,0,0,"11,000",0
VARIOS ,7709990306026,JABON MULTIENZIMATICO * 3800 ML,0,0,"118,800",0
VARIOS ,7702826000020,JABON P/LAVAR ESPECIAL ALOE VERA *,0,0,"3,000",0
VARIOS ,738337056369,JARABE LE LIROP DE MONIN CHERRY *,70,0,"35,200",0
VARIOS ,7891463000897,",8JELCO  20 G X 1",0,0,0,0
VARIOS ,7898909175416,JELCO 14,0,0,"2,000",0
VARIOS ,7706634012169,",7JELCO 14 G X 1 3/4",0,0,0,0
VARIOS ,8428235000107,JERINGA 2 ML  A/L,0,0,400,0
VARIOS ,698694900400,JERINGA INSULINA 1 ML 27 G X 1/2,0,0,"1,100",0
VARIOS ,7707341207152,JULIENCE REMOVEDOR RAPIDA ACCION *,0,0,"12,500",0
VARIOS ,7709766408251,K3 FORTE SUPLEMENTO DIETARIO CJA *,0,0,"56,500",0
VARIOS ,77052410900300,KALUA,0,0,"5,000",0
VARIOS ,7708970476551,KELASSENS * 12 S/S,0,0,"97,500",0
VARIOS ,7709893115190,KELASSENS * 400 GR,0,0,"216,000",0
VARIOS ,7707343260315,KHARNITIN * 600 GR,0,0,"97,500",0
VARIOS ,384840518803,KIT DE GLUCOMETRO,0,0,"52,000",0
VARIOS ,7707270368801,KIT VENTURI ADULTO ELONGADA UNIDAD,0,0,"5,355",0
VARIOS ,7709046878002,L-ARGININA * 90 CAP,0,0,"100,000",0
VARIOS ,7702433077491,",7LABIAL ORIG LOOK ROSA DORADO",0,0,0,0
VARIOS ,7702433091299,",7LABIAL ORIG LOOK SEXY",0,0,0,0
VARIOS ,123456789043,LANCETAS ESTERILES FASTCHECK * 100,0,0,"20,000",0
VARIOS ,7708296900778,LATINOLOGIA LIMPIADOR FACIAL * 250,0,0,"115,000",0
VARIOS ,7707855875755,LAVALOZA LIQ EVER HOUSE LIMON *,5000,0,"2,521",0
VARIOS ,7702001043378,",0LECHE DESCREMADA X 1000 ML",0,0,0,0
VARIOS ,8902805100010,LEVTEC 500 MG CJA * 30 TB,0,0,"35,000",0
VARIOS ,7709897940989,LIMONATO PASTILLAS MASTICABLES *,300,0,"16,400",0
VARIOS ,7707741292505,LIMPIA PISOS EVER HOUSE LAVANDA *,90,0,"2,500",0
VARIOS ,7708296900327,LIMPIADOR CORPORAL 450ML TODO TIPO,0,0,"97,800",0
VARIOS ,7709558278475,LIVETDOL * 250 ML,0,0,"32,500",0
"VARIOS 06640,",770218603,LOCION VIRKOS FRESK X 100ML,0,0,0,0
"VARIOS 06637,",770218603,LOCION VIRKOS VITAL X 100 ML,0,0,0,0
VARIOS ,7709871492480,LORAINE AGUA MICELAR BIFASICA *,4000,0,"28,500",0
VARIOS ,7702973041433,",7LOWLIPEN 20 MG X 10 TABLS",0,0,0,0
VARIOS ,7702973041440,",7LOWLIPEN 20 MG X 30 TABLS",0,0,0,0
VARIOS ,7701168220202,LUMINEX N . 18 UNDAD,0,0,"1,200",0
VARIOS ,7707355050492,",7LUMINICA X 30 GRS",0,0,0,0
VARIOS ,7891035001048,LYSOL DESINFECTANTE FLORES DE LIMA,0,0,"18,800",0
VARIOS ,7707290992468,MAGNEMIN * 200 GR,0,0,"92,400",0
VARIOS ,030768006174,MAGNESIUM * 100 TAB,0,0,"72,700",0
VARIOS ,860005036042,MAGNESIUM GLYCINATE 500 MG FCO *,600,0,"57,100",0
VARIOS ,8600050357554,MAGNESIUM GLYCINATE 550 MG FCO *60,0,0,"60,000",0
VARIOS ,7206657563254,MAGPOT FUSION * 245 GR,0,0,"48,200",0
VARIOS ,7702914550604,",7MAIZITO X50G",0,0,"12,000",0
VARIOS ,7702189044990,MANI ALMENDRAS PASARUBIA BLUEBERRY,0,0,"2,400",0
VARIOS ,7707232920221,MANTECA CACAO LABIAL,0,0,"2,000",0
VARIOS ,7721734765088,MEDIA THERAFIRM A LA RODILLA 30-40,0,0,"72,600",0
VARIOS ,7707670400606,MEDIAS MEDICADAS CONTROL VARICE TL,0,0,"45,500",0
VARIOS ,7707030603654,MENTHOBLESS GEL TERMICO CON ARNICA,0,0,"19,000",0
VARIOS ,7709812676504,MENTOL ZAHYE LATA,0,0,"4,000",0
VARIOS ,7706127006224,METILFENIDATO CLORHIDRATO 10 MG *,30,0,0,0
VARIOS ,7707327100163,MICROPORE 1 * 5 YD,0,0,"3,500",0
VARIOS ,7702098003931,MICROPORE BLANCO 24 MM X 5 M BOLSA,0,0,"1,200",0
VARIOS ,7707019813098,MINERLIN ESENCIA FLORAL SUEÃ‘O *,600,0,"36,000",0
VARIOS ,7706634003969,",7MINISET EQP. PERICRANEAL NO. 18G X",0,0,"1,000",0
VARIOS ,77033044047217,",MODEN HUAWEI 303",0,0,0,0
VARIOS ,7707341206797,MORINGA NATURAL DYNAMIC * 30 CAP,0,0,"33,000",0
VARIOS ,7709099257274,MULTIESSENS SUPLEMENTO DIETARIO *,60,0,"78,300",0
VARIOS ,75900250,MUM BOLITA PEQUEÃ‘A,0,0,0,0
VARIOS ,631656705737,MUSCLETECH PLATINUM CREATINA * 400,0,0,"203,900",0
VARIOS ,3504105028510,MUSTELA LECHE CORPORAL PARA BEBE *,0,0,"82,400",0
VARIOS ,3504105034382,MUSTELA SHAMPOO PARA RECIEN NACIDO,0,0,"91,000",0
VARIOS ,8429979263070,NANOCARE INTIMATE HIG INTIMA FCO *,0,0,"61,000",0
VARIOS ,7707338400818,NATURABON SYH SYNDET BABY KIDS *,300,0,"52,000",0
VARIOS ,7709562182430,NATURCBRINA * 700 GR,0,0,"31,500",0
VARIOS ,685239846942,NI UNA DIETA MAS EN POLVO VAINILLA,0,0,"118,300",0
VARIOS ,7604129232590,NITRO SX *15ML,0,0,"3,000",0
VARIOS ,631656710472,NITRO TECH * 907 GR,0,0,"225,000",0
VARIOS ,7707264520,NITROSHOCK (AMINOACIDOS) POLVO *,400,0,"110,000",0
VARIOS ,7709018840112,NITROX * 500 ML,0,0,"34,000",0
VARIOS ,7709990762235,NO SWEAT ANTITRANSPIRANTE FORTE,0,0,"51,800",0
VARIOS ,0799192224799,NTVX COLAGENO HIDROLIZADO WOMAN,7400,0,"64,000",0
VARIOS ,7709893115183,NUTRACLEAR FRUTOS ROJOS POTE * 690,0,0,"177,200",0
VARIOS ,7702712004101,NUTRECAN ADULTOS RAZAS PEQUEÃ‘AS *,0,0,"8,000",0
VARIOS ,7702712004828,NUTRECAN PREMIUM ADULTOS RM Y RG *,0,0,"6,500",0
VARIOS ,7702712005276,NUTRECAN PREMIUM CACHORROS RM Y RG,0,0,"8,100",0
VARIOS ,7707271130070,",7NUTRI AL X 250 GRS",0,0,0,0
VARIOS ,7709815508673,NUTRI HIDRA LIPOSOMADA EMULSION *,10,0,"116,500",0
VARIOS ,7709410201030,NUTRIVIN DELFOS SOL ORAL,0,0,"58,800",0
VARIOS ,811726001178,OMEGA 3 *1000 MG,0,0,"39,000",0
VARIOS ,7707288570401,OMEGA 3 6 9 * 30 CAP,0,0,"31,500",0
VARIOS ,7708257888855,OMEGA 3 6 9 * 90 CAP,0,0,"65,200",0
VARIOS ,8680635037415,ONCOERA FILTRO 0.2 MICRON * 1 UND,0,0,"25,000",0
VARIOS ,7702896000258,ONDANSETRON 8 MGS X 5 AMPS,0,0,"20,000",0
VARIOS ,6977252932394,ONLY BOLSA PARA LECHE MATERNA * 30,0,0,"20,000",0
VARIOS ,7703153044282,OPTICEL SOL OFTALMICA * 15 ML PACK,0,0,"78,800",0
VARIOS ,615435800318,OXIMETRO LEMMAN,0,0,"206,000",0
VARIOS ,7707081807100,OXÃ­METRO PULSO,0,0,"106,500",0
VARIOS ,7135418414156,OXIMETRO PULSO DE DEDO HOMELIFE,0,0,"201,000",0
VARIOS ,7702884010207,PALMER CREMA POR 30,0,0,"9,000",0
VARIOS ,7806500165590,PAÃ‘UELO ELITE UNDAD,0,0,"2,000",0
VARIOS ,7707613050356,PAPEL VINIPEL,0,0,"2,500",0
VARIOS ,7705233021411,PARTIDOR DE PASTILLAS ACCU-CARE,0,0,"11,500",0
VARIOS ,5907513008064,PARTIDOR DE PASTILLAS EL-COMP,0,0,"18,800",0
VARIOS ,7707274911881,PASTA AL AGUA * 250 GR,0,0,"18,000",0
VARIOS ,7707195900056,",7PERA LAVADO DE OIDO",0,0,"9,500",0
VARIOS ,7707330050318,PERA LAVADO VAGINAL,0,0,"20,500",0
VARIOS ,7707190471407,PEYONA CAFEINA CITRATO 20MG/1ML *,10,0,"250,000",0
VARIOS ,7707186270410,PHOSCEBRIN * 90 TAB,0,0,"29,000",0
VARIOS ,8423372026010,PILOPEPTAN SHAMPOO ANTICAIDA WOMEN,0,0,"142,500",0
VARIOS ,7707291520677,PIPERACILINA 4 GR + TAZOBACTAM 0.5,0,0,"110,000",0
VARIOS ,7703863169961,",7PLACIDUM 50 MG X 4 TABS",0,0,0,0
VARIOS ,7707066046128,PLANTILLA GEL RECOVERY PR BLUE #,20,0,"75,000",0
VARIOS ,645667223807,PLATO 18 CM,0,0,"2,500",0
VARIOS ,7702458014242,PLATO HONDO 25 ONZAS,0,0,"4,500",0
VARIOS ,7702458002966,PLATO HONDO 30 ONZAS,0,0,"5,800",0
"VARIOS 06005,",770724398,POMADA SKARIN (MARLY) X 500 GRS,0,0,"73,800",0
VARIOS ,7501095483561,",8PRAVACOL 40 MG X 10 TABLS",0,0,0,0
VARIOS ,7709273921618,PRESERVATIVO TINO ULT LUB ESTRIADO,0,0,"8,500",0
VARIOS ,7709273921670,PRESERVATIVO TINO ULT LUB ESTRIADO,0,0,"8,500",0
VARIOS ,7709273921632,PRESERVATIVO TINO ULT LUB PUNTEADO,0,0,"8,500",0
VARIOS ,7709273921601,PRESERVATIVO TINO ULT LUB PUNTEADO,0,0,"8,500",0
VARIOS ,7707372341689,PREVEROX V *60 CAP,0,0,"110,700",0
VARIOS ,7709410110080,PROBCAN * 30 CAP,0,0,"100,000",0
VARIOS ,7703153015817,PROLANZ 10 MG X 14 TABS,0,0,0,0
VARIOS ,7501303483956,",7PROLUTON DEPOT 500 MGS AMP",0,0,0,0
VARIOS ,7898415404017,",7PROTECTOR PARA OIDO EN SILICON X 4",0,0,0,0
VARIOS ,7709990397871,PROTECTOR SABANA MEGA ABSORBENTE *,0,0,"33,000",0
VARIOS ,7702044285445,PROTECTOR SOLAR NUDE SPORT FPS80 *,0,0,"24,000",0
VARIOS ,0731299207190,PROVIT FARMAWELL VAINILLA FCO *150,0,0,"96,300",0
VARIOS ,7730963250251,PRUDENCE LUBRICANTE INTIMO MENTA *,0,0,"32,000",0
VARIOS ,7730963250237,PRUDENCE LUBRICANTE INTIMO S/AROMA,0,0,"32,000",0
VARIOS ,7730963250329,PRUDENCE PRESERVATIVO CAIPIRINHA *,0,0,"6,500",0
VARIOS ,7730963251081,PRUDENCE PRESERVATIVO CHOCOLATE *,30,0,"6,500",0
VARIOS ,7730963250275,PRUDENCE PRESERVATIVO FRUTILLA * 3,0,0,"6,500",0
VARIOS ,7730963250633,PRUDENCE SOFTCUP COLECTOR MESTRUAL,0,0,0,0
VARIOS ,7708692368691,PULSOXIMETRO ADULTO CON CURVA LENZ,0,0,"80,000",0
VARIOS ,7591011000149,PURA + * 2 UND,0,0,"13,100",0
VARIOS ,7501471800326,PYNAZER DUO * 20 CAP,0,0,"127,400",0
VARIOS ,7707322030649,QUINOA CLUB ACHIRAS ARTESANALES *,10,0,"2,100",0
VARIOS ,7707290990211,QUISMIOQUIN *60 CAP,0,0,"75,700",0
VARIOS ,7708841905579,RABANO * 400 ML,0,0,"30,000",0
VARIOS ,7730698016238,RANLAT * 60 COMP,0,0,"350,000",0
VARIOS ,7707213941283,RECOLECTOR DE ORINA 24 HORAS,0,0,"10,200",0
VARIOS ,751273780334,REJUVITALE SUPLEMENTO DIETARIO CJA,0,0,"51,300",0
VARIOS ,8429979456076,REPASKIN TACTO SEDA COLOR SPF50 *,50,0,"143,000",0
VARIOS ,7707238860279,RETARDAT GEL UNIDAD,0,0,"11,000",0
VARIOS ,7709990160864,REUMA FLEX * 30 CAP,0,0,"27,300",0
VARIOS ,7709990544640,REVITAL KIDS BEBIDA MANDARINA X,5000,0,"10,000",0
VARIOS ,7707299741104,",7RODILLERA CERRADA ELASTICA TALLA L",0,0,0,0
VARIOS ,7707303962013,",7RODILLERA ROTULA ABIERTA T. L/XL",0,0,"34,100",0
VARIOS ,1230000161107,SAMBUCOL * 120 ML,0,0,"79,500",0
VARIOS ,7706772201012,SANTA ANITA HUEVOS AA ROJOS CJA *,10,0,"12,200",0
VARIOS ,3031500311645,SECALIA BALSAMO RELIPIDIZANTE *200,0,0,"126,000",0
VARIOS ,0737186231446,SELENIUM ( MYO $ D-CHIRO INOSITOL),0,0,"108,700",0
VARIOS ,7709276347361,SEMILA DE CHIA X 125 GR,0,0,"5,000",0
VARIOS ,7592228000816,",7SENNAX X 10 TABLS",0,0,0,0
VARIOS ,8436026215555,SENSIKIN GEL *15GR,0,0,"37,600",0
VARIOS ,8428749908005,SENSILIS PHOTOCORRECTION D-PIGMENT,0,0,"132,200",0
VARIOS ,7707305545597,SERUM ACIDO SALICILICO FARMATODO X,0,0,"55,000",0
VARIOS ,7707151600983,SERVILLETA NUBE X 150 SERVILLETAS,0,0,"4,000",0
"VARIOS 06084,",770318644,SEVORANE AMP X 250 ML,0,0,"354,000",0
VARIOS ,7707325641545,SHAMPOO DELETE CONTROL CASPA * 180,0,0,"33,000",0
VARIOS ,7708741437767,SHIMEX CRE HUMECT MIMOSA FIJI * 60,0,0,"20,500",0
VARIOS ,077975023860,",07SNYDERS JALAPENO PRETZEL PIECES X",50,0,0,0
VARIOS ,7501078270751,",7SOFT COLOR EST RUBIO AVELLANA",730,0,0,0
VARIOS ,7716858003079,SONDA FOLEY 2 VIAS N.,100,0,"3,200",0
VARIOS ,6944932700536,",0SONDA FOLEY 2 VIAS N.",140,0,"4,000",0
VARIOS ,6944932700567,",0SONDA FOLEY 2 VIAS N.",200,0,"4,000",0
"VARIOS 03777,",770722129,SONDA NASOGASTRICA N.,100,0,0,0
VARIOS ,7707221290281,",0SONDA NASOGASTRICA N. 12",0,0,"3,500",0
VARIOS ,7707221290298,SONDA NASOGASTRICA N.,140,0,"3,000",0
VARIOS ,7707221291776,",0SONDA NASOGASTRICA N. 5",0,0,0,0
VARIOS ,6944932701366,SONDA NELATON N. 10,0,0,800,0
VARIOS ,7716858005026,SONDA NELATON N. 12,0,0,"2,000",0
VARIOS ,6944932701373,SONDA NELATON N. 12,0,0,800,0
VARIOS ,7707221290052,",0SONDA NELATON N. 16",0,0,"3,000",0
VARIOS ,7707221290069,",7SONDA NELATON N. 18",0,0,"3,000",0
"VARIOS 02091,",770203710,SONDA NELATON N. 20,0,0,0,0
"VARIOS 04631,",770203710,SONDA NELATON N. 22,0,0,0,0
VARIOS ,6944932701342,SONDA NELATON N. 6,0,0,800,0
VARIOS ,6944932701359,SONDA NELATON N. 8,0,0,800,0
VARIOS ,7716858004519,SONDA NELATON N. 8,0,0,800,0
"VARIOS 07446,",770722129,SONDA SUCCION N. 10,0,0,0,0
VARIOS ,7707221290489,",7SONDA SUCCION N. 12",0,0,"3,000",0
VARIOS ,7707221290496,",7SONDA SUCCION N. 14",0,0,0,0
VARIOS ,8429979467126,SOPHIESKIN PROTECCION FACIAL SPF50,0,0,"45,000",0
"VARIOS 09948,",770216315,SPADOL GEL X 250 G,0,0,0,0
VARIOS ,7800018160615,",7SPIRON GOTAS X 30 ML",0,0,0,0
VARIOS ,7702836005084,SPIRULINA *100 TAB,0,0,"50,600",0
VARIOS ,7709291016587,STAR PRO * 390 GR,0,0,"146,800",0
VARIOS ,7709465349244,STEVIX * 30 ML,0,0,"21,000",0
VARIOS ,7707748529031,SUAVIZANTE PRIMAVERAL EVER HOUSE *,0,0,"3,500",0
VARIOS ,7708751256365,SUNGLOB 5% * 100 ML,0,0,"850,000",0
VARIOS ,7707163010183,",7SUPPLY SHAMPOO X 255 ML",0,0,0,0
VARIOS ,7707324470139,SXOL *500 ML,0,0,"40,000",0
VARIOS ,8023813090817,",0SYNAGIS 50 MG AMP",0,0,"15,680",0
VARIOS ,7702870000212,SYNERGON AMP CJA * 1,0,0,"13,000",0
VARIOS ,7622210733443,TANG LIMON-NARANJA,0,0,800,0
VARIOS ,7706634014309,TAPON HEPARINIZADO A.T.I,0,0,800,0
VARIOS ,7707331332116,",7TAUBER GEL X 30 GR",0,0,0,0
VARIOS ,7980698880043,TE PREMIUM NORMAL CAJA X 30,0,0,"42,500",0
VARIOS ,6939663924139,TENSIOMETRO DE MUÃ‘ECA BP-2220,0,0,"125,000",0
VARIOS ,7707303943371,TENSIOMETRO DIGITAL AUTOMATICO 120,0,0,"148,000",0
VARIOS ,7702138006949,TIGO * 3000 UNIDAD,0,0,"3,400",0
VARIOS ,7702138015583,TIGO * 5 UNIDAD,0,0,"5,500",0
VARIOS ,7707069728816,TINTURA DE RUIBARBO X 30 ML,0,0,"2,900",0
VARIOS ,7709990383652,TISAT CREMA *30 GR,0,0,"20,000",0
VARIOS ,358892326501,TIZO 3 SPF 40,0,0,"169,200",0
VARIOS ,7702026188757,TOALLA,0,0,"18,000",0
VARIOS ,7708841905135,TODO EN UNO HUEVO LIOFILIZADO * 15,0,0,"54,000",0
VARIOS ,7708263293421,TRANEXA DUO * 30 ML,0,0,"166,124",0
VARIOS ,7702098006508,TRANSPORE 1 PULGADA ROLLO 3 M,0,0,"13,400",0
VARIOS ,7707214800060,TRARNIC X 60 CAPS,0,0,"44,700",0
VARIOS ,7704652013137,TRIMENTOL FRASCO,0,0,"8,000",0
VARIOS ,7702090051780,TROPI KOLA,0,0,"2,600",0
VARIOS ,8904131203526,TROYPOFOL 200MG/20ML,0,0,"20,000",0
VARIOS ,6944932700246,TUBO ENDOTRAQUEAL 4.0MM*5.5MM # 16,0,0,"2,900",0
VARIOS ,6944932700253,TUBO ENDOTRAQUEAL 4.5MM*6.2MM # 18,0,0,"2,900",0
VARIOS ,7707290990105,UROPATIQUE  GOTAS HOMEOPATICAS FCO,0,0,"54,900",0
VARIOS ,7709990038675,VARSOL * 150ML,0,0,"2,600",0
VARIOS ,7707274913793,VASELINA * 200 GR,0,0,"12,000",0
VARIOS ,7900882191,VASELINA * 300 GR,0,0,"6,000",0
VARIOS ,20130473,VASELINA * 500 GR,0,0,"10,500",0
VARIOS ,77009003,VASELINA * 500 GR,0,0,"25,000",0
VARIOS ,7702251017464,",7VASO DESECHABLE DOMINGO 10 ONZ X",250,0,0,0
VARIOS ,7702251037790,",7VASO DESECHABLE DOMINGO 3 ONZAS X",50,0,0,0
VARIOS ,8904187854901,VASOPRESSIN * 5 AMP,0,0,"160,000",0
VARIOS ,7709305889251,VEGEZYM  * 90 CAP,0,0,"159,100",0
VARIOS ,7703010110013,",0VENDA DE GASA 2 X 5",0,0,0,0
VARIOS ,7709153076797,VENDA DE GASA HOSPITALARIA 36 X,1000,0,"28,000",0
VARIOS ,7709270449122,VIBATRIN 100MG/5ML * 60 ML,0,0,"17,100",0
VARIOS ,7506309866499,VICK PASTILLAS CEREZA *24 SOBRES,0,0,"61,000",0
VARIOS ,7506309866505,VICK PASTILLAS MENTOL *24 SOBRES,0,0,"61,000",0
VARIOS ,7898167870019,",7VIENBEL X 120 CAP",0,0,0,0
VARIOS ,7800063401355,VINAGRE DE MANZANA * 60 GOMAS,0,0,"28,000",0
VARIOS ,746092840840,VITAL WORLD MAGNESIUM COMPLEX *,1000,0,"49,000",0
VARIOS ,7707816985233,VITALCERBIN-A * 800 GR,0,0,"42,000",0
VARIOS ,7206657566606,VITAMINA C LIPOSOMAL 1200 MG * 100,0,0,"52,500",0
VARIOS ,00213132,VITAMINA C MAST X 144 NARANJA,0,0,0,0
VARIOS ,7707201468273,VITASIL * 30 TBL,0,0,"30,000",0
VARIOS ,7702044213677,VITU POLVO COMPACTO,0,0,"11,900",0
VARIOS ,7707265010227,VIVIOPTAL JALEA FCO * 240ML PHARMA,0,0,"12,000",0
VARIOS ,7702049200054,VODKA MONTESSKAYA  BOT X,7500,0,"62,000",0
VARIOS ,7709653438538,XHIA PLUS *500 GR,0,0,"18,200",0
"VARIOS 05808,",770200108,YOGURT FINESSE X 180,0,0,0,0
VARIOS ,7707362741260,ZARZAN * 360 ML,0,0,"28,000",0
VARIOS ,7707283640024,ZARZAPARRILLA CALENDULA JB GOMARTI,0,0,"23,600",0
VELEZ Y GOME,7707186270137,FLEMITOS EXP JBE X 120 ML,0,0,"8,500",0
VELEZ Y GOME,7707186270014,PIPERVEL JBE X 60 ML,0,0,0,0
VELEZ Y GOME,7707186270120,VELGOLAX * 20 CAP,0,0,"13,500",0
VELEZ Y GOME,7707186270106,",7VELGOLAX JBE * 120 ML",0,0,"13,500",0
VELEZ Y GOME,7707186270335,VELGOLAX PURGANTE NARANJA *,220,0,"12,300",0
VICAR ,7707264579503,ERTAPENEM AMP *1 GR,0,0,"70,200",0
VICAR ,7707264579329,IMIPENEM 500MG + CILASTATINA 500MG,0,0,"250,000",0
VILIZZIA,7896306621123,TRENTO BARQUILLOS CHEESECAKE FRESA,0,0,"2,500",0
VILIZZIA,7896306620133,TRENTO BARQUILLOS PACOCA MANÃ *30,0,0,"2,300",0
VILIZZIA,7896306618291,TRENTO BARQUILLOS PIE DE LIMON *32,0,0,"2,500",0
VILIZZIA,7896306622366,TRENTO BARRA CHOCOLATE BLANCO-MANI,0,0,"3,000",0
VIM ,7707269950116,ALQUOSALIL X 30 ML,0,0,"9,300",0
VIM ,7707278000963,ARNIK BABY * 60 GR,0,0,"16,000",0
VIM ,7707278000772,ARNIK CREMA * 60 GR,0,0,"25,500",0
VIM ,7707278000819,ARNIK CREMA X 12 S/S,0,0,"28,000",0
VIM ,7707278000796,ARNIK FORTE GEL  X 60 GRS,0,0,"14,600",0
VIM ,7707278000765,ARNIK LOCION *60 ML,0,0,"8,700",0
VIM ,7707269950024,CARERINA LOCION * 60 ML,0,0,"12,000",0
VIM ,7707278001878,CUPIDO GEL INTIMO X 15 GRS,0,0,"19,800",0
VIM ,7707278002783,FONGO CREMA X 30 GR,0,0,"9,000",0
VIM ,7707278001151,VAPOMINT DISPLAY X 12 SACHETS X 12,0,0,"28,000",0
VIM ,7707278001137,VAPOMINT X 30 GR,0,0,"9,000",0
VITAFAR ,7709225183033,ACTIVIT B GOLD COMPLEJO B + ZINC *,0,0,"22,600",0
VITAFAR ,7707277586374,",7OTIKER GOTAS X 5 ML",0,0,0,0
VITAFAR ,7709990799415,SYVIOFTAL * 5ML,0,0,"18,500",0
VITAGRANO,7702655001359,COMEDOR PARA GATOS,0,0,"8,400",0
VITAGRANO,7701001120805,JUGUETE CANINO MASTICABLE BOLSA *,50,0,"14,800",0
VITALCHEM LA,7707291520608,CEFEPIMA 1 GR AMP,0,0,"7,500",0
VITALCHEM LA,7707059700617,PROTOMAX 100 MG X 30 TABLS,0,0,"135,000",0
VITALCHEM LA,7707059700556,PROTOMAX 25 MG X 30 TABLS,0,0,"66,000",0
VITALCHEM LA,7707059700983,RISPERIMED 2 MG X 20 TABLS,0,0,"50,000",0
VITALCHEM LA,7707059701027,RISPERIMED 3 MG X 20 TABLS,0,0,"50,000",0
VITALCHEM LA,7707059700389,VENDEP XR 37.5 MG X 10 CAPS,0,0,"33,000",0
VITALIS C.I,7707236126476,ACICLOVIR 250 MG * 1 AMP,0,0,"38,500",0
VITALIS C.I,7707236124786,AMIKACINA 500 MG * 10 AMP,0,0,"61,000",0
VITALIS C.I,7707175841928,AMIKACINA 500 MG/2 MLS IN OPH X 10,0,0,"45,600",0
VITALIS C.I,7707236120313,AMPICILINA + SULBACTAM *1.5 GR AMP,0,0,"6,500",0
VITALIS C.I,7707236120450,AMPICILINA 1 GR AMP,0,0,"5,900",0
VITALIS C.I,7707236123758,BETA METILDIGOXINA 0.2 MG/2ML  *,100,0,"90,000",0
VITALIS C.I,7707236125585,BROMURO ROCURONIO 50 MG/5ML CJA *,10,0,"200,000",0
VITALIS C.I,7707236120894,CEFAZOLINA 1 GR AMP,0,0,"3,500",0
VITALIS C.I,7707236121952,CEFTAZIDIMA 1 GR AMP,0,0,"5,000",0
VITALIS C.I,7707236127022,CIPROFLOXACINA 100 MG X 10 ML AMP,0,0,"17,200",0
VITALIS C.I,7707236127039,CIPROFLOXACINA CAJA * 10 AMP UNDAD,0,0,"35,000",0
VITALIS C.I,7707236126940,DIPIRONA MAGNESICA 2G/5 ML DISP X,10,0,"26,000",0
VITALIS C.I,7707236124755,FENTANILO 0.5 MG * 10 AMP,0,0,"38,000",0
VITALIS C.I,7707236125318,FLUCONAZOL 200MG/100 ML AMP CJA *,10,0,"10,200",0
VITALIS C.I,7707236127091,FOLINATO DE CALCIO 50 MG/5ML CJA *,0,0,"85,000",0
VITALIS C.I,7707236127497,HIDROCORTISONA 100 MG AMP,0,0,"8,400",0
VITALIS C.I,7707236125868,HIOSCINA BUTIL 20MG+2.5GR+DIPIRONA,0,0,"25,000",0
VITALIS C.I,7707236122355,IMIPENEM + CILASTATINA 500 MG AMP,0,0,"24,000",0
VITALIS C.I,7707236126575,LINCOMICINA 300 MG X 10 AMPS,0,0,"24,500",0
VITALIS C.I,7707236127572,LINCOMICINA 600 MG INY DISP   X 10,0,0,"30,900",0
VITALIS C.I,7707236120405,N BUTIL BROMURO HIOSCINA +DIPIRONA,0,0,"20,000",0
VITALIS C.I,7707236123086,N BUTIL BROMURO HIOSCINA 20 MG *,100,0,"18,000",0
VITALIS C.I,7709830535807,NAF VISION * 7ML,0,0,"8,000",0
VITALIS C.I,7707236121594,NEOSTIGMINA METILSULFATO 0.5MG/1ML,0,0,"45,000",0
VITALIS C.I,7707236123277,OXACILINA 1 GR AMP,0,0,"5,700",0
VITALIS C.I,7707236123536,"PENICILINA G BENZATINICA 1,200,000",0,0,"35,000",0
VITALIS C.I,7707236123505,PENICILINA G BENZATINICA 1.2 UI X,10,0,"30,000",0
VITALIS C.I,7707236123710,PENICILINA G BENZATINICA 2.400.000,0,0,"140,300",0
VITALIS C.I,7707236123666,PENICILINA G BENZATINICA 2.400.000,0,0,"40,300",0
VITALIS C.I,7707236124069,PENICILINA G PROCAINICA 800.000 X,10,0,"50,000",0
VITALIS C.I,7709478324948,PENICILINA G SODICA 1.000.000 U.I.,0,0,"6,000",0
VITALIS C.I,7707236124229,PENICILINA G SODICA 1000.000 U *10,0,0,"55,000",0
VITALIS C.I,7709990697834,VITALJECT AMPOLLA,0,0,"12,000",0
VITALIS C.I,7707236125608,VITAMINA K 10 MG * 10 AMP,0,0,"42,000",0
VITALIS COME,7707236126858,OMEPRAZOL 40 MG * 1 AMP,0,0,"11,800",0
VITALIS COME,7709478324962,PENICILINA G PROCAINICA 400.000U.I,0,0,"6,700",0
VITALIS COME,7707236128517,VITATRIOL OFT * 5 ML,0,0,"11,500",0
VITALIS COME,7709990439236,VITATRIOL UNGUENTO OFTALMICO * 3.5,0,0,"28,900",0
VOGUE ,7509552841749,CORRECTOR SUPER FANT NARANJA,0,0,"4,200",0
VOGUE ,7509552839166,DEL LIQ VOGUE RESIST NEG,0,0,"7,700",0
VOGUE ,7509552789065,ESMALTE VOGUE BRILLO SECADO RAPIDO,0,0,"11,000",0
VOGUE ,7509552843477,ESMALTE VOGUE FANTASTIC ESENCIAL,320,0,"2,000",0
VOGUE ,7509552847130,ESMALTE VOGUE FANTASTIC TULIPAN X,10,0,"4,400",0
VOGUE ,7509552840469,LABIAL COLORIS 4G CANELA INTENSA,0,0,"5,800",0
VOGUE ,7509552840483,LABIAL COLORIS 4G CEREZA TROPICAL,0,0,"5,800",0
VOGUE ,7509552840575,LABIAL COLORIS 4G CIRUELA DIVINA,0,0,"5,800",0
VOGUE ,7509552840490,LABIAL COLORISIMO 4G MELON POP,0,0,"5,800",0
VOGUE ,7509552842135,MAQ LIQ TAPA BRONCE,0,0,"5,550",0
VOGUE ,7509552841220,POLVO COMP EFECT TOT 6 GLAMOUR,0,0,"5,600",0
VOGUE ,7509552841213,POLVO COMP EFECT TOT 6 PORCELA,0,0,"5,600",0
VOGUE ,7509552835380,RUBOR COMP CELEBRIDAD       NSOC X,0,0,"3,000",0
VOGUE ,7702433294386,SOMBRA INDIVIDUAL DESTELLOS,0,0,"3,500",0
VOGUE ,7702433293143,SOMBRA INDIVIDUAL NE GRA,0,0,"3,300",0
VOGUE ,7702433294379,SOMBRA INDIVIDUAL ROSADO,0,0,"3,500",0
VOGUE ,7702433274326,VOGUE  REMOVEDOR ESMALTE LIMON *,120,0,"7,300",0
VOGUE ,7702433271059,VOGUE ACEITE DESMQUILLADOR DE OJOS,0,0,"6,800",0
VOGUE ,7702433284424,VOGUE BASE CRECIMIENTO FANTASTIC *,0,0,"3,100",0
VOGUE ,7509552875645,VOGUE BASE EN POLVO RESIST NATURAL,0,0,"24,500",0
VOGUE ,7509552828498,VOGUE BASE LIQUIDA RESIT CANELA *,30,0,"24,500",0
VOGUE ,7509552828429,VOGUE BASE LIQUIDA RESIT GLAMOUR *,0,0,"24,500",0
VOGUE ,7509552847338,VOGUE BASE MATE NATURAL BRONCE CON,0,0,"9,300",0
VOGUE ,7509552842142,VOGUE BASE MATE NATURAL CANELA *,300,0,"9,500",0
VOGUE ,7509552826678,VOGUE BETUN-POMADA P/CEJAS CAMEL,0,0,"8,400",0
VOGUE ,7702433071277,VOGUE BRILLO LABIAL AGATA,0,0,0,0
VOGUE ,7702433229432,VOGUE BRILLO LABIAL AMBAR,0,0,"4,800",0
VOGUE ,7702433229463,VOGUE BRILLO LABIAL COLOR ILUSION,0,0,0,0
VOGUE ,7702433210874,VOGUE BRILLO LABIAL FOR MEN,0,0,0,0
VOGUE ,7702433082655,VOGUE BRILLO LABIAL KISSING G 02,0,0,0,0
VOGUE ,7702433082662,VOGUE BRILLO LABIAL KISSING GLOSS,00,0,0,0
VOGUE ,7702433251396,VOGUE BRILLO LABIAL VIT E MORA X,100,0,0,0
VOGUE ,7702433268486,VOGUE BRILLO LABIAL VIT E SANDIA X,0,0,0,0
VOGUE ,7702433287029,VOGUE BRILLO LARGA DURACION EFECTO,0,0,"3,900",0
VOGUE ,7509552844917,VOGUE BRILLO PROTECTOR LABIAL KISS,0,0,"10,400",0
VOGUE ,7702433268479,VOGUE BRILO LABIAL VIT E TUTTI F X,0,0,0,0
VOGUE ,7702433098410,VOGUE COLONIA JOLIE FEM SENSUAL,0,0,0,0
VOGUE ,7702433227827,VOGUE CORRECTOR CREM BARRA BEIGE,0,0,"9,500",0
VOGUE ,7702433291903,VOGUE CORRECTOR CREM BARRA NATURAL,0,0,"9,500",0
VOGUE ,7702433227858,VOGUE CORRECTOR CREMA BARRA MARFIL,0,0,0,0
VOGUE ,7509552827743,VOGUE CORRECTOR LIQ NATURAL RESIST,0,0,"8,000",0
VOGUE ,7509552786217,VOGUE CORRECTOR LIQUIDO MATE ARENA,0,0,"13,500",0
VOGUE ,7509552786200,VOGUE CORRECTOR LIQUIDO MATE TRIGO,0,0,"13,500",0
"VOGUE 05741,",770243323,VOGUE CREMA CONTORNO OJOS VOGUE X,20,0,0,0
VOGUE ,7702433164955,",0VOGUE CREMA HUMECTANTE X",1000,0,"7,200",0
VOGUE ,7702433164962,",0VOGUE CREMA LIMPIADORA X",1000,0,"8,100",0
VOGUE ,7702433250368,VOGUE CREMA PARA CEJAS Y PESTANAS,0,0,0,0
VOGUE ,7702433239103,VOGUE DELINEADOR LIQUIDO NEGRO,0,0,"6,100",0
VOGUE ,7702433312882,VOGUE ESAMLTE FANTASTIC LUJO #,1950,0,"2,300",0
VOGUE ,7702433298872,VOGUE ESAMLTE FANTASTIC NOVIA #,070,0,"2,900",0
VOGUE ,7509552845136,VOGUE ESMALTE EFECTO GEL HECHIZO *,0,0,"9,500",0
VOGUE ,7702433260411,VOGUE ESMALTE FANTASTIC 24KILATES,70,0,"2,800",0
VOGUE ,7702433327145,VOGUE ESMALTE FANTASTIC ACUARELA #,0,0,"2,500",0
VOGUE ,7702433098199,VOGUE ESMALTE FANTASTIC AGRAZ,420,0,"2,500",0
VOGUE ,7702433274098,VOGUE ESMALTE FANTASTIC ALBA,1330,0,"2,800",0
VOGUE ,7702433322539,VOGUE ESMALTE FANTASTIC ALMENDRA,240,0,"2,900",0
VOGUE ,7702433289580,VOGUE ESMALTE FANTASTIC AMAPOLA 79,0,0,"2,800",0
VOGUE ,7702433270076,VOGUE ESMALTE FANTASTIC AMBAR X 10,0,0,0,0
VOGUE ,7702433248327,VOGUE ESMALTE FANTASTIC AMOR AMOR,60,0,"3,200",0
VOGUE ,7702433270052,VOGUE ESMALTE FANTASTIC ARENA X 10,0,0,0,0
VOGUE ,7702433169653,VOGUE ESMALTE FANTASTIC ARMINO,020,0,"3,100",0
VOGUE ,7702433289849,VOGUE ESMALTE FANTASTIC AURORA #,080,0,"3,200",0
VOGUE ,7702433181662,VOGUE ESMALTE FANTASTIC AURORA,080,0,"2,800",0
VOGUE ,7702433322546,VOGUE ESMALTE FANTASTIC AVELLANA,240,0,"2,800",0
VOGUE ,7702433300520,VOGUE ESMALTE FANTASTIC AZUCENA,1840,0,"2,500",0
VOGUE ,7702433321952,VOGUE ESMALTE FANTASTIC AZUCENA,1840,0,"2,800",0
VOGUE ,7702433277969,VOGUE ESMALTE FANTASTIC AZULEJO,1390,0,"2,500",0
VOGUE ,7702433318525,VOGUE ESMALTE FANTASTIC BAHIA,2140,0,"2,800",0
VOGUE ,7702433318686,VOGUE ESMALTE FANTASTIC BALETA,2290,0,"2,200",0
VOGUE ,7702433327176,VOGUE ESMALTE FANTASTIC BALETA 229,0,0,"2,800",0
VOGUE ,7702433327237,VOGUE ESMALTE FANTASTIC BEBE,2350,0,"2,500",0
VOGUE ,7702433290517,VOGUE ESMALTE FANTASTIC BESO #,1450,0,"2,500",0
VOGUE ,7702433279772,VOGUE ESMALTE FANTASTIC BESO,1450,0,"2,500",0
VOGUE ,7702433299459,VOGUE ESMALTE FANTASTIC BOB BON,1460,0,"2,800",0
VOGUE ,7702433279789,VOGUE ESMALTE FANTASTIC BON BON,1460,0,"2,500",0
VOGUE ,7702433264709,VOGUE ESMALTE FANTASTIC BOREAL X,100,0,0,0
VOGUE ,7702433314237,VOGUE ESMALTE FANTASTIC BURBUJA,2040,0,"3,300",0
VOGUE ,7702433061506,VOGUE ESMALTE FANTASTIC CAMPARI,360,0,"3,200",0
VOGUE ,7702433298476,VOGUE ESMALTE FANTASTIC CAMPARI,360,0,"3,200",0
VOGUE ,7702433255653,VOGUE ESMALTE FANTASTIC CAPRICHO,920,0,"2,500",0
VOGUE ,7702433299176,VOGUE ESMALTE FANTASTIC CAPRICHO,920,0,"3,200",0
VOGUE ,7702433314206,VOGUE ESMALTE FANTASTIC CARIBE #,200,0,"2,500",0
VOGUE ,7702433279758,VOGUE ESMALTE FANTASTIC CARICIA,1430,0,"2,500",0
VOGUE ,7702433298803,VOGUE ESMALTE FANTASTIC CARICIA,1430,0,"2,800",0
VOGUE ,7702433274111,VOGUE ESMALTE FANTASTIC CENTELLA,130,0,"2,500",0
VOGUE ,7702433289894,VOGUE ESMALTE FANTASTIC CEREZA #,180,0,"3,200",0
VOGUE ,7702433322713,VOGUE ESMALTE FANTASTIC CHIK #,2640,0,"3,400",0
VOGUE ,7702433277983,VOGUE ESMALTE FANTASTIC CIELO,1410,0,"2,500",0
VOGUE ,7702433298889,VOGUE ESMALTE FANTASTIC CIELO ROSA,0,0,"3,500",0
VOGUE ,7702433219976,VOGUE ESMALTE FANTASTIC CIELO ROSA,0,0,"2,600",0
VOGUE ,7509552832518,VOGUE ESMALTE FANTASTIC CLARIDAD,300,0,"2,800",0
VOGUE ,7702433253031,VOGUE ESMALTE FANTASTIC COBALTO X,10,0,0,0
VOGUE ,7702433290197,VOGUE ESMALTE FANTASTIC COCO CREMA,0,0,"2,900",0
VOGUE ,7702433255592,VOGUE ESMALTE FANTASTIC COCO CREMA,0,0,"2,600",0
VOGUE ,7702433322553,VOGUE ESMALTE FANTASTIC COCOA,2490,0,"3,500",0
VOGUE ,7702433205887,VOGUE ESMALTE FANTASTIC CONFETTI,940,0,"3,300",0
VOGUE ,7702433274074,VOGUE ESMALTE FANTASTIC CREPUSCULO,0,0,"2,500",0
VOGUE ,7702433322492,VOGUE ESMALTE FANTASTIC CUPIDO #,240,0,"3,500",0
VOGUE ,7702433322584,VOGUE ESMALTE FANTASTIC CURUBA #,250,0,"3,200",0
VOGUE ,7702433318501,VOGUE ESMALTE FANTASTIC DELFIN,2120,0,"2,500",0
VOGUE ,7702433279796,VOGUE ESMALTE FANTASTIC DELICIA,1470,0,"2,500",0
VOGUE ,7702433287425,VOGUE ESMALTE FANTASTIC DELIRIO,1760,0,"2,600",0
VOGUE ,7702433298469,VOGUE ESMALTE FANTASTIC DINAMITA #,0,0,"3,200",0
VOGUE ,7702433300407,VOGUE ESMALTE FANTASTIC DIOSA,1800,0,"2,200",0
VOGUE ,7702433322508,VOGUE ESMALTE FANTASTIC DISCO,2440,0,"2,500",0
VOGUE ,7702433279765,VOGUE ESMALTE FANTASTIC DULCE,1440,0,"2,900",0
VOGUE ,7702433298810,VOGUE ESMALTE FANTASTIC DULCE,1440,0,"2,900",0
VOGUE ,7702433287036,VOGUE ESMALTE FANTASTIC EMOCION,1730,0,"2,500",0
VOGUE ,7702433327220,VOGUE ESMALTE FANTASTIC ENCAJE,2340,0,"2,900",0
VOGUE ,7702433255646,VOGUE ESMALTE FANTASTIC ENCANTO,910,0,"2,500",0
VOGUE ,7702433299169,VOGUE ESMALTE FANTASTIC ENCANTO,910,0,"3,200",0
VOGUE ,7702433283304,VOGUE ESMALTE FANTASTIC ENIGMA,1620,0,"2,500",0
VOGUE ,7702433322652,VOGUE ESMALTE FANTASTIC ESTRELLA #,0,0,"2,500",0
VOGUE ,7702433287418,VOGUE ESMALTE FANTASTIC EUFORIA,1750,0,"2,500",0
VOGUE ,7702433287449,VOGUE ESMALTE FANTASTIC EXTASIS,1780,0,"2,600",0
VOGUE ,7702433238380,VOGUE ESMALTE FANTASTIC FANTASTIC,50,0,"2,500",0
VOGUE ,7702433322720,VOGUE ESMALTE FANTASTIC FLAMINGO #,0,0,"3,400",0
VOGUE ,7702433264716,VOGUE ESMALTE FANTASTIC FRENESI,1110,0,"2,600",0
VOGUE ,7702433098311,VOGUE ESMALTE FANTASTIC GERANIO,170,0,"2,900",0
VOGUE ,7702433298520,VOGUE ESMALTE FANTASTIC GLACIAR,190,0,"3,500",0
VOGUE ,7702433314220,VOGUE ESMALTE FANTASTIC GLAM #,2030,0,"2,500",0
VOGUE ,7702433318662,VOGUE ESMALTE FANTASTIC HELADO #,220,0,"2,900",0
VOGUE ,7702433238540,VOGUE ESMALTE FANTASTIC HIDRATANTE,0,0,0,0
VOGUE ,7702433322560,VOGUE ESMALTE FANTASTIC HUMO #,2500,0,"2,500",0
VOGUE ,7702433169639,VOGUE ESMALTE FANTASTIC INCOLORO,010,0,"2,900",0
VOGUE ,7702433289719,VOGUE ESMALTE FANTASTIC INCOLORO,010,0,"3,500",0
VOGUE ,7702433322614,VOGUE ESMALTE FANTASTIC INFUSION #,0,0,"2,500",0
VOGUE ,7702433251693,VOGUE ESMALTE FANTASTIC JADE,670,0,"2,900",0
VOGUE ,7702433318532,VOGUE ESMALTE FANTASTIC JEAN,2150,0,"2,500",0
VOGUE ,7702433322706,VOGUE ESMALTE FANTASTIC KARMA #,2630,0,"3,500",0
VOGUE ,7702433322478,VOGUE ESMALTE FANTASTIC LATIDO,2410,0,"2,800",0
VOGUE ,7702433300544,VOGUE ESMALTE FANTASTIC LAVANDA,1860,0,"2,800",0
VOGUE ,7702433264655,VOGUE ESMALTE FANTASTIC LIMONADA,100,0,"2,500",0
VOGUE ,7702433318488,VOGUE ESMALTE FANTASTIC LLUVIA,2100,0,"2,900",0
VOGUE ,7509552826432,VOGUE ESMALTE FANTASTIC LOCURA 287,0,0,"2,800",0
VOGUE ,7702433318563,VOGUE ESMALTE FANTASTIC MAGIA,2180,0,"2,500",0
VOGUE ,7702433322461,VOGUE ESMALTE FANTASTIC MALTEADA,240,0,"3,000",0
VOGUE ,7702433318723,VOGUE ESMALTE FANTASTIC MALVAVISCO,0,0,"2,800",0
VOGUE ,7702433322737,VOGUE ESMALTE FANTASTIC MANDALA #,20,0,"3,500",0
VOGUE ,7702433221610,VOGUE ESMALTE FANTASTIC MANDARINA,50,0,"2,500",0
VOGUE ,7702433193115,VOGUE ESMALTE FANTASTIC MAR,830,0,"2,500",0
VOGUE ,7702433322485,VOGUE ESMALTE FANTASTIC MARTE,2420,0,"3,200",0
VOGUE ,7702433280495,VOGUE ESMALTE FANTASTIC MASMELOS #,0,0,"2,500",0
VOGUE ,7702433322577,VOGUE ESMALTE FANTASTIC MATIZ #,2510,0,"2,800",0
VOGUE ,7509552832877,VOGUE ESMALTE FANTASTIC MELODIA,3110,0,"2,800",0
VOGUE ,7702433322515,VOGUE ESMALTE FANTASTIC MERLOT,2450,0,"2,900",0
VOGUE ,7702433283311,VOGUE ESMALTE FANTASTIC MISTERIOSO,0,0,"2,600",0
VOGUE ,7702433283359,VOGUE ESMALTE FANTASTIC MISTICO,1670,0,"2,500",0
VOGUE ,7509552832778,VOGUE ESMALTE FANTASTIC MISTICO,3010,0,"2,800",0
VOGUE ,7702433322683,VOGUE ESMALTE FANTASTIC MODA #,2610,0,"3,400",0
VOGUE ,7702433281560,VOGUE ESMALTE FANTASTIC MORAZUL #,10,0,"2,500",0
VOGUE ,7702433322676,VOGUE ESMALTE FANTASTIC MOSTAZA #,20,0,"2,500",0
VOGUE ,7702433300490,VOGUE ESMALTE FANTASTIC MUSA,1810,0,"2,500",0
VOGUE ,7702433322430,VOGUE ESMALTE FANTASTIC NATURA,2370,0,"2,500",0
VOGUE ,7702433277990,VOGUE ESMALTE FANTASTIC NAUTICO,1420,0,"2,500",0
VOGUE ,7702433300513,VOGUE ESMALTE FANTASTIC NECTAR #,180,0,"2,500",0
VOGUE ,7702433219969,VOGUE ESMALTE FANTASTIC NOVIA,070,0,"2,500",0
VOGUE ,7702433327060,VOGUE ESMALTE FANTASTIC NUBE,2070,0,"2,800",0
VOGUE ,7702433318495,VOGUE ESMALTE FANTASTIC OASIS,2110,0,"2,500",0
VOGUE ,7509552833393,VOGUE ESMALTE FANTASTIC OCRE 305 X,0,0,"2,800",0
VOGUE ,7702433298926,VOGUE ESMALTE FANTASTIC OLE Y OLE,30,0,"2,800",0
VOGUE ,7702433061438,VOGUE ESMALTE FANTASTIC ONIX,440,0,"2,500",0
VOGUE ,7702433298445,VOGUE ESMALTE FANTASTIC ONIX,440,0,"3,500",0
VOGUE ,7702433287401,VOGUE ESMALTE FANTASTIC ORO ESPEJO,0,0,"2,600",0
VOGUE ,7702433318549,VOGUE ESMALTE FANTASTIC PACIFICO,210,0,"2,500",0
VOGUE ,7702433225175,VOGUE ESMALTE FANTASTIC PAISAJE X,10,0,0,0
VOGUE ,7702433314244,VOGUE ESMALTE FANTASTIC PALETA,2050,0,"2,800",0
VOGUE ,7702433290579,VOGUE ESMALTE FANTASTIC PAPRIKA #,10,0,"2,800",0
VOGUE ,7702433263313,VOGUE ESMALTE FANTASTIC PAVO REAL,90,0,"2,500",0
VOGUE ,7702433300506,VOGUE ESMALTE FANTASTIC PERA,1820,0,"2,300",0
VOGUE ,7702433298544,VOGUE ESMALTE FANTASTIC PETALO,140,0,"3,200",0
VOGUE ,7702433283335,VOGUE ESMALTE FANTASTIC PICARO,1650,0,"2,200",0
VOGUE ,7702433314251,VOGUE ESMALTE FANTASTIC PISTACHO,200,0,"2,500",0
VOGUE ,7702433290067,VOGUE ESMALTE FANTASTIC PLATA DECO,0,0,"3,000",0
VOGUE ,7702433169660,VOGUE ESMALTE FANTASTIC PLATINO,040,0,"2,700",0
VOGUE ,7702433289740,VOGUE ESMALTE FANTASTIC PLATINO,040,0,"3,200",0
VOGUE ,7702433322638,VOGUE ESMALTE FANTASTIC PRINCESA,250,0,"3,300",0
VOGUE ,7702433312912,VOGUE ESMALTE FANTASTIC QUARZO #,190,0,"2,300",0
VOGUE ,7702433327053,VOGUE ESMALTE FANTASTIC QUARZO #,190,0,"2,800",0
VOGUE ,7702433274548,VOGUE ESMALTE FANTASTIC ROCIO,1360,0,"2,500",0
VOGUE ,7702433318693,VOGUE ESMALTE FANTASTIC ROCOCO,2300,0,"2,800",0
VOGUE ,7509552832396,VOGUE ESMALTE FANTASTIC ROJIZO 306,0,0,"3,200",0
VOGUE ,7702433299077,VOGUE ESMALTE FANTASTIC ROJO RUBI,60,0,"3,200",0
VOGUE ,7702433318594,VOGUE ESMALTE FANTASTIC ROKOLA #,220,0,"2,700",0
VOGUE ,7702433292962,VOGUE ESMALTE FANTASTIC ROMANCE,150,0,"5,900",0
VOGUE ,7702433300537,VOGUE ESMALTE FANTASTIC ROMANCE,1850,0,"2,300",0
VOGUE ,7702433321969,VOGUE ESMALTE FANTASTIC ROMANCE,1850,0,"2,800",0
VOGUE ,7702433098243,VOGUE ESMALTE FANTASTIC ROSA GLASS,0,0,"2,500",0
VOGUE ,7702433289788,VOGUE ESMALTE FANTASTIC ROSA NIEVE,0,0,"3,200",0
VOGUE ,7702433298551,VOGUE ESMALTE FANTASTIC ROSA VIEJO,0,0,"3,200",0
VOGUE ,7702433318600,VOGUE ESMALTE FANTASTIC ROSET #,2220,0,"2,500",0
VOGUE ,7702433300551,VOGUE ESMALTE FANTASTIC SEDA,1870,0,"2,500",0
VOGUE ,7702433322423,VOGUE ESMALTE FANTASTIC SELVA,2360,0,"2,500",0
VOGUE ,7702433279826,VOGUE ESMALTE FANTASTIC SENSUAL,1500,0,"2,200",0
VOGUE ,7702433299497,VOGUE ESMALTE FANTASTIC SENSUAL,1500,0,"2,500",0
VOGUE ,7702433327091,VOGUE ESMALTE FANTASTIC SERENIDAD,20,0,"2,800",0
VOGUE ,7509552802924,VOGUE ESMALTE FANTASTIC SOLAR * 10,0,0,"2,900",0
VOGUE ,7702433318716,VOGUE ESMALTE FANTASTIC SUEÃ‘O #,230,0,"2,800",0
VOGUE ,7702433279802,VOGUE ESMALTE FANTASTIC TENTACION,10,0,"2,500",0
VOGUE ,7702433299473,VOGUE ESMALTE FANTASTIC TENTACION,10,0,"2,800",0
VOGUE ,7702433327190,VOGUE ESMALTE FANTASTIC TERNURA #,20,0,"2,500",0
VOGUE ,7702433318709,VOGUE ESMALTE FANTASTIC TERNURA,2310,0,"2,200",0
VOGUE ,7509552832976,VOGUE ESMALTE FANTASTIC TERRA,3020,0,"2,800",0
VOGUE ,7509552833027,VOGUE ESMALTE FANTASTIC TERRENAL,310,0,"2,900",0
VOGUE ,7702433322447,VOGUE ESMALTE FANTASTIC TINTO,2380,0,"2,500",0
VOGUE ,7702433270069,VOGUE ESMALTE FANTASTIC TOPACIO X,10,0,"2,500",0
VOGUE ,7702433318679,VOGUE ESMALTE FANTASTIC TUTU,2280,0,"3,500",0
VOGUE ,7702433318471,VOGUE ESMALTE FANTASTIC UNIVERSO #,0,0,"2,800",0
VOGUE ,7702433322522,VOGUE ESMALTE FANTASTIC URBANO,2460,0,"3,500",0
VOGUE ,7702433323444,VOGUE ESMALTE FANTASTIC VENUS #,1960,0,"2,800",0
VOGUE ,7702433314183,VOGUE ESMALTE FANTASTIC VERANO,1990,0,"2,800",0
VOGUE ,7702433327121,VOGUE ESMALTE FANTASTIC VIOLETA #,20,0,"3,200",0
VOGUE ,7702433318464,VOGUE ESMALTE FANTASTIC ZAFIRO #,200,0,"3,200",0
VOGUE ,7702433270045,VOGUE ESMALTE FASNTASTIC MUSGO X,100,0,"2,500",0
VOGUE ,7702433086288,VOGUE ESMALTE MAXIMINI WENDY,1010,0,0,0
VOGUE ,7702433086295,VOGUE ESMALTE MAXIMINI WENDY,1020,0,0,0
VOGUE ,7702433086325,VOGUE ESMALTE MAXIMINI WENDY,1050,0,0,0
VOGUE ,7702433086332,VOGUE ESMALTE MAXIMINI WENDY,1060,0,0,0
VOGUE ,7702433086363,VOGUE ESMALTE MAXIMINI WENDY,1090,0,0,0
VOGUE ,7702433086370,VOGUE ESMALTE MAXIMINI WENDY,1100,0,0,0
VOGUE ,7702433086394,VOGUE ESMALTE MAXIMINI WENDY,1120,0,0,0
VOGUE ,7702433086424,VOGUE ESMALTE MAXIMINI WENDY,1150,0,0,0
VOGUE ,7702433086431,VOGUE ESMALTE MAXIMINI WENDY,1160,0,0,0
VOGUE ,7702433086455,VOGUE ESMALTE MAXIMINI WENDY,1180,0,0,0
VOGUE ,7702433087858,VOGUE ESMALTE MAXIMINI WENDY,1200,0,0,0
VOGUE ,7702433089920,VOGUE ESMALTE MAXIMINI WENDY,1210,0,0,0
VOGUE ,7702433098328,VOGUE ESMALTE MINI PERLA,0,0,0,0
VOGUE ,7702433086318,VOGUE ESMALTE WENDY MINI,1040,0,0,0
VOGUE ,7702433263320,VOGUE ESMLATE FANTASTIC TOPAZ X 10,0,0,0,0
VOGUE ,7702433082518,",7VOGUE ILUMINADOR OJOS ROSA",0,0,"6,600",0
VOGUE ,7702433291217,VOGUE LABIAL COLORISSIMO MANDARINA,0,0,"5,800",0
VOGUE ,7702433250627,VOGUE LABIAL LIQUIDO LUZETTE N,100,0,0,0
VOGUE ,7702433250603,VOGUE LABIAL LIQUIDO LUZETTE N,80,0,0,0
VOGUE ,7702433245814,VOGUE LABIAL SUPER SEDOSOS N 10 X,40,0,0,0
VOGUE ,7702433245821,VOGUE LABIAL SUPER SEDOSOS N 11 X,40,0,0,0
VOGUE ,7702433245838,VOGUE LABIAL SUPER SEDOSOS N 12 X,40,0,0,0
VOGUE ,7702433245845,VOGUE LABIAL SUPER SEDOSOS N 13 X,40,0,0,0
VOGUE ,7702433245852,VOGUE LABIAL SUPER SEDOSOS N 14 X,40,0,0,0
VOGUE ,7702433245869,VOGUE LABIAL SUPER SEDOSOS N 15 X,40,0,0,0
VOGUE ,7702433252171,VOGUE LABIAL SUPER SEDOSOS N 16 X,40,0,0,0
VOGUE ,7702433252850,VOGUE LABIAL SUPER SEDOSOS N 17 X,40,0,0,0
VOGUE ,7702433245739,VOGUE LABIAL SUPER SEDOSOS N 2 X 4,0,0,0,0
VOGUE ,7702433245746,VOGUE LABIAL SUPER SEDOSOS N 3 X 4,0,0,0,0
VOGUE ,7702433245791,VOGUE LABIAL SUPER SEDOSOS N 8 X 4,0,0,0,0
VOGUE ,7702433245807,VOGUE LABIAL SUPER SEDOSOS N 9 X 4,0,0,0,0
VOGUE ,7702433060134,VOGUE LABIAL WENDY F-COLOR CEREZA,0,0,"3,100",0
VOGUE ,7702433191524,VOGUE LAPIS DELINEADOR OJOS-LABIOS,0,0,0,0
VOGUE ,7702433200714,VOGUE LAPIZ CEJAS CAMEL,010,0,"6,000",0
VOGUE ,7702433184250,VOGUE LAPIZ CEJAS WENDY,030,0,0,0
VOGUE ,7702433289511,VOGUE LAPIZ DE CEJAS CAMEL,010,0,"6,000",0
VOGUE ,7702433219518,VOGUE LAPIZ DELI OJOS PERFECT CONV,0,0,0,0
VOGUE ,7702433290760,VOGUE LAPIZ DELINEADOR LABIOS CAFE,0,0,"5,600",0
VOGUE ,7702433290791,VOGUE LAPIZ DELINEADOR LABIOS ROJO,0,0,"6,000",0
VOGUE ,7702433218009,VOGUE LAPIZ DELINEADOR OJOS-LABIOS,0,0,0,0
VOGUE ,7702433191531,VOGUE LAPIZ DELINEADOR OJOS-LABIOS,0,0,0,0
VOGUE ,7702433218023,VOGUE LAPIZ DELINEADOR OJOS-LABIOS,0,0,0,0
VOGUE ,7702433290708,VOGUE LAPIZ DELINEADOR P/OJOS ROSA,0,0,"6,000",0
VOGUE ,7702433172585,VOGUE LAPIZ LABIOS O.YOU N,20,0,0,0
VOGUE ,7702433531177,VOGUE LAPIZ LABIOS WENDY,170,0,0,0
VOGUE ,7702433531023,VOGUE LAPIZ LABIOS WENDY,20,0,0,0
VOGUE ,7702433531078,VOGUE LAPIZ LABIOS WENDY,70,0,0,0
VOGUE ,7702433175715,VOGUE LAPIZ OJOS JOLIE DARK COFEE,00,0,0,0
VOGUE ,7702433184243,VOGUE LAPIZ OJOS WENDY CAFE,020,0,"4,200",0
VOGUE ,7702433184236,VOGUE LAPIZ OJOS WENDY NEGRO,010,0,"6,000",0
VOGUE ,7702433059664,VOGUE LAPIZ PARA CEJAS CAOBA,020,0,"6,000",0
VOGUE ,7702433249874,VOGUE LUZ CREMA MANOS Y CUERPO X,450,0,0,0
VOGUE ,7702433249904,VOGUE LUZ CREMA MANOS Y CUERPO X,450,0,0,0
VOGUE ,7702433249881,VOGUE LUZ CREMA MANOS Y CUERPO X,900,0,0,0
VOGUE ,7702433238960,VOGUE MAQ FLUIDO BLANQ PROCELA X,300,0,"8,100",0
VOGUE ,7702433089937,VOGUE MAXIMINI ESMALTE,1220,0,0,0
VOGUE ,7702433215381,VOGUE MAXIMINI ESMALTE,1270,0,0,0
VOGUE ,7702433224727,VOGUE MAXIMINI ESMALTE,1290,0,0,0
VOGUE ,7702433220064,VOGUE MINI ESMALTE ACERO,0,0,0,0
VOGUE ,7702433098144,VOGUE MINI ESMALTE FANT 20 LUNA,0,0,"2,100",0
VOGUE ,7702433098212,VOGUE MINI ESMLATE BERENJANA,0,0,0,0
VOGUE ,7702433228886,VOGUE PESTANINA EXTENCION,0,0,"6,000",0
VOGUE ,7702433250245,VOGUE PESTANINA LUZETTE CAFE,0,0,0,0
VOGUE ,7702433250238,VOGUE PESTANINA LUZETTE NEGRA X 10,0,0,"5,700",0
VOGUE ,7509552876253,VOGUE PESTAÃ‘INA AL INFINITO * 9GR,0,0,"23,000",0
VOGUE ,7702433228879,VOGUE PESTAÃ‘INA EFECTO TOTAL 6 *,90,0,"20,000",0
VOGUE ,7702433293402,VOGUE PESTAÃ‘INA FULL EXTENSION *,90,0,"9,800",0
VOGUE ,7702433293389,VOGUE PESTAÃ‘INA ULTRA VOLUMEN * 9,0,0,"13,000",0
VOGUE ,7702082024396,VOGUE POLVO COMP LUJO TRENDY,090,0,0,0
VOGUE ,7702433067829,VOGUE POLVO COMP MAXIMO CUB,080,0,0,0
VOGUE ,7702433227971,VOGUE POLVO COMP MMICRO HUMECTANTE,0,0,0,0
VOGUE ,7702433228039,VOGUE POLVO COMP NATURAL ACEITUNA,0,0,"6,000",0
VOGUE ,7702433060431,VOGUE POLVO COMP REPTO,0,0,0,0
VOGUE ,7702433060455,VOGUE POLVO COMP REPTO CANELA,0,0,0,0
VOGUE ,7702433181822,VOGUE POLVO COMP REPUESTO MAXCUB N,0,0,0,0
VOGUE ,7702433181839,VOGUE POLVO COMP REPUESTO MAXCUB N,0,0,0,0
VOGUE ,7702433181846,VOGUE POLVO COMP REPUESTO MAXCUB N,0,0,0,0
VOGUE ,7702433181785,VOGUE POLVO COMP REPUESTO MAXCUB N,0,0,0,0
VOGUE ,7509552827163,VOGUE POLVO COMP WENDY,010,0,"5,400",0
VOGUE ,7509552827170,VOGUE POLVO COMP WENDY,020,0,"5,400",0
VOGUE ,7509552827187,VOGUE POLVO COMP WENDY,030,0,"4,500",0
VOGUE ,7509552827194,VOGUE POLVO COMP WENDY,040,0,"5,400",0
VOGUE ,7509552825251,VOGUE POLVO COMPACTO,0,0,"8,000",0
VOGUE ,7702433250023,VOGUE POLVO COMPACTO LUZETTE OLIVA,0,0,0,0
VOGUE ,7702433274302,VOGUE REMOVEDOR ESMALTE LIMON * 60,0,0,"5,500",0
VOGUE ,7702433274333,VOGUE REMOVEDOR SABILA CERAMIDAS *,0,0,"7,300",0
VOGUE ,7702433228336,VOGUE RUBOR COMP COFFEE,0,0,0,0
VOGUE ,7702433060547,VOGUE RUBOR COMP OCTAG COFFEE,0,0,0,0
VOGUE ,7702433060554,VOGUE RUBOR COMP OCTAG CORALINO,0,0,0,0
VOGUE ,7702433228350,VOGUE RUBOR COMPACTO  CHAMPAGNE,0,0,"4,000",0
VOGUE ,7702433292795,VOGUE RUBOR COMPACTO  CHAMPAGNE,0,0,"8,200",0
VOGUE ,7702433228411,VOGUE RUBOR COMPACTO PRINCESA,0,0,"4,000",0
VOGUE ,7702433292832,VOGUE RUBOR COMPACTO PRINCESA,0,0,"5,000",0
VOGUE ,7702433228381,VOGUE RUBOR COMPACTO VIOLET,0,0,"4,000",0
VOGUE ,7702433206433,VOGUE RUBOR WENDY COMP 2,0,0,0,0
VOGUE ,7702433206440,VOGUE RUBOR WENDY COMP 3,0,0,0,0
VOGUE ,7702433206457,VOGUE RUBOR WENDY COMP 4,0,0,0,0
VOGUE ,7702433206464,VOGUE RUBOR WENDY COMP,50,0,0,0
VOGUE ,7702433241595,VOGUE RUBOR WENDY COMP,60,0,0,0
VOGUE ,7702433241601,VOGUE RUBOR WENDY COMP,70,0,0,0
VOGUE ,7702433525060,VOGUE SOMBRA DUO WENDY 6,0,0,0,0
VOGUE ,7702433087988,VOGUE SOMBRA INDIV OCTAG CAMEL,0,0,0,0
VOGUE ,7702433287647,VOGUE SOMBRA SEXTETO CREPUSCULO,190,0,"8,800",0
VOGUE ,7702433088091,VOGUE SOMBRA SEXTETO OCTAG DULCE Y,0,0,0,0
VOGUE ,7702433223751,VOGUE SPLASH MAGIC FLOWERS,0,0,0,0
VOGUE ,7702433223744,VOGUE SPLASH SWEET TANGERINE,0,0,0,0
VON HALLER,7706324000179,GENEVIS NF FRESA POTE * 250 GR,0,0,"20,000",0
VON HALLER,7706024001094,",7GENTACREM CREMA * 40 GR",0,0,"11,000",0
VYGON ,7707265242345,CEPILLO QUIRURGICO LAVADO DE MANOS,0,0,"16,000",0
WAKA - RELX,6972890390285,DISPOSITIVO RELX ESSENTIAL STARTER,0,0,"19,900",0
WAKA - RELX,6974491922438,DISPOSITIVO RELX ESSENTIAL STARTER,0,0,"19,900",0
WAKA - RELX,6972890391398,DISPOSITIVO RELX ESSENTIAL STARTER,0,0,"19,900",0
WAKA - RELX,6972890390261,DISPOSITIVO RELX ESSENTIAL STARTER,0,0,"19,900",0
WAKA - RELX,6972890391381,DISPOSITIVO RELX ESSENTIAL STARTER,0,0,"19,900",0
WAKA - RELX,6972890398281,DISPOSITIVO RELX ESSENTIAL STARTER,0,0,"19,900",0
WAKA - RELX,6972890390278,DISPOSITIVO RELX ESSENTIAL STARTER,0,0,"19,900",0
WAKA - RELX,6975364636667,VAPEADOR WAKA MINI SOPRO  AL 3% X,10,0,"22,900",0
WAKA - RELX,6975364636728,VAPEADOR WAKA MINI SOPRO  AL 3% X,10,0,"22,900",0
WAKA - RELX,6975364636650,VAPEADOR WAKA MINI SOPRO  AL 3% X,10,0,"22,900",0
WAKA - RELX,6975364636698,VAPEADOR WAKA MINI SOPRO  AL 3% X,10,0,"22,900",0
WAKA - RELX,6975364636735,VAPEADOR WAKA MINI SOPRO  AL 3% X,10,0,"22,900",0
WAKA - RELX,6942108417394,VAPEADOR WAKA SOPRO SMART AL 5% X,80,0,"45,000",0
WAKA - RELX,6942108417387,VAPEADOR WAKA SOPRO SMART AL 5% X,80,0,"45,000",0
WAKA - RELX,6942108419442,VAPEADOR WAKA SOPRO SMART AL 5% X,80,0,"45,000",0
WAKA - RELX,6942108420479,VAPEADOR WAKA SOPRO SMART AL 5% X,80,0,"45,000",0
WAKA - RELX,6942108417349,VAPEADOR WAKA SOPRO SMART AL 5% X,80,0,"45,000",0
WAKA - RELX,6942108417370,VAPEADOR WAKA SOPRO SMART AL 5% X,80,0,"45,000",0
WAKA - RELX,6942108420462,VAPEADOR WAKA SOPRO SMART AL 5% X,80,0,"45,000",0
WELLS COLOMB,876120003685,NOVEX ACTIVADOR MEUS CACHINHOS *,300,0,"52,000",0
WELLS COLOMB,876120001087,NOVEX BLINDAGEM FINALIZ ANTI-FRIZZ,0,0,"34,100",0
WELLS COLOMB,7893694003920,PONTO CREMA DE PEINAR ONDULADAS *,30,0,"28,500",0
WELLS COLOMB,7893694005573,PONTO CREMA PARA PEINAR AFRO * 100,0,0,"12,500",0
WELLS COLOMB,7893694005566,PONTO SHAMPOO RECUPERA TUS RIZOS *,0,0,"12,500",0
WELLS COLOMB,7893694003944,PONTO TRATAMIENTO HIDRATACION 3 EN,0,0,"39,500",0
WELLS COLOMB,7893694005610,PONTO TRATAMIENTO NUTRICION 3 EN 1,0,0,"10,500",0
WELLS COLOMB,7897042012312,SKALA CREMA PARA PEINAR EXPERT *,100,0,"42,700",0
WELLS COLOMB,7897042017812,SKALA MAIS CACHINHOS * 1000 GR,0,0,"38,000",0
XINETIX PHAR,7709149981425,GECLIX 50 MG * 1 UND,0,0,"71,100",0
XINETIX PHAR,7709685892612,KEIXA 5 MG * 60 TAB,0,0,"212,000",0
XINETIX PHAR,7709149981470,PORIX 3.5 MG * 1 AMP,0,0,"207,000",0
XINETIX PHAR,7709582632960,TOXTREX 4 MG *30 CAP,0,0,"145,000",0
ZAFHIRS ,7702313816035,CORTA UNAS JUMBO REF,816030,0,"5,500",0
ZAMBON COLOM,7703445130112,",7*SINESTRYN X 400 GR",0,0,0,0
ZAMBON COLOM,7703445170064,FISIOGEN X 56 COMPS,0,0,"75,000",0
ZAMBON COLOM,7703445170088,FISIOMAX LUBRICANTE INTIMO *30 S/S,0,0,"59,900",0
ZAMBON COLOM,7703445140029,FLONORM SUSP * 60 ML,0,0,"42,200",0
ZAMBON COLOM,7703445030016,FLUIMUCIL * 5 AMP,0,0,"39,500",0
ZAMBON COLOM,7703445030115,FLUIMUCIL JBE * 150 ML,0,0,"23,900",0
ZAMBON COLOM,7703445030122,FLUIMUCIL JBE * 75 ML,0,0,"17,900",0
ZAMBON COLOM,7703445110015,FLUTOX COCO * 120 ML,0,0,"36,500",0
ZAMBON COLOM,7703445130105,SINESTRYN X 75 GR,0,0,"20,400",0
ZAMBON COLOM,7703445070029,URFADYNE RETARD X 20 CAPS,0,0,"38,700",0
ZAMBON COLOM,7703445090034,URSACOL 300 MG X 15 TAB,0,0,"47,500",0
ZAMBON COLOM,7703445090027,URSACOL 300MG TAB CJA *,100,0,"55,600",0
ZENDENT ,6927236660089,ZENDENT CEPILLO CORONA MRSTAR KIDS,0,0,"2,100",0
ZENDENT ,7707202220054,ZENDENT CEPILLO NIÃ‘O CABALLITO,0,0,"3,600",0
ZENDENT ,7707280392902,ZENDENT KIT ORTODONCIA UNDAD,0,0,"14,400",0
"ZENDENT D1083,",770728039,ZENDENT PASTILLERO UNDAD,0,0,"3,000",0
ZENDENT ,7707280391301,ZENDENT SEDA DENTAL CERA-MENTA *,400,0,"9,000",0
ZENDENT ,7707280395354,ZENDENT SEDA DENTAL CERA-MENTA *,500,0,"7,200",0
ZENDENT ,7707280393909,ZENDENT SEDA DENTAL FLOSS * 20 MTS,0,0,"2,600",0
ZIBOJECT,7707283803238,CABESTRILLO SENCILLO POWER MEDICAL,0,0,"25,000",0
ZIBOJECT,7707283803214,CABESTRILLO SENCILLO POWER MEDICAL,0,0,"20,000",0
ZIBOJECT,7709971303686,CANULA NASAL DE OXIGENO PEDIATRICA,0,0,"4,000",0
ZIBOJECT,7707336091025,EQUIPO BURETA 150 ML * 1 UND,0,0,"5,000",0
ZIBOJECT,7707336091773,EQUIPO MACROGOTEO S/A * 1 UND,0,0,"2,000",0
ZIBOJECT,7707336090356,ESPARADRAPO CON OXIDO DE ZINC 4 *,50,0,"20,000",0
ZIBOJECT,7707244410734,INHALOCAMARA PEDIATRICO BIOLIFE *,10,0,"11,500",0
ZIBOJECT,7707336092169,JELCO 16G * 1 UND,0,0,"2,000",0
ZIBOJECT,7707336091179,JELCO 18G * 1 UND,0,0,"2,000",0
ZIBOJECT,7707336091322,JELCO 20G * 1 UND,0,0,"2,000",0
ZIBOJECT,7707336091476,JELCO 22G * 1 UND,0,0,"2,000",0
ZIBOJECT,7707336091629,JELCO 24G * 1 UND,0,0,"2,000",0
ZIBOJECT,4022495139818,JELCO 24G * 1 UND,0,0,"2,000",0
ZIBOJECT,7709875298064,JERINGA 3 ML 21G * 1 1/2,0,0,500,0
ZIBOJECT,7709373102139,JERINGA INSULINA 1 ML 27G * 1/2,0,0,500,0
ZIBOJECT,7707336090882,KIT MICRONEBULIZADOR PEDIATRICO *,10,0,"6,000",0
ZIBOJECT,7707244411090,MASCARA BIOLIFE OXIGENO ADULTO * 2,0,0,"5,000",0
ZIBOJECT,7707244411106,MASCARA BIOLIFE OXIGENO PEDIATRICA,0,0,"5,000",0
ZIBOJECT,7707265240174,MINISET EQUIPO PERICRANEAL N 20 *,10,0,"1,000",0
ZIBOJECT,7707336080197,RECOLECTOR DE ORINA 24 HORAS,0,0,"10,200",0
ZIORETTI,7707245550194,ZIORETTI CREMA FACIAL HUMECTANTE *,0,0,"90,000",0
ZIORETTI,7707245550217,ZIORETTI SYNDET SUAVE * 250 ML,0,0,"86,500",0
