codigo,producto,laboratorio,existencia,precio_venta,costo_promedio,unid._vendidas,ranking_1,val_vendido,ranking_2,rentabilidad,ranking_3,suma_ranking,ranking_final,grupo
7709008052563.0,AGUA FARMANORTE * 600 ML,SALUS,81.0,"2,600",0.0,255.0,1.0,"650,900",9.0,"411,060",4.0,5.0,1.0,A
7501125184864.0,ELECTROLIT MARACUYA * 625 ML,PISA (SUEROS LIQUIDOS),68.0,"8,800",0.0,205.0,2.0,"1,751,200",3.0,"328,000",8.0,5.0,2.0,A
7702870002728.0,POSTDAY * 2 TAB ,ABBOTT FARMA CONVENIO,26.0,"19,000",0.0,47.0,18.0,"893,000",7.0,"361,242",7.0,10.0,3.0,A
7703991918295.0,MOUNJARO 2.5MG/0.5ML * 1 AMP,ELI LILLY INTERAMERICA INC,1.0,"256,900",0.0,16.0,68.0,"3,644,192",1.0,"983,360",1.0,18.0,4.0,A
4022679136473.0,VITAMINA C+B2+ZINC *20 TAB,PHARMARIS COLOMBIA,0.0,"26,000",0.0,22.0,39.0,"572,000",12.0,"292,886",14.0,20.0,5.0,A
7501033961557.0,PEDIALYTE MAX ZINC 60 FRESA * 500 ML,ABBOTT NUTRICION,18.0,"11,000",0.0,91.0,5.0,"975,700",5.0,"146,510",45.0,21.0,6.0,A
7708902758717.0,VYASIL 50 MG * 2 TAB,NATURALMENTE,7.0,"19,900",0.0,21.0,43.0,"417,900",25.0,"379,512",5.0,22.0,7.0,A
7707263002217.0,GRIPAC 4 * 10 CAP ,TRIDEX FARMACEUTICA,22.0,"21,900",0.0,21.0,47.0,"449,100",16.0,"309,550",11.0,22.0,8.0,A
7707263005126.0,OKAP FORTE 250/20MG * 10 CAP,TRIDEX FARMACEUTICA,9.0,"21,700",0.0,21.0,48.0,"447,100",17.0,"293,150",13.0,23.0,9.0,A
7708152336611.0,SUREZINC TRANSFER VAINILLA * 400 GR,SUREZINC,7.0,"56,500",0.0,15.0,82.0,"837,500",8.0,"567,195",3.0,25.0,10.0,A
7707263003443.0,GRIPAC * 10 CAP,TRIDEX FARMACEUTICA,0.0,"22,600",0.0,19.0,54.0,"422,300",22.0,"267,658",20.0,29.0,11.0,A
7709208753895.0,PRUEBA DE EMBARAZO DB LIFE LAPICERO * 1 UND,DIAGNOSTICOS BIOMEDICOS,15.0,"15,500",0.0,26.0,31.0,"320,200",52.0,"323,232",9.0,30.0,12.0,A
7706569001450.0,NAPROXENO 500 MG * 10 TAB,A.G. MEDICAMENTOS,14.0,"15,000",0.0,24.0,34.0,"360,000",39.0,"240,096",28.0,33.0,13.0,A
7708152336598.0,EREX BEBIDA * 500 ML,LAB PHARMACIENCIA SAS,10.0,"45,900",0.0,13.0,107.0,"593,700",10.0,"362,700",6.0,33.0,14.0,A
7706569001245.0,AZITROMICINA 500 MG * 3 TAB,A.G. MEDICAMENTOS,29.0,"18,500",0.0,20.0,49.0,"368,200",37.0,"262,480",23.0,34.0,15.0,A
7709416822604.0,ATROMIZIN 500 MG * 3 TAB,QUIRUPOS,4.0,"24,900",0.0,15.0,79.0,"373,500",35.0,"316,860",10.0,36.0,16.0,A
7702402058704.0,VASO ALOHA RASPADO KOLA * 160 GR ,MEALS DE COLOMBIA,8.0,"4,900",0.0,70.0,6.0,"343,000",43.0,"133,630",57.0,39.0,17.0,A
7706569020437.0,MELOXICAM 15 MG * 10 TAB,A.G. MEDICAMENTOS,7.0,"16,200",0.0,21.0,46.0,"340,200",44.0,"221,382",31.0,39.0,18.0,A
7702535024423.0,COCA COLA * 1.5 LT,COCA COLA,0.0,"7,800",0.0,42.0,20.0,"327,600",49.0,"149,478",44.0,40.0,19.0,A
D1554,MEGA VIT ADVANCE * 2 TAB,NATURALS IMPORTADOS,4.0,"12,000",0.0,24.0,33.0,"288,000",65.0,"264,960",22.0,40.0,20.0,A
3582910009900.0,ENTEROGERMINA * 10 AMP,OPELLA (SANOFI OTC),5.0,"83,900",0.0,11.0,133.0,"917,260",6.0,"287,120",15.0,41.0,21.0,A
7702535001769.0,COCA COLA * 2.5 LT,COCA COLA,10.0,"10,100",0.0,29.0,26.0,"292,900",62.0,"138,620",52.0,49.0,22.0,A
7707263007755.0,CLINDABACT 100/100MG * 3 OVULOS,TRIDEX FARMACEUTICA,6.0,"38,400",0.0,11.0,135.0,"415,200",26.0,"286,968",16.0,49.0,23.0,A
7501082243642.0,MOUNJARO 5MG/0.5ML * 1 AMP,ELI LILLY INTERAMERICA INC,-1.0,"341,500",0.0,8.0,188.0,"2,445,140",2.0,"648,336",2.0,49.0,24.0,A
7707263004068.0,GLICERTOX NF JBE * 125 ML,TRIDEX FARMACEUTICA,9.0,"38,100",0.0,11.0,143.0,"419,100",24.0,"281,193",18.0,51.0,25.0,A
7702402059848.0,CHOCOCONO CHOCOKRISPIS * 95 GR,MEALS DE COLOMBIA,15.0,"4,600",0.0,66.0,7.0,"303,600",57.0,"111,870",75.0,52.0,26.0,A
7501125132056.0,CLORURO DE SODIO 0.9 % * 500 ML,PISA FARMACEUTICA DE COLOMBIA S.A. ,12.0,"5,000",0.0,51.0,16.0,"255,000",81.0,"132,600",58.0,56.0,27.0,A
70847030805.0,MONSTER ENERGY ULTRA LATA * 473 ML,COCA COLA,0.0,"9,400",0.0,30.0,24.0,"282,000",70.0,"123,060",65.0,57.0,28.0,A
7703712085046.0,BINAFAR 200/500MG * 24 TAB,TRIDEX FARMACEUTICA,7.0,"46,600",0.0,9.0,166.0,"437,200",19.0,"261,543",24.0,58.0,29.0,A
7702192422051.0,GATORADE TROPICAL FRUIT * 500 ML,POSTOBON GASEOSAS,17.0,"4,700",0.0,59.0,12.0,"275,000",74.0,"103,427",76.0,59.0,30.0,A
7707274722715.0,PROCATEC 500 MG * 10 TAB,FAES OTC,1.0,"18,000",0.0,15.0,75.0,"270,000",76.0,"206,460",34.0,59.0,31.0,A
7703689000448.0,CYCLOFEM 0.5 ML * 1 AMP + JERINGA  ,PROFAMILIA,0.0,"21,900",0.0,13.0,112.0,"284,300",68.0,"284,700",17.0,59.0,32.0,A
7501058648280.0,NESTOGENO TOTAL COMFORT *400 GR,NESTLE NUTRICION,2.0,"54,500",0.0,18.0,58.0,"979,000",4.0,"82,602",109.0,60.0,33.0,A
736085132069.0,NAZIL OFTENO * 15 ML,SOPHIA DE COLOMBIA OTC,0.0,"22,200",0.0,13.0,99.0,"288,600",64.0,"155,896",40.0,63.0,34.0,A
7702184010150.0,LOPERAMIDA 2 MG * 6 TAB,ECAR,10.0,"7,600",0.0,26.0,30.0,"197,600",121.0,"146,354",46.0,68.0,35.0,A
7703546033107.0,CRONOFEN L JBE * 100 ML  L-RESPI-RIN,NOVAMED BABY ,0.0,"18,500",0.0,14.0,93.0,"259,000",78.0,"149,800",43.0,68.0,36.0,A
7706569000958.0,DICLOFENACO R 100 MG * 20 CAP,A.G. MEDICAMENTOS,7.0,"15,800",0.0,16.0,73.0,"247,600",84.0,"135,176",54.0,69.0,37.0,A
7707263004631.0,GALEZOL 500 MG * 6 TAB,TRIDEX FARMACEUTICA,9.0,"38,800",0.0,9.0,168.0,"349,200",42.0,"229,131",30.0,69.0,38.0,A
7707263003542.0,CEFLAXILIN 500 MG * 20 CAP,TRIDEX FARMACEUTICA,3.0,"61,700",0.0,7.0,228.0,"433,700",21.0,"301,168",12.0,69.0,39.0,A
7702402054416.0,CHOCOCONO * 90 GR,MEALS DE COLOMBIA,35.0,"3,700",0.0,66.0,8.0,"244,200",87.0,"90,816",94.0,70.0,40.0,A
"7702535011089,7",COCA COLA * 400 ML,COCA COLA,5.0,"4,000",0.0,55.0,14.0,"220,000",102.0,"103,235",77.0,70.0,41.0,A
7707172685778.0,DOLEX JARABE 2+ * 90 ML ,HALEON (GLAXO OTC),9.0,"18,200",0.0,24.0,38.0,"436,800",20.0,"68,976",138.0,72.0,42.0,A
7613034027610.0,NESTUM TRIGO MIEL * 350 GR,NESTLE NUTRICION,7.0,"22,700",0.0,14.0,95.0,"316,400",54.0,"97,762",79.0,74.0,43.0,A
7702184021002.0,HEDERA HELIX + PROPOLEO JBE * 100 ML,ECAR,8.0,"25,100",0.0,11.0,142.0,"276,100",73.0,"221,298",32.0,74.0,44.0,A
7708152336741.0,SUREZINC TRANSFER KIDS VAINILLA * 400 GR ,SUREZINC,1.0,"56,500",0.0,7.0,227.0,"395,500",31.0,"268,471",19.0,75.0,45.0,A
7702057092757.0,IBUFLASH MIGRAN * 30 CAP,TECNOQUIMICAS,4.0,"64,500",0.0,9.0,184.0,"584,600",11.0,"122,555",66.0,76.0,46.0,A
7703689031169.0,PIEL SENSITIVO * 3 PRESERVATIVOS,PROFAMILIA,5.0,"10,500",0.0,19.0,53.0,"199,500",118.0,"134,159",56.0,77.0,47.0,A
7707232093383.0,OMEGA 3 PLUS * 50 CAP (OFERTA 2X1),NATURAL FRESHLY,3.0,"77,000",0.0,6.0,249.0,"462,000",15.0,"240,828",27.0,78.0,48.0,A
7707228361489.0,GASA ESTERIL NO TEJIDA 7.5 CM * 7.5 CM * 6 UND ,ALFA SAFE,53.0,"1,500",0.0,119.0,4.0,"172,800",150.0,"124,831",63.0,79.0,49.0,A
7501033957376.0,PEDIALYTE MAX ZINC 60 UVA * 500 ML,ABBOTT NUTRICION,16.0,"11,000",0.0,37.0,22.0,"405,350",27.0,"59,570",161.0,79.0,50.0,A
7703546031103.0,CONGESTEX * 10 CAP,NOVAMED OTC,57.0,"17,500",0.0,13.0,105.0,"230,200",94.0,"131,625",60.0,83.0,51.0,A
7707263009902.0,SIFEI 200 MG * 5 CAP,TRIDEX FARMACEUTICA,1.0,"47,300",0.0,7.0,224.0,"331,100",46.0,"242,375",26.0,83.0,52.0,A
7702004110596.0,CERVEZA BUDWEISER LATA * 269 ML,BAVARIA S.A.,21.0,"3,700",0.0,51.0,15.0,"188,700",130.0,"88,689",96.0,88.0,53.0,A
7501059276604.0,NESTOGENO 0-12 MESES BOLSA * 135 GR,NESTLE NUTRICION,13.0,"10,500",0.0,39.0,21.0,"404,500",28.0,"53,625",183.0,88.0,54.0,A
7703546012539.0,TENSOFAR 50 MG * 30 TAB L-CONSUM,NOVAMED OTC,4.0,"19,300",0.0,11.0,141.0,"212,300",109.0,"178,948",36.0,88.0,55.0,A
7703153020286.0,DICLOFENACO + HIDROXIDO ALUMINIO * 10 CAP,COLMED,1.0,"22,600",0.0,12.0,132.0,"260,500",77.0,"115,276",73.0,89.0,56.0,A
7702184828908.0,VITAMINA C + ZINC NARANJA * 100 TAB,ECAR,3.0,"63,400",0.0,6.0,277.0,"392,000",32.0,"248,926",25.0,90.0,57.0,A
7703712080027.0,ADIFAR * 20 TAB,TRIDEX FARMACEUTICA,7.0,"45,500",0.0,7.0,232.0,"299,000",58.0,"193,362",35.0,92.0,58.0,A
7706569000026.0,AMOXICILINA 500 MG * 50 CAP,A.G. MEDICAMENTOS,3.0,"42,200",0.0,7.0,231.0,"297,000",60.0,"139,366",51.0,99.0,59.0,A
7707263008240.0,CLINDABACT 2% CREMA VAGINAL * 20 GR,TRIDEX FARMACEUTICA,0.0,"46,500",0.0,6.0,246.0,"279,000",71.0,"209,292",33.0,100.0,60.0,A
7703546041430.0,DOLORSIN FEM * 40 CAP L-TR-CAPS,NOVAMED OTC,2.0,"90,000",0.0,5.0,331.0,"441,600",18.0,"237,840",29.0,101.0,61.0,A
7702535024447.0,COCA COLA * 3 LT,COCA COLA,4.0,"12,700",0.0,15.0,77.0,"190,500",126.0,"85,815",102.0,104.0,62.0,A
7706569020659.0,ACETAMINOFEN 500 MG * 100 TAB,A.G. MEDICAMENTOS,17.0,"27,000",0.0,7.0,205.0,"216,000",108.0,"145,956",47.0,108.0,63.0,A
7702402059275.0,PALETA CHOCOLISTO * 50 GR,MEALS DE COLOMBIA,15.0,"2,800",0.0,62.0,10.0,"173,600",149.0,"70,308",136.0,109.0,64.0,A
7702024047612.0,KLIM 1+ BOLSA * 1000 GR,NESTLE NUTRICION,6.0,"54,700",0.0,10.0,161.0,"545,300",13.0,"60,050",160.0,109.0,65.0,A
7703546131308.0,PRAZED 20 MG * 30 CAP L-CONSUM,NOVAMED OTC,3.0,"18,500",0.0,10.0,165.0,"189,500",128.0,"132,592",59.0,110.0,66.0,A
7702090020847.0,GASEOSA BRETANA * 300 ML,POSTOBON GASEOSAS,2.0,"3,300",0.0,60.0,11.0,"198,000",120.0,"55,440",174.0,114.0,67.0,A
7701021147585.0,WINNY ULTRATRIM SEC ET 4 * 50 UND ,TECNOQUIMICAS WINNY,1.0,"75,500",0.0,5.0,283.0,"377,500",33.0,"96,095",83.0,116.0,68.0,A
7501033961540.0,PEDIALYTE MAX ZINC 60 COCO * 500 ML,ABBOTT NUTRICION,1.0,"11,000",0.0,27.0,28.0,"287,100",67.0,"43,497",224.0,120.0,69.0,A
7709997612786.0,NOVOXICAN 15 MG * 10 TAB,NOVOFAR,0.0,"18,500",0.0,9.0,181.0,"166,500",157.0,"144,900",49.0,120.0,70.0,A
7701021118868.0,WINNY PANTS ET 6 XXG * 30 UND,TECNOQUIMICAS WINNY,0.0,"54,100",0.0,6.0,237.0,"324,600",51.0,"82,608",108.0,120.0,71.0,A
7709990733730.0,FLUIMED * 120 ML,MED-LINE CONVENIO,3.0,"36,800",0.0,6.0,261.0,"220,800",100.0,"139,800",50.0,120.0,72.0,A
7703546021005.0,CRONOFEN 500 MG * 100 TB L-TR-CAPS,NOVAMED OTC,3.0,"38,000",0.0,6.0,278.0,"220,000",103.0,"167,640",37.0,120.0,73.0,A
7707263003894.0,ARTHILESS 1% GEL TOPICO * 50 GR /D24/,TRIDEX FARMACEUTICA,2.0,"34,400",0.0,6.0,252.0,"206,400",114.0,"145,146",48.0,122.0,74.0,A
7702024025733.0,KLIM 1 + BOLSA * 500 GR,NESTLE NUTRICION,4.0,"31,200",0.0,12.0,124.0,"372,900",36.0,"47,304",209.0,127.0,75.0,A
7798422620342.0,MONSTER ENERGY ZERO * 473 ML,COCA COLA,0.0,"9,000",0.0,18.0,56.0,"162,000",167.0,"65,772",148.0,132.0,76.0,A
7702535001721.0,COCA COLA ORIGINAL * 1 LT,COCA COLA,3.0,"4,900",0.0,30.0,25.0,"147,000",186.0,"60,420",159.0,135.0,77.0,A
7703546597784.0,NUTRIBEN NATAL LIQUIDA * 6 BOTELLAS,NOVAMED NUTRICIONAL,0.0,"24,500",0.0,12.0,130.0,"294,000",61.0,"48,000",205.0,136.0,78.0,A
8850769020786.0,GOFEN FORTE 400 MG * 60 CAP,MEGA WE CARE,2.0,"80,400",0.0,4.0,404.0,"306,000",56.0,"149,992",42.0,137.0,79.0,A
7702626211770.0,GAVISCON DOBLE ACCION * 12 S/S,RECKITT BENCKISER COLOMBIA S A,3.0,"38,400",0.0,9.0,173.0,"354,060",40.0,"48,636",203.0,138.0,80.0,A
8850769023589.0,AVARIN * 10 CAP,MEGA WE CARE,1.0,"37,000",0.0,6.0,254.0,"278,000",72.0,"73,386",130.0,141.0,81.0,A
7708152336567.0,SUREZINC TRANSFER FRESA * 400 GR,SUREZINC,2.0,"56,500",0.0,4.0,359.0,"224,000",99.0,"153,612",41.0,141.0,82.0,A
7707141366165.0,TRAVAD ORAL * 133 ML ,TECNOQUIMICAS VM TQ,4.0,"29,800",0.0,10.0,148.0,"298,000",59.0,"45,330",212.0,142.0,83.0,A
7706569000385.0,IBUPROFENO 800 MG * 50 TAB,A.G. MEDICAMENTOS,5.0,"24,900",0.0,7.0,230.0,"169,900",154.0,"95,730",85.0,145.0,84.0,A
7709990733747.0,NITAHELMIN 100MG/5ML * 30 ML,MED-LINE CONVENIO,2.0,"29,900",0.0,6.0,270.0,"179,400",140.0,"115,800",71.0,145.0,85.0,A
7701021116635.0,WINNY PANTS ET 4 XG * 30 UND,TECNOQUIMICAS WINNY,0.0,"45,100",0.0,6.0,251.0,"270,600",75.0,"67,974",142.0,146.0,86.0,A
7707263003993.0,MEDIZOL 500 MG * 2 OVULOS,TRIDEX FARMACEUTICA,4.0,"38,400",0.0,5.0,309.0,"192,000",125.0,"129,340",62.0,146.0,87.0,A
8850769020106.0,ZIRIN 10 MG * 50 CAP,MEGA WE CARE,2.0,"80,000",0.0,3.0,410.0,"254,000",83.0,"158,967",38.0,147.0,88.0,A
8710428018670.0,ENSURE ADVANCE LIQUIDO VAINILLA * 220 ML,ABBOTT NUTRICION,12.0,"14,300",0.0,16.0,71.0,"228,800",95.0,"39,856",243.0,148.0,89.0,A
7707263005102.0,ROCIBLUE 50 MG * 2 TAB,TRIDEX FARMACEUTICA,11.0,"20,800",0.0,7.0,217.0,"145,600",190.0,"120,638",68.0,148.0,90.0,A
7701021117908.0,WINNY PANTS ET 5 XXG * 50 UND,TECNOQUIMICAS WINNY,1.0,"82,700",0.0,4.0,354.0,"330,800",47.0,"83,656",107.0,148.0,91.0,A
7701021145949.0,WINNY TOALLITAS ALOE VERA * 100 UND,TECNOQUIMICAS WINNY TOALLITAS,6.0,"14,000",0.0,12.0,131.0,"168,000",156.0,"60,900",157.0,150.0,92.0,A
7702123006800.0,ASPIRINA 100 MG * 28 TAB,BAYER OTC,2.0,"20,900",0.0,14.0,97.0,"287,800",66.0,"37,394",259.0,151.0,93.0,A
7707228361786.0,JERINGA 5 ML 21G * 1 1/2 HIPODERMICA,ALFA SAFE,79.0,600.0,0.0,173.0,3.0,"103,800",289.0,"74,217",127.0,153.0,94.0,A
7703712080256.0,NISTAFAR * 60 ML /D24/,TRIDEX FARMACEUTICA,4.0,"37,700",0.0,5.0,311.0,"188,500",131.0,"115,020",74.0,153.0,95.0,A
7707019402117.0,COLESPAS 10 MG * 30 TAB,LABQUIFAR PHARMACEUTICA,2.0,"39,600",0.0,5.0,332.0,"187,800",132.0,"130,219",61.0,154.0,96.0,A
7702057841256.0,BONFIEST PLUS * 32 S/S,TECNOQUIMICAS,0.0,"125,900",0.0,3.0,408.0,"399,468",29.0,"84,222",106.0,155.0,97.0,A
7702184020258.0,CLORFENIRAMINA JBE * 120 ML,ECAR,19.0,"8,300",0.0,15.0,87.0,"124,500",228.0,"69,780",137.0,156.0,98.0,A
7703712012097.0,DERMASKIN CREMA * 20 GR,COASPHARMA MEDIBRAND OTX,0.0,"14,500",0.0,10.0,153.0,"145,000",191.0,"73,390",129.0,157.0,99.0,A
7702024034186.0,COCOSETTE MAXI WAFER * 46 GR,NESTLE FOOD & BEVERAGE,22.0,"2,200",0.0,58.0,13.0,"127,600",221.0,"49,880",197.0,159.0,100.0,A
7706569021755.0,ESOMEPRAZOL 20 MG * 14 TAB,A.G. MEDICAMENTOS,0.0,"49,000",0.0,4.0,363.0,"196,000",122.0,"118,784",69.0,161.0,101.0,A
7702402059107.0,HELADO CASERO MORA * 60 GR,MEALS DE COLOMBIA,6.0,"2,900",0.0,42.0,19.0,"121,800",236.0,"52,038",186.0,162.0,102.0,A
7708152336918.0,EREX BEBIDA 20 ML * 20 S/S,LAB PHARMACIENCIA SAS,2.0,"62,900",0.0,3.0,407.0,"201,600",117.0,"138,285",53.0,164.0,103.0,A
7501125176548.0,ELECTROLIT UVA SUERO * 625 ML,PISA (SUEROS LIQUIDOS),5.0,"8,800",0.0,22.0,40.0,"189,640",127.0,"35,200",278.0,166.0,104.0,A
7709616950800.0,FLORAUSII  * 10 VIALES,WILLOW,0.0,"70,000",0.0,3.0,409.0,"212,000",110.0,"121,503",67.0,168.0,105.0,A
7707019469837.0,ALGINACID SUSP * 360 ML,LABQUIFAR PHARMACEUTICA,2.0,"32,900",0.0,5.0,324.0,"164,500",161.0,"95,905",84.0,171.0,106.0,A
7709990733716.0,NORIFLAM 75MG/3ML * 6 AMP,MED-LINE CONVENIO,2.0,"38,000",0.0,4.0,333.0,"166,000",159.0,"97,500",80.0,171.0,107.0,A
7701021114006.0,WINNY ULTRATRIM SEC ET 4 * 30 UND ,TECNOQUIMICAS WINNY,2.0,"45,300",0.0,5.0,286.0,"226,500",96.0,"57,645",166.0,172.0,108.0,A
7703712080522.0,CLOMAZOL 1 % CREMA * 40 GR,TRIDEX FARMACEUTICA,2.0,"30,300",0.0,5.0,319.0,"151,500",181.0,"115,610",72.0,172.0,109.0,A
7707263006406.0,CEVIT NF CEREZA * 30 ML,TRIDEX FARMACEUTICA,4.0,"23,200",0.0,6.0,247.0,"139,200",198.0,"84,348",105.0,173.0,110.0,A
7500435120050.0,CLEARBLUE DIGITAL PRUEBA DE EMBARAZO * 1 UND,PROCTER & GAMBLE COLOMBIA,4.0,"42,500",0.0,6.0,264.0,"255,000",82.0,"50,064",196.0,173.0,111.0,A
7707288821220.0,ZOPICLONA 7.5 MG * 10 TAB,HUMAX PHARMACEUTICAL,0.0,"12,500",0.0,9.0,177.0,"112,500",259.0,"87,705",98.0,174.0,112.0,A
7891000078945.0,NESTOGENO 1 *400 GR,NESTLE NUTRICION,5.0,"48,600",0.0,7.0,208.0,"336,800",45.0,"36,540",270.0,176.0,113.0,A
7707232090757.0,BIOPRONNABIS CANNABIS SATIVA BARRA LABIAL * 5 GR,NATURAL FRESHLY,0.0,"16,900",0.0,8.0,186.0,"135,200",209.0,"67,552",143.0,177.0,114.0,A
7441026003348.0,DOLEX BEBES 1-24 MESES FRAMBUESA * 60 ML,HALEON (GLAXO OTC),8.0,"15,900",0.0,15.0,85.0,"238,500",90.0,"32,055",312.0,178.0,115.0,A
5000196004023.0,WHISKY BUCHANANS MASTER * 1000 ML,MEICO LICORES,2.0,"263,118",0.0,2.0,566.0,"526,236",14.0,"94,715",86.0,181.0,116.0,A
7703186029508.0,SIMILAC MAMA * 400 GR,ABBOTT NUTRICION,1.0,"68,600",0.0,4.0,386.0,"257,250",79.0,"66,080",146.0,183.0,117.0,A
7703258113340.0,SINALGEN MAX 10MG/325MG * 30 TAB,GRUNENTHAL COLOMBIANA,0.0,"202,000",0.0,2.0,658.0,"399,400",30.0,"267,062",21.0,183.0,118.0,A
7702207112946.0,BIOGAIA * 5 ML,ABBOTT FARMA,0.0,"103,100",0.0,3.0,478.0,"309,300",55.0,"80,700",112.0,184.0,119.0,A
7706569022301.0,FEXOFENADINA 120 MG * 10 TAB,A.G. MEDICAMENTOS,1.0,"68,000",0.0,3.0,466.0,"204,000",115.0,"118,377",70.0,185.0,120.0,A
7501059227453.0,NAN 1 OPTIPRO * 400 GR,NESTLE NUTRICION,2.0,"75,000",0.0,5.0,281.0,"373,700",34.0,"37,150",261.0,187.0,121.0,A
7702896001231.0,DEXABLAS 8 MG * 5 AMP,BLASKOV,3.0,"26,000",0.0,5.0,279.0,"122,000",235.0,"92,638",90.0,188.0,122.0,A
8027950200306.0,FORXIGA 10 MG * 28 TAB,ASTRAZENECA COLOMBIA,0.0,"110,000",0.0,3.0,427.0,"330,000",48.0,"58,119",164.0,189.0,123.0,A
8710428022790.0,PROSURE VAINILLA * 220 ML,ABBOTT NUTRICION,0.0,"18,400",0.0,8.0,189.0,"147,200",185.0,"50,072",195.0,190.0,124.0,A
7703546720908.0,NUTRIBEN CRECIMIENTO 3 * 800 GR,NOVAMED NUTRICIONAL,1.0,"116,500",0.0,4.0,381.0,"419,400",23.0,"43,600",221.0,192.0,125.0,A
7703689031176.0,PIEL SABORES * 3 PRESERVATIVOS,PROFAMILIA,0.0,"10,500",0.0,10.0,162.0,"105,000",283.0,"70,530",135.0,194.0,126.0,A
7501043130769.0,DOLEX NIÑOS 7+ JBE * 120 ML  ,HALEON (GLAXO OTC),4.0,"27,400",0.0,9.0,183.0,"246,000",85.0,"33,192",297.0,194.0,127.0,A
7706569001191.0,CLOTRIMAZOL CREMA VAGINAL * 40 GR,A.G. MEDICAMENTOS,4.0,"26,600",0.0,5.0,295.0,"133,000",213.0,"77,235",121.0,197.0,128.0,A
7707263005188.0,ACED FULL MENTA * 360 ML,TRIDEX FARMACEUTICA,1.0,"35,600",0.0,4.0,345.0,"142,400",193.0,"81,140",111.0,198.0,129.0,A
724373709079.0,FULLREADY * 60 ML,BIOZENPHARMA,1.0,"14,000",0.0,8.0,190.0,"112,000",264.0,"63,616",151.0,200.0,130.0,A
7707019334302.0,FUNGISTEROL SHAMPOO * 200 ML,LABQUIFAR PHARMACEUTICA,2.0,"39,600",0.0,4.0,391.0,"158,400",170.0,"81,900",110.0,201.0,131.0,A
7701021116666.0,WINNY PANTS ET 5 XXG * 30 UND,TECNOQUIMICAS WINNY,3.0,"49,600",0.0,4.0,334.0,"198,400",119.0,"50,124",194.0,203.0,132.0,A
7701021114174.0,WINNY ULTRATRIM SEC ET 5 * 30 UND  ,TECNOQUIMICAS WINNY,0.0,"50,900",0.0,4.0,375.0,"203,600",116.0,"55,324",175.0,204.0,133.0,A
7709990568288.0,DIOSMIT 3 GR * 6 S/S,SYGMA LABORATORIES S.A.S.,3.0,"45,000",0.0,3.0,406.0,"142,200",194.0,"93,198",88.0,205.0,134.0,A
4005800254963.0,DUO LUBRICADO * 3 PRESERVATIVOS,BDF (BEIERSDORF) ,2.0,"13,900",0.0,9.0,170.0,"125,100",227.0,"46,836",210.0,206.0,135.0,A
7703538000025.0,ANTIPLAC B BUCAL SPRAY * 180 ML,INTERLABS S.A.S.,3.0,"32,500",0.0,5.0,305.0,"162,500",166.0,"54,700",179.0,206.0,136.0,A
7706569021168.0,CEFALEXINA 500 MG * 50 TAB,A.G. MEDICAMENTOS,1.0,"60,900",0.0,3.0,511.0,"180,000",137.0,"98,902",78.0,207.0,137.0,A
7706569001436.0,ACETAMINOFEN JBE * 90 ML,A.G. MEDICAMENTOS,4.0,"9,000",0.0,11.0,144.0,"99,000",306.0,"59,070",163.0,208.0,138.0,A
7703546038225.0,MICOTOPIC CREMA * 40 GR  L-GINEC,NOVAMED FARMA,2.0,"46,500",0.0,3.0,425.0,"139,500",196.0,"96,411",82.0,208.0,139.0,A
8710428020185.0,PEDIASURE LIQUIDO VAINILLA * 220 ML,ABBOTT NUTRICION,4.0,"11,800",0.0,14.0,92.0,"165,200",160.0,"30,212",329.0,211.0,140.0,A
7709553871145.0,SUREZINCF TRANSFER VAINILLA * 900 GR ,SUREZINC,3.0,"109,900",0.0,2.0,636.0,"219,800",104.0,"157,000",39.0,211.0,141.0,A
7702057010928.0,HIDRAPLUS 75 ZINC UVA * 400 ML ,TECNOQUIMICAS VM TQ,11.0,"11,000",0.0,14.0,88.0,"153,700",176.0,"30,604",326.0,214.0,142.0,A
7501125104411.0,ELECTROLIT COCO SUERO * 625 ML,PISA (SUEROS LIQUIDOS),16.0,"8,800",0.0,18.0,61.0,"151,800",180.0,"28,800",341.0,215.0,143.0,A
7708109834023.0,HTO-LIAR JBE * 120 ML,NATURALMENTE,5.0,"29,900",0.0,4.0,380.0,"119,600",242.0,"91,600",93.0,217.0,144.0,A
7703712080263.0,FLOXFAR 400 MG * 20 TAB /D20/,TRIDEX FARMACEUTICA,0.0,"45,200",0.0,3.0,433.0,"136,400",205.0,"91,788",92.0,217.0,145.0,A
7707288823927.0,ZOPICLONA 7.5 MG * 30 TAB,HUMAX PHARMACEUTICAL,0.0,"29,500",0.0,4.0,370.0,"119,500",243.0,"86,152",100.0,218.0,146.0,A
7703153031251.0,TRIMEBUTINA 200 MG + SIMETICONA 120 MG * 30 TAB,COLMED,0.0,"92,100",0.0,3.0,517.0,"232,500",92.0,"66,640",144.0,219.0,147.0,A
7702090064209.0,GASEOSA PEPSI * 2.5 LT,POSTOBON GASEOSAS,3.0,"8,200",0.0,12.0,115.0,"98,400",308.0,"47,376",208.0,220.0,148.0,A
7702132004606.0,CHAPSTICK MEDICADO * 4.2 GR,RECAMIER,1.0,"21,100",0.0,6.0,258.0,"126,600",225.0,"51,222",191.0,220.0,149.0,A
7501033957369.0,PEDIALYTE MAX ZINC 60 MANZANA * 500 ML,ABBOTT NUTRICION,7.0,"11,000",0.0,16.0,67.0,"172,700",151.0,"25,744",382.0,222.0,150.0,A
7702402059091.0,HELADO CASERO COCO * 60 GR,MEALS DE COLOMBIA,16.0,"2,900",0.0,31.0,23.0,"89,900",335.0,"38,347",251.0,223.0,151.0,A
7702136649520.0,CUREBAND MICROPORE PIEL 1 * 10 YARDAS,TECNOQUIMICAS CUIDADO DE HERIDA,4.0,"9,200",0.0,13.0,109.0,"119,600",241.0,"34,671",280.0,224.0,152.0,A
7701021115706.0,WINNY ULTRATRIM SEC ET1 * 30 + 20 TOALLITAS,TECNOQUIMICAS WINNY,1.0,"25,800",0.0,6.0,257.0,"154,800",175.0,"39,402",245.0,224.0,153.0,A
7707263005973.0,SEGURET * 2 TAB,TRIDEX FARMACEUTICA,0.0,"19,200",0.0,5.0,290.0,"96,000",317.0,"86,000",101.0,224.0,154.0,A
7706569001443.0,NAPROXENO 250 MG * 10 TAB,A.G. MEDICAMENTOS,14.0,"7,200",0.0,12.0,119.0,"86,400",350.0,"52,128",185.0,226.0,155.0,A
7707228360086.0,GUANTES LATEX CON TALCO TALLA M * 100 UND,ALFA SAFE,2.0,"25,500",0.0,5.0,318.0,"127,500",222.0,"55,545",172.0,226.0,156.0,A
7706440000671.0,NEURO 15 NF * 20 CAP,INCOBRA FARMA,1.0,"109,800",0.0,2.0,597.0,"219,600",105.0,"84,990",103.0,227.0,157.0,A
"7702001044504,7",AVENA ALPINA NATURAL * 250 GR,ALPINA PRODUCTOS ALIMENTICIOS S.A.,4.0,"4,700",0.0,20.0,50.0,"94,000",323.0,"37,960",255.0,228.0,158.0,A
7702402059596.0,POLET CHOCOAVELLANA * 80 GR,MEALS DE COLOMBIA,17.0,"8,300",0.0,12.0,129.0,"99,600",302.0,"43,116",225.0,228.0,159.0,A
7702184530023.0,ATLETICS GEL * 60 GR ,ECAR,3.0,"21,300",0.0,5.0,298.0,"106,500",279.0,"68,160",140.0,228.0,160.0,A
676194963492.0,MULTI - WOMEN * 100 TAB,ALFA VITAMINS,4.0,"89,500",0.0,2.0,526.0,"179,000",141.0,"78,598",118.0,228.0,161.0,A
4048846005151.0,TRAYENTA 5 MG * 30 TAB,BOEHRINGER INGELHEIM FARMA,1.0,"141,200",0.0,2.0,575.0,"282,400",69.0,"61,062",156.0,230.0,162.0,A
7702184011430.0,LOSARTAN E CARDIO 50 MG * 300 TAB ,ECAR,2.0,"53,700",0.0,3.0,510.0,"164,400",162.0,"79,311",117.0,231.0,163.0,A
8850769026641.0,LOREZE * 10 CAP,MEGA WE CARE,3.0,"19,900",0.0,5.0,292.0,"99,500",305.0,"73,315",131.0,232.0,164.0,A
7707263001777.0,TRAMOTAL 250 MG * 100 ML,TRIDEX FARMACEUTICA,4.0,"27,700",0.0,4.0,360.0,"110,800",268.0,"76,176",123.0,233.0,165.0,A
7707263003986.0,OKAP 37.5/325MG * 10 CAP,TRIDEX FARMACEUTICA,1.0,"54,700",0.0,3.0,515.0,"136,400",206.0,"96,620",81.0,233.0,166.0,A
7707263000213.0,AMPLIEX 500 MG * 100 CAP,TRIDEX FARMACEUTICA,1.0,"164,000",0.0,1.0,706.0,"220,000",101.0,"134,726",55.0,234.0,167.0,A
7707733970008.0,STREPSILS INTENSIVE MIEL LIMON * 4 TAB,RECKITT BENCKISER COLOMBIA S A,12.0,"8,500",0.0,14.0,96.0,"113,800",256.0,"32,620",303.0,235.0,168.0,A
7702402058780.0,VASO KIDS NUBE COLORIDA * 54 GR,MEALS DE COLOMBIA,7.0,"3,300",0.0,28.0,27.0,"92,400",326.0,"33,488",288.0,236.0,169.0,A
7702057712938.0,LEVOTIROXINA 75 MG * 30 TAB,MK ETICOS CONVENIO,2.0,"22,800",0.0,7.0,216.0,"159,600",169.0,"32,284",308.0,236.0,170.0,A
7703454122757.0,EVALAX * 250 GR,FARMA DE COLOMBIA SA,0.0,"97,300",0.0,2.0,531.0,"194,600",124.0,"65,540",149.0,236.0,171.0,A
7709458537368.0,GLUCOSAMINA Y COLAGENO X 30 CAPS,NATURALMENTE,3.0,"42,000",0.0,3.0,488.0,"126,000",226.0,"93,000",89.0,237.0,172.0,A
3499320006576.0,SOOLANTRA 1% CREMA * 30 GR,GALDERMA DE COLOMBIA,0.0,"162,600",0.0,2.0,543.0,"325,200",50.0,"45,264",213.0,238.0,173.0,B
7702057711375.0,VALSARTAN 160 MG * 30 CAP,MK ETICOS CONVENIO,1.0,"35,200",0.0,5.0,314.0,"176,000",146.0,"35,880",274.0,239.0,174.0,B
7709830459424.0,VITAMINAS + MINERALES * 30 CAP,NATURALMENTE,9.0,"39,900",0.0,3.0,483.0,"119,700",240.0,"94,200",87.0,240.0,175.0,B
7730698002712.0,SERTAL COMPUESTO * 10 COMP,MEGALABS,0.0,"34,900",0.0,5.0,294.0,"171,010",153.0,"33,730",286.0,241.0,176.0,B
7501125184277.0,ELECTROLIT MORA AZUL SUERO * 625 ML,PISA (SUEROS LIQUIDOS),15.0,"8,800",0.0,16.0,69.0,"136,840",203.0,"25,600",384.0,242.0,177.0,B
7702057717346.0,LEVOTIROXINA 25 MG * 30 TAB,MK ETICOS CONVENIO,3.0,"20,200",0.0,7.0,229.0,"135,400",208.0,"33,992",283.0,243.0,178.0,B
7702057082130.0,YODORA CREMA 32 GR * 2 UND PRECIO ESPECIAL,TECNOQUIMICAS CONSUMO,2.0,"20,500",0.0,6.0,265.0,"120,950",237.0,"41,118",234.0,243.0,179.0,B
7702402059435.0,CONO BOCATTO FRESA * 93 GR ,MEALS DE COLOMBIA,5.0,"6,100",0.0,15.0,84.0,"91,500",329.0,"36,435",271.0,245.0,180.0,B
7707288826706.0,FIBRILOK 500 MG * 10 TAB,HUMAX PHARMACEUTICAL,1.0,"29,000",0.0,4.0,344.0,"116,000",251.0,"54,732",178.0,245.0,181.0,B
7502316493284.0,ELECTROLIT PONCHE DE FRUTAS * 625 ML,PISA (SUEROS LIQUIDOS),7.0,"8,800",0.0,16.0,72.0,"134,200",211.0,"25,600",385.0,246.0,182.0,B
7702184590010.0,FARMALAX 5 MG * 10 GRAG,ECAR,4.0,"6,300",0.0,12.0,113.0,"75,100",397.0,"49,020",201.0,248.0,183.0,B
7702354960315.0,VIVE 100 SANDIA LIMON * 380 ML,QUALA NEVERA,4.0,"3,200",0.0,26.0,32.0,"83,200",359.0,"33,384",292.0,250.0,184.0,B
7702184020319.0,BACTRODERM SOLUCION * 60 ML,ECAR,2.0,"11,000",0.0,8.0,198.0,"88,000",343.0,"49,112",200.0,250.0,185.0,B
751273783052.0,SUPER MAGNESIUM 400 MG * 100 SOFTGELS,HEALTHY DE AMERICA COLOMBIA,1.0,"80,750",0.0,2.0,591.0,"164,250",163.0,"80,072",115.0,251.0,186.0,B
7702402052412.0,HELADO ARTESANAL TRES LECHES * 70 GR,MEALS DE COLOMBIA,16.0,"3,900",0.0,21.0,41.0,"81,900",362.0,"33,705",287.0,252.0,187.0,B
7702189053817.0,DORITOS MEGA QUESO * 43 GR,FRITO LAY,9.0,"3,400",0.0,24.0,35.0,"74,400",405.0,"37,944",256.0,253.0,188.0,B
7702870002636.0,NOFERTYL AMP * 1ML ,ABBOTT FARMA,0.0,"10,200",0.0,10.0,150.0,"102,000",293.0,"34,340",282.0,253.0,189.0,B
8903726322109.0,ALVIRET 800 MG * 10 TAB,SEVENPHARMA SAS,0.0,"24,000",0.0,4.0,376.0,"96,000",318.0,"77,432",120.0,253.0,190.0,B
7707232095769.0,MIELTERTOS PASTILLAS MASTICABLES * 12 S/S,NATURAL FRESHLY,2.0,"32,500",0.0,4.0,402.0,"122,800",233.0,"54,443",180.0,254.0,191.0,B
7501298224374.0,EUTIROX 50 MCG * 50 TAB,MERCK COLOMBIA FARMA,2.0,"52,400",0.0,3.0,497.0,"157,200",174.0,"55,026",176.0,256.0,192.0,B
7708109834931.0,RESVERATROL POLVO SABOR UVA * 500 GR,NATURALMENTE,2.0,"59,900",0.0,2.0,534.0,"119,800",238.0,"87,800",97.0,256.0,193.0,B
7350012553029.0,BIOGAIA + VIT D * 5 ML,ABBOTT FARMA,1.0,"121,500",0.0,2.0,690.0,"243,000",89.0,"71,282",134.0,257.0,194.0,B
7702354957407.0,LIKE BLUEBERRY ICE COOLER * 300 ML,QUALA NEVERA,11.0,"5,700",0.0,17.0,64.0,"96,900",313.0,"29,920",332.0,258.0,195.0,B
7702134503107.0,EPAMIN 100 MG * 50 CAP  ,ASPEN COLOMBIANA SAS,2.0,"32,300",0.0,7.0,212.0,"226,100",97.0,"22,421",427.0,258.0,196.0,B
7702635123040.0,DIOVAN HCT 80/12.5 * 28 TAB  ,SIEGFRIED NOVARTIS,2.0,"34,400",0.0,5.0,284.0,"172,000",152.0,"29,350",335.0,258.0,197.0,B
7702535022061.0,JUGO DEL VALLE FRUTAS CITRICAS * 1.5 LT,COCA COLA,1.0,"5,200",0.0,15.0,80.0,"78,000",382.0,"36,930",263.0,259.0,198.0,B
7702184014189.0,ATORVASTATINA 40 MG * 30 TAB,ECAR,0.0,"59,900",0.0,2.0,555.0,"119,800",239.0,"88,898",95.0,260.0,199.0,B
8710428020024.0,PEDIASURE VAINILLA * 850 GR,ABBOTT NUTRICION,1.0,"118,800",0.0,3.0,436.0,"243,540",88.0,"32,316",307.0,263.0,200.0,B
7709411544242.0,BIOVIR UNGUENTO * 15 GR,NATURALMENTE,0.0,"17,500",0.0,5.0,327.0,"87,500",346.0,"62,000",153.0,264.0,201.0,B
7709792547580.0,BACTISOL * 10 TAB,MED-LINE CONVENIO,3.0,"23,500",0.0,4.0,337.0,"94,000",325.0,"56,836",168.0,265.0,202.0,B
7861028101215.0,WELLBUTRIN XL 300 MG * 30 TAB,GLAXOSMITHKLINE FARMA (GSK),0.0,"126,500",0.0,2.0,672.0,"255,200",80.0,"55,494",173.0,265.0,203.0,B
7702057061302.0,NITROFURANTOINA 100 MG * 40 CAP,MK ETICOS CONVENIO,2.0,"35,800",0.0,4.0,401.0,"134,400",210.0,"41,194",232.0,267.0,204.0,B
7702402054409.0,HELADO ARTESANAL DULCE DE MORAS * 70 GR,MEALS DE COLOMBIA,18.0,"3,800",0.0,21.0,45.0,"79,800",372.0,"31,605",317.0,268.0,205.0,B
7703546031493.0,CONGESTEX G KIDS * 90 ML L-TR-CAP,NOVAMED OTC,4.0,"25,200",0.0,4.0,389.0,"100,800",297.0,"56,800",169.0,269.0,206.0,B
7703712080539.0,CLARIFAR 500 MG * 10 TAB   /D24/,TRIDEX FARMACEUTICA,3.0,"69,600",0.0,2.0,639.0,"139,200",197.0,"84,912",104.0,270.0,207.0,B
7702057089290.0,YODORA CREMA * 60 GR + GRATIS 32 GR,TECNOQUIMICAS CONSUMO,1.0,"29,900",0.0,4.0,353.0,"115,710",252.0,"40,928",236.0,271.0,208.0,B
7707210530114.0,FORZ CREMA * 24 S/S,GERCO,0.0,"104,300",0.0,2.0,699.0,"162,700",165.0,"87,611",99.0,272.0,209.0,B
7709103460171.0,PROWHEY RENAL CRÓNICO VAINILLA CARAMELO * 900 GR,BOYDORR NUTRITION ,0.0,"236,000",0.0,1.0,771.0,"236,000",91.0,"75,660",124.0,274.0,210.0,B
7702057709006.0,ESOMEPRAZOL 40 MG * 30 TAB,MK ETICOS CONVENIO,0.0,"103,600",0.0,2.0,572.0,"207,200",113.0,"41,506",231.0,275.0,211.0,B
7703546091107.0,LORDINEX 10 MG * 10 TAB L-CONSUM,NOVAMED OTC,7.0,"8,900",0.0,8.0,204.0,"71,200",440.0,"54,936",177.0,276.0,212.0,B
7702132002688.0,TODAY LUBRICADO * 3 PRESERVATIVOS,HALEON (GLAXO OTC),2.0,"16,200",0.0,8.0,192.0,"129,300",220.0,"25,944",379.0,277.0,213.0,B
7703689627614.0,PIEL RETARDANTE * 3 PRESERVATIVOS,PROFAMILIA,2.0,"10,500",0.0,7.0,219.0,"73,500",418.0,"49,441",198.0,280.0,214.0,B
7702402052399.0,HELADO ARTESANAL MARACUYA * 70 GR,MEALS DE COLOMBIA,11.0,"3,800",0.0,20.0,51.0,"76,000",392.0,"30,200",330.0,282.0,215.0,B
8445290623737.0,NESCARE PROTECT PROBIOTICOS B LACTIS GOTAS * 5 ML,NESTLE NUTRICION,1.0,"105,000",0.0,2.0,547.0,"210,000",112.0,"36,860",265.0,282.0,216.0,B
7708152336727.0,SUREZINC TRANSFER KIDS FRESA * 400 GR,SUREZINC,1.0,"56,500",0.0,2.0,563.0,"111,000",267.0,"76,478",122.0,283.0,217.0,B
7702057071073.0,RIFAMICINA SPRAY * 20 ML,MK ETICOS CONVENIO,2.0,"43,200",0.0,3.0,431.0,"129,600",219.0,"38,382",250.0,284.0,218.0,B
7703153022693.0,GESTAVIT DHA * 30 CAP,PROCAPS OTX,3.0,"92,100",0.0,2.0,521.0,"184,200",133.0,"36,678",267.0,284.0,219.0,B
7707263008752.0,CLOBENT 0.05 % CREMA * 40 GR,TRIDEX FARMACEUTICA,0.0,"32,300",0.0,3.0,475.0,"96,900",314.0,"67,977",141.0,285.0,220.0,B
650240000010.0,X RAY DOL * 48 TAB,GENOMMA LABORATORIO COLOMBIA,1.0,"88,800",0.0,2.0,692.0,"182,000",135.0,"59,212",162.0,285.0,221.0,B
7703283403515.0,INSPRA 50 MG * 30 TAB,ASPEN COLOMBIANA SAS,0.0,"176,900",0.0,1.0,821.0,"194,900",123.0,"91,900",91.0,285.0,222.0,B
7702132009748.0,ADVIL CHILDREN * 100 ML ,HALEON (GLAXO OTC),3.0,"34,800",0.0,5.0,288.0,"173,600",148.0,"23,385",408.0,287.0,223.0,B
7702189056047.0,PAPAS MARGARITA POLLO * 36 GR,FRITO LAY,4.0,"3,000",0.0,24.0,36.0,"72,000",435.0,"31,728",316.0,288.0,224.0,B
7702004004932.0,CERVEZA COSTEÑA BACANA LATA * 330 ML,BAVARIA S.A.,19.0,"4,000",0.0,18.0,59.0,"72,000",431.0,"32,508",305.0,288.0,225.0,B
7702057840310.0,SAL DE FRUTAS LUA * 50 S/S,TECNOQUIMICAS,0.0,"160,000",0.0,1.0,707.0,"210,400",111.0,"51,020",192.0,292.0,226.0,B
7702027479472.0,TENA SLIP CLASICO (ANTES BASIC) M * 1 UND ,ESSITY (FAMILIA),0.0,"3,400",0.0,26.0,29.0,"88,400",342.0,"23,114",414.0,293.0,227.0,B
7702057018054.0,BENZIRIN VERDE SPRAY * 120 ML ,TECNOQUIMICAS VM TQ,1.0,"63,000",0.0,3.0,472.0,"189,000",129.0,"30,897",325.0,293.0,228.0,B
676194963560.0,VITAMINA C 1000 MG + COLAGENO 10 MG * 100 TAB,ALFA VITAMINS,0.0,"65,800",0.0,2.0,611.0,"131,600",215.0,"57,122",167.0,295.0,229.0,B
7707263008059.0,ACED FULL MENTA * 150 ML,TRIDEX FARMACEUTICA,2.0,"20,200",0.0,4.0,362.0,"80,800",367.0,"50,424",193.0,296.0,230.0,B
7702001124763.0,BON YURT PIAZZA *174 GR,ALPINA PRODUCTOS ALIMENTICIOS S.A.,3.0,"5,200",0.0,15.0,76.0,"78,000",385.0,"27,675",358.0,297.0,231.0,B
"7707204491094,0",TRUXA 750 MG * 5 COMP,ADIUM (TECNOFARMA),0.0,"216,700",0.0,1.0,827.0,"216,700",106.0,"71,423",132.0,297.0,232.0,B
7702192902263.0,GATORLIT MORA * 620 ML,POSTOBON GASEOSAS,4.0,"5,300",0.0,16.0,65.0,"82,700",361.0,"25,456",388.0,298.0,233.0,B
7702402059138 ,JUMBO GALLETA CON HELADO * 73 GR,MEALS DE COLOMBIA,13.0,"5,000",0.0,14.0,90.0,"70,000",449.0,"33,194",295.0,298.0,234.0,B
7703186030108.0,ENSURE ADVANCE VAINILLA * 850 GR,ABBOTT NUTRICION,2.0,"165,000",0.0,2.0,568.0,"288,750",63.0,"29,272",338.0,299.0,235.0,B
7702057318505.0,PAXAN 20 MG * 10 TAB,TECNOQUIMICAS VM TQ,0.0,"112,400",0.0,2.0,614.0,"224,800",98.0,"34,562",281.0,300.0,236.0,B
7701021117786.0,WINNY PANTS ET 4 XG * 50 UND,TECNOQUIMICAS WINNY,0.0,"75,300",0.0,2.0,542.0,"150,600",183.0,"38,038",253.0,301.0,237.0,B
7702004001917.0,CERVEZA AGUILA LATA * 330 ML,BAVARIA S.A.,3.0,"4,000",0.0,21.0,44.0,"84,000",356.0,"22,995",419.0,303.0,238.0,B
7702870004425.0,BELLAFACE * 21 TAB ,ABBOTT FARMA,4.0,"27,300",0.0,6.0,240.0,"163,800",164.0,"19,968",467.0,304.0,239.0,B
D1002,RECOLECTOR DE ORINA TAPA AZUL,GRAN ANDINA,14.0,"1,000",0.0,50.0,17.0,"50,000",578.0,"39,250",247.0,305.0,240.0,B
7707019344202.0,NITOXIPAR 500 MG * 6 TAB,LABQUIFAR PHARMACEUTICA,3.0,"19,800",0.0,4.0,342.0,"79,200",376.0,"44,280",220.0,305.0,241.0,B
7707263008530.0,FENAMED 250/4MG * 14 TAB,TRIDEX FARMACEUTICA,3.0,"57,800",0.0,2.0,647.0,"116,600",250.0,"66,352",145.0,307.0,242.0,B
7707263006208.0,TABTINA 20 MG * 10 TAB,TRIDEX FARMACEUTICA,2.0,"25,000",0.0,3.0,430.0,"75,000",400.0,"63,717",150.0,308.0,243.0,B
7702090042795.0,MR TE DURAZNO CERO CALORIAS * 1.5 LT,POSTOBON GASEOSAS,5.0,"6,100",0.0,13.0,111.0,"79,300",374.0,"26,039",376.0,309.0,244.0,B
70847038764.0,MONSTER ENERGY MANGO LOCO LATA * 473 ML,COCA COLA,6.0,"9,400",0.0,8.0,197.0,"75,200",396.0,"32,760",302.0,309.0,245.0,B
19962794261.0,GINKGO BILOBA 80 MG * 60 SOFTGELS,HEALTHY DE AMERICA COLOMBIA,0.0,"53,600",0.0,2.0,582.0,"107,200",278.0,"57,704",165.0,309.0,246.0,B
7640107471193.0,BRONCHO VAXON PED * 30 S/S,AXON PHARMA ,0.0,"353,900",0.0,1.0,909.0,"353,900",41.0,"55,564",171.0,310.0,247.0,B
7703712080454.0,DERMA 3 CREMA * 40 GR,TRIDEX FARMACEUTICA,0.0,"50,600",0.0,2.0,600.0,"101,200",296.0,"65,994",147.0,312.0,248.0,B
7702402059992.0,PALETA JET GOOL * 73 GR,MEALS DE COLOMBIA,3.0,"3,500",0.0,21.0,42.0,"73,500",415.0,"24,360",396.0,314.0,249.0,B
7708152336505.0,BRONCOMIELITO TABLETAS MASTICABLES * 24 S/S,KEOPS FARMACEUTICA,1.0,"60,000",0.0,2.0,693.0,"114,000",255.0,"73,760",128.0,314.0,250.0,B
7707019332124.0,CINDIMIZOL 200 MG * 5 CAP,LABQUIFAR PHARMACEUTICA,1.0,"43,600",0.0,2.0,573.0,"87,200",348.0,"75,540",125.0,315.0,251.0,B
7707351591326.0,OIDOLYT GOTAS * 15 ML,TRIDEX FARMACEUTICA,1.0,"28,600",0.0,3.0,467.0,"85,800",354.0,"51,531",189.0,316.0,252.0,B
7709990799415.0,SYVIOFTAL * 5ML,VITAFAR,0.0,"18,500",0.0,4.0,395.0,"74,000",409.0,"52,012",187.0,317.0,253.0,B
7702132009557.0,TODAY TRIPLE PLEASURE * 3 PRESERVATIVOS,HALEON (GLAXO OTC),3.0,"19,800",0.0,6.0,272.0,"118,400",248.0,"23,430",407.0,318.0,254.0,B
7896112402893.0,VONAU FLASH 4 MG * 10 TAB,FARMA DE COLOMBIA SA,0.0,"72,900",0.0,2.0,664.0,"145,800",189.0,"45,090",215.0,318.0,255.0,B
77034541232350.0,"HIDROTEN 12,5 MG * 30 TAB",FARMA DE COLOMBIA SA,0.0,"92,100",0.0,2.0,607.0,"184,200",134.0,"32,532",304.0,320.0,256.0,B
7707133080178.0,HIT MANGO * 1.5 LT,POSTOBON GASEOSAS,5.0,"5,800",0.0,13.0,106.0,"75,400",394.0,"25,064",392.0,321.0,257.0,B
7702560009532.0,ALCOHOL JGB * 350 ML,JGB,6.0,"6,500",0.0,12.0,121.0,"78,000",384.0,"25,092",391.0,321.0,258.0,B
7702192218050.0,GATORADE NARANJA MANDARINA * 500 ML,POSTOBON GASEOSAS,5.0,"4,700",0.0,15.0,74.0,"70,200",446.0,"26,325",369.0,322.0,259.0,B
7702035474124.0,LUBRIDERM EXTRA HUMECTANTE PIEL NORMAL * 120 ML,JOHNSON Y JOHNSON DE COL SA,0.0,"19,000",0.0,4.0,338.0,"76,000",391.0,"38,056",252.0,322.0,260.0,B
7703445103109.0,FLUIMUCIL 2% JBE * 120 ML,ZAMBON COLOMBIA ,0.0,"33,400",0.0,4.0,382.0,"132,900",214.0,"25,952",378.0,322.0,261.0,B
7702007212501.0,CHOCOLATINA JUMBO MANI * 35 GR,GRUPO NUTRESA,7.0,"4,700",0.0,14.0,91.0,"65,800",470.0,"29,204",339.0,323.0,262.0,B
7702402054393.0,POLET FRUTOS DEL BOSQUE * 70 GR,MEALS DE COLOMBIA,1.0,"6,600",0.0,11.0,137.0,"72,600",427.0,"28,248",348.0,323.0,263.0,B
7703689031190.0,PIEL EXCITANTE * 3 PRESERVATIVOS,PROFAMILIA,3.0,"10,500",0.0,6.0,253.0,"63,000",483.0,"42,408",226.0,323.0,264.0,B
7702192224051.0,GATORADE MARACUYA * 500 ML,POSTOBON GASEOSAS,2.0,"4,700",0.0,15.0,78.0,"70,000",448.0,"26,295",370.0,324.0,265.0,B
7702771001561.0,ENTEROGERMINA PLUS * 5 AMP,OPELLA (SANOFI OTC),2.0,"88,900",0.0,2.0,698.0,"142,400",192.0,"45,518",211.0,326.0,266.0,B
7708152336758.0,SUREZINC TRANSFER FACTOR PLUS * 30 S/S,SUREZINC,1.0,"89,100",0.0,1.0,710.0,"105,000",284.0,"74,783",126.0,327.0,267.0,B
7501125149221.0,ELECTROLIT FRESA KIWI SUERO * 625 ML,PISA (SUEROS LIQUIDOS),10.0,"8,800",0.0,12.0,118.0,"101,640",294.0,"19,200",488.0,328.0,268.0,B
7702184620113.0,LUDIKA GEL LUBRICANTE * 50 GR,ECAR,0.0,"26,600",0.0,3.0,473.0,"79,800",371.0,"49,269",199.0,328.0,269.0,B
7709126643612.0,PROKLEIN KIDS PLUS VAINILLA * 795 GR,BOYDORR NUTRITION ,0.0,"115,500",0.0,2.0,609.0,"231,000",93.0,"27,720",357.0,328.0,270.0,B
7703712085084.0,GIAFAR 1 GR * 2 TAB,TRIDEX FARMACEUTICA,1.0,"44,600",0.0,2.0,613.0,"89,200",339.0,"68,634",139.0,328.0,271.0,B
7703153018504.0,CROMUS 0.1 % UNGUENTO * 30 GR ,PROCAPS RX,0.0,"245,800",0.0,1.0,728.0,"245,800",86.0,"33,459",289.0,328.0,272.0,B
7702184020838.0,MINOXIDIL 5% * 60 ML,ECAR,2.0,"49,900",0.0,2.0,687.0,"99,800",301.0,"71,352",133.0,330.0,273.0,B
7702870536759.0,BISBACTER * 8 TAB ,ABBOTT CONSUMER HEALTH CARE,0.0,"24,700",0.0,5.0,307.0,"123,500",231.0,"21,810",437.0,332.0,274.0,B
7702090031294.0,MR TEA DURAZNO * 1.5 LT,POSTOBON GASEOSAS,5.0,"6,100",0.0,12.0,116.0,"73,200",420.0,"24,036",400.0,336.0,275.0,B
7707274723224.0,BACTROSAFE 500 MG * 3 TAB,ALLEN PHARMA,5.0,"24,000",0.0,3.0,493.0,"72,000",430.0,"61,656",155.0,336.0,276.0,B
7707274721107.0,IPRASYNT AEROSOL 20 MCG * 200 DOSIS,FAES OTC,2.0,"22,300",0.0,4.0,366.0,"89,200",340.0,"31,800",315.0,337.0,277.0,B
7702057712761.0,DICLOFENACO 25 MG + TRAMADOL 25 MG * 20 TAB,MK ETICOS CONVENIO,1.0,"61,900",0.0,2.0,610.0,"123,800",230.0,"37,252",260.0,337.0,278.0,B
7705241513311.0,BOTELLA DE AGUA LA MEJOR * 5 LT,LA MEJOR,4.0,"5,500",0.0,13.0,108.0,"67,100",460.0,"26,000",377.0,339.0,279.0,B
7702057061265.0,OXIMETAZOLINA 0.05% NASAL ADULTOS * 15 ML,MK ETICOS CONVENIO,6.0,"18,300",0.0,5.0,328.0,"91,500",328.0,"27,735",356.0,339.0,280.0,B
7707332987766.0,AIRCYS 5 MG * 10 TAB,LABQUIFAR PHARMACEUTICA,2.0,"23,800",0.0,3.0,441.0,"71,400",439.0,"51,612",188.0,339.0,281.0,B
7709936891340.0,SUREZINCF TRANSFER FRESA * 900 GR ,SUREZINC,5.0,"109,900",0.0,1.0,786.0,"109,900",271.0,"78,500",119.0,339.0,282.0,B
7707232092294.0,VALERIANA GOTAS * 25 ML,NATURAL FRESHLY,2.0,"18,600",0.0,4.0,339.0,"74,400",403.0,"33,856",285.0,340.0,283.0,B
7707239275744.0,HIALTEARS * 15 ML GTS 10 ML,ESPECIALIDADES OFTALMOLOGICAS,0.0,"73,400",0.0,2.0,684.0,"146,800",187.0,"37,726",258.0,340.0,284.0,B
7707019337105.0,MEXICAN 7.5 MG * 30 TAB,LABQUIFAR PHARMACEUTICA,2.0,"18,000",0.0,4.0,403.0,"71,000",441.0,"45,210",214.0,341.0,285.0,B
7701021111821.0,WINNY ULTRATRIM SEC ET 3 * 30 UND + 10 TOALLITAS,TECNOQUIMICAS WINNY,2.0,"37,500",0.0,3.0,452.0,"112,500",260.0,"28,410",346.0,342.0,286.0,B
7702870071502.0,LUMBAL FORTE * 36 TAB,ABBOTT CONSUMER HEALTH CARE,1.0,"119,000",0.0,1.0,712.0,"122,400",234.0,"48,596",204.0,342.0,287.0,B
751273778140.0,MELATONINA 3 MG * 120 SOFTGELS,HEALTHY DE AMERICA COLOMBIA,0.0,"52,800",0.0,2.0,637.0,"105,600",282.0,"44,800",217.0,345.0,288.0,B
7707019402063.0,DOSALDIN * 20 TAB,LABQUIFAR PHARMACEUTICA,2.0,"30,000",0.0,3.0,518.0,"80,000",369.0,"44,358",219.0,346.0,289.0,B
7702057715908.0,LEVOTIROXINA SODICA 100 MG * 30 TAB,MK ETICOS CONVENIO,1.0,"22,100",0.0,5.0,308.0,"110,500",269.0,"21,590",444.0,349.0,290.0,B
7706569001177.0,CEFRADINA 500 MG * 24 CAP,A.G. MEDICAMENTOS,0.0,"56,000",0.0,2.0,695.0,"94,400",322.0,"60,453",158.0,350.0,291.0,B
7707263004051.0,GRIPAC 4 * 100 CAP,TRIDEX FARMACEUTICA,2.0,"209,000",0.0,1.0,"1,084","168,000",155.0,"124,282",64.0,351.0,292.0,B
7702189055545.0,DETODITO BBQ * 50 GR,FRITO LAY,6.0,"4,000",0.0,14.0,89.0,"56,000",537.0,"27,608",359.0,354.0,293.0,B
7501125104688.0,ELECTROLIT NARANJA-MANDARINA SUERO * 625 ML,PISA (SUEROS LIQUIDOS),8.0,"8,800",0.0,11.0,134.0,"96,800",316.0,"17,611",524.0,354.0,294.0,B
7707035565834.0,BILSYL 240 MG * 20 CAP,ANGLOPHARMA,4.0,"30,000",0.0,3.0,513.0,"76,000",390.0,"42,275",229.0,356.0,295.0,B
4048846024077.0,JARDIANCE 25 MG * 30 COMP,BOEHRINGER INGELHEIM FARMA,1.0,"179,900",0.0,1.0,989.0,"179,400",139.0,"61,897",154.0,358.0,296.0,B
7841141002699.0,ILTUX 20 MG * 28 COMP ,ADIUM (TECNOFARMA),2.0,"28,800",0.0,4.0,369.0,"115,200",253.0,"21,568",445.0,359.0,297.0,B
7707263003016.0,MEDIZOL 2 % CREMA VAGINAL * 20 GR,TRIDEX FARMACEUTICA,0.0,"39,900",0.0,2.0,624.0,"79,800",373.0,"52,408",184.0,360.0,298.0,B
7703283405960.0,DALACIN C 300 MG * 32 CAP  ,PFIZER FARMA,0.0,"216,700",0.0,1.0,727.0,"216,700",107.0,"27,862",355.0,361.0,299.0,B
7702354939984.0,VIVE 100 FUSION * 400 ML,QUALA NEVERA,8.0,"3,500",0.0,16.0,70.0,"56,000",539.0,"25,376",389.0,362.0,300.0,B
7703381002085.0,BUSCAPINA FEM * 6 TAB,OPELLA (SANOFI OTC),3.0,"12,900",0.0,7.0,220.0,"90,300",334.0,"19,782",474.0,362.0,301.0,B
7702535005354.0,COCA COLA LATA * 330 ML,COCA COLA,6.0,"4,700",0.0,12.0,128.0,"56,400",531.0,"26,904",364.0,363.0,302.0,B
7703712080201.0,KETOFAR 200 MG * 10 TAB /D24/,TRIDEX FARMACEUTICA,0.0,"36,000",0.0,2.0,567.0,"72,000",433.0,"53,808",182.0,366.0,303.0,B
7702870070888.0,SEVEDOL EXTRAFUERTE * 60 TAB,ABBOTT CONSUMER HEALTH CARE,1.0,"128,300",0.0,1.0,709.0,"157,800",173.0,"31,327",321.0,366.0,304.0,B
7703153030797.0,VITYBELL * 30 CAP,PROCAPS OTX,0.0,"129,800",0.0,1.0,767.0,"129,800",218.0,"39,500",244.0,366.0,305.0,B
7707244411267.0,RECOLECTOR DE ORINA 24 HORAS,GRAN ANDINA,3.0,"11,900",0.0,5.0,325.0,"59,500",508.0,"36,395",272.0,368.0,306.0,B
7702870071717.0,DURAX 20 MG * 1 TAB,ABBOTT FARMA CONVENIO,1.0,"38,300",0.0,2.0,578.0,"74,685",402.0,"47,872",206.0,368.0,307.0,B
7702870071465.0,BELLAFACE SUAVE * 28 TAB,ABBOTT FARMA,3.0,"27,300",0.0,5.0,313.0,"136,500",204.0,"16,640",548.0,369.0,308.0,B
4005900839633.0,EUCERIN PROTECTOR SOLAR FPS+ 50 OIL CONTROL TINTED TOQUE SECO MEDIO * 50 ML,BDF BEIERSDORF EUCERIN,0.0,"141,000",0.0,1.0,849.0,"141,000",195.0,"43,500",223.0,370.0,309.0,B
D1310,KIT PARA INGRESO UCI,COVID19,5.0,"8,400",0.0,7.0,223.0,"56,400",529.0,"30,527",327.0,372.0,310.0,B
7501056330309.0,PONDS CLARANT B3 N/GRASA * 100 GR,UNILEVER ANDINA COLOMBIA,1.0,"37,200",0.0,2.0,549.0,"74,400",404.0,"40,236",239.0,374.0,311.0,B
7705959013066.0,TAMSULOSINA 0.4 MG * 30 CAP,GENFAR,1.0,"71,600",0.0,2.0,618.0,"107,400",277.0,"32,248",310.0,375.0,312.0,B
7709553871121.0,SUREZINCF TRANSFER KIDS VAINILLA * 900 GR ,SUREZINC,1.0,"109,900",0.0,1.0,939.0,"109,900",272.0,"80,400",113.0,375.0,313.0,B
7703546050104.0,ARTRODAR 50 MG * 30 CAP L-OSTEOM,NOVAMED FARMA,1.0,"155,100",0.0,1.0,991.0,"180,600",136.0,"48,906",202.0,376.0,314.0,B
7702027477744.0,TENA SLIP ULTRA XL *1 UND,ESSITY (FAMILIA),7.0,"6,000",0.0,12.0,122.0,"71,800",437.0,"19,248",485.0,377.0,315.0,B
7702402059411.0,CONO BOCATTO JUMBO * 93 GR ,MEALS DE COLOMBIA,9.0,"6,000",0.0,10.0,151.0,"60,000",501.0,"23,260",410.0,377.0,316.0,B
7706659500146.0,AGUA OXIGENADA * 120 ML,COASPHARMA SAS,4.0,"6,500",0.0,8.0,199.0,"52,000",565.0,"30,936",324.0,377.0,317.0,B
7709411544273.0,BIOCOTRYL 1% CREMA TOPICA * 40 GR,NATURALMENTE,1.0,"19,900",0.0,3.0,432.0,"59,700",506.0,"42,000",230.0,377.0,318.0,B
7707397791629.0,DOLEX FORTE * 10 TAB,HALEON (GLAXO OTC),2.0,"19,800",0.0,6.0,238.0,"118,800",247.0,"15,726",582.0,379.0,319.0,B
7702870003596.0,SINOVUL * 21 TAB,ABBOTT FARMA CONVENIO,5.0,"6,600",0.0,10.0,160.0,"65,500",471.0,"21,670",441.0,381.0,320.0,B
7702057012298.0,HIDRAPLUS 75 ZINC COCO * 400 ML,TECNOQUIMICAS VM TQ,0.0,"11,000",0.0,8.0,187.0,"87,100",349.0,"17,488",530.0,381.0,321.0,B
7702132008307.0,TODAY LONG ACTION * 3 PRESERVATIVOS  ,HALEON (GLAXO OTC),2.0,"19,800",0.0,5.0,321.0,"97,800",311.0,"19,340",482.0,382.0,322.0,B
7702402059121.0,HELADO CASERO RON CON PASAS * 60 GR,MEALS DE COLOMBIA,9.0,"2,900",0.0,18.0,60.0,"52,200",562.0,"22,302",428.0,383.0,323.0,B
7702136648943.0,CUREBAND MICROPORE PIEL 1/2 * 10 YARDAS,TECNOQUIMICAS CUIDADO DE HERIDA,3.0,"6,000",0.0,10.0,157.0,"60,000",499.0,"22,680",422.0,383.0,324.0,B
7891000078921.0,NESTOGENO 2 * 400 GR,NESTLE NUTRICION,1.0,"44,100",0.0,4.0,341.0,"176,400",145.0,"14,196",618.0,383.0,325.0,B
7707263007038.0,SUREZINCF TRANSFER  KIDS FRESA * 900 GR ,SUREZINC,0.0,"109,900",0.0,1.0,970.0,"109,900",273.0,"80,400",114.0,384.0,326.0,B
7590002012468.0,VICK VAPORUB * 50 GR,PROCTER & GAMBLE CHC,3.0,"21,800",0.0,4.0,364.0,"87,200",347.0,"22,248",431.0,385.0,327.0,B
7703712080065.0,BENMACIT 4% SUSP * 10 ML,TRIDEX FARMACEUTICA,3.0,"19,100",0.0,3.0,437.0,"57,300",522.0,"41,082",235.0,386.0,328.0,B
7622210427106.0,HALLS BARRA EXTRA FUERTE NEGRO * 9 UNID,DISCOB NORTE SAS,17.0,"2,500",0.0,19.0,52.0,"47,500",608.0,"23,617",404.0,387.0,329.0,B
7702057712808.0,VALSARTAN 80 MG * 30 CAP,MK ETICOS CONVENIO,0.0,"17,500",0.0,5.0,301.0,"87,500",345.0,"19,475",479.0,388.0,330.0,B
7707263009872.0,TRIVAG SOLUCION VAGINAL * 120 ML,TRIDEX FARMACEUTICA,5.0,"19,600",0.0,3.0,411.0,"58,800",511.0,"36,621",268.0,389.0,331.0,B
7707019413908.0,TRICLIMBAC SOLUCION OTICA * 10 ML,LABQUIFAR PHARMACEUTICA,1.0,"19,200",0.0,3.0,421.0,"57,600",521.0,"37,812",257.0,390.0,332.0,B
7707263008929.0,MENTOFRIX RUB UNG LATA * 12 GR,TRIDEX FARMACEUTICA,23.0,"6,600",0.0,7.0,214.0,"46,200",623.0,"32,977",300.0,392.0,333.0,B
650240073182.0,NIKZON * 14 CAP ,GENOMMA LABORATORIO COLOMBIA,0.0,"68,000",0.0,2.0,657.0,"136,000",207.0,"25,462",387.0,392.0,334.0,B
7707263004341.0,REPELENTE TRIDEX FAMILY SPRAY * 120 ML /D15/,TRIDEX FARMACEUTICA,2.0,"21,300",0.0,3.0,476.0,"63,900",478.0,"36,786",266.0,393.0,335.0,B
7703186030283.0,GLUCERNA LIQUIDO VAINILLA * 237 ML,ABBOTT NUTRICION,4.0,"15,300",0.0,6.0,245.0,"91,800",327.0,"16,692",546.0,394.0,336.0,B
7703363006094.0,DOLEX ACTIVGEL * 10 CAP,HALEON (GLAXO OTC),3.0,"17,800",0.0,6.0,239.0,"106,200",280.0,"15,156",593.0,395.0,337.0,B
7702189057624.0,DETODITO BBQ * 165 GR,FRITO LAY,3.0,"10,100",0.0,6.0,242.0,"60,600",497.0,"23,982",402.0,395.0,338.0,B
7509546651019.0,COLGATE LUMINOUS WHITE CARBON ACTIVADO * 75 ML,COLGATE PALMOLIVE COMPANIA,2.0,"20,800",0.0,4.0,392.0,"83,200",360.0,"22,260",430.0,396.0,339.0,B
7702026177874.0,NOSOTRAS INVISIBLE RAPIGEL * 10 UND + OBSEQUIO,ESSITY (FAMILIA),0.0,"6,500",0.0,11.0,145.0,"74,300",407.0,"16,709",545.0,397.0,340.0,B
7707228365838.0,GUANTE DE NITRILO AZUL TALLA S * 100 UND,ALFA SAFE,1.0,"35,000",0.0,2.0,590.0,"70,000",447.0,"41,120",233.0,397.0,341.0,B
7703712080690.0,HIDROXFAR 0.25 % * 120 ML /D24/,TRIDEX FARMACEUTICA,1.0,"36,900",0.0,2.0,680.0,"73,800",412.0,"47,674",207.0,397.0,342.0,B
7706569001467.0,CETIRIZINA 10 MG * 10 TAB,A.G. MEDICAMENTOS,23.0,"8,000",0.0,6.0,273.0,"47,200",610.0,"33,432",290.0,398.0,343.0,B
7706569001269.0,CLOTRIMAZOL CREMA TOPICA * 40 GR,A.G. MEDICAMENTOS,3.0,"13,700",0.0,4.0,336.0,"54,800",546.0,"32,352",306.0,398.0,344.0,B
7702001086337.0,BON YURT CHOCOGOZO *170 GR,ALPINA PRODUCTOS ALIMENTICIOS S.A.,4.0,"5,200",0.0,11.0,138.0,"57,200",523.0,"20,460",456.0,400.0,345.0,B
7702402059114.0,HELADO CASERO GUANABANA * 60 GR,MEALS DE COLOMBIA,23.0,"2,900",0.0,17.0,62.0,"49,300",588.0,"21,046",449.0,401.0,346.0,B
7702354953959.0,LIKE FRESH APPLE ICE COOLER BOTELLA * 300 ML,QUALA NEVERA,6.0,"5,700",0.0,11.0,140.0,"62,700",486.0,"18,997",492.0,402.0,347.0,B
7704232000946.0,FITOSTIMOLINE GEL * 15 GR ,EUROETIKA,0.0,"55,100",0.0,2.0,616.0,"110,200",270.0,"25,488",386.0,403.0,348.0,B
7706569021618.0,LOSARTAN 50 MG * 30 TAB,A.G. MEDICAMENTOS,14.0,"24,700",0.0,3.0,516.0,"62,900",485.0,"36,870",264.0,404.0,349.0,B
7707232093826.0,VIGA SEX GEL LUBRICANTE INTIMO * 100 GR,NATURAL FRESHLY,0.0,"36,600",0.0,2.0,634.0,"73,200",421.0,"39,388",246.0,404.0,350.0,B
7702184011058.0,LOSARTAN HCT 50/12.5 MG * 30 TAB,ECAR,1.0,"41,100",0.0,3.0,503.0,"123,300",232.0,"18,696",498.0,406.0,351.0,B
7702354958817.0,VIVE 100 LATA * 310 ML ,QUALA NEVERA,5.0,"2,600",0.0,18.0,57.0,"46,800",617.0,"21,600",443.0,407.0,352.0,B
70847897781.0,MONSTER ENERGY PIPELINE PUNCH LATA * 473 ML,COCA COLA,25.0,"9,400",0.0,6.0,260.0,"56,400",528.0,"24,630",394.0,407.0,353.0,B
7612797544174.0,ENTRESTO 200 MG * 60 TAB,SIEGFRIED NOVARTIS,0.0,"367,800",0.0,1.0,965.0,"367,800",38.0,"25,803",381.0,407.0,354.0,B
7709134774193.0,VASELINA PURA LUSTRAPEL * 40 GR,LABORATORIOS ROA,4.0,"4,500",0.0,10.0,163.0,"45,000",629.0,"26,570",368.0,408.0,355.0,B
7702192736455.0,GATORADE BLUE ICE * 500 ML,POSTOBON GASEOSAS,6.0,"4,600",0.0,12.0,123.0,"55,200",543.0,"19,836",472.0,410.0,356.0,B
70847004707.0,MONSTER ENERGY GREEN LATA * 473 ML,COCA COLA,0.0,"9,400",0.0,6.0,262.0,"56,400",532.0,"24,618",395.0,410.0,357.0,B
7702057517298.0,ACETAMINOFEN 500 MG * 100 TAB,TECNOQUIMICAS,1.0,"64,000",0.0,2.0,696.0,"112,000",263.0,"27,357",360.0,410.0,358.0,B
650240073199.0,NIKZON 86 MG * 28 CAP,GENOMMA LABORATORIO COLOMBIA,1.0,"119,000",0.0,1.0,740.0,"119,000",244.0,"28,109",351.0,411.0,359.0,B
7702057010935.0,CYTIL 200 MG * 7 TAB ,TECNOQUIMICAS VM TQ,1.0,"166,500",0.0,1.0,813.0,"166,500",158.0,"25,825",380.0,411.0,360.0,B
7707232095608.0,MIELTERTOS ADULTOS * 240 ML     ,NATURAL FRESHLY,1.0,"36,500",0.0,2.0,599.0,"73,000",423.0,"33,194",296.0,416.0,361.0,B
7707019413816.0,CLINBAC 300 MG * 24 CAP,LABQUIFAR PHARMACEUTICA,1.0,"47,600",0.0,2.0,701.0,"72,000",434.0,"43,554",222.0,416.0,362.0,B
7702535022054.0,JUGO DEL VALLE FRUTAS CITRICAS * 400 ML,COCA COLA,2.0,"2,500",0.0,17.0,63.0,"42,500",650.0,"22,015",435.0,417.0,363.0,B
7794640171710.0,COREGA ULTRA MENTA * 20 GR,HALEON (GLAXO OTC),0.0,"26,100",0.0,3.0,460.0,"78,300",380.0,"22,458",425.0,418.0,364.0,B
7350012552770.0,BIOGAIA * 10 ML,ABBOTT FARMA,0.0,"162,000",0.0,1.0,"1,074","162,000",168.0,"42,404",227.0,418.0,365.0,B
751273782796.0,L-CARNITINE 1000 MG * 60 CAP,HEALTHY DE AMERICA COLOMBIA,0.0,"93,800",0.0,1.0,899.0,"103,200",290.0,"40,859",238.0,421.0,366.0,B
7707019330250.0,ZERIDIL JBE * 60 ML,LABQUIFAR PHARMACEUTICA,0.0,"18,600",0.0,3.0,495.0,"55,800",541.0,"36,012",273.0,422.0,367.0,B
7703153024420.0,CITRAGEL 1500 MG * 90 TAB ,PROCAPS OTX,1.0,"133,600",0.0,1.0,724.0,"133,600",212.0,"22,998",417.0,422.0,368.0,B
736085405422.0,SPLASH TEARS LAGRIMAS ARTIFICIALES * 15 ML,SOPHIA DE COLOMBIA OTC,0.0,"32,100",0.0,2.0,623.0,"64,200",476.0,"37,968",254.0,424.0,369.0,B
7702402058858.0,GALLETA CON HELADO NAPOLITANO * 65 GR,MEALS DE COLOMBIA,3.0,"3,800",0.0,13.0,102.0,"49,400",587.0,"19,279",484.0,425.0,370.0,B
7707263002422.0,CICLOFERIN UNGUENTO * 15 GR,TRIDEX FARMACEUTICA,0.0,"29,900",0.0,2.0,632.0,"59,800",502.0,"42,310",228.0,425.0,371.0,B
7703454121347.0,KIDCAL TUTIFRUTI SUSP * 180 ML,FARMA DE COLOMBIA SA,0.0,"114,400",0.0,1.0,780.0,"114,400",254.0,"27,981",353.0,425.0,372.0,B
7702001086023.0,BON YURT ZUCARITAS * 170 GR,ALPINA PRODUCTOS ALIMENTICIOS S.A.,5.0,"5,300",0.0,10.0,158.0,"53,000",555.0,"19,420",480.0,426.0,373.0,B
7702184011850.0,IRBESARTAN 150 MG * 30 TAB,ECAR,2.0,"19,500",0.0,3.0,434.0,"58,500",512.0,"28,515",345.0,426.0,374.0,B
8427030009278.0,SIMILAC TOTAL COMFORT 1 * 350 GR,ABBOTT NUTRICION,1.0,"89,000",0.0,2.0,603.0,"178,000",143.0,"16,216",564.0,426.0,375.0,B
7702168278477.0,AGUARDIENTE AMARILLO DE MANZANARES * 750 ML,COMORIENTE,2.0,"59,400",0.0,2.0,665.0,"118,800",246.0,"22,160",433.0,426.0,376.0,B
7707338400917.0,HYDRADEEP CREMA ULTRAHIDRATANTE * 250 GR,CIMA,0.0,"79,900",0.0,1.0,"1,001","79,900",370.0,"79,900",116.0,426.0,377.0,B
7706569000415.0,LORATADINA 10 MG * 20 TAB,A.G. MEDICAMENTOS,4.0,"8,700",0.0,5.0,287.0,"46,100",624.0,"28,775",342.0,427.0,378.0,B
7702026155087.0,NOSOTRAS INVISIBLE RAPIGEL * 30 UND + OBSEQUIO,ESSITY (FAMILIA),-2.0,"18,500",0.0,4.0,379.0,"74,000",410.0,"19,868",471.0,427.0,379.0,B
7707355052014.0,ADOREM JBE * 120 ML,SIEGFRIED CONSUMO,0.0,"17,700",0.0,3.0,429.0,"53,100",554.0,"31,602",318.0,428.0,380.0,B
7702184560013.0,PASEDOL 50 MG * 12 TAB,ECAR,1.0,"14,200",0.0,3.0,405.0,"47,800",606.0,"33,413",291.0,430.0,381.0,B
7707263008790.0,SIDOGAL 75 MG +1000 MG * 4 TAB,TRIDEX FARMACEUTICA,2.0,"75,000",0.0,1.0,877.0,"75,000",399.0,"54,060",181.0,431.0,382.0,B
7703153031084.0,NUTRIGEL 2.0 NEUTRO * 30 S/S,PROCAPS OTX,0.0,"126,600",0.0,1.0,938.0,"126,600",224.0,"33,292",294.0,431.0,383.0,B
7702354959401.0,AMPER MANGO * 473 ML,QUALA NEVERA,5.0,"3,600",0.0,13.0,100.0,"46,800",616.0,"19,526",478.0,432.0,384.0,B
8437009433515.0,DROSPERA 3MG/0.03MG * 28 TAB,EXELTIS,0.0,"29,800",0.0,3.0,502.0,"89,400",337.0,"19,725",475.0,433.0,385.0,B
7703546117241.0,MYOSOP * 30 S/S L-GINEC,NOVAMED FARMA,1.0,"118,300",0.0,1.0,850.0,"118,300",249.0,"29,850",333.0,433.0,386.0,B
7702057088835.0,CREMA N4 * 20 GR ,TECNOQUIMICAS CONSUMO,1.0,"10,300",0.0,7.0,226.0,"72,100",429.0,"15,911",572.0,435.0,387.0,B
7703153027872.0,VARTERAL HCT 160/10/12.5 MG *30 TAB,PROCAPS RX,0.0,"68,500",0.0,2.0,539.0,"137,000",202.0,"15,888",573.0,435.0,388.0,B
7506205812996.0,ENFAMIL PROMENTAL ET1 * 1650 GR,MEAD JOHNSON NUTRITION COLOMBIA,0.0,"294,200",0.0,1.0,936.0,"318,206",53.0,"20,616",455.0,435.0,389.0,B
7703712080171.0,GRIBONGIN 2% JBE * 120 ML,TRIDEX FARMACEUTICA,1.0,"26,800",0.0,2.0,588.0,"53,600",551.0,"40,044",240.0,436.0,390.0,B
7702057717070.0,QUETIAPINA 25 MG * 30 TAB,MK ETICOS CONVENIO,1.0,"16,700",0.0,4.0,358.0,"64,900",473.0,"20,268",460.0,439.0,391.0,B
7703546191807.0,NEUMOLEX SUSP * 120 ML  L-RESPI-ASM,NOVAMED FARMA,1.0,"39,000",0.0,2.0,589.0,"78,000",383.0,"25,050",393.0,439.0,392.0,B
17501052713226.0,KETOSTERIL 800 MG * 100 TAB,FRESENIUS KABI,0.0,"147,500",0.0,1.0,945.0,"147,500",184.0,"28,303",347.0,439.0,393.0,B
7896261012257.0,DIOVAN 160 MG * 28 TAB,SIEGFRIED NOVARTIS,1.0,"48,000",0.0,2.0,556.0,"96,000",320.0,"19,642",476.0,441.0,394.0,B
8903726189955.0,ESCITROLAM 10 MG X 30 TABS,SEVENPHARMA SAS,0.0,"70,000",0.0,1.0,889.0,"70,000",451.0,"63,136",152.0,441.0,395.0,B
7501058645623.0,COMPOTA GERBER DE MANZANA 6+ * 113 GR,NESTLE NUTRICION,4.0,"4,900",0.0,11.0,147.0,"53,900",549.0,"17,424",532.0,442.0,396.0,B
7702402054935.0,HELADO JET VAINILLA CON CHOCOLATE * 62 GR,MEALS DE COLOMBIA,18.0,"5,500",0.0,9.0,182.0,"49,500",584.0,"19,368",481.0,442.0,397.0,B
7702870071922.0,DOLIREN 5MG/325MG * 30 TAB,ABBOTT FARMA,0.0,"153,200",0.0,1.0,721.0,"153,200",177.0,"18,428",503.0,443.0,398.0,B
7702004007360.0,CERVEZA POKER LATA * 330 ML,BAVARIA S.A.,7.0,"4,000",0.0,12.0,117.0,"48,000",599.0,"18,072",512.0,444.0,399.0,B
7702026149567.0,NOSOTRAS BUENAS NOCHES TELA * 10 UND,ESSITY (FAMILIA),4.0,"10,500",0.0,6.0,256.0,"63,000",482.0,"17,568",527.0,444.0,400.0,B
7770947094112.0,CITRATO DE MAGNESIO * 100 DISCOS MASTICABLES,NATURALMENTE,1.0,"63,900",0.0,1.0,729.0,"63,900",477.0,"40,900",237.0,444.0,401.0,B
7702535011706.0,QUATRO TORONJA * 1.5 LT,COCA COLA,8.0,"5,900",0.0,8.0,202.0,"47,200",611.0,"21,024",451.0,445.0,402.0,B
7707228364060.0,JERINGA INSULINA 1 ML *27G 1/2 ALFASAFE ,ALFA SAFE,13.0,500.0,0.0,66.0,9.0,"33,000",742.0,"20,262",461.0,446.0,403.0,B
7702090071849.0,SPEED MAX LATA * 310 ML ,POSTOBON GASEOSAS,16.0,"2,800",0.0,16.0,66.0,"43,400",644.0,"18,128",509.0,446.0,404.0,B
7702001044702.0,AVENA ALPINA * 1000 ML ,ALPINA PRODUCTOS ALIMENTICIOS S.A.,2.0,"11,400",0.0,5.0,303.0,"57,000",524.0,"19,955",468.0,446.0,405.0,B
7702184680049.0,DERMICLEAR GEL PIEL * 120 ML,ECAR,0.0,"16,000",0.0,3.0,477.0,"48,000",601.0,"33,111",298.0,449.0,406.0,B
7702027479625.0,TENA SLIP CLASICO (ANTES BASIC) M * 9 UND,ESSITY (FAMILIA),2.0,"26,000",0.0,3.0,481.0,"78,000",381.0,"19,032",491.0,450.0,407.0,B
7703153024307.0,VAXIDUO * 7 OVULOS,PROCAPS OTX,0.0,"152,000",0.0,1.0,843.0,"152,000",179.0,"21,643",442.0,450.0,408.0,B
7703283402242.0,LYRICA 75 MG * 30 CAP,ASPEN COLOMBIANA SAS,1.0,"52,500",0.0,2.0,528.0,"105,000",285.0,"16,502",552.0,453.0,409.0,B
7702057710767.0,MEMANTINA 10 * 30 TAB,MK ETICOS CONVENIO,1.0,"54,500",0.0,2.0,685.0,"109,000",275.0,"20,140",463.0,453.0,410.0,B
7702057167806.0,NORAVER SPRAY MENTA *120 ML  ,TECNOQUIMICAS,0.0,"49,800",0.0,2.0,548.0,"99,600",304.0,"17,594",526.0,454.0,411.0,B
7707263006789.0,LOXAC 7.5 MG * 10 TAB,TRIDEX FARMACEUTICA,0.0,"29,000",0.0,2.0,668.0,"58,000",516.0,"36,542",269.0,455.0,412.0,B
7702870003688.0,YAXIBELLE * 28 TAB,ABBOTT FARMA,2.0,"26,200",0.0,4.0,390.0,"104,800",286.0,"13,132",649.0,457.0,413.0,B
7707228361021.0,TERMOMETRO DIGITAL RIGIDO ESTANDAR ,ALFA SAFE,0.0,"16,000",0.0,3.0,485.0,"48,000",602.0,"31,863",314.0,458.0,414.0,B
7702870071694.0,DURAX 10 MG * 1 TAB,ABBOTT FARMA CONVENIO,1.0,"28,200",0.0,2.0,651.0,"56,400",530.0,"35,274",277.0,459.0,415.0,B
8427030008943.0,GLUCERNA VAINILLA * 850 GR,ABBOTT NUTRICION,1.0,"176,500",0.0,1.0,777.0,"176,500",144.0,"17,115",537.0,459.0,416.0,B
7702535001783.0,COCA COLA *2.25 LT,COCA COLA,-5.0,"9,400",0.0,5.0,315.0,"47,000",614.0,"22,735",421.0,462.0,417.0,B
7702189045782.0,DORITOS MEGA QUESO * 185 GR,FRITO LAY,1.0,"10,100",0.0,5.0,304.0,"50,500",574.0,"20,100",464.0,463.0,418.0,B
7704403005602.0,MUCOSINA GOTAS * 30 ML ,HALEON (GLAXO OTC),3.0,"22,700",0.0,4.0,347.0,"90,800",331.0,"13,032",653.0,464.0,419.0,B
4054839084621.0,BION3 * 60 TAB,PROCTER & GAMBLE CHC,0.0,"80,600",0.0,1.0,747.0,"80,600",368.0,"26,188",372.0,464.0,420.0,B
36600813719.0,CHAPSTICK CEREZA * 4.2 GR,RECAMIER,0.0,"18,700",0.0,3.0,412.0,"56,100",535.0,"21,786",438.0,465.0,421.0,B
36600814013.0,CHAPSTICK FRESA * 4.2 GR,RECAMIER,1.0,"18,700",0.0,3.0,458.0,"56,100",536.0,"23,157",413.0,467.0,422.0,B
7501033959707.0,LUVOX 100 MG * 15 TAB,ABBOTT FARMA,0.0,"56,800",0.0,2.0,669.0,"113,600",258.0,"17,674",523.0,467.0,423.0,B
7702057803292.0,GASTROFAST ADVANCE * 12 S/S,TECNOQUIMICAS VM TQ,0.0,"35,700",0.0,3.0,512.0,"98,775",307.0,"15,730",581.0,468.0,424.0,B
7702617487382.0,NECTAR CALIFORNIA PERA * 300 ML,GLORIA COLOMBIA SA,0.0,"3,600",0.0,12.0,120.0,"43,200",645.0,"17,268",533.0,469.0,425.0,B
7707351599421.0,VERACEF 500 MG * 24 CAP,SIEGFRIED AH ROBINS,0.0,"127,300",0.0,1.0,815.0,"127,300",223.0,"19,937",469.0,469.0,426.0,B
7707019459074.0,TUDERMIFAR 0.05% * 40 GR,LABQUIFAR PHARMACEUTICA,0.0,"24,000",0.0,2.0,615.0,"48,000",605.0,"37,102",262.0,470.0,427.0,B
7702418001558.0,EUTIROX 100 MCG * 50 TAB,MERCK COLOMBIA FARMA,0.0,"73,300",0.0,1.0,745.0,"73,300",419.0,"28,653",343.0,470.0,428.0,B
7704232000465.0,FITOSTIMOLINE CREMA * 32 GR,EUROETIKA,1.0,"86,200",0.0,1.0,803.0,"86,200",351.0,"26,714",366.0,470.0,429.0,B
7702057012434.0,RINAID 0.05% SPRAY NASAL * 18 GR,TECNOQUIMICAS VM TQ,0.0,"112,000",0.0,1.0,874.0,"112,000",265.0,"24,062",399.0,471.0,430.0,B
7702057168056.0,NORAVER-P MENTA * 96 TAB,TECNOQUIMICAS,0.0,"195,900",0.0,1.0,"1,092","138,000",200.0,"31,388",320.0,471.0,431.0,B
7703546012119.0,TENSOFAR 100 MG * 30 TAB L-CONSUM,NOVAMED OTC,2.0,"24,000",0.0,2.0,621.0,"48,000",600.0,"35,720",276.0,476.0,432.0,B
8903726183694.0,LETROLE 2.5 MG * 30 TAB,SEVENPHARMA SAS,0.0,"58,500",0.0,1.0,793.0,"58,500",513.0,"39,140",248.0,477.0,433.0,B
7506205810138.0,ENFAMIL PREMIUM PROMENTAL CONFORT * 375 GR,MEAD JOHNSON NUTRITION COLOMBIA,1.0,"89,000",0.0,2.0,638.0,"178,000",142.0,"12,500",671.0,478.0,434.0,B
7896112402886.0,VONAU FLASH 8 MG * 10 TAB,FARMA DE COLOMBIA SA,0.0,"103,000",0.0,1.0,"1,009","103,000",291.0,"31,967",313.0,479.0,435.0,B
7707355055626.0,NOXPIRIN PLUS * 120 CAP,SIEGFRIED CONSUMO,1.0,"153,000",0.0,1.0,"1,077","150,800",182.0,"26,823",365.0,479.0,436.0,B
7703153018849.0,BETADUO 1 ML * 1 JERINGA PRELLENADA,PROCAPS OTX,2.0,"53,000",0.0,2.0,629.0,"105,800",281.0,"16,270",560.0,480.0,437.0,B
7706142707106.0,NEOFUNGINA TALCO * 40 GR,LAB NEO,2.0,"14,800",0.0,4.0,385.0,"56,536",527.0,"18,656",501.0,481.0,438.0,B
7702184020326.0,BACTRODERM ESPUMA * 60 ML,ECAR,2.0,"14,000",0.0,3.0,428.0,"42,000",657.0,"27,318",361.0,481.0,439.0,B
7702057708672.0,VALACICLOVIR 500 MG * 10 TAB,MK ETICOS CONVENIO,1.0,"113,700",0.0,1.0,898.0,"113,700",257.0,"22,804",420.0,482.0,440.0,B
7702057711573.0,AMLODIPINO 5 MG * 30 TAB,MK ETICOS CONVENIO,3.0,"25,200",0.0,3.0,447.0,"75,600",393.0,"15,477",585.0,483.0,441.0,B
7702402059428.0,HELADO ARTESANAL FLAN DE AREQUIPE * 70 GR,MEALS DE COLOMBIA,0.0,"3,800",0.0,11.0,139.0,"41,800",659.0,"16,555",550.0,485.0,442.0,B
7702870040652.0,GIGI 12 PROBIOTICOS * 15 CAP,ABBOTT FARMA,1.0,"77,000",0.0,1.0,716.0,"77,000",387.0,"22,444",426.0,485.0,443.0,B
7702914114004.0,PONQUE CHOCORAMO TAJADA * 65 GR,PRODUCTOS RAMO,10.0,"3,200",0.0,13.0,110.0,"41,600",660.0,"16,120",568.0,486.0,444.0,B
7702090029826.0,MR TEA DURAZNO * 500 ML,POSTOBON GASEOSAS,5.0,"3,700",0.0,11.0,146.0,"40,000",672.0,"17,193",535.0,486.0,445.0,B
7707397790356.0,DOLEX ACTIVGEL * 20 CAP,HALEON (GLAXO OTC),2.0,"31,500",0.0,3.0,438.0,"96,000",319.0,"12,897",661.0,486.0,446.0,B
7707263000206.0,AMPLIEX 250 MG * 60 ML,TRIDEX FARMACEUTICA,6.0,"24,800",0.0,2.0,630.0,"49,600",582.0,"32,132",311.0,486.0,447.0,B
7891317149963.0,VAST 20 MG * 30 TAB,EUROFARMA,0.0,"56,400",0.0,1.0,931.0,"56,400",533.0,"56,400",170.0,487.0,448.0,B
"7702402043359,7",PALETA ALOHA AGUA LIMON * 65 GR,MEALS DE COLOMBIA,11.0,"2,200",0.0,18.0,55.0,"39,600",682.0,"15,264",590.0,488.0,449.0,B
7702195084355.0,METOCLOPRAMIDA 10 MG * 36 TAB,BUSSIE LABINCO,0.0,"13,500",0.0,3.0,482.0,"41,400",664.0,"29,328",337.0,488.0,450.0,B
7702031525448.0,O.B. TAMPON MEDIO * 8 UND,JOHNSON Y JOHNSON DE COL SA,3.0,"10,200",0.0,5.0,299.0,"50,900",571.0,"17,125",536.0,489.0,451.0,B
7706569022912.0,ACETAMINOFEN CODEINA 325/30MG * 30 TAB,A.G. MEDICAMENTOS,2.0,"42,700",0.0,1.0,705.0,"57,700",518.0,"30,185",331.0,490.0,452.0,B
8850769024852.0,EUGICA COFF HERBAL LOZENGES * 120 TAB,MEGA WE CARE,0.0,"105,200",0.0,1.0,"1,089","79,200",375.0,"44,760",218.0,491.0,453.0,B
7702535022078.0,JUGO DEL VALLE FRESH FRUTAS CITRICAS *2.5 LT,COCA COLA,19.0,"5,800",0.0,8.0,191.0,"46,400",618.0,"15,856",576.0,494.0,454.0,B
5099864016987.0,SIMILAC 1 5HMOS * 350 GR,ABBOTT NUTRICION,3.0,"78,900",0.0,2.0,675.0,"157,800",172.0,"12,750",665.0,495.0,455.0,B
7703281000679.0,PROCICAR NF CREMA * 60 GR,MEGALABS,1.0,"61,900",0.0,1.0,783.0,"61,900",491.0,"31,592",319.0,495.0,456.0,B
7702402059855.0,HELADO CASERO YOGURT MELOCOTON * 60 GR,MEALS DE COLOMBIA,12.0,"2,900",0.0,13.0,103.0,"37,700",699.0,"16,172",565.0,496.0,457.0,B
7861073963530.0,LOMOTIL * 4 TAB,GRUNENTHAL COLOMBIANA,2.0,"8,900",0.0,5.0,306.0,"44,500",633.0,"18,835",497.0,497.0,458.0,B
7703153040345.0,DEFEROL + K  * 60 CAP,PROCAPS OTX,0.0,"102,800",0.0,1.0,"1,032","99,600",303.0,"29,330",336.0,498.0,459.0,B
7707228365753.0,ESPARADRAPO TELA BLANCO ALFASAFE 2 * 5 YD (5 * 450 CM),ALFA SAFE,2.0,"11,000",0.0,4.0,377.0,"44,000",634.0,"20,172",462.0,501.0,460.0,B
7709990267945.0,TRESIBA 1MG/3ML * 1 PLUMA,NOVO NORDISK COLOMBIA SAS,0.0,"55,600",0.0,2.0,538.0,"111,200",266.0,"11,990",684.0,501.0,461.0,B
19962551628.0,ENER C EFERV CON ZINC * 10 TAB,HEALTHY DE AMERICA COLOMBIA,7.0,"21,000",0.0,2.0,644.0,"42,000",653.0,"33,938",284.0,503.0,462.0,B
7703712010000.0,NELIND CREMA * 40 GR,COASPHARMA MEDIBRAND OTC,0.0,"17,700",0.0,3.0,414.0,"53,100",553.0,"17,808",517.0,504.0,463.0,B
8850769020137.0,LIVOLIN FORTE * 30 CAP,MEGA WE CARE,2.0,"66,400",0.0,1.0,969.0,"66,400",463.0,"39,100",249.0,504.0,464.0,B
7704039112064.0,PARACODINA * 120 ML  ,LEGRAND,0.0,"24,900",0.0,2.0,544.0,"49,800",580.0,"23,090",415.0,505.0,465.0,B
7702870071236.0,ERICOX 90 MG * 14 TAB,ABBOTT FARMA,0.0,"112,200",0.0,1.0,763.0,"112,200",261.0,"16,334",556.0,505.0,466.0,B
7702896001477.0,RELAXKOV 4 MG * 20 TAB,BLASKOV,0.0,"45,000",0.0,1.0,846.0,"49,000",592.0,"45,000",216.0,505.0,467.0,B
7702189016812.0,GUDIZ * 28 GR,FRITO LAY,2.0,"2,200",0.0,14.0,94.0,"30,800",767.0,"17,262",534.0,506.0,468.0,B
7702136646628.0,CURITAS CURE BAND * 10 UND  ,TECNOQUIMICAS CUIDADO DE HERIDA,2.0,"3,000",0.0,12.0,126.0,"35,800",712.0,"16,260",562.0,506.0,469.0,B
7709126643681.0,PROWHEY ONCARE PLUS VAINILLA * 415 GR,BOYDORR NUTRITION ,0.0,"138,200",0.0,1.0,"1,019","138,200",199.0,"20,843",453.0,506.0,470.0,B
7702192046561.0,GATORLIT FRESA KIWI * 620 ML,POSTOBON GASEOSAS,2.0,"5,300",0.0,9.0,178.0,"46,200",622.0,"14,319",613.0,507.0,471.0,B
7702057062521.0,ETORICOXIB 60 MG * 14 TAB,MK ETICOS CONVENIO,0.0,"81,000",0.0,1.0,960.0,"81,000",364.0,"28,142",350.0,507.0,472.0,B
751273785308.0,SUN-VITA D3 (FEROL D3) 2000 IU * 100 SOFTGELS,HEALTHY DE AMERICA COLOMBIA,0.0,"74,300",0.0,1.0,"1,071","74,300",406.0,"39,973",242.0,507.0,473.0,B
7706569020321.0,BETAMETASONA CREMA 0.5% * 20 GR,A.G. MEDICAMENTOS,1.0,"13,300",0.0,3.0,446.0,"39,900",674.0,"23,568",405.0,509.0,474.0,B
7707263005263.0,MENTOFRIX RUB * 50 GR,TRIDEX FARMACEUTICA,2.0,"22,000",0.0,2.0,628.0,"44,000",637.0,"30,972",323.0,509.0,475.0,B
7702418004351.0,NEUROBION * 30 GRAG  ,PROCTER & GAMBLE CHC,1.0,"53,000",0.0,1.0,704.0,"71,000",442.0,"21,479",446.0,509.0,476.0,B
7703153033095.0,LIPOTIC 600 MG * 30 TAB,PROCAPS RX,0.0,"124,100",0.0,1.0,756.0,"124,100",229.0,"14,461",607.0,512.0,477.0,B
7709530287648.0,TREEVER OFT * 5 ML,QUIRUPOS,0.0,"14,500",0.0,3.0,465.0,"41,500",663.0,"23,208",411.0,513.0,478.0,B
4005800137679.0,NIVEA CREMA * 60 GR,BDF (BEIERSDORF) ,0.0,"27,000",0.0,2.0,631.0,"54,000",548.0,"23,262",409.0,513.0,479.0,B
7501056330293.0,PONDS CLARANT B3 N/GRASA * 50 GR,UNILEVER ANDINA COLOMBIA,0.0,"25,300",0.0,2.0,649.0,"49,300",589.0,"27,290",362.0,513.0,480.0,B
7451079000669.0,DOLEX 500 MG * 200 TAB,HALEON (GLAXO OTC),1.0,"178,000",0.0,1.0,"1,083","153,000",178.0,"21,028",450.0,513.0,481.0,B
7702003459016.0,PARCHE LEON,BDF (BEIERSDORF) ,0.0,"19,900",0.0,3.0,480.0,"59,700",505.0,"16,905",543.0,514.0,482.0,B
4005800255045.0,DUO RETARDANTE * 3 PRESERVATIVOS,BDF (BEIERSDORF) ,2.0,"16,500",0.0,3.0,451.0,"49,500",585.0,"18,912",494.0,515.0,483.0,B
7702402054324.0,PALETA ALOHA MANGO BICHE *65 GR CON LIMON Y SAL,MEALS DE COLOMBIA,13.0,"3,200",0.0,12.0,127.0,"38,400",694.0,"14,688",604.0,516.0,484.0,B
7702057707712.0,MULTISOLUTION 1 * 120 ML,MK OFTALMOLOGICO CONVENIO,1.0,"31,100",0.0,2.0,570.0,"62,200",490.0,"18,294",504.0,516.0,485.0,B
7702132008529.0,ADVIL ULTRA * 72 CAP ,HALEON (GLAXO OTC),1.0,"160,000",0.0,1.0,"1,082","146,800",188.0,"21,104",448.0,516.0,486.0,B
8427030009285.0,SIMILAC TOTAL COMFORT 1 * 800 GR,ABBOTT NUTRICION,1.0,"175,000",0.0,1.0,964.0,"175,000",147.0,"16,261",561.0,517.0,487.0,B
7703445040015.0,MONURIL 3 GR * 1 S/S,ZAMBON COLOMBIA ,3.0,"20,900",0.0,4.0,357.0,"83,600",357.0,"9,904",762.0,519.0,488.0,B
7702007080742.0,CHOCOLATINA JUMBO MANI * 90 GR,GRUPO NUTRESA,2.0,"10,500",0.0,4.0,365.0,"42,000",656.0,"18,840",496.0,519.0,489.0,B
4048846008770.0,BISOLVON TOS SECA JBE * 120 ML,OPELLA (SANOFI OTC),1.0,"36,900",0.0,2.0,619.0,"73,800",413.0,"16,584",549.0,519.0,490.0,B
7707019476507.0,SALYDRAT * 25 S/S,LABQUIFAR PHARMACEUTICA,1.0,"72,500",0.0,1.0,930.0,"75,000",398.0,"26,693",367.0,519.0,491.0,B
7707282990762.0,VENDA ELASTICA PIEL 5 * 5 YARDAS ,BEGUT SEVENPHARMA IMPORTACIONES,0.0,"5,700",0.0,6.0,248.0,"34,200",729.0,"18,216",506.0,520.0,492.0,B
7702027440106.0,NOSOTRAS MATERNIDAD *10 UND + 3 TOALLAS NOCHE,ESSITY (FAMILIA),1.0,"19,900",0.0,3.0,435.0,"59,700",504.0,"15,300",588.0,520.0,493.0,B
7702402058841.0,GALLETA CON HELADO AREQUIPE * 65 GR,MEALS DE COLOMBIA,8.0,"3,800",0.0,10.0,152.0,"38,000",695.0,"14,810",599.0,521.0,494.0,B
7506205810909.0,ENFAMIL PREMIUM PROMENTAL CONFORT * 800 GR,MEAD JOHNSON NUTRITION COLOMBIA,0.0,"180,000",0.0,1.0,"1,060","180,000",138.0,"17,697",520.0,521.0,495.0,B
7707019314120.0,CEFAFLEX 250 MG SUSP * 100 ML,LABQUIFAR PHARMACEUTICA,2.0,"23,800",0.0,2.0,673.0,"47,600",607.0,"27,948",354.0,522.0,496.0,B
7896261006249.0,DIOVAN 80 MG * 28 TAB,SIEGFRIED NOVARTIS,0.0,"24,100",0.0,3.0,492.0,"72,300",428.0,"13,917",627.0,524.0,497.0,B
7891058009038.0,LASIX 40 MG * 20 COMP,SANOFI FARMA,0.0,"57,900",0.0,2.0,545.0,"118,900",245.0,"10,008",756.0,524.0,498.0,C
650240007828.0,ASEPXIA JABON AZUFRE * 100 GR,GENOMMA LABORATORIO COLOMBIA,0.0,"16,400",0.0,3.0,471.0,"49,200",590.0,"18,225",505.0,526.0,499.0,C
7501007532608.0,DRAMAMINE 50 MG * 24 TAB,JOHNSON Y JOHNSON DE COL SA,0.0,"23,400",0.0,3.0,519.0,"60,000",500.0,"16,318",558.0,528.0,500.0,C
7841141002712.0,ILTUX 40 MG * 28 COMP ,ADIUM (TECNOFARMA),1.0,"56,000",0.0,2.0,659.0,"112,000",262.0,"12,322",678.0,528.0,501.0,C
7613037007442.0,NAN SUPREME 2 * 800 GR,NESTLE NUTRICION,1.0,"157,900",0.0,1.0,736.0,"157,900",171.0,"11,121",711.0,528.0,502.0,C
7707263008707.0,ACED PIEL PROTECTOR SOLAR SPF 50+ * 60 ML,TRIDEX FARMACEUTICA,0.0,"51,000",0.0,1.0,820.0,"51,000",569.0,"32,256",309.0,528.0,503.0,C
7702617022149.0,NECTAR CALIFORNIA PERA * 200 ML,GLORIA COLOMBIA SA,4.0,"2,900",0.0,11.0,136.0,"31,900",756.0,"15,818",577.0,529.0,504.0,C
7702189056832.0,CHEETOS BOLIQUESO * 38 GR,FRITO LAY,0.0,"2,500",0.0,13.0,101.0,"32,500",747.0,"14,417",609.0,530.0,505.0,C
7707274721930.0,CLAVUTEC 500/125MG * 14 TAB,FAES FARMA,1.0,"80,900",0.0,1.0,810.0,"80,900",366.0,"18,696",499.0,530.0,506.0,C
7707338401020.0,DURACICAT CREMA PROTECTORA *60 GR,CIMA,0.0,"51,500",0.0,1.0,"1,024","51,500",567.0,"51,500",190.0,530.0,507.0,C
7702189056887.0,CHOKIS CHISPAS BLACK * 37 GR ,FRITO LAY,0.0,"2,500",0.0,12.0,125.0,"30,000",783.0,"16,248",563.0,531.0,508.0,C
7702057075101.0,ALCOHOL MK * 700 ML,TECNOQUIMICAS CUIDADO DE HERIDA,0.0,"9,900",0.0,5.0,293.0,"49,500",586.0,"13,840",631.0,531.0,509.0,C
7702057109714.0,CREMA N4 MEDICADA * 30 GR,TECNOQUIMICAS CONSUMO,2.0,"19,800",0.0,3.0,418.0,"59,400",510.0,"14,196",619.0,531.0,510.0,C
7703153011468.0,CALCITRIOL 0.25 MG * 30 CAP,COLMED,0.0,"83,900",0.0,1.0,948.0,"87,600",344.0,"22,142",434.0,531.0,511.0,C
7702402048316.0,PALETA ALOHA MIX FRUTOS ROJOS * 80 GR ,MEALS DE COLOMBIA,8.0,"2,800",0.0,13.0,104.0,"36,400",704.0,"13,065",650.0,532.0,512.0,C
7702024052685.0,KLIM 3+ BOLSA * 1000 GR,NESTLE NUTRICION,2.0,"58,200",0.0,2.0,620.0,"104,760",287.0,"11,624",697.0,534.0,513.0,C
7702189055484.0,NATUCHIPS PLATANO MADURO * 38 GR,FRITO LAY,0.0,"3,200",0.0,10.0,159.0,"32,000",753.0,"15,750",579.0,535.0,514.0,C
7702184393963.0,VITAMINA C + ZINC MANDARINA * 100 TAB,ECAR,2.0,"63,400",0.0,1.0,"1,081","63,000",484.0,"40,005",241.0,536.0,515.0,C
7707019313086.0,AZ TROBAC 200 MG * 15 ML,LABQUIFAR PHARMACEUTICA,1.0,"21,500",0.0,2.0,608.0,"43,000",646.0,"24,302",397.0,537.0,516.0,C
7708736738701.0,CANOXIDIL 5% * 60 ML,AIPHEX GLOBALPHARMA,0.0,"50,000",0.0,1.0,802.0,"50,000",579.0,"29,664",334.0,537.0,517.0,C
8437009433638.0,DROSPERA 20 * 28 TAB,EXELTIS,0.0,"29,700",0.0,2.0,627.0,"59,400",509.0,"18,096",510.0,539.0,518.0,C
7703186816511.0,PEDIALYTE ACTIVE 30 COCO * 500 ML,ABBOTT NUTRICION,3.0,"11,000",0.0,6.0,267.0,"66,000",467.0,"9,666",774.0,540.0,519.0,C
7702402050234.0,POLET COOKIES & CREAM * 70 GR,MEALS DE COLOMBIA,13.0,"6,600",0.0,6.0,275.0,"39,600",678.0,"15,342",587.0,541.0,520.0,C
7707341450053.0,INHALOCAMARA ADULTOS * 1 UND,RSB,2.0,"11,500",0.0,3.0,420.0,"34,500",724.0,"20,400",458.0,542.0,521.0,C
7702057079598.0,RISPERIDONA 2 MG * 20 TAB,MK ETICOS CONVENIO,2.0,"19,200",0.0,3.0,426.0,"57,600",519.0,"13,512",638.0,543.0,522.0,C
7707332986707.0,AVALPRIC SUSP * 120 ML,LABQUIFAR PHARMACEUTICA,0.0,"19,800",0.0,2.0,561.0,"39,600",679.0,"23,058",416.0,544.0,523.0,C
7702057707972.0,MULTISOLUTION 1 * 360 ML + 30 ML + PORTALENTES,MK OFTALMOLOGICO CONVENIO,0.0,"63,300",0.0,1.0,760.0,"63,300",480.0,"19,974",466.0,544.0,524.0,C
7702184020388.0,FEXOFENADINA 30 MG SUSP * 150 ML,ECAR,1.0,"56,300",0.0,1.0,873.0,"56,300",534.0,"28,165",349.0,545.0,525.0,C
7702025136735.0,GALLETA FESTIVAL VAINILLA * 50 GR,GRUPO NUTRESA,1.0,"1,900",0.0,15.0,83.0,"28,500",799.0,"14,280",615.0,546.0,526.0,C
7702192308256.0,GATORLIT UVA * 620 ML,POSTOBON GASEOSAS,4.0,"5,300",0.0,8.0,194.0,"41,500",662.0,"12,712",666.0,547.0,527.0,C
7702057062200.0,IBANDRONATO 150 MG * 1 TAB,MK ETICOS CONVENIO,1.0,"98,300",0.0,1.0,"1,002","98,300",309.0,"19,913",470.0,547.0,528.0,C
7622300124526.0,GALLETA RITZ SANDWICH QUESO * 30 GR,DISCOB NORTE SAS,8.0,"2,000",0.0,15.0,81.0,"30,000",785.0,"13,785",632.0,548.0,529.0,C
7702057707743.0,MULTISOLUTION PLUS VISION * 120 ML,MK OFTALMOLOGICO CONVENIO,2.0,"30,800",0.0,2.0,671.0,"61,600",492.0,"17,694",521.0,548.0,530.0,C
7703546153508.0,FERBIN 250 MG * 50 CAP L-NEUR-PSIQ,NOVAMED FARMA,2.0,"63,600",0.0,2.0,697.0,"102,600",292.0,"12,320",679.0,548.0,531.0,C
7702027478024.0,TENA SLIP CLASICO XL * 9 UND,ESSITY (FAMILIA),1.0,"32,400",0.0,2.0,667.0,"64,800",474.0,"16,918",542.0,549.0,532.0,C
7702001047178.0,YOGO PREMIO ALPINA MORA *150 GR,ALPINA PRODUCTOS ALIMENTICIOS S.A.,0.0,"4,200",0.0,9.0,174.0,"37,800",698.0,"12,969",658.0,551.0,533.0,C
7702090029864.0,HIT MANGO * 500 ML,POSTOBON GASEOSAS,4.0,"3,700",0.0,9.0,167.0,"32,700",744.0,"14,004",625.0,552.0,534.0,C
7702057075231.0,DIOSMINA 500 MG * 30 TAB,MK ETICOS CONVENIO,3.0,"29,100",0.0,2.0,522.0,"58,200",515.0,"14,410",610.0,555.0,535.0,C
7703889150585.0,SIMPAUSE 100 MG * 30 CAP,CHALVER ,0.0,"103,600",0.0,1.0,995.0,"109,021",274.0,"17,606",525.0,555.0,536.0,C
7702057080044.0,YODORA CREMA * 12 GR ,TECNOQUIMICAS CONSUMO,3.0,"4,000",0.0,9.0,175.0,"35,800",713.0,"12,897",660.0,557.0,537.0,C
7702123006916.0,APRONAX 275 MG * 8 CAP,BAYER OTC,2.0,"18,400",0.0,4.0,393.0,"72,700",425.0,"9,572",776.0,557.0,538.0,C
7702057715168.0,OLMESARTAN MEDOXOMIL 20 MG * 30 TAB ,MK ETICOS CONVENIO,0.0,"21,200",0.0,3.0,500.0,"63,600",479.0,"12,870",662.0,557.0,539.0,C
7702189036629.0,DETODITO MIX * 165 GR,FRITO LAY,6.0,"10,100",0.0,4.0,387.0,"40,400",670.0,"16,096",569.0,559.0,540.0,C
7707263008158.0,BIOPEN 20 MG * 2 TAB /D24/,TRIDEX FARMACEUTICA,3.0,"43,600",0.0,1.0,893.0,"43,600",640.0,"34,810",279.0,559.0,541.0,C
7506105606084.0,TRIDENT SANDIA * 18 UND,DISCOB NORTE SAS,0.0,"5,500",0.0,6.0,269.0,"33,000",740.0,"15,270",589.0,562.0,542.0,C
7702027435331.0,NOSOTRAS TAMPONES REGULAR * 20 UND,ESSITY (FAMILIA),0.0,"17,500",0.0,3.0,443.0,"52,500",559.0,"13,470",639.0,562.0,543.0,C
7709285612627.0,TERMOMETRO DIGITAL MODELO MT-502B,DIAGNOSTICOS BIOMEDICOS,0.0,"17,800",0.0,2.0,655.0,"35,600",714.0,"26,100",374.0,563.0,544.0,C
7703889154347.0,FLUZETRIN F JBE * 60 ML ,CHALVER ,0.0,"36,200",0.0,2.0,674.0,"74,200",408.0,"13,880",629.0,563.0,545.0,C
736085413694.0,LAGRICEL PF * 10 ML,SOPHIA DE COLOMBIA FARMA,1.0,"73,000",0.0,1.0,897.0,"73,000",422.0,"19,635",477.0,563.0,546.0,C
7703281000112.0,PRESIDERM 2% UNG * 15 GR ,MEGALABS,0.0,"80,900",0.0,1.0,"1,037","80,900",365.0,"21,733",440.0,563.0,547.0,C
3518646673016.0,MARIMER BABY ASPIRADOR NASAL ,AXON PHARMA ,0.0,"60,000",0.0,1.0,859.0,"62,200",489.0,"21,388",447.0,565.0,548.0,C
7709214528746.0,VIMAX JARABE * 240 ML,NATURALMENTE,3.0,"44,900",0.0,1.0,937.0,"44,900",630.0,"35,741",275.0,565.0,549.0,C
7702057104603.0,CREMA N 4 MEDICADA * 60 GR,TECNOQUIMICAS CONSUMO,2.0,"30,500",0.0,2.0,580.0,"61,000",494.0,"14,196",620.0,566.0,550.0,C
7706263200654.0,PAX NOCHE PANELA-LIMON * 24 S/S,EUROFARMA,1.0,"67,000",0.0,1.0,711.0,"70,000",452.0,"15,871",575.0,566.0,551.0,C
7709499559794.0,VITAL TEARS ULTRA * 10 ML,VITALIS COMERCIAL,0.0,"33,300",0.0,1.0,829.0,"39,021",689.0,"33,300",293.0,566.0,552.0,C
7703281000778.0,BETARRETIN H CREMA * 30 GR,MEGALABS,0.0,"85,900",0.0,1.0,886.0,"85,900",352.0,"16,468",553.0,566.0,553.0,C
7703178000607.0,CETIRAX GOTAS * 15 ML,ABBOTT FARMA,1.0,"89,400",0.0,1.0,904.0,"89,400",338.0,"16,431",555.0,566.0,554.0,C
7702024025719.0,KLIM 3+ BOLSA * 500 GR,NESTLE NUTRICION,1.0,"29,500",0.0,3.0,455.0,"88,500",341.0,"8,061",834.0,567.0,555.0,C
7702057079369.0,RISPERIDONA 3 MG * 20 TAB,MK ETICOS CONVENIO,-2.0,"29,200",0.0,2.0,595.0,"58,400",514.0,"14,982",596.0,567.0,556.0,C
7707239272774.0,FLUSURE T * 5 ML,ESPECIALIDADES OFTALMOLOGICAS,0.0,"70,000",0.0,1.0,822.0,"70,000",450.0,"18,091",511.0,567.0,557.0,C
7707019379464.0,ACTIVIRAL 5% CREMA * 15 GR,LABQUIFAR PHARMACEUTICA,0.0,"17,200",0.0,2.0,646.0,"34,400",725.0,"25,644",383.0,568.0,558.0,C
7501125185182.0,ELECTROLIT JAMAICA SUERO * 625 ML,PISA (SUEROS LIQUIDOS),5.0,"8,800",0.0,6.0,255.0,"52,800",557.0,"9,600",775.0,569.0,559.0,C
7702192418047.0,GATORADE TROPICAL * 1 LT,POSTOBON GASEOSAS,2.0,"8,600",0.0,4.0,348.0,"34,400",726.0,"15,876",574.0,571.0,560.0,C
7702136648066.0,CUREBAND MICROPORE PIEL 2 * 10 YARDAS,TECNOQUIMICAS CUIDADO DE HERIDA,2.0,"17,400",0.0,3.0,449.0,"52,200",561.0,"13,002",655.0,571.0,561.0,C
7703153017262.0,MUVETT SUSP * 120 ML  ,PROCAPS OTX,0.0,"107,800",0.0,1.0,798.0,"107,800",276.0,"11,909",686.0,571.0,562.0,C
7707239278073.0,FLOBACT GOTAS * 5 ML ,ESPECIALIDADES OFTALMOLOGICAS,1.0,"75,200",0.0,1.0,867.0,"75,200",395.0,"17,014",539.0,571.0,563.0,C
7707271451410.0,CYCLOFEMINA 25MG/5MG * 1 AMP,NTI (NEW TRADE INTERNATIONAL),0.0,"23,000",0.0,3.0,501.0,"66,900",462.0,"11,115",712.0,572.0,564.0,C
7703038060420.0,DIFENHIDRAMINA * 120 ML,LAPROFF,3.0,"7,000",0.0,5.0,289.0,"34,600",722.0,"14,105",621.0,573.0,565.0,C
7702132010959.0,ADVIL GRIPA * 10 CAP,HALEON (GLAXO OTC),1.0,"22,100",0.0,3.0,457.0,"66,300",464.0,"10,248",742.0,573.0,566.0,C
7702195119521.0,BATEN S * 4 CAP,BUSSIE FARMA,0.0,"98,600",0.0,1.0,811.0,"100,500",298.0,"12,807",664.0,573.0,567.0,C
7703546705431.0,DISPAX * 16 CAP L-GASTR,NOVAMED FARMA,1.0,"130,000",0.0,1.0,"1,028","130,000",217.0,"14,800",600.0,573.0,568.0,C
7702123006718.0,ASPIRINA EFERVESCENTE 500 MG * 50 TAB,BAYER OTC,1.0,"66,500",0.0,1.0,703.0,"95,200",321.0,"10,895",718.0,575.0,569.0,C
7703712080058.0,BENCIFAR SOLUCION TOPICA BUCAL SPRAY * 120 ML   /D18/,TRIDEX FARMACEUTICA,0.0,"49,600",0.0,1.0,959.0,"49,600",583.0,"30,344",328.0,575.0,570.0,C
7702184011485.0,SULFATO FERROSO 300 MG * 100 TAB,ECAR,3.0,"16,800",0.0,3.0,486.0,"50,400",575.0,"13,704",633.0,576.0,571.0,C
7707321981539.0,DIHIDROCODEINA JBE * 120 ML,HUMAX PHARMACEUTICAL,5.0,"17,400",0.0,2.0,574.0,"34,800",721.0,"20,732",454.0,577.0,572.0,C
7702207084557.0,FACETIX * 21 TAB,ABBOTT FARMA,3.0,"10,600",0.0,5.0,312.0,"52,470",560.0,"9,950",760.0,578.0,573.0,C
7702057715915.0,LEVOTIROXINA 50 MG * 30 TAB ,MK ETICOS CONVENIO,0.0,"17,900",0.0,3.0,506.0,"50,700",573.0,"13,854",630.0,579.0,574.0,C
7702418000414.0,NENE DENT GOTAS * 10 ML  ,PROCTER & GAMBLE CHC,0.0,"27,800",0.0,2.0,584.0,"55,600",542.0,"14,392",611.0,580.0,575.0,C
7702993051726.0,TRULULU GOMITAS FRESITAS * 70 GR,SUPER DE ALIMENTOS,2.0,"2,800",0.0,10.0,154.0,"28,000",805.0,"13,040",652.0,581.0,576.0,C
7702057091439.0,DURAFLEX ESPALDA FORTE * 18 CAP,TECNOQUIMICAS,0.0,"48,900",0.0,1.0,702.0,"72,600",426.0,"13,413",640.0,581.0,577.0,C
7709609909105.0,MARIA SALOME SHAMPOO HOMBRES ANTICAIDA SIN SAL * 400 ML,MARIA SALOME,0.0,"33,000",0.0,1.0,814.0,"33,000",738.0,"33,000",299.0,581.0,578.0,C
650240001864.0,CICATRICURE GEL CICATRICES * 60 GR ,GENOMMA LABORATORIO COLOMBIA,0.0,"69,800",0.0,1.0,"1,030","69,800",455.0,"23,161",412.0,582.0,579.0,C
7703712080638.0,ATRIXIB 200 MG * 10 CAP /D14/,TRIDEX FARMACEUTICA,1.0,"36,900",0.0,1.0,722.0,"36,900",703.0,"25,309",390.0,583.0,580.0,C
300651431483.0,SYSTANE ULTRA GOTAS * 10 ML ,ALCON DE COLOMBIA,1.0,"56,600",0.0,1.0,750.0,"56,600",526.0,"17,544",528.0,583.0,581.0,C
7707274721084.0,ECLOSYNT AEROSOL BUCAL 250 MCG * 200 DOSIS,FAES OTC,1.0,"54,200",0.0,1.0,791.0,"54,200",547.0,"19,204",487.0,584.0,582.0,C
7703546076036.0,FLUMIXOL 600 MG * 30 S/S  L-RESPI-RIN,NOVAMED OTC,0.0,"103,000",0.0,1.0,"1,102","56,000",538.0,"32,795",301.0,584.0,583.0,C
7702189055569.0,DETODITO MIX * 50 GR,FRITO LAY,4.0,"4,000",0.0,7.0,210.0,"28,000",804.0,"13,664",634.0,588.0,584.0,C
7702189055552.0,DETODITO NATURAL * 50 GR,FRITO LAY,8.0,"4,000",0.0,7.0,211.0,"28,000",803.0,"13,573",635.0,588.0,585.0,C
7702090468793.0,SPEED MAX BORONDO LATA * 473 ML,POSTOBON GASEOSAS,7.0,"4,200",0.0,7.0,218.0,"29,000",796.0,"13,566",636.0,588.0,586.0,C
7702402059602.0,POLET CARAMELO CROCANTE * 80 GR,MEALS DE COLOMBIA,1.0,"8,300",0.0,4.0,351.0,"33,200",736.0,"14,444",608.0,589.0,587.0,C
7707239275737.0,FREEGEN * 15 ML GTS 10 ML,ESPECIALIDADES OFTALMOLOGICAS,1.0,"68,900",0.0,1.0,884.0,"68,900",457.0,"17,707",519.0,589.0,588.0,C
7707019339185.0,PERCLUSONE SUSP * 120 ML,LABQUIFAR PHARMACEUTICA,2.0,"18,000",0.0,2.0,554.0,"36,000",706.0,"17,708",518.0,593.0,589.0,C
7703889016102.0,LACTULAX SUSP * 240 ML  ,CHALVER ,0.0,"99,990",0.0,1.0,894.0,"99,990",299.0,"12,868",663.0,593.0,590.0,C
7707397791636.0,DOLEX FORTE * 100 TAB,HALEON (GLAXO OTC),1.0,"184,300",0.0,1.0,"1,101","104,500",288.0,"16,904",544.0,594.0,591.0,C
7501159033565.0,DUREX MAXIMO PLACER * 3 UND,RECKITT BENCKISER COLOMBIA S A,1.0,"18,500",0.0,3.0,453.0,"47,175",612.0,"12,507",670.0,595.0,592.0,C
7702057700447.0,VITA C +ZINC 500MG NARANJA *100 TAB MASTICABLES,TECNOQUIMICAS,1.0,"66,600",0.0,1.0,"1,076","70,000",453.0,"22,997",418.0,595.0,593.0,C
7703712080478.0,SULTRIFAR F * 120 ML,TRIDEX FARMACEUTICA,0.0,"42,600",0.0,1.0,940.0,"42,600",649.0,"28,822",340.0,598.0,594.0,C
8850769026856.0,ENAT NATURAL VITAMINA E CREMA * 50 GR,MEGA WE CARE,1.0,"52,500",0.0,1.0,"1,013","52,500",558.0,"26,128",373.0,598.0,595.0,C
7707133083216.0,HIT MORA * 500 ML,POSTOBON GASEOSAS,5.0,"3,700",0.0,8.0,200.0,"28,400",800.0,"12,448",673.0,599.0,596.0,C
7702605103232.0,LOSARTAN 50 MG * 30 TAB,GENFAR,2.0,"20,300",0.0,3.0,454.0,"50,750",572.0,"11,034",713.0,599.0,597.0,C
7705241400277.0,YOGOLIN MIX ZUCARITAS LA MEJOR * 130 GR,LA MEJOR,0.0,"2,900",0.0,9.0,169.0,"26,100",825.0,"12,483",672.0,600.0,598.0,C
7703546029148.0,ESOMED 40 MG * 14 CAP  L-GASTR,NOVAMED FARMA,1.0,"131,300",0.0,1.0,"1,065","131,300",216.0,"13,150",647.0,601.0,599.0,C
7703546013017.0,BECLAZONE 30 MG * 10 CAP L-TR-CAPS,NOVAMED OTC,1.0,"14,400",0.0,2.0,559.0,"28,800",797.0,"20,400",459.0,602.0,600.0,C
7703546701525.0,PEPRED PLUS SOLUCION * 60 ML L-RESPI-ASM,NOVAMED FARMA,2.0,"90,500",0.0,1.0,737.0,"90,500",332.0,"10,050",754.0,602.0,601.0,C
7702024312284.0,KLIM 1 + BOLSA * 1800 GR,NESTLE NUTRICION,2.0,"94,000",0.0,1.0,885.0,"94,000",324.0,"12,538",669.0,602.0,602.0,C
7702049000906.0,AGUARDIENTE ANTIOQUEÑO * 1000 ML AZUL S/AZUCAR ,ANTIOQUIA AGUARDIENTE,1.0,"78,500",0.0,1.0,"1,075","78,500",377.0,"18,635",502.0,602.0,603.0,C
7794640171734.0,COREGA ULTRA SIN SABOR * 20 GR,HALEON (GLAXO OTC),0.0,"26,000",0.0,2.0,642.0,"52,000",563.0,"14,300",614.0,603.0,604.0,C
7707263007588.0,OCHO BABY SHAMPOO MANZANILLA * 230 ML,TRIDEX FARMACEUTICA,2.0,"15,500",0.0,2.0,540.0,"31,000",762.0,"18,168",508.0,605.0,605.0,C
8901175027897.0,KOACT 1000 * 15 TAB L-RESPI-RIN,NOVAMED FARMA,1.0,"99,800",0.0,1.0,908.0,"99,800",300.0,"12,000",683.0,605.0,606.0,C
7706309000118.0,NEUROBASAL 800 MG * 30 TAB,INCOBRA FARMA,0.0,"45,000",0.0,1.0,944.0,"45,000",628.0,"26,061",375.0,606.0,607.0,C
7702184020791.0,DESLORATADINA JBE * 60 ML,ECAR,1.0,"15,000",0.0,2.0,643.0,"30,000",782.0,"22,240",432.0,607.0,608.0,C
7702057015138.0,TRAVAD COLONPEG * 4 S/S,TECNOQUIMICAS VM TQ,1.0,"89,400",0.0,1.0,"1,004","89,400",336.0,"14,983",595.0,607.0,609.0,C
7702626214849.0,STREPSILS INTENSIVE MIEL LIMON * 16 TAB,RECKITT BENCKISER COLOMBIA S A,3.0,"28,200",0.0,3.0,514.0,"71,400",438.0,"8,532",815.0,608.0,610.0,C
7704232000090.0,ETIDOXINA 100 MG * 10 CAP,EUROETIKA,1.0,"74,800",0.0,1.0,743.0,"74,800",401.0,"11,265",705.0,608.0,611.0,C
7702184835982.0,VITAMINA C + ZINC TUTI FRUTI * 100 TAB,ECAR,1.0,"63,400",0.0,1.0,"1,090","49,000",591.0,"31,116",322.0,608.0,612.0,C
7703712080225.0,AMEFAR 250 MG * 120 ML,TRIDEX FARMACEUTICA,1.0,"33,100",0.0,1.0,713.0,"33,100",737.0,"22,009",436.0,611.0,613.0,C
7622201717575.0,GALLETA CLUB SOCIAL ORIGINAL * 24 GR,DISCOB NORTE SAS,2.0,"1,500",0.0,14.0,98.0,"21,000",886.0,"11,704",694.0,612.0,614.0,C
7702993051740.0,TRULULU GOMITAS FEROZ * 70 GR,SUPER DE ALIMENTOS,3.0,"2,800",0.0,9.0,171.0,"25,200",838.0,"11,736",691.0,612.0,615.0,C
7703712030534.0,PREDNISOLONA 5 MG * 30 TAB,COASPHARMA SAS,0.0,"8,500",0.0,3.0,440.0,"26,000",827.0,"17,442",531.0,612.0,616.0,C
7703546693530.0,NAPROXENO 550 MG * 10 TAB,NOVAMED FARMA,1.0,"16,000",0.0,2.0,645.0,"34,000",730.0,"19,200",489.0,612.0,617.0,C
7702001044306.0,LECHE ALPIN CHOCOLATE *  200 ML,ALPINA PRODUCTOS ALIMENTICIOS S.A.,4.0,"4,200",0.0,7.0,213.0,"29,400",790.0,"11,193",708.0,613.0,618.0,C
7707019402186.0,HEMETIL GOTAS * 30 ML,LABQUIFAR PHARMACEUTICA,2.0,"15,500",0.0,2.0,641.0,"31,000",763.0,"20,034",465.0,613.0,619.0,C
7706569001184.0,AMOXICILINA 250 MG * 100 ML,A.G. MEDICAMENTOS,2.0,"10,700",0.0,3.0,494.0,"32,100",751.0,"16,068",570.0,614.0,620.0,C
7703546028226.0,DORMEX 100 MG * 20 CAP L-CONSUM,NOVAMED OTC,2.0,"36,000",0.0,1.0,902.0,"36,000",709.0,"28,000",352.0,614.0,621.0,C
7003281000525.0,OLOPAT 0.2 % GOTAS * 5 ML ,MEGALABS,0.0,"81,100",0.0,1.0,"1,070","81,100",363.0,"16,453",554.0,616.0,622.0,C
7613033986628.0,NESTUM TRIGO MIEL * 200 GR,NESTLE NUTRICION,1.0,"14,000",0.0,3.0,505.0,"42,000",655.0,"13,026",654.0,617.0,623.0,C
7703153013271.0,GENTAMICINA OFTALMICO * 6 ML  ,COLMED,0.0,"10,500",0.0,3.0,474.0,"31,500",759.0,"15,249",591.0,621.0,624.0,C
7703712080386.0,VILAFAR UNGUENTO * 15 GR,TRIDEX FARMACEUTICA,0.0,"32,400",0.0,1.0,795.0,"32,400",749.0,"23,990",401.0,621.0,625.0,C
7795312100090.0,ALLEGRA 30 MG * 150 ML,OPELLA (SANOFI OTC),1.0,"73,000",0.0,1.0,"1,027","73,000",424.0,"16,924",541.0,622.0,626.0,C
7702870070772.0,GYNFLU D 75MG/1000 MG * 4 TAB,ABBOTT FARMA,1.0,"97,200",0.0,1.0,952.0,"97,200",312.0,"11,750",690.0,623.0,627.0,C
7707210530572.0,SIMPIOX * 5 ML  ,GERCO,2.0,"16,100",0.0,2.0,598.0,"32,200",750.0,"17,542",529.0,624.0,628.0,C
7709478324955.0,DIPIRONA SODICA 1 GR * 1 AMP,VITALIS COMERCIAL,0.0,"5,100",0.0,6.0,234.0,"30,600",768.0,"10,230",743.0,625.0,629.0,C
7703153022075.0,ESOMEPRAZOL 40 MG * 30 TAB  ,COLMED,0.0,"48,400",0.0,1.0,980.0,"48,400",597.0,"22,287",429.0,626.0,630.0,C
7704039671523.0,ROSUVINA 40 MG * 30 TAB,LEGRAND,1.0,"70,400",0.0,1.0,987.0,"70,200",445.0,"16,291",559.0,626.0,631.0,C
7702189056009.0,CHOCLITOS LIMON * 45 GR,FRITO LAY,4.0,"2,500",0.0,10.0,156.0,"25,000",839.0,"10,400",737.0,627.0,632.0,C
7702024294696.0,KLIM DESLACTOSADA BOLSA * 840 GR,NESTLE FOOD & BEVERAGE,1.0,"49,100",0.0,2.0,660.0,"98,200",310.0,"7,002",887.0,628.0,633.0,C
7708109834733.0,MAXVIT E 1000 UI + SELENIO * 30 CAP,NATURALMENTE,3.0,"39,500",0.0,1.0,903.0,"39,500",685.0,"23,449",406.0,628.0,634.0,C
7702635153450.0,VOLTAREN 75 MG * 5 AMP  ,NOVARTIS FARMA,1.0,"81,200",0.0,1.0,"1,099","48,900",593.0,"27,001",363.0,628.0,635.0,C
7707274721053.0,ACTIVA 21 * 21 GRAG,FAES OTC,2.0,"7,300",0.0,4.0,372.0,"29,200",793.0,"13,212",645.0,629.0,636.0,C
7702605102044.0,OMEPRAZOL 20 MG * 10 CAP,GENFAR,1.0,"4,500",0.0,6.0,250.0,"27,000",817.0,"11,268",704.0,630.0,637.0,C
7707232097701.0,VENASFULL MAX FORTE  * 60 CAP,NATURAL FRESHLY,0.0,"72,500",0.0,1.0,"1,095","52,000",564.0,"24,187",398.0,630.0,638.0,C
7706569000545.0,FLUOXETINA 20 MG * 30 CAP,A.G. MEDICAMENTOS,0.0,"16,400",0.0,2.0,661.0,"32,800",743.0,"18,026",514.0,631.0,639.0,C
7703283404666.0,LYRICA 150 MG * 30 CAP,ASPEN COLOMBIANA SAS,1.0,"101,500",0.0,1.0,915.0,"101,500",295.0,"10,185",747.0,631.0,640.0,C
7501159731133.0,DUREX CLASICO * 3 UND,RECKITT BENCKISER COLOMBIA S A,2.0,"11,600",0.0,4.0,378.0,"46,400",620.0,"8,856",802.0,632.0,641.0,C
7702184010013.0,ACIDO FOLICO 1 MG * 100 TAB,ECAR,4.0,"16,300",0.0,3.0,468.0,"48,900",594.0,"9,786",767.0,632.0,642.0,C
7706569001276.0,SILDENAFIL 50 MG * 2 TAB,A.G. MEDICAMENTOS,18.0,"8,400",0.0,3.0,499.0,"25,200",837.0,"17,049",538.0,633.0,643.0,C
7705241826206.0,YOGOLIN MIX M&M LA MEJOR * 130 GR,LA MEJOR,4.0,"3,500",0.0,7.0,207.0,"24,500",846.0,"10,969",715.0,634.0,644.0,C
7702057160999.0,NORAVER GRIPA BEBIDA NOCHE * 24 S/S,TECNOQUIMICAS,1.0,"74,700",0.0,1.0,"1,078","73,500",414.0,"16,521",551.0,635.0,645.0,C
7704588000430.0,ROXICAINA 5% POMADA * 10 GR,ROPSOHN THERAPEUTICS,2.0,"30,400",0.0,2.0,553.0,"60,800",496.0,"8,614",810.0,636.0,646.0,C
7702617487368.0,NECTAR CALIFORNIA MANZANA * 300 ML,GLORIA COLOMBIA SA,3.0,"3,600",0.0,7.0,206.0,"25,200",833.0,"10,430",736.0,637.0,647.0,C
7707355052663.0,TIZAFEN * 20 TAB,SIEGFRIED FARMA,0.0,"85,000",0.0,1.0,957.0,"85,000",355.0,"11,782",688.0,639.0,648.0,C
"7702133452161,7",TRIDENT MENTA 5.1 GR * 3 UND ,DISCOB NORTE SAS,6.0,"1,600",0.0,12.0,114.0,"18,800",921.0,"10,740",725.0,641.0,649.0,C
7702189057815.0,PAPAS MARGARITA ONDULADAS MAYONESA * 35 GR,FRITO LAY,7.0,"3,000",0.0,8.0,201.0,"24,000",855.0,"10,592",729.0,641.0,650.0,C
7702354953546.0,AMPER * 473 ML,QUALA NEVERA,7.0,"3,600",0.0,7.0,225.0,"25,200",836.0,"10,563",731.0,641.0,651.0,C
7702402060073.0,PALETA ALOHA LULO CON TROZOS DE MANGO BICHE Y TAJIN * 65 GR,MEALS DE COLOMBIA,15.0,"3,000",0.0,9.0,179.0,"27,000",816.0,"9,540",779.0,642.0,652.0,C
7709990001129.0,DOLPACK MOTAS DORMOLAS * 8 ML,BIG MEDICAL,0.0,"10,000",0.0,3.0,469.0,"30,000",781.0,"13,884",628.0,642.0,653.0,C
7703186123480.0,PEDIASURE LIQUIDO VAINILLA 220 ML * 8 UND,ABBOTT NUTRICION,0.0,"76,400",0.0,1.0,"1,057","76,400",389.0,"14,691",603.0,642.0,654.0,C
7501059227651.0,NAN 2 OPTIPRO * 900 GR,NESTLE NUTRICION,1.0,"137,800",0.0,1.0,"1,055","137,800",201.0,"9,671",773.0,643.0,655.0,C
7702001041961.0,YOX DEFENSIS MULTIFRUTA *100 GR,ALPINA PRODUCTOS ALIMENTICIOS S.A.,0.0,"3,000",0.0,9.0,180.0,"27,000",818.0,"9,396",784.0,645.0,656.0,C
7702090031966.0,GASEOSA PEPSI * 400 ML,POSTOBON GASEOSAS,6.0,"3,200",0.0,8.0,203.0,"25,200",834.0,"9,976",757.0,645.0,657.0,C
7702018880409.0,GILLETTE PRESTOBARBA 3 * 1 UND,PROCTER & GAMBLE COLOMBIA,0.0,"5,000",0.0,6.0,266.0,"30,000",776.0,"9,762",770.0,646.0,658.0,C
7703197053059.0,WASSERTROL SUSP OFTALMICA * 5 ML  ,MK OFTALMOLOGICO CONVENIO,3.0,"14,900",0.0,3.0,450.0,"44,700",632.0,"9,507",781.0,646.0,659.0,C
7702049001644.0,AGUARDIENTE ANTIOQUEÑO * 750 ML VERDE S/AZUCAR,ANTIOQUIA AGUARDIENTE,1.0,"55,000",0.0,1.0,717.0,"55,000",545.0,"11,759",689.0,646.0,660.0,C
7702045563726.0,BALANCE CLINICAL CREMA MINI MEN * 30 GR,HENKEL COLOMBIANA,3.0,"5,200",0.0,5.0,302.0,"26,000",829.0,"11,305",703.0,647.0,661.0,C
7501298221922.0,EUTIROX 88 MCG * 50 TAB,MERCK COLOMBIA FARMA,0.0,"67,800",0.0,1.0,993.0,"67,800",458.0,"14,968",597.0,647.0,662.0,C
7702090064186.0,GASEOSA MANZANA * 2.5 LT,POSTOBON GASEOSAS,0.0,"7,300",0.0,4.0,367.0,"29,200",794.0,"11,688",695.0,648.0,663.0,C
4005800137655.0,NIVEA CREMA * 30 GR,BDF (BEIERSDORF) ,0.0,"16,300",0.0,2.0,565.0,"32,600",745.0,"14,198",617.0,649.0,664.0,C
7707182841027.0,CANDEPREX 32 MG * 30 TAB,MEGALABS,0.0,"71,900",0.0,1.0,830.0,"71,900",436.0,"10,800",722.0,649.0,665.0,C
7702354939700.0,POPETAS MIX MANTEQUILLA-CARAMELO *37.7 GR,QUALA NEVERA,2.0,"2,200",0.0,10.0,149.0,"22,000",875.0,"9,800",766.0,650.0,666.0,C
7703712080270.0,OXIFAR 20 MG * 10 CAP,TRIDEX FARMACEUTICA,0.0,"30,400",0.0,1.0,876.0,"30,400",770.0,"23,771",403.0,650.0,667.0,C
7795368547207.0,TALOF GOTAS * 5 ML,MEGALABS,1.0,"85,900",0.0,1.0,925.0,"85,900",353.0,"10,345",739.0,650.0,668.0,C
7707019332117.0,MICOTRAZOL 100 MG * 4 CAP,LABQUIFAR PHARMACEUTICA,1.0,"31,100",0.0,1.0,862.0,"31,100",761.0,"22,464",424.0,651.0,669.0,C
7702090016413.0,GASEOSA COLOMBIANA * 2.5 LT,POSTOBON GASEOSAS,-1.0,"7,300",0.0,4.0,384.0,"29,200",792.0,"11,644",696.0,652.0,670.0,C
7702354939694.0,POPETAS MIX CARAMELO - QUESO *39.6 GR,QUALA NEVERA,2.0,"2,200",0.0,10.0,164.0,"22,000",874.0,"9,760",771.0,655.0,671.0,C
7707232091143.0,FINACID REFLU S/AZUCAR * 360 ML,NATURAL FRESHLY,0.0,"43,500",0.0,1.0,926.0,"43,500",641.0,"18,686",500.0,656.0,672.0,C
7707232098074.0,MIELTERTOS GRIPA NOCHE PANELA LIMON * 24 S/S,NATURAL FRESHLY,1.0,"63,500",0.0,1.0,"1,088","48,600",595.0,"21,765",439.0,656.0,673.0,C
7707263009339.0,ACED PIEL LOCION * 120 ML,TRIDEX FARMACEUTICA,3.0,"27,900",0.0,1.0,720.0,"27,900",807.0,"19,247",486.0,657.0,674.0,C
7701021115874.0,WINNY ULTRATRIM SEC ET 2 * 50 + 20 TOALLITAS,TECNOQUIMICAS WINNY,0.0,"51,300",0.0,1.0,782.0,"51,300",568.0,"13,002",656.0,657.0,675.0,C
7702057074456.0,IRBESARTAN 300 MG * 14 TAB (R),MK ETICOS CONVENIO,1.0,"19,800",0.0,2.0,529.0,"39,600",684.0,"10,926",716.0,658.0,676.0,C
7702035430090.0,LISTERINE CONTROL CALCULO * 180 ML,JOHNSON Y JOHNSON DE COL SA,2.0,"17,800",0.0,2.0,663.0,"35,600",715.0,"14,670",606.0,658.0,677.0,C
7795345000275.0,AMOXIDAL DUO 750MG/5ML * 120 ML ,MEGALABS,1.0,"69,500",0.0,1.0,714.0,"69,500",456.0,"8,881",801.0,659.0,678.0,C
7702132011802.0,CENTRUM MEN * 30 TAB,HALEON (GLAXO OTC),0.0,"48,600",0.0,1.0,774.0,"48,600",596.0,"13,328",642.0,659.0,679.0,C
7707172689684.0,DUODART 0.5/0.4 MG * 30 CAP,GLAXOSMITHKLINE FARMA (GSK),1.0,"76,900",0.0,1.0,"1,061","76,900",388.0,"13,137",648.0,660.0,680.0,C
7702027472527.0,TENA SLIP CLASICO (ANTES BASIC) L * 1 UND,ESSITY (FAMILIA),7.0,"3,800",0.0,8.0,195.0,"30,400",771.0,"7,688",857.0,661.0,681.0,C
7707228360253.0,GUANTE CIRUGIA ESTERIL TALLA # 8,ALFA SAFE,1.0,"2,500",0.0,8.0,185.0,"20,000",903.0,"10,096",750.0,662.0,682.0,C
7702418005068.0,CONCOR 2.5 MG * 30 TAB ,MERCK COLOMBIA FARMA,0.0,"12,000",0.0,4.0,399.0,"48,000",603.0,"7,184",878.0,662.0,683.0,C
7701021144829.0,WINNY GOLD SENSITIVE ET 0 * 30 UND + 10 TOALLITAS,TECNOQUIMICAS WINNY,0.0,"22,800",0.0,2.0,650.0,"45,600",627.0,"11,460",701.0,662.0,684.0,C
7702057804503.0,GASTROFAST ADVANCE * 240 ML,TECNOQUIMICAS VM TQ,0.0,"64,800",0.0,1.0,816.0,"64,800",475.0,"10,559",732.0,663.0,685.0,C
7706569000439.0,DICLOXACILINA 500 MG * 50 CAP,A.G. MEDICAMENTOS,2.0,"50,000",0.0,1.0,"1,085","44,000",636.0,"22,572",423.0,663.0,686.0,C
7702035431110.0,LISTERINE ORIGINAL * 500 ML,JOHNSON Y JOHNSON DE COL SA,1.0,"38,000",0.0,1.0,755.0,"38,000",696.0,"15,738",580.0,664.0,687.0,C
7703454920568.0,BEDOYECTA * 3 JERINGAS PRELLENADAS,HUMAX PHARMACEUTICAL,1.0,"112,300",0.0,0.0,"1,124","37,500",700.0,"28,547",344.0,664.0,688.0,C
7702010130625.0,COLGATE CEPILLO EXTRA CLEAN DURA * 1 UND,COLGATE PALMOLIVE COMPANIA,2.0,"7,000",0.0,4.0,361.0,"28,000",806.0,"10,464",735.0,666.0,689.0,C
7451079001543.0,DOLEX GRIPA 500 MG * 12 TAB,HALEON (GLAXO OTC),1.0,"17,900",0.0,3.0,489.0,"53,700",550.0,"7,137",879.0,666.0,690.0,C
7703546493437.0,LORATADINA 100MG/5ML * 90 ML,NOVAMED FARMA,2.0,"12,000",0.0,2.0,535.0,"24,000",856.0,"15,630",583.0,667.0,691.0,C
7891000078983.0,NESTOGENO 1 * 800 GR  ,NESTLE NUTRICION,1.0,"90,400",0.0,1.0,744.0,"90,400",333.0,"6,372",916.0,669.0,692.0,C
7708109834177.0,MELATONINA 600 MG * 30 CAP,NATURALMENTE,0.0,"29,900",0.0,1.0,787.0,"29,900",786.0,"18,900",495.0,670.0,693.0,C
7702635716945.0,EXFORGE HCT 5/160/12.5 MG * 28 COMP  ,SIEGFRIED NOVARTIS,0.0,"62,400",0.0,1.0,837.0,"62,400",487.0,"10,673",726.0,670.0,694.0,C
7702057709525.0,CARMELUB TEARS PAGUE 1 LLEVE 2 * 15 ML,MK OFTALMOLOGICO CONVENIO,1.0,"67,000",0.0,1.0,860.0,"67,000",461.0,"10,334",740.0,672.0,695.0,D
7707019301236.0,DIEXSOPRAZOL 40 MG * 10 CAP,LABQUIFAR PHARMACEUTICA,0.0,"30,000",0.0,1.0,996.0,"30,000",784.0,"26,285",371.0,672.0,696.0,D
7703546730402.0,NUTRIBEN SIN LACTOSA * 400 GR,NOVAMED NUTRICIONAL,-1.0,"78,500",0.0,1.0,"1,011","78,500",378.0,"10,800",723.0,674.0,697.0,D
7703153031039.0,G-MET 1000 MG * 40 TAB,PROCAPS RX,1.0,"96,900",0.0,1.0,"1,039","96,900",315.0,"9,815",765.0,676.0,698.0,D
7702001047154.0,YOGO PREMIO ALPINA FRESA *150 GR,ALPINA PRODUCTOS ALIMENTICIOS S.A.,0.0,"4,200",0.0,6.0,243.0,"25,200",835.0,"8,604",811.0,677.0,699.0,D
7703712080430.0,BECOLIT CREMA * 40 GR,TRIDEX FARMACEUTICA,7.0,"32,000",0.0,1.0,748.0,"32,000",752.0,"16,159",566.0,677.0,700.0,D
7703186031303.0,ENSURE ADVANCE LIQUIDO CHOCOLATE * 220 ML,ABBOTT NUTRICION,0.0,"14,300",0.0,3.0,422.0,"42,900",647.0,"7,473",866.0,678.0,701.0,D
4048846003867.0,MIRAPEX ER 0.375 MG * 10 COMP,BOEHRINGER INGELHEIM FARMA,0.0,"15,700",0.0,3.0,490.0,"47,100",613.0,"7,764",852.0,678.0,702.0,D
7703186577030.0,PEDIALYTE ACTIVE 30 CEREZA * 500 ML,ABBOTT NUTRICION,4.0,"11,000",0.0,4.0,356.0,"42,350",651.0,"6,444",909.0,680.0,703.0,D
7501033957413.0,PEDIALYTE ACTIVE 45 FRESA * 500 ML,ABBOTT NUTRICION,3.0,"11,000",0.0,4.0,374.0,"44,000",635.0,"6,444",910.0,680.0,704.0,D
7702090029871.0,HIT NARANJA PIÑA * 500 ML,POSTOBON GASEOSAS,7.0,"3,700",0.0,6.0,235.0,"21,900",877.0,"9,336",788.0,681.0,705.0,D
7703153036973.0,ECLAMP 150 MG * 30 TAB,PROCAPS RX,0.0,"77,300",0.0,1.0,"1,052","77,300",386.0,"11,238",706.0,681.0,706.0,D
7622201776664.0,TRIDENT MENTA * 8.5 GR,DISCOB NORTE SAS,7.0,"2,300",0.0,8.0,196.0,"18,400",924.0,"9,560",777.0,683.0,707.0,D
7702626214856.0,DUREX REAL FEEL * 3 UND,RECKITT BENCKISER COLOMBIA S A,1.0,"21,800",0.0,2.0,605.0,"43,600",639.0,"9,764",769.0,683.0,708.0,D
7501159033442.0,DUREX EXTRA SEGURO * 3 UND,RECKITT BENCKISER COLOMBIA S A,2.0,"13,300",0.0,3.0,459.0,"39,900",675.0,"8,085",832.0,684.0,709.0,D
7702870003589.0,POSTDAY * 1 TAB ,ABBOTT FARMA CONVENIO,0.0,"17,500",0.0,2.0,652.0,"35,500",716.0,"12,332",677.0,684.0,710.0,D
7703712085022.0,IBUPROFAR * 120 ML,TRIDEX FARMACEUTICA,5.0,"29,500",0.0,1.0,844.0,"29,500",788.0,"18,989",493.0,684.0,711.0,D
8850769024685.0,GOGAZ * 50 CAP,MEGA WE CARE,3.0,"67,500",0.0,1.0,"1,100","42,000",652.0,"20,982",452.0,684.0,712.0,D
7702057716578.0,ENALAPRIL 20 MG * 30 TAB,MK ETICOS CONVENIO,5.0,"10,000",0.0,4.0,398.0,"40,000",671.0,"7,120",880.0,686.0,713.0,D
7702057709068.0,CARVEDILOL 6.25 MG * 30 TAB,MK ETICOS CONVENIO,3.0,"9,000",0.0,4.0,346.0,"36,000",708.0,"7,104",882.0,687.0,714.0,D
7702057070229.0,GABAPENTIN 300 MG * 30 CAP,MK ETICOS CONVENIO,0.0,"13,600",0.0,3.0,504.0,"40,800",667.0,"8,418",821.0,688.0,715.0,D
7707232091990.0,VINAGRE DE MANZANA * 750 ML,NATURAL FRESHLY,0.0,"29,000",0.0,1.0,732.0,"29,000",795.0,"16,131",567.0,688.0,716.0,D
7707019340907.0,METROXAZIDE 600/200MG * 18 TAB,LABQUIFAR PHARMACEUTICA,1.0,"29,000",0.0,1.0,842.0,"30,000",777.0,"18,043",513.0,688.0,717.0,D
7702057804855.0,SAL DE FRUTAS LUA PLUS * 22 S/S,TECNOQUIMICAS,1.0,"74,800",0.0,1.0,"1,087","59,500",507.0,"14,914",598.0,688.0,718.0,D
751273785568.0,VITAMINA E 1000 IU + SELENIUM * 60 SOFTGELS,HEALTHY DE AMERICA COLOMBIA,0.0,"82,400",0.0,1.0,"1,103","42,000",658.0,"20,444",457.0,689.0,719.0,D
7896116861733.0,YASMINIQ * 28 COMP ,BAYER FARMA,0.0,"30,000",0.0,2.0,586.0,"60,000",498.0,"6,258",924.0,690.0,720.0,D
7702051011185.0,AFLUX JBE ADULTO * 120 ML,TECNOQUIMICAS VM TQ,0.0,"59,800",0.0,1.0,792.0,"59,800",503.0,"9,318",789.0,690.0,721.0,D
7702123003137.0,ACID MANTLE JABON * 90 GR,BAYER OTC,2.0,"10,800",0.0,3.0,416.0,"32,400",748.0,"8,550",813.0,691.0,722.0,D
7707172687437.0,AVODART 0.5 MG * 30 TAB,GLAXOSMITHKLINE FARMA (GSK),1.0,"70,700",0.0,1.0,799.0,"73,900",411.0,"7,445",868.0,691.0,723.0,D
7703153017699.0,NYTAX SUSP * 30 ML ,PROCAPS OTX,0.0,"69,200",0.0,1.0,910.0,"73,500",416.0,"8,947",796.0,692.0,724.0,D
7702007039719.0,CHOCOLATINA JUMBO FLOW BLANCA * 48 GR,GRUPO NUTRESA,7.0,"4,500",0.0,5.0,322.0,"22,500",867.0,"9,725",772.0,693.0,725.0,D
7703689031145.0,PIEL RESISTENTE * 3 PRESERVATIVOS,PROFAMILIA,0.0,"10,500",0.0,2.0,536.0,"21,000",890.0,"14,104",622.0,694.0,726.0,D
8021961012071.0,ZINNAT 500 MG * 10 TAB,FARMA DE COLOMBIA SA,0.0,"49,500",0.0,1.0,905.0,"57,000",525.0,"11,193",709.0,694.0,727.0,D
7702195232312.0,CONDILOM * 5 ML ,BUSSIE FARMA,1.0,"73,600",0.0,1.0,"1,007","66,240",465.0,"11,555",699.0,694.0,728.0,D
7896641811715.0,NEOSALDINA * 100 GRAG,EUROFARMA,0.0,"179,500",0.0,0.0,"1,133","50,400",576.0,"17,687",522.0,694.0,729.0,D
650240029158.0,MEDICASP SHAMPOO * 100 ML,GENOMMA LABORATORIO COLOMBIA,0.0,"35,200",0.0,1.0,823.0,"35,200",719.0,"15,003",594.0,695.0,730.0,D
7707355050393.0,DESONIDA 0.05% EMULSION * 120 ML,SIEGFRIED FARMA,-1.0,"61,400",0.0,1.0,840.0,"61,400",493.0,"9,517",780.0,695.0,731.0,D
7702617021135.0,CALIFORNIA NECTAR MANZANA *215 ML,GLORIA COLOMBIA SA,5.0,"3,300",0.0,7.0,222.0,"23,100",863.0,"7,889",845.0,696.0,732.0,D
7702189055583.0,DETODITO LIMON * 50 GR,FRITO LAY,6.0,"4,000",0.0,5.0,296.0,"20,000",900.0,"9,770",768.0,696.0,733.0,D
7707228361762.0,JERINGA 3 ML 1G * 1 1/2 HIPODERMICA ALFASAFE ,ALFA SAFE,10.0,500.0,0.0,24.0,37.0,"12,000","1,020","8,160",828.0,697.0,734.0,D
7501094912154.0,PROCTO-GLYVENOL * 5 SUPOSITORIOS,HALEON (GLAXO OTC),0.0,"67,400",0.0,1.0,963.0,"67,400",459.0,"10,370",738.0,697.0,735.0,D
7707232090818.0,ARNICA CREMA * 60 GR,NATURAL FRESHLY,0.0,"29,500",0.0,1.0,824.0,"29,500",789.0,"16,688",547.0,701.0,736.0,D
7702635710110.0,EXFORGE 10/160 MG * 28 TAB  ,SIEGFRIED NOVARTIS,0.0,"58,000",0.0,1.0,928.0,"58,000",517.0,"10,756",724.0,703.0,737.0,D
7707263004518.0,KENCYCAPS 100 MG * 10 CAP /D24/,TRIDEX FARMACEUTICA,2.0,"25,000",0.0,1.0,826.0,"25,000",843.0,"18,172",507.0,704.0,738.0,D
7702001104017.0,ALPINA BABY ETP 2 * 800 GR,BOYDORR NUTRITION ,2.0,"78,500",0.0,1.0,"1,066","78,500",379.0,"9,910",761.0,704.0,739.0,D
7702090395938.0,MAXLIT SUERO 45 MARACUYA * 625 ML,POSTOBON SUEROS,2.0,"8,400",0.0,4.0,371.0,"31,920",754.0,"7,360",872.0,705.0,740.0,D
7702914160308.0,BROWNIE AREQUIPE * 60 GR,PRODUCTOS RAMO,3.0,"4,300",0.0,5.0,317.0,"21,500",879.0,"8,900",798.0,706.0,741.0,D
7702132007706.0,TODAY HOT SENSATION * 3 PRESERVATIVOS,HALEON (GLAXO OTC),1.0,"19,800",0.0,2.0,552.0,"39,600",680.0,"8,278",825.0,706.0,742.0,D
7702057071813.0,BIOCALCIUM D 500 MG * 30 S/S,TECNOQUIMICAS,0.0,"55,100",0.0,1.0,790.0,"55,100",544.0,"8,633",808.0,711.0,743.0,D
7702057075057.0,ALCOHOL MK * 120 ML,TECNOQUIMICAS CUIDADO DE HERIDA,2.0,"5,000",0.0,4.0,388.0,"19,800",909.0,"10,288",741.0,712.0,744.0,D
7702184020821.0,VITAMINA C GOTAS * 30 ML,ECAR,4.0,"11,900",0.0,2.0,648.0,"23,800",857.0,"14,062",624.0,712.0,745.0,D
7702870071854.0,GASTRUM PLUX MENTA * 10 S/S,ABBOTT CONSUMER HEALTH CARE,0.0,"26,300",0.0,2.0,694.0,"45,900",626.0,"8,884",799.0,712.0,746.0,D
7707355053653.0,BRONCOCHEM NF PED * 120 ML,SIEGFRIED FARMA,0.0,"30,200",0.0,1.0,943.0,"30,200",773.0,"17,862",516.0,713.0,747.0,D
7702026147471.0,PAPEL HIG FAMILIA ACOLCHAMAX MEGAROLLO * 1 UND,ESSITY (FAMILIA),2.0,"2,700",0.0,8.0,193.0,"21,600",878.0,"6,760",895.0,714.0,748.0,D
7702057010843.0,FENCAFEN 100/1MG * 50 TAB,TECNOQUIMICAS VM TQ,0.0,"177,300",0.0,0.0,"1,117","72,000",432.0,"11,190",710.0,714.0,749.0,D
7703689457488.0,PIEL INTENSE * 3 PRESERVATIVOS,PROFAMILIA,0.0,"10,500",0.0,2.0,626.0,"21,000",884.0,"14,094",623.0,715.0,750.0,D
7703546701297.0,TIOMED FORTE * 15 CAP L-OSTEOM,NOVAMED FARMA,0.0,"61,000",0.0,1.0,718.0,"65,800",469.0,"6,100",929.0,715.0,751.0,D
7702207188620.0,SMECTA * 10 S/S,ABBOTT CONSUMER HEALTH CARE,0.0,"82,500",0.0,1.0,"1,086","65,800",468.0,"11,503",700.0,715.0,752.0,D
7591066701015.0,SCHICK XTREME SENSIBLE * 1 UND,EDGEWELL,0.0,"4,900",0.0,4.0,396.0,"19,600",910.0,"10,148",748.0,717.0,753.0,D
7460536554324.0,UMQUAN GOTAS * 20 ML ,MEGALABS,0.0,"65,000",0.0,1.0,907.0,"65,000",472.0,"8,539",814.0,718.0,754.0,D
7703546301350.0,NUTRIBEN CONFORT * 400 GR,NOVAMED NUTRICIONAL,0.0,"70,800",0.0,1.0,784.0,"70,800",443.0,"6,300",919.0,719.0,755.0,D
6910021007206.0,COLGATE CEPILLO PREMIER CLEAN MEDIO * 1 UND,COLGATE PALMOLIVE COMPANIA,4.0,"3,500",0.0,6.0,263.0,"21,000",883.0,"7,512",862.0,720.0,756.0,D
7702132009731.0,ADVIL CHILDREN * 60 ML ,HALEON (GLAXO OTC),3.0,"24,100",0.0,2.0,587.0,"48,000",604.0,"6,496",904.0,720.0,757.0,D
7703445030153.0,FLUIMUCIL 600 MG * 30 S/S ,ZAMBON COLOMBIA ,1.0,"95,900",0.0,1.0,"1,097","60,800",495.0,"12,023",681.0,720.0,758.0,D
7702057160463.0,NORAVER GRIPA FAST TOTAL * 60 CAP,TECNOQUIMICAS,0.0,"172,100",0.0,0.0,"1,127","57,600",520.0,"13,345",641.0,720.0,759.0,D
7702057077112.0,ALGODON MK * 25 GR,TECNOQUIMICAS CUIDADO DE HERIDA,2.0,"3,000",0.0,7.0,209.0,"20,400",895.0,"6,986",888.0,721.0,760.0,D
7702402060028.0,ARTESANAL DULCE DE MANDARINA * 70 GR,MEALS DE COLOMBIA,19.0,"3,500",0.0,6.0,271.0,"21,000",885.0,"7,668",858.0,721.0,761.0,D
7702354954642.0,VIVE 100 ULTRA ENERGY * 380 ML,QUALA NEVERA,1.0,"3,200",0.0,6.0,244.0,"19,200",918.0,"7,788",850.0,722.0,762.0,D
7702057715816.0,IBUPROFENO 100 MG SUSP * 120 ML,MK ETICOS CONVENIO,0.0,"16,700",0.0,2.0,653.0,"33,400",734.0,"10,038",755.0,722.0,763.0,D
7702189057877.0,CHEETOS HORNEADOS MAXI * 40 GR,FRITO LAY,7.0,"2,500",0.0,7.0,221.0,"17,500",933.0,"7,728",854.0,723.0,764.0,D
7702132008611.0,ADVIL MAX * 10 CAP,HALEON (GLAXO OTC),2.0,"21,700",0.0,2.0,523.0,"43,400",643.0,"6,284",921.0,724.0,765.0,D
8710428019561.0,ENSURE LIQUIDO VAINILLA * 220 ML,ABBOTT NUTRICION,3.0,"13,200",0.0,3.0,448.0,"39,600",683.0,"5,943",936.0,725.0,766.0,D
7702057715175.0,OLMESARTAN MEDOXOMIL 40 MG * 30 TAB,MK ETICOS CONVENIO,0.0,"42,900",0.0,1.0,"1,033","42,900",648.0,"14,696",601.0,725.0,767.0,D
7702132003975.0,TODAY PUNTO G * 3 PRESERVATIVOS ,HALEON (GLAXO OTC),3.0,"19,800",0.0,2.0,596.0,"39,100",688.0,"7,950",842.0,727.0,768.0,D
7702057696092.0,IBUFLASH MIGRAN * 8 CAP,TECNOQUIMICAS,2.0,"17,900",0.0,2.0,622.0,"35,800",711.0,"8,774",806.0,727.0,769.0,D
7703889000569.0,TRIGENTAX CREMA * 40 GR ,CHALVER ,0.0,"48,200",0.0,1.0,962.0,"48,200",598.0,"11,720",692.0,727.0,770.0,D
7703153036010.0,OMEGA 3 1000 MG * 30 CAP,NATURALMENTE,3.0,"27,500",0.0,1.0,990.0,"27,500",811.0,"19,106",490.0,727.0,771.0,D
7702184013564.0,COMPLEJO B * 30 TAB,ECAR,2.0,"13,200",0.0,2.0,520.0,"33,200",735.0,"7,749",853.0,728.0,772.0,D
7702993042397.0,TRULULU GOMITAS LENGUAS * 70 GR,SUPER DE ALIMENTOS,0.0,"2,800",0.0,6.0,233.0,"16,800",947.0,"7,854",848.0,729.0,773.0,D
7703381000753.0,BISOLVON NINOS * 120 ML,OPELLA (SANOFI OTC),1.0,"39,900",0.0,1.0,726.0,"39,900",676.0,"9,560",778.0,729.0,774.0,D
7707288820926.0,LEVOMEPROMAZINA 25 MG * 20 TAB,HUMAX PHARMACEUTICAL,0.0,"31,000",0.0,1.0,982.0,"31,000",764.0,"16,949",540.0,729.0,775.0,D
7702007080599.0,CHOCOLATE GOL * 28 GR,GRUPO NUTRESA,9.0,"1,800",0.0,9.0,172.0,"16,200",957.0,"7,119",881.0,730.0,776.0,D
7701021143655.0,WINNY TOALLITAS ALOE + VITAMINA E * 24 UND,TECNOQUIMICAS WINNY TOALLITAS,5.0,"4,100",0.0,5.0,300.0,"20,500",894.0,"7,695",856.0,730.0,777.0,D
7703153031299.0,PLENIV  * 30 CAP,PROCAPS OTX,0.0,"53,500",0.0,1.0,725.0,"53,300",552.0,"6,967",890.0,730.0,778.0,D
7703712031388.0,NISTATINA SUSP * 60 ML,COASPHARMA SAS,1.0,"12,400",0.0,2.0,546.0,"24,800",845.0,"10,096",751.0,733.0,779.0,D
7707277580022.0,MULTI SOLUTER LENTES * 120 ML,COMERLAT PHARMACEUTICAL,1.0,"34,300",0.0,1.0,927.0,"34,300",727.0,"14,224",616.0,733.0,780.0,D
7706309000828.0,FURODERM CREMA * 15 GR,INCOBRA FARMA,0.0,"35,800",0.0,1.0,865.0,"35,800",710.0,"12,402",674.0,734.0,781.0,D
7702189056245.0,CHOKIS CHOCOBASE * 47 GR,FRITO LAY,6.0,"2,500",0.0,6.0,236.0,"15,000",982.0,"8,148",830.0,735.0,782.0,D
7707332980453.0,EUCODINA * 120 ML,LABQUIFAR PHARMACEUTICA,1.0,"26,500",0.0,1.0,"1,038","26,500",823.0,"19,836",473.0,737.0,783.0,D
7702010420955.0,PROTEX JABON AVENA *110 GR,COLGATE PALMOLIVE COMPANIA,2.0,"5,200",0.0,4.0,394.0,"20,800",892.0,"8,452",817.0,738.0,784.0,D
7702132009656.0,ADVIL MAX * 72 CAP,HALEON (GLAXO OTC),2.0,"156,600",0.0,0.0,"1,116","70,400",444.0,"9,969",758.0,738.0,785.0,D
7707210530107.0,FORZ CREMA * 60 GR ,GERCO,0.0,"39,400",0.0,1.0,871.0,"39,400",686.0,"11,446",702.0,739.0,786.0,D
7703712080218.0,HISLORT 10 MG * 10 TAB /D24/,TRIDEX FARMACEUTICA,1.0,"24,100",0.0,1.0,848.0,"24,100",848.0,"15,774",578.0,740.0,787.0,D
7702354957537.0,AMPER PREDATOR * 473 ML,QUALA NEVERA,3.0,"3,600",0.0,5.0,282.0,"18,000",928.0,"7,505",864.0,741.0,788.0,D
7896116861139.0,DIANE 35 * 21 TAB ,BAYER FARMA,0.0,"15,000",0.0,2.0,551.0,"22,200",870.0,"10,188",746.0,741.0,789.0,D
7506205809101.0,ENFAGROW PREMIUM PROMENTAL ETAP 3 * 375 GR ,MEAD JOHNSON NUTRITION COLOMBIA,1.0,"73,500",0.0,1.0,992.0,"73,500",417.0,"7,448",867.0,741.0,790.0,D
7795368000733.0,TOPTEAR PLUS GOTAS * 10 ML,MEGALABS,0.0,"66,600",0.0,1.0,"1,072","69,900",454.0,"9,201",792.0,744.0,791.0,D
7702057010874.0,HIDRAPLUS 75 ZINC CEREZA * 400 ML ,TECNOQUIMICAS VM TQ,7.0,"11,000",0.0,3.0,507.0,"33,000",739.0,"6,558",899.0,745.0,792.0,D
7709947559796.0,BIOTRIZINA CREMA 1% * 30 GR,NATURALMENTE,0.0,"23,900",0.0,1.0,949.0,"23,200",861.0,"17,888",515.0,745.0,793.0,D
7702057062880.0,CLOBEGEN CREMA * 20 GR,MK ETICOS CONVENIO,1.0,"14,200",0.0,2.0,560.0,"28,400",801.0,"8,522",816.0,747.0,794.0,D
7702057707729.0,MULTISOLUTION 1 * 60 ML,MK OFTALMOLOGICO CONVENIO,0.0,"15,900",0.0,2.0,640.0,"31,800",757.0,"8,780",804.0,747.0,795.0,D
7703546034029.0,LIBELLE * 2 TAB L-CONSUM,NOVAMED OTC,0.0,"18,700",0.0,1.0,766.0,"18,700",922.0,"15,598",584.0,748.0,796.0,D
7703153007102.0,METRONIDAZOL 500 MG * 10 OVULOS,COLMED,0.0,"13,400",0.0,2.0,679.0,"26,800",819.0,"10,516",734.0,750.0,797.0,D
7707184607904.0,XIALOX 400 MG * 10 TAB,CLOSTER PHARMA,0.0,"47,000",0.0,1.0,735.0,"47,000",615.0,"7,294",877.0,750.0,798.0,D
7706659501709.0,SUSPENSION DE MAGNESIA * 120 ML,COASPHARMA SAS,5.0,"8,600",0.0,2.0,550.0,"17,200",937.0,"10,900",717.0,752.0,799.0,D
7896015522322.0,SENSODYNE RAPIDO ALIVIO * 100 GR ,HALEON (GLAXO OTC),1.0,"31,600",0.0,1.0,751.0,"31,600",758.0,"10,100",749.0,753.0,800.0,D
7501058631145.0,BABY KLIM 2 + LATA * 800 GR,NESTLE NUTRICION,1.0,"62,400",0.0,1.0,759.0,"62,400",488.0,"5,047",984.0,754.0,801.0,D
7702132010102.0,CALTRATE 600 D * 30 TAB,HALEON (GLAXO OTC),0.0,"50,300",0.0,1.0,779.0,"50,300",577.0,"6,787",893.0,754.0,802.0,D
7501142900065.0,PROVERA 10 MG * 28 TAB,PFIZER FARMA,0.0,"23,200",0.0,2.0,635.0,"46,400",619.0,"5,772",950.0,755.0,803.0,D
7613033038808.0,NAN PREMATUROS * 400 GR ,NESTLE NUTRICION,1.0,"83,300",0.0,1.0,"1,067","83,300",358.0,"6,457",907.0,755.0,804.0,D
7702057073930.0,MAGNESIA * 120 ML,TECNOQUIMICAS,2.0,"10,300",0.0,3.0,479.0,"30,900",766.0,"6,273",923.0,757.0,805.0,D
7707228362608.0,CATETER 22G * 1 UND,ALFA SAFE,4.0,"2,500",0.0,6.0,276.0,"13,750","1,002","7,878",846.0,758.0,806.0,D
7702057712303.0,LEVOFLOXACINA 500 MG * 7 TAB,MK ETICOS CONVENIO,1.0,"52,000",0.0,1.0,"1,073","52,000",566.0,"10,580",730.0,758.0,807.0,D
7707232091808.0,PROPOMIELITO * 350 GR,NATURAL FRESHLY,0.0,"26,400",0.0,1.0,719.0,"26,400",824.0,"10,606",728.0,759.0,808.0,D
7702354934361.0,VIVE 100 GRANDE * 380 ML,QUALA NEVERA,7.0,"3,400",0.0,5.0,326.0,"17,000",944.0,"7,400",869.0,760.0,809.0,D
7702605111671.0,ETORICOXIB 120 MG * 7 TAB,GENFAR,0.0,"40,000",0.0,1.0,753.0,"40,000",673.0,"7,964",841.0,760.0,810.0,D
7702418000681.0,DIP SUSPENSION * 20 S/S,MERCK COLOMBIA FARMA,0.0,"61,300",0.0,1.0,"1,056","91,300",330.0,"5,692",953.0,761.0,811.0,D
7707019314229.0,SUPRIBAC F SUSP * 120 ML,LABQUIFAR PHARMACEUTICA,0.0,"24,000",0.0,1.0,852.0,"24,000",853.0,"13,970",626.0,762.0,812.0,D
7702057298456.0,NORAVER SPRAY CEREZA * 120 ML ,TECNOQUIMICAS,1.0,"50,900",0.0,1.0,"1,036","50,900",570.0,"9,897",763.0,764.0,813.0,D
7702189058515.0,MANI MOTO * 44 GR,FRITO LAY,2.0,"2,100",0.0,7.0,215.0,"14,700",988.0,"6,405",914.0,765.0,814.0,D
7703712080379.0,IBUPROFAR 400 MG * 60 TAB,TRIDEX FARMACEUTICA,2.0,"34,700",0.0,1.0,"1,094","24,000",851.0,"19,320",483.0,765.0,815.0,D
77014542.0,CALADRYL LOCION * 100 ML,HUMAX PHARMACEUTICAL,0.0,"22,700",0.0,1.0,888.0,"22,700",866.0,"14,695",602.0,766.0,816.0,D
7702001116973.0,GELATINA BOGGY FRESA VASO * 108 GR,ALPINA PRODUCTOS ALIMENTICIOS S.A.,6.0,"2,600",0.0,6.0,241.0,"15,600",972.0,"6,342",917.0,767.0,817.0,D
7703689240998.0,ILEINE * 1 VIAL,PROFAMILIA,3.0,"20,500",0.0,2.0,571.0,"41,000",666.0,"5,138",978.0,767.0,818.0,D
7709990253542.0,FUNGIMED CREMA * 20 GR,MED-LINE CONVENIO,0.0,"23,000",0.0,1.0,946.0,"23,000",864.0,"16,050",571.0,767.0,819.0,D
7702605102884.0,TRIMEBUTINA 200 MG * 30 TAB,GENFAR,1.0,"28,000",0.0,1.0,828.0,"30,000",778.0,"10,818",721.0,768.0,820.0,D
7707233050804.0,RECOLECTOR COPROLOGICO * 1 UND,GRAN ANDINA,6.0,"1,000",0.0,9.0,176.0,"9,000","1,061","7,065",884.0,769.0,821.0,D
7702057087586.0,CREMA N4 ORIGINAL * 110 GR,TECNOQUIMICAS CONSUMO,1.0,"43,700",0.0,1.0,988.0,"43,500",642.0,"10,219",744.0,769.0,822.0,D
7703363005554.0,DOLEX 500 MG * 100 TAB,HALEON (GLAXO OTC),2.0,"89,900",0.0,1.0,"1,091","63,000",481.0,"8,434",819.0,769.0,823.0,D
7702057700881.0,LEVETIRACETAM 500 MG * 30 TAB,MK ETICOS CONVENIO,0.0,"37,900",0.0,1.0,770.0,"37,900",697.0,"8,033",837.0,771.0,824.0,D
7707362320014.0,VITAMIX 15 * 30 S/S,NUTREO,3.0,"27,700",0.0,1.0,900.0,"27,700",808.0,"13,000",657.0,771.0,825.0,D
7702535009994.0,POWERADE BLAST * 500 ML,COCA COLA,5.0,"4,000",0.0,4.0,373.0,"16,000",964.0,"7,620",859.0,774.0,826.0,D
7703086201035.0,NIXODERM CREMA * 20 GR,INCOBRA CONSUMO,1.0,"13,800",0.0,2.0,612.0,"27,600",810.0,"7,920",843.0,774.0,827.0,D
7794640170133.0,SENSODYNE REPARA Y PROTEGE * 100 GR,HALEON (GLAXO OTC),0.0,"35,500",0.0,1.0,983.0,"35,500",717.0,"11,709",693.0,774.0,828.0,D
7702617022132.0,NECTAR CALIFORNIA MANZANA * 200 ML,GLORIA COLOMBIA SA,2.0,"2,900",0.0,5.0,320.0,"14,500",989.0,"7,375",871.0,775.0,829.0,D
7702057715885.0,METRONIDAZOL 500 MG + NISTATINA 100.000 UI * 10 OVULOS,MK ETICOS CONVENIO,2.0,"41,100",0.0,1.0,"1,069","41,100",665.0,"11,807",687.0,775.0,830.0,D
7707274721206.0,SACRUSYT INH 100 MCG * 200 DOSIS,FAES OTC,5.0,"21,000",0.0,1.0,739.0,"21,000",891.0,"11,568",698.0,776.0,831.0,D
7707288822906.0,SULZINC SOLUCION * 120 ML,HUMAX PHARMACEUTICAL,1.0,"26,500",0.0,1.0,924.0,"26,500",822.0,"13,249",644.0,776.0,832.0,D
7702027429354.0,NOSOTRAS EXTRA PROTECCION DIA Y NOCHE TELA * 6 UND,ESSITY (FAMILIA),3.0,"3,500",0.0,6.0,268.0,"21,000",888.0,"4,590",999.0,777.0,833.0,D
7702535009987.0,POWERADE FRUTAS TROPICALES * 500 ML,COCA COLA,4.0,"4,000",0.0,4.0,383.0,"16,000",963.0,"7,588",860.0,777.0,834.0,D
7702402059954.0,BOCATTO BROWNIE CARAMELO SALADO * 93 GR,MEALS DE COLOMBIA,9.0,"6,100",0.0,3.0,413.0,"18,300",925.0,"7,320",874.0,777.0,835.0,D
7707019342208.0,METROXAZIDE SUSP * 120 ML ,LABQUIFAR PHARMACEUTICA,1.0,"25,800",0.0,1.0,878.0,"25,800",830.0,"12,710",667.0,777.0,836.0,D
7702189055835.0,DORITOS FLAMIN HOT *41 GR,FRITO LAY,4.0,"3,100",0.0,5.0,285.0,"15,500",974.0,"6,395",915.0,778.0,837.0,D
79400052926.0,REXONA CLINICAL WOMEN ROSADO * 48 GR,UNILEVER ANDINA COLOMBIA,1.0,"28,200",0.0,1.0,818.0,"28,200",802.0,"10,548",733.0,778.0,838.0,D
7702031927433.0,DESITIN CREAMY * 57 GR,JOHNSON Y JOHNSON DE COL SA,1.0,"30,000",0.0,1.0,941.0,"30,000",779.0,"12,359",676.0,778.0,839.0,D
7702123007418.0,ALKA SELTZER EXTREME * 8 S/S  ,BAYER OTC,1.0,"26,100",0.0,2.0,700.0,"38,836",692.0,"6,453",908.0,780.0,840.0,D
7709990384949.0,UNESIA CREMA * 20 GR,GENOMMA LABORATORIO COLOMBIA,0.0,"36,900",0.0,1.0,805.0,"36,900",702.0,"8,044",836.0,781.0,841.0,D
7702090051636.0,NATU MALTA * 400 ML,POSTOBON GASEOSAS,1.0,"3,100",0.0,5.0,291.0,"15,500",975.0,"6,215",925.0,784.0,842.0,D
7702993051801.0,TRULULU GOMITAS AROS * 70 GR,SUPER DE ALIMENTOS,7.0,"2,800",0.0,5.0,297.0,"14,000",999.0,"6,525",901.0,784.0,843.0,D
7702010111501.0,COLGATE CREMA DENTAL T/ACCION * 60 LLEVE 75 ML,COLGATE PALMOLIVE COMPANIA,3.0,"4,900",0.0,4.0,352.0,"19,600",911.0,"5,840",943.0,784.0,844.0,D
7501006711615.0,PRO 425 SUAVE * 1 UND,PROCTER & GAMBLE COLOMBIA,1.0,"5,000",0.0,4.0,400.0,"19,900",907.0,"6,296",920.0,785.0,845.0,D
8904208904936.0,AMOXICILINA 500 MG + ACIDO CLAVULANICO 125 MG * 14 TAB,SEVENPHARMA SAS,0.0,"49,700",0.0,1.0,882.0,"49,700",581.0,"6,502",903.0,785.0,846.0,D
7702057081027.0,YODORA TALCO * 60 GR,TECNOQUIMICAS CONSUMO,1.0,"8,700",0.0,3.0,487.0,"25,500",832.0,"5,991",933.0,786.0,847.0,D
7702057710187.0,PREGABALINA 75 MG * 30 TAB,MK ETICOS CONVENIO,2.0,"39,600",0.0,1.0,872.0,"39,600",681.0,"8,393",823.0,786.0,848.0,D
7702132004484.0,MAREOL * 72 TAB,HALEON (GLAXO OTC),1.0,"56,300",0.0,1.0,"1,080","52,800",556.0,"8,786",803.0,786.0,849.0,D
D1531,TAPABOCAS EMPAQUE INDIVIDUAL * 50 UND,COVID19,1.0,"25,000",0.0,1.0,"1,079","27,600",809.0,"15,410",586.0,787.0,850.0,D
7709990733723.0,FITRALESS 200 MG * 30 TAB,MED-LINE CONVENIO,1.0,"36,000",0.0,1.0,"1,096","26,000",828.0,"16,333",557.0,787.0,851.0,D
7501303010701.0,BAYCUTEN N * 20 GR,BAYER FARMA,1.0,"31,500",0.0,1.0,"1,008","31,500",760.0,"12,388",675.0,788.0,852.0,D
7702993051757.0,TRULULU GOMITAS SABORES * 70 GR,SUPER DE ALIMENTOS,7.0,"2,800",0.0,5.0,316.0,"14,000",997.0,"6,525",902.0,789.0,853.0,D
7707019332605.0,FUNGISTEROL 200 MG * 10 TAB,LABQUIFAR PHARMACEUTICA,0.0,"9,400",0.0,2.0,662.0,"18,800",920.0,"10,062",753.0,789.0,854.0,D
7501125188039.0,METFORMINA 850 MG * 30 TAB,PISA FARMACEUTICA DE COLOMBIA S.A. ,1.0,"19,500",0.0,1.0,932.0,"19,500",912.0,"15,200",592.0,789.0,855.0,D
7702027434020.0,NOSOTRAS DIARIOS * 15 UND,ESSITY (FAMILIA),3.0,"2,400",0.0,6.0,259.0,"14,400",992.0,"5,832",946.0,790.0,856.0,D
7702006206815.0,REXONA CLINICAL WOMEN ROSADO * 30 GR,UNILEVER ANDINA COLOMBIA,2.0,"4,300",0.0,4.0,343.0,"17,200",936.0,"5,868",941.0,790.0,857.0,D
7701021115805.0,WINNY ULTRATRIM SEC ET 2 * 30 UND + 10 TOALLITAS,TECNOQUIMICAS WINNY,2.0,"31,000",0.0,1.0,749.0,"31,000",765.0,"8,020",838.0,790.0,858.0,D
7730979091206.0,VEDIPAL 450/50MG * 30 CAP,ADIUM (TECNOFARMA),0.0,"35,100",0.0,1.0,832.0,"35,100",720.0,"8,157",829.0,792.0,859.0,D
7702035432339.0,LISTERINE COOL MINT * 500 ML,JOHNSON Y JOHNSON DE COL SA,0.0,"29,400",0.0,1.0,974.0,"29,400",791.0,"12,115",680.0,792.0,860.0,D
7707282990274.0,JERINGA 5 ML 21G * 1 1/2 ,BEGUT SEVENPHARMA IMPORTACIONES,11.0,500.0,0.0,15.0,86.0,"7,500","1,085","5,100",980.0,793.0,861.0,D
7707228367085.0,SET INFUSION MACROGOTEO S/A * 1 UND,ALFA SAFE,4.0,"2,900",0.0,4.0,340.0,"11,600","1,024","7,308",875.0,793.0,862.0,D
7702189046673.0,DETODITO NATURAL * 165 GR,FRITO LAY,2.0,"10,100",0.0,2.0,593.0,"20,200",897.0,"8,046",835.0,796.0,863.0,D
7703381000463.0,BERODUAL SOL INHALADOR * 20 ML ,BOEHRINGER INGELHEIM FARMA,3.0,"33,500",0.0,1.0,"1,021","33,500",733.0,"10,994",714.0,797.0,864.0,D
7707228361793.0,JERINGA 10 ML 21G * 1 1/2 HIPODERMICA,ALFA SAFE,17.0,800.0,0.0,10.0,155.0,"8,000","1,076","5,650",956.0,798.0,865.0,D
7506105606077.0,TRIDENT FRESH MINT * 18 UND,DISCOB NORTE SAS,4.0,"5,400",0.0,3.0,462.0,"16,200",956.0,"7,383",870.0,798.0,866.0,D
7707355401003.0,CABESTRILLO SENCILLO ADVANCE,NTI (NEW TRADE INTERNATIONAL),1.0,"30,500",0.0,1.0,796.0,"30,500",769.0,"8,335",824.0,798.0,867.0,D
7707019334203.0,FUNGISTEROL SHAMPOO * 100 ML,LABQUIFAR PHARMACEUTICA,1.0,"24,000",0.0,1.0,956.0,"24,000",852.0,"13,043",651.0,798.0,868.0,D
7702168214000.0,RON VIEJO DE CALDAS * 375 ML,COMORIENTE,1.0,"33,500",0.0,1.0,768.0,"33,500",732.0,"7,295",876.0,799.0,869.0,D
7702057011284.0,INMOX 30 MG * 14 CAP,TECNOQUIMICAS VM TQ,0.0,"16,800",0.0,2.0,594.0,"33,600",731.0,"4,852",991.0,801.0,870.0,D
7702057073985.0,LOPERAMIDA 2 MG * 6 TAB,MK ETICOS CONVENIO,2.0,"12,000",0.0,2.0,682.0,"24,000",850.0,"8,070",833.0,801.0,871.0,D
7702418004672.0,CEBION GOTAS FRESA * 30 ML ,PROCTER & GAMBLE CHC,1.0,"28,600",0.0,1.0,758.0,"28,600",798.0,"8,098",831.0,801.0,872.0,D
7707019437225.0,BUPROFEN JBE * 120 ML ,LABQUIFAR PHARMACEUTICA,1.0,"21,500",0.0,1.0,955.0,"21,500",880.0,"13,518",637.0,802.0,873.0,D
7702560000362.0,ALGODON JGB * 25 GR,JGB,2.0,"3,200",0.0,5.0,323.0,"16,000",966.0,"5,505",962.0,804.0,874.0,D
7730979098434.0,MICROGYNON FACE * 21 GRAG,ADIUM (TECNOFARMA),1.0,"31,900",0.0,1.0,890.0,"31,900",755.0,"8,955",795.0,805.0,875.0,D
7707282990403.0,TERMOMETRO DIGITAL PUNTA FLEXIBLE ,BEGUT SEVENPHARMA IMPORTACIONES,0.0,"20,000",0.0,1.0,861.0,"20,000",905.0,"11,911",685.0,806.0,876.0,D
7707228360222.0,GUANTE CIRUGIA ESTERIL TALLA # 6 1/2 ,ALFA SAFE,2.0,"2,500",0.0,5.0,330.0,"12,500","1,015","6,275",922.0,807.0,877.0,D
7451079001529.0,DOLEX GRIPA 500 MG * 100 TAB,HALEON (GLAXO OTC),2.0,"135,000",0.0,0.0,"1,120","56,000",540.0,"7,834",849.0,809.0,878.0,D
7703153016548.0,LATANOX GOTAS * 5 ML (REFRIGERADO),PROCAPS RX,0.0,"44,000",0.0,1.0,797.0,"47,300",609.0,"4,680",996.0,811.0,879.0,D
7707133072593.0,HIT MORA * 1.5 LT,POSTOBON GASEOSAS,2.0,"5,800",0.0,3.0,415.0,"17,100",940.0,"5,784",948.0,812.0,880.0,D
7506105606053.0,TRIDENT MENTA 30.6 GR * 18 UND,DISCOB NORTE SAS,3.0,"5,400",0.0,3.0,509.0,"16,200",958.0,"7,344",873.0,812.0,881.0,D
7703202221237.0,BISOLVON ADULTO * 120 ML ,OPELLA (SANOFI OTC),1.0,"39,000",0.0,1.0,"1,031","39,000",691.0,"9,412",782.0,812.0,882.0,D
7702057706944.0,TRIMEBUTINA 200 MG + SIMETICONA 120 MG * 30 TAB,MK ETICOS CONVENIO,1.0,"107,700",0.0,0.0,"1,125","36,000",707.0,"11,215",707.0,812.0,883.0,D
7702057717353.0,LEVOTIROXINA 125 MG * 30 TAB,MK ETICOS CONVENIO,0.0,"32,500",0.0,1.0,738.0,"32,500",746.0,"6,314",918.0,813.0,884.0,D
7702024207283.0,KLIM 1+ DESLACTOSADA * 800 GR,NESTLE NUTRICION,2.0,"46,000",0.0,1.0,801.0,"46,000",625.0,"5,024",986.0,813.0,885.0,D
7702560040863.0,ECOPITOS JGB * 50 UND,JGB,2.0,"6,400",0.0,3.0,491.0,"19,200",917.0,"6,213",926.0,814.0,886.0,D
7702123006787.0,ALKA SELTZER * 60 TAB,BAYER OTC,0.0,"84,900",0.0,1.0,"1,113","44,800",631.0,"9,371",786.0,814.0,887.0,D
7707263007700.0,RANIMED PLUS * 24 S/S /D19/,TRIDEX FARMACEUTICA,3.0,"69,300",0.0,0.0,"1,122","26,100",826.0,"14,325",612.0,814.0,888.0,D
7707213870231.0,LIVIAL * 30 TAB,GRUNENTHAL COLOMBIANA,1.0,"42,000",0.0,1.0,933.0,"42,000",654.0,"7,094",883.0,815.0,889.0,D
7707213870170.0,CERAZETTE * 28 COMP,GRUNENTHAL COLOMBIANA,0.0,"15,000",0.0,2.0,604.0,"30,000",780.0,"5,138",979.0,816.0,890.0,D
7703546024501.0,TIAMINA 300 MG * 50 CAP L-CONSUM,NOVAMED OTC,0.0,"18,500",0.0,1.0,754.0,"20,000",902.0,"9,400",783.0,817.0,891.0,D
7613037029260.0,KLIM NUTRI ADVANCE * 800 GR,NESTLE NUTRICION,0.0,"67,900",0.0,1.0,775.0,"40,740",668.0,"5,211",974.0,817.0,892.0,D
7501094916015.0,VOLTAREN EMULGEL * 30 GR  ,HALEON (GLAXO OTC),0.0,"41,600",0.0,1.0,854.0,"41,600",661.0,"6,081",931.0,817.0,893.0,D
7703546722407.0,NUTRIBEN NATAL 1 * 400 GR,NOVAMED NUTRICIONAL,0.0,"66,000",0.0,1.0,"1,045","66,000",466.0,"5,000",987.0,819.0,894.0,D
7702184560143.0,PASEDOL JBE * 60 ML,ECAR,0.0,"23,400",0.0,1.0,"1,048","23,400",860.0,"13,193",646.0,821.0,895.0,D
7896116860972.0,MICROGYNON * 21 GRAG ,ADIUM (TECNOFARMA),2.0,"7,000",0.0,3.0,444.0,"21,000",887.0,"4,521","1,002",822.0,896.0,D
7709947559789.0,HIDROPIEL CREMA 2% * 30 GR,NATURALMENTE,1.0,"18,100",0.0,1.0,971.0,"18,100",926.0,"13,300",643.0,824.0,897.0,D
7501058631121.0,BABY KLIM 1 + LATA * 400 GR,NESTLE NUTRICION,0.0,"40,500",0.0,1.0,734.0,"40,500",669.0,"4,072","1,021",826.0,898.0,D
7702133867101.0,TRIDENT FRESH HERBAL 5.1 GR * 3 UND,DISCOB NORTE SAS,18.0,"1,600",0.0,6.0,274.0,"9,100","1,057","5,238",971.0,827.0,899.0,D
7703381004515.0,MICARDIS 40 MG * 28 COMP,BOEHRINGER INGELHEIM FARMA,0.0,"16,600",0.0,2.0,670.0,"35,282",718.0,"4,040","1,026",829.0,900.0,D
7502253073006.0,LECHE DE MAGNESIA PHILLIPS * 360 ML,ASPEN COLOMBIANA SAS,1.0,"39,400",0.0,1.0,853.0,"39,400",687.0,"5,916",938.0,829.0,901.0,D
7707263005393.0,ACED PIEL  PROTECTOR SOLAR SPF 50+ * 24 S/S,TRIDEX FARMACEUTICA,0.0,"105,600",0.0,0.0,"1,135","22,500",868.0,"14,688",605.0,830.0,902.0,D
7702914597975.0,PONQUE GALA NATURAL TAJADA * 60 GR ,PRODUCTOS RAMO,4.0,"2,800",0.0,4.0,335.0,"11,200","1,028","5,172",976.0,834.0,903.0,D
7702001086054.0,BON YURT CHOCOKRISPIS * 170 GR,ALPINA PRODUCTOS ALIMENTICIOS S.A.,4.0,"5,200",0.0,3.0,445.0,"15,600",973.0,"5,589",959.0,835.0,904.0,D
7702914112024.0,PONQUE GALA VAINILLA TAJADA * 60 GR,PRODUCTOS RAMO,4.0,"2,800",0.0,4.0,350.0,"11,200","1,029","5,216",973.0,837.0,905.0,D
7703153019587.0,ALACTIN 0.5 MG * 4 TAB ,PROCAPS RX,0.0,"42,100",0.0,1.0,879.0,"43,800",638.0,"5,034",985.0,837.0,906.0,D
7706569022455.0,MONTELUKAST 10 MG * 10 TAB,A.G. MEDICAMENTOS,2.0,"27,300",0.0,1.0,887.0,"27,300",813.0,"8,192",827.0,837.0,907.0,D
7701021145925.0,WINNY TOALLITAS ALOE VERA Y VITA E * 70 UND,TECNOQUIMICAS WINNY TOALLITAS,1.0,"10,100",0.0,2.0,678.0,"20,200",898.0,"7,062",885.0,838.0,908.0,D
7702027479588.0,TENA SLIP CLASICO (ANTES BASIC) L * 9 UND,ESSITY (FAMILIA),2.0,"30,100",0.0,1.0,917.0,"30,100",775.0,"7,895",844.0,838.0,909.0,D
7703445050014.0,PANOTIL BETA GOTAS * 8 ML ,ZAMBON COLOMBIA ,1.0,"25,000",0.0,1.0,730.0,"25,000",840.0,"6,492",905.0,839.0,910.0,D
7702189053794.0,PAPAS MARGARITA LIMON * 105 GR,FRITO LAY,2.0,"8,200",0.0,2.0,576.0,"16,400",953.0,"6,462",906.0,840.0,911.0,D
650240028199.0,X RAY DOL * 12 TAB,GENOMMA LABORATORIO COLOMBIA,4.0,"22,900",0.0,1.0,789.0,"22,900",865.0,"7,779",851.0,840.0,912.0,D
7622202206122.0,GALLETA OREO CHOCOLATE 216 GR * 6 UND,MONDELEZ,0.0,"8,600",0.0,2.0,601.0,"17,200",935.0,"6,444",911.0,842.0,913.0,D
7702189053770.0,PAPAS MARGARITA DE POLLO * 105 GR,FRITO LAY,1.0,"8,200",0.0,2.0,583.0,"16,400",952.0,"6,432",913.0,844.0,914.0,D
7703546010306.0,AEROVIAL * 30 CAP INHALADOR  L-RESPI-ASM,NOVAMED FARMA,1.0,"34,500",0.0,1.0,733.0,"34,500",723.0,"4,150","1,018",844.0,915.0,D
7707263007458.0,OCHO BABY CREMA CORPORAL * 230 ML,TRIDEX FARMACEUTICA,3.0,"17,000",0.0,1.0,845.0,"17,000",942.0,"9,960",759.0,845.0,916.0,D
7702007039689.0,CHOCOLATINA JUMBO FLOW NEGRA * 48 GR,GRUPO NUTRESA,9.0,"4,500",0.0,3.0,464.0,"13,500","1,005","5,835",945.0,846.0,917.0,D
7702010631382.0,COLGATE CREMA T/ACCION * 50 ML + CEPILLO PREMIER CLEAN,COLGATE PALMOLIVE COMPANIA,2.0,"5,300",0.0,3.0,484.0,"15,900",969.0,"5,451",964.0,846.0,918.0,D
7702031132844.0,JOHNSON ACEITE ORIGINAL * 50 ML,JOHNSON Y JOHNSON DE COL SA,2.0,"8,500",0.0,2.0,625.0,"17,000",941.0,"6,538",900.0,846.0,919.0,D
70942501248.0,GUM CEPILLO ORTODONCIA * 1 UND,GUM,1.0,"19,300",0.0,1.0,800.0,"19,300",916.0,"8,436",818.0,848.0,920.0,D
7702057080075.0,YODORA CREMA * 25 GR,TECNOQUIMICAS CONSUMO,2.0,"8,200",0.0,2.0,541.0,"16,400",951.0,"5,702",952.0,849.0,921.0,D
7702123013693.0,ACID MANTLE TATTOO CREMA * 30 GR,BAYER OTC,0.0,"30,200",0.0,1.0,967.0,"30,200",772.0,"7,875",847.0,851.0,922.0,D
7702192521747.0,GATORLIT COCO * 620 ML,POSTOBON GASEOSAS,2.0,"5,300",0.0,3.0,470.0,"15,900",968.0,"4,908",989.0,852.0,923.0,D
D1346,CABLE IPHONE REF 1989,INOVY,3.0,"20,000",0.0,1.0,"1,058","20,000",899.0,"12,017",682.0,852.0,924.0,D
7622201693213.0,GALLETA OREO ORIGINAL * 108 GR ,MONDELEZ,-1.0,"4,200",0.0,3.0,496.0,"12,600","1,011","5,898",939.0,853.0,925.0,D
7702189057884.0,CHEETOS TRISSITOS PICANTES * 34 GR,FRITO LAY,2.0,"2,500",0.0,4.0,349.0,"10,000","1,043","4,420","1,005",854.0,926.0,D
7702057184315.0,NORAVER-P NARANJA MIEL * 96 TAB,TECNOQUIMICAS,1.0,"195,800",0.0,0.0,"1,141","37,200",701.0,"8,555",812.0,855.0,927.0,D
7705241110107.0,GELATIN FRESA LA MEJOR * 120 GR,LA MEJOR,5.0,"1,700",0.0,5.0,280.0,"8,500","1,069","3,880","1,035",858.0,928.0,D
77012159.0,BESO DE AMOR * 32 GR,NESTLE FOOD & BEVERAGE,2.0,"2,600",0.0,4.0,355.0,"10,400","1,038","4,084","1,020",860.0,929.0,D
7702560000102.0,CITROMEL * 310 ML ,JGB,1.0,"26,700",0.0,1.0,764.0,"26,700",821.0,"5,675",954.0,860.0,930.0,D
7703153012083.0,PEDIAVIT ZINC GOTAS * 10 ML  ,PROCAPS OTX,0.0,"29,300",0.0,1.0,870.0,"30,108",774.0,"6,085",930.0,860.0,931.0,D
7702026180249.0,PAPEL HIG FAMILIA EXPERT * 1 UND,ESSITY (FAMILIA),8.0,"3,000",0.0,4.0,397.0,"12,000","1,019","4,256","1,012",861.0,932.0,D
7702560026577.0,ALCOHOL JGB * 120 ML,JGB,1.0,"4,200",0.0,3.0,417.0,"12,600","1,012","4,407","1,006",861.0,933.0,D
7702645201653.0,BICARBONATO DE SODIO * 500 GR,LEON,2.0,"7,000",0.0,2.0,527.0,"14,000","1,001","5,802",947.0,861.0,934.0,D
7707233051580.0,TETERO FRESH COLOR CON SOLAPA * 8 ONZ,GRAN ANDINA,1.0,"8,000",0.0,2.0,577.0,"16,000",961.0,"5,712",951.0,861.0,935.0,D
7704588000683.0,ANESTECIN CREMA * 5 GR,ROPSOHN THERAPEUTICS,0.0,"39,900",0.0,1.0,966.0,"39,700",677.0,"5,626",957.0,861.0,936.0,D
7706569000187.0,GUAYACOLATO GLICERILO * 120 ML,A.G. MEDICAMENTOS,2.0,"16,900",0.0,1.0,866.0,"16,900",946.0,"9,371",785.0,862.0,937.0,D
7706569001672.0,BETAMETASONA CREMA 0.1% * 20 GR,A.G. MEDICAMENTOS,1.0,"17,800",0.0,1.0,981.0,"17,800",931.0,"10,611",727.0,862.0,938.0,D
7707228368273.0,VENDA ELASTICA BLANCA 4 * 5 YD,ALFA SAFE,2.0,"3,400",0.0,3.0,423.0,"10,200","1,040","5,070",982.0,863.0,939.0,D
7702184013069.0,AMPICILINA 500 MG * 100 CAPS,ECAR,1.0,"96,800",0.0,0.0,"1,137","20,000",901.0,"12,958",659.0,863.0,940.0,D
7707058341576.0,BIOTINA 900 MCG * 30 CAP,NATURALMENTE,3.0,"36,000",0.0,1.0,"1,107","19,500",913.0,"12,686",668.0,864.0,941.0,D
7707232098081.0,MIELTERTOS GRIPA DIA PANELA - NARANJA * 24 SOBRES,NATURAL FRESHLY,1.0,"63,500",0.0,0.0,"1,121","24,300",847.0,"10,883",719.0,864.0,942.0,D
7702133009037.0,GALLETA OREO ORIGINAL * 54 GR,MONDELEZ,9.0,"2,200",0.0,4.0,368.0,"8,800","1,062","4,396","1,007",867.0,943.0,D
7702057015428.0,HIDRAPLUS 75 ZINC MANZANA * 400 ML ,TECNOQUIMICAS VM TQ,3.0,"11,000",0.0,2.0,633.0,"22,000",873.0,"4,372","1,009",867.0,944.0,D
7707019328653.0,ASMIKET JBE * 120 ML,LABQUIFAR PHARMACEUTICA,1.0,"19,500",0.0,1.0,"1,043","19,500",914.0,"10,864",720.0,869.0,945.0,D
7701021118011.0,WINNY GOLD SENSITIVE ET 1 * 30 UND + 20 TOALLITAS,TECNOQUIMICAS WINNY,0.0,"29,800",0.0,1.0,"1,000","29,800",787.0,"7,570",861.0,870.0,946.0,D
7707267840068.0,TREX CREMA * 30 GR,SIEGFRIED FARMA,0.0,"39,000",0.0,1.0,"1,014","39,000",690.0,"5,897",940.0,871.0,947.0,D
7703153025120.0,BETADUO 2 ML * 12 AMP,PROCAPS OTX,0.0,"462,700",0.0,0.0,"1,155","38,600",693.0,"7,702",855.0,873.0,948.0,D
7707233050095.0,TETERO PEQUEÑO DOBLE MANIJA * 5 ONZ,GRAN ANDINA,2.0,"7,500",0.0,2.0,564.0,"15,000",980.0,"5,196",975.0,874.0,949.0,D
7703546134200.0,PROPRANOLOL 40 MG * 20 TAB L-CONSUM ,NOVAMED OTC,0.0,"15,000",0.0,1.0,856.0,"15,000",981.0,"9,250",791.0,874.0,950.0,D
7501007532561.0,SINUTAB PLUS * 12 TAB,JOHNSON Y JOHNSON DE COL SA,1.0,"25,000",0.0,1.0,895.0,"25,000",842.0,"6,981",889.0,874.0,951.0,D
7701021148940.0,WINNY TOALLITAS HUMEDAS SENSITIVE * 160 UND,TECNOQUIMICAS WINNY TOALLITAS,0.0,"23,600",0.0,1.0,973.0,"23,600",858.0,"8,252",826.0,874.0,952.0,D
7707288822326.0,SULZINC SOLUCION * 80 ML,HUMAX PHARMACEUTICAL,1.0,"20,000",0.0,1.0,"1,015","20,000",904.0,"9,840",764.0,876.0,953.0,D
7702184020661.0,TRAMADOL GOTAS * 10 ML,ECAR,3.0,"12,200",0.0,1.0,794.0,"12,200","1,017","8,667",807.0,877.0,954.0,D
7613032975234.0,NESTUM CERELAC *360 GR  ,NESTLE NUTRICION,1.0,"21,900",0.0,1.0,847.0,"21,900",876.0,"6,567",898.0,878.0,955.0,D
7702090018875.0,MAXLIT SUERO 45 CEREZA * 625 ML,POSTOBON SUEROS,3.0,"8,400",0.0,2.0,532.0,"16,800",948.0,"3,680","1,047",884.0,956.0,D
7703038062431.0,SULFATO FERROSO GOTAS * 20 ML,LAPROFF,0.0,"16,100",0.0,1.0,929.0,"16,100",960.0,"9,175",793.0,885.0,957.0,D
8710428020314.0,PEDIASURE LIQUIDO FRESA * 220 ML ,ABBOTT NUTRICION,3.0,"11,600",0.0,2.0,681.0,"23,200",862.0,"3,916","1,034",886.0,958.0,D
7702132655495.0,ADVIL ESPALDA Y CUELLO * 5 CAP,HALEON (GLAXO OTC),0.0,"12,800",0.0,2.0,689.0,"25,600",831.0,"3,358","1,057",886.0,959.0,D
650240032592.0,NEXT GL GRIPA * 8 TAB ,GENOMMA LABORATORIO COLOMBIA,1.0,"16,800",0.0,1.0,708.0,"21,200",882.0,"4,492","1,003",887.0,960.0,D
7703153021696.0,LEVOTIROXINA 100 MG * 30 TAB,COLMED,0.0,"19,900",0.0,1.0,"1,006","19,900",906.0,"8,922",797.0,887.0,961.0,D
7702617022118.0,NECTAR CALIFORNIA DURAZNO *200 ML,GLORIA COLOMBIA SA,3.0,"2,900",0.0,3.0,424.0,"8,700","1,066","4,044","1,025",889.0,962.0,D
7702004001955.0,CERVEZA AGUILA LIGHT LATA * 330 ML,BAVARIA S.A.,0.0,"3,800",0.0,3.0,461.0,"11,400","1,027","3,846","1,037",890.0,963.0,D
7702645200120.0,SAL DE EPSOM * 100 GR,LEON,2.0,"4,900",0.0,2.0,557.0,"9,800","1,049","5,602",958.0,890.0,964.0,D
7702189056023.0,PAPAS MARGARITA LIMON * 36 GR,FRITO LAY,1.0,"3,000",0.0,3.0,442.0,"9,000","1,058","3,987","1,028",892.0,965.0,D
7706569021922.0,TRAZODONA 50 MG * 50 TAB,A.G. MEDICAMENTOS,0.0,"61,600",0.0,0.0,"1,118","25,000",841.0,"8,883",800.0,894.0,966.0,D
"D1037, 75010659",H & S SHAMPOO SOBRE SURTIDO,PROCTER & GAMBLE COLOMBIA,0.0,"1,300",0.0,5.0,329.0,"6,500","1,099","3,060","1,069",895.0,967.0,D
7707232094489.0,FYBOFORT PSYLLIUM MICRONIZADO * 12 S/S,NATURAL FRESHLY,0.0,"43,500",0.0,1.0,"1,111","22,200",869.0,"9,308",790.0,898.0,968.0,D
7506205817465.0,ENFALAC * 340 GR,MEAD JOHNSON NUTRITION COLOMBIA,0.0,"46,300",0.0,1.0,"1,059","46,300",621.0,"3,764","1,043",899.0,969.0,D
7707228360239.0,GUANTE CIRUGIA ESTERIL TALLA # 7,ALFA SAFE,11.0,"2,500",0.0,3.0,419.0,"7,500","1,086","3,801","1,039",900.0,970.0,D
7702993023792.0,TRULULU GOMITAS ORO * 70 GR,SUPER DE ALIMENTOS,3.0,"2,800",0.0,3.0,456.0,"8,400","1,072","3,921","1,032",902.0,971.0,D
7703546043038.0,CRONOFEN NIÑOS CEREZA GOTAS * 30 ML L-RESPI-RIN,NOVAMED BABY ,2.0,"15,700",0.0,1.0,979.0,"15,700",971.0,"9,100",794.0,902.0,972.0,D
7701021118356.0,WINNY ULTRATRIM SEC ET 5 * 16 UND,TECNOQUIMICAS WINNY,0.0,"27,500",0.0,1.0,"1,046","27,500",812.0,"6,957",891.0,902.0,973.0,D
7501125176470.0,ELECTROLIT FRESA SUERO * 625 ML,PISA (SUEROS LIQUIDOS),5.0,"8,800",0.0,2.0,606.0,"17,600",932.0,"3,200","1,063",903.0,974.0,D
7703454123761.0,MILPAX NF CEREZA * 12 S/S,FARMA DE COLOMBIA SA,1.0,"39,900",0.0,1.0,"1,093","27,200",815.0,"7,509",863.0,904.0,975.0,D
7702123002826.0,ACID MANTLE LOCION * 120 ML ,BAYER OTC,0.0,"27,300",0.0,1.0,851.0,"27,300",814.0,"4,118","1,019",905.0,976.0,D
7501058631138.0,BABY KLIM 2 + LATA * 400 GR,NESTLE NUTRICION,1.0,"36,100",0.0,1.0,968.0,"36,100",705.0,"3,770","1,041",905.0,977.0,D
7703153016852.0,CLENOX 40 MG * 1 JERINGA PRELLENADA,PROCAPS CLINICAL,13.0,"17,000",0.0,1.0,723.0,"17,000",943.0,"4,993",988.0,906.0,978.0,D
7702057077402.0,FLUCONAZOL 200 MG * 4 CAP,MK ETICOS CONVENIO,0.0,"17,300",0.0,1.0,761.0,"17,300",934.0,"5,231",972.0,906.0,979.0,D
7707341450046.0,INHALOCAMARA PEDIATRICA * 1 UND,RSB,2.0,"14,900",0.0,1.0,"1,053","14,900",986.0,"10,200",745.0,906.0,980.0,D
7703712011366.0,KRODEX F COMPUESTO * 20 CAP   ,COASPHARMA MEDIBRAND VM,1.0,"42,800",0.0,1.0,"1,108","22,000",872.0,"8,630",809.0,906.0,981.0,D
7702189057822.0,PAPAS MARGARITAS ONDULADA TOMATE * 35 GR ,FRITO LAY,6.0,"3,000",0.0,3.0,498.0,"9,000","1,059","3,954","1,030",907.0,982.0,D
7702057711931.0,AZITROMICINA 200 MG SUSP * 15 ML,MK ETICOS CONVENIO,1.0,"24,900",0.0,1.0,"1,063","24,900",844.0,"7,498",865.0,907.0,983.0,D
7707282990298.0,JERINGA 10 ML 21G * 1 1/2,BEGUT SEVENPHARMA IMPORTACIONES,46.0,800.0,0.0,5.0,310.0,"4,000","1,133","2,780","1,084",908.0,984.0,D
7502235820956.0,"GUM CEPILLO INTERDENTAL 0,8 MM +1.1MM + 1.6 MM * 3 UND",GUM,0.0,"15,300",0.0,1.0,836.0,"15,300",978.0,"6,832",892.0,908.0,985.0,D
7500435107020.0,VICK VAPORUB 12 GR * 12 LATAS,PROCTER & GAMBLE CHC,1.0,"67,900",0.0,1.0,"1,114","34,200",728.0,"5,939",937.0,908.0,986.0,D
7702057075088.0,ALCOHOL MK * 350 ML ,TECNOQUIMICAS CUIDADO DE HERIDA,0.0,"6,300",0.0,2.0,569.0,"12,600","1,013","3,592","1,048",916.0,987.0,D
7594002621989.0,FLORATIL 250 MG * 10 S/S,AXON PHARMA ,0.0,"89,000",0.0,0.0,"1,140","16,600",949.0,"10,063",752.0,918.0,988.0,D
7703381004195.0,MICARDIS 80 MG * 28 COMP,BOEHRINGER INGELHEIM FARMA,1.0,"33,000",0.0,1.0,977.0,"33,000",741.0,"3,792","1,040",920.0,989.0,D
7702057067663.0,FERROVITAL * 340 ML,TECNOQUIMICAS,-1.0,"24,000",0.0,1.0,875.0,"24,000",854.0,"4,377","1,008",921.0,990.0,D
7702184020227.0,CETIRIZINA 5 MG MORA AZUL * 60 ML ,ECAR,4.0,"12,600",0.0,1.0,841.0,"12,600","1,014","6,709",896.0,924.0,991.0,D
7622210427199.0,HALLS BARRA FRUIT MIX * 9 UND,DISCOB NORTE SAS,9.0,"2,500",0.0,3.0,508.0,"7,300","1,088","3,729","1,044",925.0,992.0,D
7702605100392.0,AMLODIPINO 5 MG * 10 TAB ,GENFAR,0.0,"7,000",0.0,2.0,617.0,"14,000",996.0,"3,404","1,056",925.0,993.0,D
7702027041587.0,NOSOTRAS BUENAS NOCHES ULTRA INVISIBLE SUAVISEC * 10 UND,ESSITY (FAMILIA),1.0,"14,700",0.0,1.0,857.0,"14,700",987.0,"6,440",912.0,925.0,994.0,D
7707274723828.0,POTENCIATOR 5 GR * 2 AMP BEBIBLES,FAES FARMA,0.0,"15,700",0.0,1.0,"1,020","14,130",994.0,"8,779",805.0,925.0,995.0,D
7590011251100.0,GALLETA OREO ORIGINAL * 36 GR,MONDELEZ,5.0,"1,900",0.0,3.0,439.0,"5,500","1,110","3,003","1,074",928.0,996.0,D
7622201760397.0,TRIDENT MORA AZUL * 18 UND,DISCOB NORTE SAS,0.0,"5,400",0.0,2.0,676.0,"10,800","1,033","4,834",993.0,928.0,997.0,D
7702814107564.0,PYRALVEX * 10 ML,NTI (NEW TRADE INTERNATIONAL),0.0,"30,400",0.0,1.0,"1,026","26,800",820.0,"5,272",970.0,932.0,998.0,D
7702018072439.0,GILLETTE PRESTOBARBA SIMPLY VENUS 3 * 1 UND,PROCTER & GAMBLE COLOMBIA,1.0,"5,000",0.0,2.0,592.0,"10,000","1,047","3,514","1,049",934.0,999.0,D
7701021142665.0,WINNY TOALLITAS SENSITIVE R/NACIDO * 80 UND,TECNOQUIMICAS WINNY TOALLITAS,1.0,"13,300",0.0,1.0,741.0,"13,300","1,006","4,749",994.0,935.0,"1,000",D
7707232090535.0,JABON DE AZUFRE * 90 GR,NATURAL FRESHLY,1.0,"15,000",0.0,1.0,"1,051","15,000",983.0,"8,423",820.0,935.0,"1,001",D
7702090050974.0,SPEED MAX * 1 LT,POSTOBON GASEOSAS,3.0,"4,300",0.0,2.0,530.0,"8,600","1,067","2,970","1,078",937.0,"1,002",D
7702189057921.0,DORITOS DINAMITA FLAMIN HOT *50 GR,FRITO LAY,0.0,"4,200",0.0,2.0,579.0,"7,000","1,094","4,054","1,024",937.0,"1,003",D
7702057019983.0,PRELUDYO 75 MG * 14 CAP,TECNOQUIMICAS VM TQ,0.0,"19,000",0.0,1.0,765.0,"19,000",919.0,"3,210","1,062",938.0,"1,004",D
7706569020079.0,SILDENAFIL 50 MG * 2 TAB MASTICABLES,A.G. MEDICAMENTOS,5.0,"9,400",0.0,1.0,746.0,"9,400","1,054","5,547",960.0,939.0,"1,005",D
7706569000088.0,CIPROFLOXACINO 500 MG * 10 TAB,A.G. MEDICAMENTOS,2.0,"10,000",0.0,1.0,806.0,"10,000","1,045","5,987",934.0,941.0,"1,006",D
7891010253141.0,SUNDOWN PROCTECTOR SOLAR FPS 70 * 1 S/S,JOHNSON Y JOHNSON DE COL SA,1.0,"4,000",0.0,2.0,533.0,"8,000","1,081","2,972","1,077",942.0,"1,007",D
7707282990953.0,PRUEBA DE EMBARAZO CASSETTE ,BEGUT SEVENPHARMA IMPORTACIONES,3.0,"9,900",0.0,1.0,986.0,"9,900","1,048","8,399",822.0,942.0,"1,008",D
7702057070748.0,ASA 100 MG * 100 TAB,MK ETICOS CONVENIO,1.0,"34,300",0.0,1.0,"1,098","24,000",849.0,"6,205",927.0,942.0,"1,009",D
7702090029567.0,GASEOSA PEPSI * 1.5 LT,POSTOBON GASEOSAS,4.0,"5,500",0.0,2.0,666.0,"11,000","1,031","3,840","1,038",943.0,"1,010",D
7703381001415.0,DULCOLAX * 10 TAB,OPELLA (SANOFI OTC),0.0,"22,000",0.0,1.0,"1,062","22,000",871.0,"6,038",932.0,943.0,"1,011",D
75900557.0,SCHICK EXACTA DELICADA * 1 UND ,EDGEWELL,1.0,"3,000",0.0,2.0,537.0,"6,000","1,102","3,318","1,060",944.0,"1,012",D
7709804466977.0,LAZARO BEBIDA * 200 ML ,BORN DC ,3.0,"9,900",0.0,1.0,921.0,"12,500","1,016","6,648",897.0,945.0,"1,013",D
7703689317386.0,OCEIRA * 21 TAB,PROFAMILIA,2.0,"6,000",0.0,2.0,558.0,"12,000","1,021","1,946","1,122",946.0,"1,014",D
7702006298940.0,EGO GEL FOR MEN ATTRACTION * 110 ML,UNILEVER ANDINA COLOMBIA,1.0,"4,000",0.0,2.0,602.0,"8,000","1,077","3,510","1,050",947.0,"1,015",D
7702057715854.0,METRONIDAZOL 500 MG * 10 OVULOS,MK ETICOS CONVENIO,0.0,"16,200",0.0,1.0,863.0,"16,200",959.0,"4,875",990.0,947.0,"1,016",D
7709235278460.0,TETINA BABY MUNKY ANTICOLIC FLUJO MEDIO 3M+ * 1 UND,AVENT,1.0,"10,500",0.0,1.0,835.0,"10,500","1,036","5,855",942.0,948.0,"1,017",D
7701021118318.0,WINNY ULTRATRIM SEC ET 3 * 16 UND,TECNOQUIMICAS WINNY,0.0,"20,600",0.0,1.0,997.0,"20,600",893.0,"5,366",968.0,949.0,"1,018",D
7702027435423.0,NOSOTRAS TAMPONES SUPER * 20 UND,ESSITY (FAMILIA),0.0,"16,300",0.0,1.0,781.0,"16,300",955.0,"3,461","1,053",951.0,"1,019",D
7702010470486.0,LADY SPEED STICK CLINICAL MINI POWDER CREMA * 30 GR,COLGATE PALMOLIVE COMPANIA,1.0,"4,800",0.0,2.0,686.0,"9,600","1,052","3,936","1,031",952.0,"1,020",D
7702057070588.0,METOPROLOL 100 MG * 30 TAB,MK ETICOS CONVENIO,1.0,"19,300",0.0,1.0,999.0,"19,300",915.0,"5,660",955.0,952.0,"1,021",D
7703712085060.0,IBUPROFAR COMPUESTO * 48 CAP,TRIDEX FARMACEUTICA,0.0,"75,900",0.0,0.0,"1,147","12,800","1,009","9,348",787.0,955.0,"1,022",D
7702027444685.0,NOSOTRAS DIARIOS MULTIESTILO * 15 UND,ESSITY (FAMILIA),0.0,"2,000",0.0,3.0,463.0,"6,000","1,101","1,398","1,137",956.0,"1,023",D
7703845889757  ,TAPABOCAS KN95 ADULTO * 1 UND ,COVID19,1.0,"2,500",0.0,2.0,525.0,"5,000","1,118","2,738","1,086",957.0,"1,024",D
7703283404024.0,LYRICA 25 MG * 30 CAP,ASPEN COLOMBIANA SAS,0.0,"18,000",0.0,1.0,762.0,"18,000",930.0,"2,447","1,105",958.0,"1,025",D
8437009433584.0,DIENILLE 2MG/0.03MG * 21 TAB,EXELTIS,1.0,"17,100",0.0,1.0,976.0,"17,100",939.0,"5,388",967.0,959.0,"1,026",D
7501086453931.0,PRO CEPILLO 425 MEDIO * 2 UND,PROCTER & GAMBLE COLOMBIA,1.0,"15,500",0.0,1.0,923.0,"15,500",976.0,"5,312",969.0,960.0,"1,027",D
70942507240.0,GUM CERA ORTODONTICO MENTA * 1 UND,GUM,3.0,"10,000",0.0,1.0,788.0,"10,000","1,042","4,616",998.0,961.0,"1,028",D
7702006206808.0,REXONA CLINICAL MEN * 30 GR,UNILEVER ANDINA COLOMBIA,1.0,"4,400",0.0,2.0,654.0,"8,800","1,063","3,134","1,066",962.0,"1,029",D
7703546072038.0,FLUMIXOL 200 MG * 30 S/S   L-RESPI-RIN,NOVAMED OTC,1.0,"46,000",0.0,0.0,"1,131","14,400",990.0,"8,010",839.0,965.0,"1,030",D
7702914597968.0,PONQUE GALA COCO TAJADA * 60 GR,PRODUCTOS RAMO,0.0,"2,800",0.0,2.0,562.0,"5,600","1,106","2,600","1,096",966.0,"1,031",D
751273778584.0,ENZIMAX * 60 CAP,HEALTHY DE AMERICA COLOMBIA,0.0,"84,000",0.0,0.0,"1,145","15,000",985.0,"8,006",840.0,967.0,"1,032",D
7702057700928.0,FENITOINA SODICA 100 MG * 50 CAP,MK ETICOS CONVENIO,1.0,"23,500",0.0,1.0,"1,068","23,500",859.0,"4,542","1,001",968.0,"1,033",D
7702057715250.0,FLUNARIZINA 10 MG * 30 TAB ,MK ETICOS CONVENIO,0.0,"14,400",0.0,1.0,864.0,"14,400",991.0,"4,158","1,017",970.0,"1,034",D
7702057706876.0,VALSARTAN 80 MG + AMLODIPINO 5 MG * 30 TAB,MK ETICOS CONVENIO,0.0,"16,500",0.0,1.0,896.0,"16,500",950.0,"3,851","1,036",971.0,"1,035",D
7500435118026.0,MINORA CUCHILLA * 5 UND,PROCTER & GAMBLE COLOMBIA,1.0,"2,300",0.0,2.0,524.0,"4,600","1,122","1,850","1,123",973.0,"1,036",D
7702027041662.0,NOSOTRAS NATURAL INV CLASICA * 10 UND,ESSITY (FAMILIA),2.0,"4,600",0.0,2.0,677.0,"9,200","1,056","2,624","1,091",975.0,"1,037",D
7702123012108.0,REDOXON TOTAL * 20 COMP,BAYER OTC,2.0,"40,800",0.0,1.0,"1,105","20,300",896.0,"5,392",966.0,976.0,"1,038",D
7702605104079.0,SULFADIAZINA PLATA CREMA * 30 GR ,GENFAR,0.0,"14,700",0.0,1.0,935.0,"16,000",965.0,"4,256","1,013",977.0,"1,039",D
7622201776459.0,HALLS BARRA LIMON Y MIEL * 9 UND,DISCOB NORTE SAS,4.0,"2,500",0.0,2.0,585.0,"5,000","1,115","2,482","1,103",978.0,"1,040",D
7707210530169.0,OTOGLICAR * 30 ML  ,GERCO,0.0,"10,000",0.0,1.0,769.0,"10,000","1,044","3,472","1,052",978.0,"1,041",D
7509546063331.0,COLGATE CREMA TRIPLE ACCION * 150 ML,COLGATE PALMOLIVE COMPANIA,1.0,"16,300",0.0,1.0,"1,005","16,300",954.0,"5,056",983.0,978.0,"1,042",D
7702132009977.0,TODAY MUTUAL SENSATION * 3 PRESERVATIVOS  ,HALEON (GLAXO OTC),1.0,"19,800",0.0,1.0,994.0,"19,800",908.0,"3,920","1,033",980.0,"1,043",D
650240004643.0,ASEPXIA JABON EXFOLIANTE *100 GR,GENOMMA LABORATORIO COLOMBIA,0.0,"15,300",0.0,1.0,"1,047","15,300",977.0,"5,839",944.0,981.0,"1,044",D
7702560009525.0,ALCOHOL JGB * 700 ML,JGB,2.0,"10,200",0.0,1.0,752.0,"10,200","1,041","2,997","1,075",982.0,"1,045",D
7703763334018.0,OXIMETAZOLINA 0.05 % * 15 ML,LA SANTE GENERICO,0.0,"14,000",0.0,1.0,"1,023","16,000",962.0,"5,071",981.0,985.0,"1,046",D
7702993051887.0,TRULULU GOMAS SPLASH * 70 GR,SUPER DE ALIMENTOS,4.0,"2,800",0.0,2.0,656.0,"5,600","1,108","2,608","1,095",990.0,"1,047",D
7705959030292.0,ESPIRONOLACTONA 25 MG * 20 TAB,GENFAR,0.0,"14,300",0.0,1.0,808.0,"14,300",993.0,"2,449","1,104",991.0,"1,048",D
7702277509554.0,INTIBON JABON INTIMO MUJER CALENDULA * 120 GR ,BELLEZA EXPRESS SA,2.0,"13,100",0.0,1.0,"1,016","13,100","1,007","5,520",961.0,991.0,"1,049",D
7703381002559.0,ISODINE SOLUCION * 60 ML ,BUSSIE OTC,0.0,"14,100",0.0,1.0,825.0,"14,100",995.0,"2,611","1,094",992.0,"1,050",D
7707355054322.0,NOXPIRIN CALIENTE NOCHE PANELA LIMON * 24 S/S,SIEGFRIED CONSUMO,1.0,"63,500",0.0,0.0,"1,129","21,300",881.0,"4,443","1,004",992.0,"1,051",D
7702870071526.0,FACETIX SUAVE * 28 TAB,ABBOTT FARMA,2.0,"10,800",0.0,1.0,742.0,"10,800","1,034","2,190","1,113",993.0,"1,052",D
7707172681107.0,EMULSION DE SCOTT CEREZA * 180 ML,HALEON (GLAXO OTC),1.0,"15,700",0.0,1.0,839.0,"15,700",970.0,"2,209","1,110",993.0,"1,053",D
7702626215235.0,K-Y GEL LUBRICANTE * 15 GR,RECKITT BENCKISER COLOMBIA S A,5.0,"12,800",0.0,1.0,922.0,"12,800","1,010","4,062","1,022",993.0,"1,054",D
7702605108626.0,CIPROFIBRATO 100 MG * 20 TAB,GENFAR,0.0,"16,900",0.0,1.0,951.0,"16,900",945.0,"3,200","1,064",994.0,"1,055",D
7709990110999.0,COPROBIOTIC + PREBIOTICOS + PROBIOTICOS * 20 S/S,NATURALMENTE,1.0,"88,000",0.0,0.0,"1,149","13,100","1,008","7,037",886.0,994.0,"1,056",D
7707019339123.0,DIFLENAC 100 MG * 20 CAP,LABQUIFAR PHARMACEUTICA,2.0,"21,000",0.0,1.0,"1,106","11,000","1,030","6,786",894.0,995.0,"1,057",D
7702001023509.0,NECTAR FRUTTO  MANZANA *1 LT,ALPINA PRODUCTOS ALIMENTICIOS S.A.,6.0,"8,700",0.0,1.0,785.0,"8,700","1,064","3,028","1,071",997.0,"1,058",D
7702123005513.0,APRONAX 550 MG * 60 TAB,BAYER OTC,0.0,"207,000",0.0,0.0,"1,153","21,000",889.0,"4,623",997.0,998.0,"1,059",D
7509546668673.0,LADY SPEED STICK CLINICAL ANTIBACTERIAL * 100 GR,COLGATE PALMOLIVE COMPANIA,0.0,"14,000",0.0,1.0,947.0,"13,500","1,004","4,022","1,027",999.0,"1,060",D
7702914597951.0,PONQUE GALA CHOCOLATE * 60 GR,PRODUCTOS RAMO,6.0,"2,800",0.0,2.0,688.0,"5,600","1,109","2,512","1,100","1,000","1,061",D
7702189045577.0,CHEETOS BOLIQUESO * 160 GR,FRITO LAY,3.0,"8,700",0.0,1.0,834.0,"8,700","1,065","3,687","1,046","1,000","1,062",D
"7702001040957,7",YOX DEFENSIS FRESA * 100 GR,ALPINA PRODUCTOS ALIMENTICIOS S.A.,0.0,"3,100",0.0,2.0,691.0,"6,200","1,100","2,248","1,108","1,001","1,063",D
7702560006395.0,ALGODON JGB PAG 100 LLEVE 125 GR,JGB,0.0,"9,700",0.0,1.0,807.0,"9,700","1,050","2,612","1,093","1,006","1,064",D
7703712032019.0,HIOSCINA N-BUTIL BROMURO 10 MG * 20 TAB,COASPHARMA SAS,0.0,"22,000",0.0,1.0,"1,109","12,000","1,018","5,986",935.0,"1,008","1,065",D
7703445030047.0,FLUIMUCIL 200 MG * 30 S/S ,ZAMBON COLOMBIA ,1.0,"54,500",0.0,0.0,"1,123","18,600",923.0,"4,276","1,011","1,008","1,066",D
7702277082545.0,CORTAUÑAS GRANDE CURVO FSTYLE,BELLEZA EXPRESS SA,2.0,"11,300",0.0,1.0,978.0,"8,000","1,080","5,399",965.0,"1,009","1,067",D
7702057076177.0,IBUFLASH FORTE 400MG * 24 CAP,TECNOQUIMICAS,0.0,"34,800",0.0,1.0,"1,112","18,000",929.0,"4,254","1,014","1,009","1,068",D
7702057076153.0,VERAPAMILO 120 MG * 30 TAB,MK ETICOS CONVENIO,0.0,"9,000",0.0,1.0,778.0,"9,000","1,060","2,195","1,112","1,010","1,069",D
7702090064193.0,GASEOSA COLOMBIANA * 2.5 LT,POSTOBON GASEOSAS,2.0,"7,300",0.0,1.0,812.0,"7,300","1,089","3,098","1,068","1,011","1,070",D
7702057708979.0,CIPROFLOXACINA 500 MG * 10 TAB,MK ETICOS CONVENIO,1.0,"11,000",0.0,1.0,912.0,"11,000","1,032","3,430","1,055","1,011","1,071",D
7702057645595.0,COPITOS MK BIODEGRADABLES * PAG 50 LLEVE 80 UND,TECNOQUIMICAS CUIDADO DE HERIDA,1.0,"10,600",0.0,1.0,958.0,"10,600","1,035","4,057","1,023","1,011","1,072",D
7702354939960.0,EGO CERA PARA PEINAR * 160 ML,UNILEVER ANDINA COLOMBIA,1.0,"11,500",0.0,1.0,961.0,"11,500","1,025","3,961","1,029","1,011","1,073",D
7702132655525.0,ADVIL FEM * 5 TAB,HALEON (GLAXO OTC),1.0,"11,600",0.0,1.0,809.0,"11,600","1,023","1,580","1,129","1,012","1,074",D
D1660,BAJALENGUAS INDIVIDUAL,ZIBOJECT,3.0,500.0,0.0,2.0,581.0,"1,000","1,158",664.0,"1,157","1,013","1,075",D
7702184130162.0,VITAMINA B12 10 ML * 1 AMP,ECAR,1.0,"17,100",0.0,1.0,"1,044","17,100",938.0,"3,336","1,059","1,013","1,076",D
7707133033730.0,HIT JUGO MANGO CAJA * 1 LT,POSTOBON GASEOSAS,2.0,"5,700",0.0,1.0,731.0,"5,700","1,105","2,201","1,111","1,014","1,077",D
7702057079642.0,RISPERIDONA 1 MG * 20 TAB,MK ETICOS CONVENIO,1.0,"9,600",0.0,1.0,819.0,"9,600","1,051","2,257","1,107","1,015","1,078",D
7702001023523.0,NECTAR FRUTTO DURAZNO * 1 LT,ALPINA PRODUCTOS ALIMENTICIOS S.A.,1.0,"8,600",0.0,1.0,831.0,"8,600","1,068","2,830","1,083","1,015","1,079",D
7703186031525.0,GLUCERNA LIQUIDO FRESA * 237 ML,ABBOTT NUTRICION,1.0,"15,100",0.0,1.0,934.0,"15,100",979.0,"2,582","1,097","1,015","1,080",D
7501303443301.0,MESIGYNA * 1 AMP,BAYER FARMA,2.0,"10,400",0.0,1.0,911.0,"10,400","1,039","3,189","1,065","1,017","1,081",D
7702010111587.0,COLGATE CREMA DENTAL TRIPLE EXTRA BLANCURA * 60 ML,COLGATE PALMOLIVE COMPANIA,1.0,"5,900",0.0,1.0,772.0,"5,900","1,103","2,521","1,099","1,019","1,082",D
7702617021432.0,CALIFORNIA NECTAR PERA BOT *900 ML,GLORIA COLOMBIA SA,0.0,"8,200",0.0,1.0,855.0,"8,200","1,074","2,951","1,079","1,021","1,083",D
7703712030084.0,AMPICILINA 500 MG * 50 CAP,COASPHARMA SAS,0.0,"48,400",0.0,0.0,"1,138","10,000","1,046","6,130",928.0,"1,022","1,084",D
7706569000194.0,HIDROCORTISONA CREMA * 15 GR,A.G. MEDICAMENTOS,0.0,"8,100",0.0,1.0,985.0,"8,100","1,075","4,554","1,000","1,023","1,085",D
7707228361809.0,JERINGA 20 ML * 1 UND,ALFA SAFE,2.0,"1,100",0.0,2.0,683.0,"2,200","1,155","1,426","1,134","1,029","1,086",D
7702057074838.0,METOCARBAMOL 750 MG * 20 TAB,MK ETICOS CONVENIO,1.0,"27,900",0.0,1.0,"1,104","14,000",998.0,"4,360","1,010","1,029","1,087",D
41333431482.0,DURACELL AAA * 2 UND,GENOMMA LABORATORIO COLOMBIA,1.0,"8,000",0.0,1.0,"1,029","8,000","1,078","4,842",992.0,"1,031","1,088",D
7702057211417.0,NORAVER GRIPA DIA NARANJA * 12 S/S ,TECNOQUIMICAS,1.0,"34,800",0.0,1.0,"1,115","18,000",927.0,"3,035","1,070","1,031","1,089",D
7707282990793.0,VENDA ELASTICA PIEL 3 * 5 YARDAS  ,BEGUT SEVENPHARMA IMPORTACIONES,1.0,"3,200",0.0,1.0,715.0,"3,200","1,143","1,509","1,132","1,032","1,090",D
7702031245223.0,NEKO JABON ALOE * 110 GR,JOHNSON Y JOHNSON DE COL SA,1.0,"7,600",0.0,1.0,881.0,"7,600","1,084","2,924","1,082","1,032","1,091",D
7702006299923.0,EGO GEL EXTREME MAX * 110 ML,UNILEVER ANDINA COLOMBIA,1.0,"4,000",0.0,1.0,757.0,"4,000","1,134","1,710","1,125","1,036","1,092",D
7702184560020.0,PASEDOL 50 MG * 100 TAB,ECAR,0.0,"75,000",0.0,0.0,"1,150","9,600","1,053","5,783",949.0,"1,036","1,093",D
7622202352850.0,GALLETA OREO GOLDEN VAINILLA * 108 GR,MONDELEZ,14.0,"4,500",0.0,1.0,817.0,"4,500","1,123","2,245","1,109","1,041","1,094",D
70942004817.0,GUM CEPILLO DENTAL PAW PATROL 3 AÑOS * 1 UND,GUM,2.0,"6,900",0.0,1.0,901.0,"6,900","1,096","2,933","1,081","1,041","1,095",D
7702057070571.0,METOPROLOL 50 MG * 30 TAB,MK ETICOS CONVENIO,2.0,"13,500",0.0,1.0,"1,018","13,500","1,003","2,640","1,090","1,042","1,096",D
7702010972287.0,LADY SPEED STICK CREMA MINI * 30 GR,COLGATE PALMOLIVE COMPANIA,0.0,"4,000",0.0,1.0,773.0,"4,000","1,135","1,534","1,131","1,043","1,097",D
7703712030695.0,CLORFENIRAMINA 4 MG * 20 TAB,COASPHARMA SAS,1.0,"4,800",0.0,1.0,869.0,"4,800","1,120","2,752","1,085","1,043","1,098",D
7707282990519.0,KIT NEBULIZADOR NIÑO,BEGUT SEVENPHARMA IMPORTACIONES,1.0,"8,500",0.0,1.0,"1,050","8,500","1,070","4,252","1,015","1,043","1,099",D
7702605101795.0,METRONIDAZOL 500 MG * 100 TAB,GENFAR,0.0,"34,500",0.0,0.0,"1,132","12,000","1,022","4,197","1,016","1,047","1,100",D
7702617021425.0,CALIFORNIA NECTAR MANZANA BOT *900 ML,GLORIA COLOMBIA SA,2.0,"8,200",0.0,1.0,972.0,"8,200","1,073","3,011","1,073","1,048","1,101",D
7702605101146.0,FUROSEMIDA 40 MG * 100 TAB  ,GENFAR,1.0,"20,500",0.0,1.0,"1,110","15,000",984.0,"3,127","1,067","1,049","1,102",D
7707236123239.0,LINCOMICINA 600 MG * 1 AMP,VITALIS COMERCIAL,1.0,"5,500",0.0,1.0,880.0,"5,500","1,111","2,493","1,102","1,050","1,103",D
7702026032142.0,POMYS RUEDITAS DESMAQUILLADORAS * 60 UND,ESSITY (FAMILIA),1.0,"9,300",0.0,1.0,"1,040","9,300","1,055","3,459","1,054","1,051","1,104",D
7709413934898.0,TAPABOCAS QUIRURGICOS * 50 UND,ZIBOJECT,-0.0,"25,000",0.0,0.0,"1,134","6,600","1,098","5,500",963.0,"1,053","1,105",D
7702277096696.0,TOALLITAS ARRURRU AVENA Y KARITE * 20 UND,BELLEZA EXPRESS SA,4.0,"3,800",0.0,1.0,833.0,"4,100","1,131","1,751","1,124","1,054","1,106",D
7702057717452.0,HIDROCLOROTIAZIDA 25 MG * 30 TAB,MK ETICOS CONVENIO,1.0,"7,200",0.0,1.0,858.0,"7,200","1,091","1,094","1,147","1,055","1,107",D
7702057013059.0,PEG 3350 * 12 S/S,TECNOQUIMICAS VM TQ,0.0,"100,400",0.0,0.0,"1,146","15,930",967.0,"2,985","1,076","1,055","1,108",D
7730698006109.0,TRACTAL GOTAS 0.1% * 20 ML ,MEGALABS,0.0,"11,500",0.0,1.0,"1,003","11,500","1,026","2,013","1,117","1,057","1,109",D
7703153040949.0,DICLOFENACO 75 MG / 3 ML * 10 AMP,COLMED,0.0,"35,000",0.0,0.0,"1,139","7,200","1,090","5,169",977.0,"1,057","1,110",D
7703331105118.0,MICROGYNON SUAVE * 21 GRAG,ADIUM (TECNOFARMA),1.0,"7,000",0.0,1.0,892.0,"7,000","1,093","1,543","1,130","1,058","1,111",D
7708433334039.0,ALCANFOR BARRA * 12 UND,LABORATORIOS ROA,1.0,"23,000",0.0,0.0,"1,128","8,000","1,079","4,708",995.0,"1,058","1,112",D
7702057075040.0,PIROXICAM 20 MG * 10 CAP,MK ETICOS CONVENIO,0.0,"7,100",0.0,1.0,984.0,"7,100","1,092","2,951","1,080","1,060","1,113",D
7706659501174.0,SUERO FISIOLOGICO * 30 ML,COASPHARMA SAS,3.0,"6,800",0.0,1.0,"1,034","6,800","1,097","3,700","1,045","1,060","1,114",D
7707228361038.0,BAJALENGUAS MADERA BOLSA * 20 UND ,ALFA SAFE,1.0,"2,000",0.0,1.0,776.0,"2,000","1,156",765.0,"1,155","1,061","1,115",D
7702354946944.0,VIVE 100 *1 LT ,QUALA NEVERA,2.0,"4,200",0.0,1.0,868.0,"4,200","1,130","1,430","1,133","1,066","1,116",D
7702057231156.0,ACETAMINOFEN 500 MG * 50 TAB,TECNOQUIMICAS,2.0,"30,000",0.0,0.0,"1,119","14,000","1,000","2,620","1,092","1,067","1,117",D
7702010470103.0,LADY SPEED STICK GEL FLORAL SOBRE,COLGATE PALMOLIVE COMPANIA,5.0,"1,500",0.0,1.0,804.0,"1,500","1,157",554.0,"1,158","1,069","1,118",D
7509546677002.0,PALMOLIVE JABON INTENSA RENOVACION * 120 GR,COLGATE PALMOLIVE COMPANIA,1.0,"4,700",0.0,1.0,918.0,"4,700","1,121","2,005","1,118","1,069","1,119",D
7705241327451.0,YOGURT NATURAL LA MEJOR * 200 ML,LA MEJOR,2.0,"3,800",0.0,1.0,891.0,"3,800","1,138","1,699","1,126","1,071","1,120",D
7702090044195.0,SPEED MAX BOTELLA * 400 ML,POSTOBON GASEOSAS,5.0,"2,500",0.0,1.0,838.0,"2,500","1,147",892.0,"1,152","1,072","1,121",D
7702004003508.0,CERVEZA CLUB COLOMBIA DORADA LATA * 330 ML,BAVARIA S.A.,6.0,"4,000",0.0,1.0,883.0,"4,000","1,132","1,374","1,138","1,072","1,122",D
7702010421013.0,PROTEX JABON FOR MEN SPORT * 110 GR,COLGATE PALMOLIVE COMPANIA,1.0,"5,200",0.0,1.0,950.0,"5,200","1,114","2,093","1,115","1,073","1,123",D
4891228530136.0,SCHICK QUATTRO TITANIUM * 1 UND ,EDGEWELL,4.0,"5,800",0.0,1.0,"1,010","5,800","1,104","2,734","1,087","1,074","1,124",D
78930841.0,REXONA DESO MINI ROLLON V8 * 30 ML,UNILEVER ANDINA COLOMBIA,1.0,"4,400",0.0,1.0,919.0,"4,400","1,126","1,623","1,127","1,075","1,125",D
7707232091600.0,UROVITAL CRANBERRY CAJA * 60 CAP,NATURAL FRESHLY,2.0,"51,000",0.0,0.0,"1,143","7,650","1,083","3,767","1,042","1,082","1,126",D
7707233050101.0,TETERO GRANDE DOBLE MANIJA * 8 ONZ,GRAN ANDINA,1.0,"7,500",0.0,1.0,"1,049","7,500","1,087","2,511","1,101","1,083","1,127",D
7705241357472.0,AREQUIPE LA MEJOR 50 GR * 36 UND,LA MEJOR,1.0,"72,300",0.0,0.0,"1,152","8,400","1,071","3,496","1,051","1,083","1,128",D
7707228362592.0,CATETER 20G * 1 UND,ALFA SAFE,0.0,"2,500",0.0,1.0,916.0,"2,500","1,149","1,312","1,140","1,087","1,129",D
7702189055453.0,NATUCHIPS PLATANO VERDE * 38 GR,FRITO LAY,5.0,"3,200",0.0,1.0,953.0,"3,200","1,141","1,592","1,128","1,089","1,130",D
7702010421006.0,PROTEX JABON HERBAL *110 GR,COLGATE PALMOLIVE COMPANIA,1.0,"5,200",0.0,1.0,"1,017","5,200","1,112","2,113","1,114","1,089","1,131",D
7707282990779.0,VENDA ELASTICA PIEL 2 * 5 YARDAS ,BEGUT SEVENPHARMA IMPORTACIONES,1.0,"2,300",0.0,1.0,906.0,"2,300","1,153","1,017","1,151","1,090","1,132",D
7622201776633.0,TRIDENT SANDIA * 8.5 GR,DISCOB NORTE SAS,5.0,"2,300",0.0,1.0,914.0,"2,300","1,154","1,195","1,143","1,090","1,133",D
7702010470479.0,SPEED STICK MEN MINI CLINICAL CREMA * 30 GR,COLGATE PALMOLIVE COMPANIA,1.0,"4,800",0.0,1.0,998.0,"4,800","1,119","1,958","1,121","1,090","1,134",D
7705241400291.0,YOGURT LA MEJOR FRESA * 150 GR,LA MEJOR,3.0,"2,400",0.0,1.0,913.0,"2,400","1,152","1,055","1,148","1,091","1,135",D
7702001156993.0,YOX DEFENSIS FRESA S/AZUCAR *100 GR,ALPINA PRODUCTOS ALIMENTICIOS S.A.,0.0,"2,800",0.0,1.0,920.0,"2,800","1,145","1,024","1,150","1,091","1,136",D
7703202221312.0,BUSCAPINA COMP N.F * 100 TAB,OPELLA (SANOFI OTC),0.0,"207,500",0.0,0.0,"1,156","10,500","1,037","2,544","1,098","1,091","1,137",D
7702123001423.0,DOMEBORO * PAGUE 25 LLEVE 30 S/S,BAYER FARMA,1.0,"47,600",0.0,0.0,"1,142","7,910","1,082","3,014","1,072","1,093","1,138",D
7702184972533.0,TRIMETOPRIMA SULFA 160/800 MG * 100 TAB,ECAR,0.0,"60,000",0.0,0.0,"1,154","7,000","1,095","3,337","1,058","1,095","1,139",D
7702189056214.0,CHOKIS CLASICA * 37 GR,FRITO LAY,11.0,"2,500",0.0,1.0,954.0,"2,500","1,150","1,362","1,139","1,097","1,140",D
7705241400307.0,YOGURT LA MEJOR MELOCOTON * 150 GR,LA MEJOR,3.0,"2,400",0.0,1.0,942.0,"2,400","1,151","1,055","1,149","1,098","1,141",D
7705241338099.0,YOGURT GRIEGO FRUTOS VERDES LA MEJOR * 120 GR,LA MEJOR,2.0,"4,500",0.0,1.0,"1,025","4,500","1,125","1,979","1,120","1,098","1,142",D
7702645200236.0,ACEITE DE COCO * 1 ONZ,LEON,0.0,"4,300",0.0,1.0,"1,042","4,300","1,127","2,002","1,119","1,103","1,143",D
7707282990670.0,PARCHES OCULARES NIÑOS * 20 UND,BEGUT SEVENPHARMA IMPORTACIONES,0.0,"29,500",0.0,0.0,"1,148","4,500","1,124","3,282","1,061","1,105","1,144",D
7702010111464.0,COLGATE CREMA DENTAL T/ACCION * 22 ML,COLGATE PALMOLIVE COMPANIA,1.0,"2,600",0.0,1.0,975.0,"2,600","1,146",723.0,"1,156","1,107","1,145",D
7702026312251.0,PEQUEÑIN PAÑITOS HUMEDOS ALOE * 24 UND,ESSITY (FAMILIA),1.0,"4,200",0.0,1.0,"1,035","4,200","1,129","1,415","1,136","1,108","1,146",D
7702645100888.0,ALUMBRE BARRA * 30 GR LEON,LEON,2.0,"3,900",0.0,1.0,"1,054","3,700","1,139","2,031","1,116","1,109","1,147",D
7707232099095.0,ACTIVOX ICE JENGIBRE MASTICABLES * 12 S/S,NATURAL FRESHLY,1.0,"33,000",0.0,0.0,"1,144","5,600","1,107","2,653","1,089","1,109","1,148",D
7707019350906.0,ZIFLUVIS 600 MG * 10 S/S,LABQUIFAR PHARMACEUTICA,1.0,"24,000",0.0,0.0,"1,136","5,000","1,116","2,699","1,088","1,110","1,149",D
7702993051733.0,TRULULU GOMITAS GUSANOS ACIDOS  * 70 GR,SUPER DE ALIMENTOS,5.0,"2,800",0.0,1.0,"1,022","2,800","1,144","1,301","1,141","1,112","1,150",D
7702010972270.0,SPEED STICK  MINI CREMA  XTREME NIGHT * 30 GR,COLGATE PALMOLIVE COMPANIA,2.0,"3,900",0.0,1.0,"1,041","3,900","1,136","1,420","1,135","1,112","1,151",D
7702354958848.0,SPARTAN ENERGY DRINK XTREME * 310 ML,QUALA NEVERA,4.0,"2,500",0.0,1.0,"1,012","2,500","1,148","1,103","1,146","1,113","1,152",D
7706569021250.0,AMITRIPTILINA 25 MG * 30 TAB,A.G. MEDICAMENTOS,3.0,"14,400",0.0,0.0,"1,126","5,000","1,117","2,404","1,106","1,115","1,153",D
7702026174675.0,TENA PANTS CLASICO M * 1 UND,ESSITY (FAMILIA),1.0,"4,200",0.0,1.0,"1,064","4,200","1,128","1,264","1,142","1,118","1,154",D
7707355053486.0,NOXPIRIN SINUS PAGUE 10 LLEVE 12 TAB,SIEGFRIED CONSUMO,2.0,"14,500",0.0,0.0,"1,130","5,200","1,113","1,111","1,145","1,130","1,155",D
7702057385194.0,IBUFLASH ULTRA FORTE * 18 CAP,TECNOQUIMICAS,0.0,"33,900",0.0,0.0,"1,151","3,800","1,137",778.0,"1,154","1,147","1,156",D
7702057719098.0,ACETAMINOFEN FORTE * 48 TAB,TECNOQUIMICAS,0.0,"72,000",0.0,0.0,"1,157","3,200","1,142","1,144","1,144","1,147","1,157",D
7702057169176.0,NORAVER GRIPA *60 CAP,TECNOQUIMICAS,1.0,"109,300",0.0,0.0,"1,158","3,600","1,140",868.0,"1,153","1,150","1,158",D
