codigo,producto,laboratorio,existencias,precio_venta,unidades_vendidas,Ranking₁,valor_vendido,Ranking₂,rentabilidad,Ranking₃,suma ranking,ranking_final,grupo
7709008052563,AGUA FARMANORTE * 600 ML,SALUS,79,"2,600",253,1,"646,100",9,"407,836",4,5,1,A
7501125184864,ELECTROLIT MARACUYA * 625 ML,PISA (SUEROS LIQUIDOS),67,"8,800",203,2,"1,733,600",3,"324,800",8,5,2,A
7702870002728,POSTDAY * 2 TAB ,ABBOTT FARMA CONVENIO,25,"19,000",47,18,"893,000",7,"361,242",6,9,3,A
4022679136473,VITAMINA C+B2+ZINC *20 TAB,PHARMARIS COLOMBIA,0,"26,000",22,38,"572,000",11,"292,886",12,18,4,A
7703991918295,MOUNJARO 2.5MG/0.5ML * 1 AMP,ELI LILLY INTERAMERICA INC,1,"256,900",16,73,"3,644,192",1,"983,360",1,19,5,A
7501033961557,PEDIALYTE MAX ZINC 60 FRESA * 500 ML,ABBOTT NUTRICION,17,"11,000",89,5,"953,700",5,"143,290",43,20,6,A
7708902758717,VYASIL 50 MG * 2 TAB,NATURALMENTE,7,"19,900",21,42,"417,900",23,"379,512",5,21,7,A
7707263002217,GRIPAC 4 * 10 CAP ,TRIDEX FARMACEUTICA,22,"21,900",20,48,"427,200",20,"294,450",11,23,8,A
7708152336611,SUREZINC TRANSFER VAINILLA * 400 GR,SUREZINC,7,"56,500",15,79,"837,500",8,"573,645",3,24,9,A
7709208753895,PRUEBA DE EMBARAZO DB LIFE LAPICERO * 1 UND,DIAGNOSTICOS BIOMEDICOS,14,"15,500",27,27,"335,700",47,"335,664",7,26,10,A
7707263005126,OKAP FORTE 250/20MG * 10 CAP,TRIDEX FARMACEUTICA,9,"21,700",19,50,"414,400",25,"271,700",19,29,11,A
7706569001450,NAPROXENO 500 MG * 10 TAB,A.G. MEDICAMENTOS,13,"15,000",25,33,"375,000",37,"250,100",26,32,12,A
7706569001245,AZITROMICINA 500 MG * 3 TAB,A.G. MEDICAMENTOS,29,"18,500",20,46,"368,200",40,"262,480",22,34,13,A
7707263003443,GRIPAC * 10 CAP,TRIDEX FARMACEUTICA,0,"22,600",18,58,"399,300",29,"253,190",25,35,14,A
D1554,MEGA VIT ADVANCE * 2 TAB,NATURALS IMPORTADOS,3,"12,000",25,34,"300,000",59,"276,000",18,36,15,A
7709416822604,ATROMIZIN 500 MG * 3 TAB,QUIRUPOS,4,"24,900",15,82,"373,500",39,"316,860",9,38,16,A
7706569020437,MELOXICAM 15 MG * 10 TAB,A.G. MEDICAMENTOS,7,"16,200",21,43,"340,200",45,"221,382",32,39,17,A
3582910009900,ENTEROGERMINA * 10 AMP,OPELLA (SANOFI OTC),5,"83,900",11,128,"917,260",6,"287,120",13,39,18,A
7702535024423,COCA COLA * 1.5 LT,COCA COLA,0,"7,800",40,20,"312,000",56,"142,360",45,43,19,A
7708152336598,EREX BEBIDA * 500 ML,LAB PHARMACIENCIA SAS,10,"45,900",11,136,"503,900",14,"306,900",10,43,20,A
7702402058704,VASO ALOHA RASPADO KOLA * 160 GR ,MEALS DE COLOMBIA,8,"4,900",67,7,"328,300",52,"127,903",61,44,21,A
7707263007755,CLINDABACT 100/100MG * 3 OVULOS,TRIDEX FARMACEUTICA,6,"38,400",11,131,"415,200",24,"286,968",14,47,22,A
7707263004068,GLICERTOX NF JBE * 125 ML,TRIDEX FARMACEUTICA,9,"38,100",11,135,"419,100",22,"276,881",17,48,23,A
7702535001769,COCA COLA * 2.5 LT,COCA COLA,9,"10,100",29,26,"292,900",64,"138,881",53,50,24,A
7501082243642,MOUNJARO 5MG/0.5ML * 1 AMP,ELI LILLY INTERAMERICA INC,-1,"341,500",8,197,"2,445,140",2,"648,336",2,51,25,A
7501058648280,NESTOGENO TOTAL COMFORT *400 GR,NESTLE NUTRICION,2,"54,500",18,53,"979,000",4,"82,602",107,57,26,A
7703689000448,CYCLOFEM 0.5 ML * 1 AMP + JERINGA  ,PROFAMILIA,0,"21,900",13,109,"284,300",67,"284,700",15,57,27,A
7707274722715,PROCATEC 500 MG * 10 TAB,FAES OTC,1,"18,000",15,74,"270,000",75,"206,460",33,58,28,A
736085132069,NAZIL OFTENO * 15 ML,SOPHIA DE COLOMBIA OTC,-1,"22,200",14,93,"310,800",57,"167,888",38,58,29,A
7702402059848,CHOCOCONO CHOCOKRISPIS * 95 GR,MEALS DE COLOMBIA,15,"4,600",60,10,"276,000",72,"101,700",78,59,30,A
7702192422051,GATORADE TROPICAL FRUIT * 500 ML,POSTOBON GASEOSAS,17,"4,700",59,11,"275,000",73,"103,427",76,59,31,A
7501125132056,CLORURO DE SODIO 0.9 % * 500 ML,PISA FARMACEUTICA DE COLOMBIA S.A. ,12,"5,000",49,17,"245,000",86,"127,400",62,59,32,A
70847030805,MONSTER ENERGY ULTRA LATA * 473 ML,COCA COLA,0,"9,400",29,25,"272,600",74,"118,958",70,60,33,A
7707263004631,GALEZOL 500 MG * 6 TAB,TRIDEX FARMACEUTICA,8,"38,800",10,157,"388,000",35,"254,590",24,61,34,A
7703712085046,BINAFAR 200/500MG * 24 TAB,TRIDEX FARMACEUTICA,7,"46,600",9,184,"429,200",19,"256,788",23,62,35,A
7706569000958,DICLOFENACO R 100 MG * 20 CAP,A.G. MEDICAMENTOS,7,"15,800",16,66,"255,600",78,"139,536",50,64,36,A
7702184010150,LOPERAMIDA 2 MG * 6 TAB,ECAR,10,"7,600",26,31,"197,600",117,"146,354",41,65,37,A
7702402054416,CHOCOCONO * 90 GR,MEALS DE COLOMBIA,34,"3,700",67,6,"247,900",82,"92,192",90,66,38,A
"7702535011089,7",COCA COLA * 400 ML,COCA COLA,5,"4,000",55,14,"220,000",101,"103,235",77,70,39,A
7703546031103,CONGESTEX * 10 CAP,NOVAMED OTC,56,"17,500",14,90,"247,700",83,"141,750",46,70,40,A
7708152336741,SUREZINC TRANSFER KIDS VAINILLA * 400 GR ,SUREZINC,1,"56,500",7,210,"395,500",30,"271,432",20,71,41,A
7707263003542,CEFLAXILIN 500 MG * 20 CAP,TRIDEX FARMACEUTICA,3,"61,700",7,234,"402,700",26,"279,234",16,74,42,A
7702057092757,IBUFLASH MIGRAN * 30 CAP,TECNOQUIMICAS,4,"64,500",9,186,"575,800",10,"120,712",66,76,43,A
7703546033107,CRONOFEN L JBE * 100 ML  L-RESPI-RIN,NOVAMED BABY ,0,"18,500",13,100,"240,500",89,"139,100",52,77,44,A
7707232093383,OMEGA 3 PLUS * 50 CAP (OFERTA 2X1),NATURAL FRESHLY,3,"77,000",6,237,"462,000",16,"240,828",30,77,45,A
7707172685778,DOLEX JARABE 2+ * 90 ML ,HALEON (GLAXO OTC),9,"18,200",22,39,"400,400",27,"63,228",149,79,46,A
7702184021002,HEDERA HELIX + PROPOLEO JBE * 100 ML,ECAR,8,"25,100",10,151,"251,000",81,"201,180",34,80,47,A
7501033957376,PEDIALYTE MAX ZINC 60 UVA * 500 ML,ABBOTT NUTRICION,16,"11,000",36,22,"394,350",33,"57,960",165,83,48,A
7613034027610,NESTUM TRIGO MIEL * 350 GR,NESTLE NUTRICION,7,"22,700",13,96,"295,100",63,"90,831",94,84,49,A
7707228361489,GASA ESTERIL NO TEJIDA 7.5 CM * 7.5 CM * 6 UND ,ALFA SAFE,53,"1,500",114,4,"166,800",160,"119,586",69,85,50,A
7707263009902,SIFEI 200 MG * 5 CAP,TRIDEX FARMACEUTICA,1,"47,300",7,229,"331,100",48,"242,375",29,86,51,A
7703546012539,TENSOFAR 50 MG * 30 TAB L-CONSUM,NOVAMED OTC,4,"19,300",11,141,"212,300",107,"178,948",36,87,52,A
7703153020286,DICLOFENACO + HIDROXIDO ALUMINIO * 10 CAP,COLMED,1,"22,600",12,127,"260,500",76,"115,276",75,88,53,A
7501059276604,NESTOGENO 0-12 MESES BOLSA * 135 GR,NESTLE NUTRICION,12,"10,500",38,21,"395,000",32,"52,250",186,91,54,A
7703689031169,PIEL SENSITIVO * 3 PRESERVATIVOS,PROFAMILIA,5,"10,500",17,61,"178,500",142,"120,037",68,92,55,A
7702184828908,VITAMINA C + ZINC NARANJA * 100 TAB,ECAR,2,"63,400",6,276,"392,000",34,"248,926",27,92,56,A
7703712080027,ADIFAR * 20 TAB,TRIDEX FARMACEUTICA,7,"45,500",7,233,"299,000",60,"193,362",35,93,57,A
7702535024447,COCA COLA * 3 LT,COCA COLA,3,"12,700",16,69,"203,200",115,"91,536",93,95,58,A
7702004110596,CERVEZA BUDWEISER LATA * 269 ML,BAVARIA S.A.,21,"3,700",51,15,"188,700",128,"76,959",120,97,59,A
7706569000026,AMOXICILINA 500 MG * 50 CAP,A.G. MEDICAMENTOS,3,"42,200",7,232,"297,000",62,"139,366",51,100,60,A
7703546041430,DOLORSIN FEM * 40 CAP L-TR-CAPS,NOVAMED OTC,2,"90,000",5,331,"450,800",18,"242,795",28,100,61,A
7702402059275,PALETA CHOCOLISTO * 50 GR,MEALS DE COLOMBIA,15,"2,800",62,9,"173,600",151,"70,308",133,108,62,A
7702024047612,KLIM 1+ BOLSA * 1000 GR,NESTLE NUTRICION,6,"54,700",10,164,"545,300",12,"60,020",159,109,63,A
7703546131308,PRAZED 20 MG * 30 CAP L-CONSUM,NOVAMED OTC,3,"18,500",10,167,"189,500",126,"132,592",57,109,64,A
7709997612786,NOVOXICAN 15 MG * 10 TAB,NOVOFAR,0,"18,500",9,169,"166,500",161,"144,900",42,115,65,A
7706569020659,ACETAMINOFEN 500 MG * 100 TAB,A.G. MEDICAMENTOS,17,"27,000",7,231,"207,000",112,"139,958",48,116,66,A
7702090020847,GASEOSA BRETANA * 300 ML,POSTOBON GASEOSAS,2,"3,300",58,12,"191,400",122,"53,650",184,119,67,A
7703712080256,NISTAFAR * 60 ML /D24/,TRIDEX FARMACEUTICA,3,"37,700",6,261,"226,200",95,"138,024",54,120,68,A
7703546021005,CRONOFEN 500 MG * 100 TB L-TR-CAPS,NOVAMED OTC,3,"38,000",6,277,"220,000",103,"167,640",39,121,69,A
7701021147585,WINNY ULTRATRIM SEC ET 4 * 50 UND ,TECNOQUIMICAS WINNY,1,"75,500",5,305,"377,500",36,"96,095",83,122,70,A
7707263008240,CLINDABACT 2% CREMA VAGINAL * 20 GR,TRIDEX FARMACEUTICA,0,"46,500",5,307,"232,500",91,"174,410",37,123,71,A
7501033961540,PEDIALYTE MAX ZINC 60 COCO * 500 ML,ABBOTT NUTRICION,1,"11,000",26,32,"276,100",71,"41,886",232,126,72,A
8710428020024,PEDIASURE VAINILLA * 850 GR,ABBOTT NUTRICION,-2,"118,800",6,258,"475,200",15,"64,632",146,128,73,A
7702535001721,COCA COLA ORIGINAL * 1 LT,COCA COLA,2,"4,900",31,23,"151,900",182,"62,620",151,130,74,A
7798422620342,MONSTER ENERGY ZERO * 473 ML,COCA COLA,0,"9,000",18,52,"162,000",170,"65,772",144,130,75,A
7701021118868,WINNY PANTS ET 6 XXG * 30 UND,TECNOQUIMICAS WINNY,0,"54,100",6,275,"324,600",54,"82,608",106,130,76,A
7708109834023,HTO-LIAR JBE * 120 ML,NATURALMENTE,3,"29,900",6,243,"179,400",138,"137,400",56,131,77,A
7708152336567,SUREZINC TRANSFER FRESA * 400 GR,SUREZINC,2,"56,500",4,334,"224,000",99,"154,452",40,134,78,A
7706569000385,IBUPROFENO 800 MG * 50 TAB,A.G. MEDICAMENTOS,5,"24,900",7,202,"174,900",149,"98,546",80,135,79,A
8850769023589,AVARIN * 10 CAP,MEGA WE CARE,1,"37,000",6,247,"278,000",69,"73,386",125,136,80,A
8710428018670,ENSURE ADVANCE LIQUIDO VAINILLA * 220 ML,ABBOTT NUTRICION,11,"14,300",17,63,"243,100",87,"42,347",228,137,81,A
7702024025733,KLIM 1 + BOLSA * 500 GR,NESTLE NUTRICION,4,"31,200",11,137,"343,200",44,"43,362",225,140,82,A
7709990733747,NITAHELMIN 100MG/5ML * 30 ML,MED-LINE CONVENIO,2,"29,900",6,248,"179,400",140,"115,800",73,140,83,A
7707141366165,TRAVAD ORAL * 133 ML ,TECNOQUIMICAS VM TQ,4,"29,800",10,144,"298,000",61,"45,330",212,142,84,A
8850769020786,GOFEN FORTE 400 MG * 60 CAP,MEGA WE CARE,2,"80,400",4,405,"292,000",65,"143,174",44,142,85,A
7702626211770,GAVISCON DOBLE ACCION * 12 S/S,RECKITT BENCKISER COLOMBIA S A,3,"38,400",9,185,"347,460",43,"47,735",205,143,86,A
7707263005102,ROCIBLUE 50 MG * 2 TAB,TRIDEX FARMACEUTICA,11,"20,800",7,212,"145,600",192,"120,638",67,147,87,A
7701021145949,WINNY TOALLITAS ALOE VERA * 100 UND,TECNOQUIMICAS WINNY TOALLITAS,6,"14,000",12,118,"168,000",158,"60,900",157,148,88,A
7707263003993,MEDIZOL 500 MG * 2 OVULOS,TRIDEX FARMACEUTICA,4,"38,400",5,329,"192,000",121,"129,340",59,148,89,A
7702123006800,ASPIRINA 100 MG * 28 TAB,BAYER OTC,2,"20,900",14,89,"287,800",66,"37,394",260,149,90,A
7709553871145,SUREZINCF TRANSFER VAINILLA * 900 GR ,SUREZINC,2,"109,900",3,473,"329,700",51,"235,500",31,149,91,A
7709990733730,FLUIMED * 120 ML,MED-LINE CONVENIO,3,"36,800",5,300,"184,000",132,"116,500",72,150,92,A
7707019402117,COLESPAS 10 MG * 30 TAB,LABQUIFAR PHARMACEUTICA,2,"39,600",5,332,"187,800",129,"130,219",58,151,93,A
7707263003894,ARTHILESS 1% GEL TOPICO * 50 GR /D24/,TRIDEX FARMACEUTICA,2,"34,400",5,294,"172,000",153,"120,955",65,153,94,A
7707228361786,JERINGA 5 ML 21G * 1 1/2 HIPODERMICA,ALFA SAFE,78,600,168,3,"100,800",293,"72,072",126,154,95,A
7702184020258,CLORFENIRAMINA JBE * 120 ML,ECAR,19,"8,300",15,81,"124,500",231,"69,780",135,155,96,A
7706569021755,ESOMEPRAZOL 20 MG * 14 TAB,A.G. MEDICAMENTOS,0,"49,000",4,340,"196,000",118,"118,784",71,155,97,A
7702057841256,BONFIEST PLUS * 32 S/S,TECNOQUIMICAS,0,"125,900",3,409,"395,468",31,"83,380",105,155,98,A
7703546038225,MICOTOPIC CREMA * 40 GR  L-GINEC,NOVAMED FARMA,1,"46,500",4,344,"186,000",130,"128,548",60,156,99,A
7701021117908,WINNY PANTS ET 5 XXG * 50 UND,TECNOQUIMICAS WINNY,1,"82,700",4,392,"330,800",49,"83,656",104,157,100,A
7708152336918,EREX BEBIDA 20 ML * 20 S/S,LAB PHARMACIENCIA SAS,2,"62,900",3,407,"204,800",113,"140,480",47,160,101,A
7702024034186,COCOSETTE MAXI WAFER * 46 GR,NESTLE FOOD & BEVERAGE,21,"2,200",58,13,"127,600",223,"49,880",198,161,102,A
7703712012097,DERMASKIN CREMA * 20 GR,COASPHARMA MEDIBRAND OTX,0,"14,500",10,160,"145,000",194,"70,000",134,162,103,A
7501125176548,ELECTROLIT UVA SUERO * 625 ML,PISA (SUEROS LIQUIDOS),5,"8,800",22,40,"189,640",125,"35,200",277,165,104,A
7707019469837,ALGINACID SUSP * 360 ML,LABQUIFAR PHARMACEUTICA,1,"32,900",5,292,"164,500",166,"95,905",84,165,105,A
7703712080522,CLOMAZOL 1 % CREMA * 40 GR,TRIDEX FARMACEUTICA,2,"30,300",5,289,"151,500",183,"115,610",74,166,106,A
7709616950800,FLORAUSII  * 10 VIALES,WILLOW,0,"70,000",3,410,"212,000",108,"121,503",64,166,107,A
7703546597784,NUTRIBEN NATAL LIQUIDA * 6 BOTELLAS,NOVAMED NUTRICIONAL,0,"24,500",10,161,"245,000",85,"40,000",243,167,108,A
7702402059107,HELADO CASERO MORA * 60 GR,MEALS DE COLOMBIA,6,"2,900",41,19,"118,900",245,"50,799",194,168,109,A
7500435120050,CLEARBLUE DIGITAL PRUEBA DE EMBARAZO * 1 UND,PROCTER & GAMBLE COLOMBIA,4,"42,500",6,246,"255,000",80,"50,064",197,168,110,A
7707288821220,ZOPICLONA 7.5 MG * 10 TAB,HUMAX PHARMACEUTICAL,0,"12,500",9,174,"112,500",259,"87,705",98,173,111,A
7709990733716,NORIFLAM 75MG/3ML * 6 AMP,MED-LINE CONVENIO,2,"38,000",4,333,"166,000",163,"97,500",81,173,112,A
7891000078945,NESTOGENO 1 *400 GR,NESTLE NUTRICION,5,"48,600",7,207,"336,800",46,"36,540",269,175,113,A
7707232090757,BIOPRONNABIS CANNABIS SATIVA BARRA LABIAL * 5 GR,NATURAL FRESHLY,0,"16,900",8,195,"135,200",212,"67,552",139,179,114,A
7707263006406,CEVIT NF CEREZA * 30 ML,TRIDEX FARMACEUTICA,4,"23,200",6,273,"139,200",200,"84,348",103,179,115,A
7702132004606,CHAPSTICK MEDICADO * 4.2 GR,RECAMIER,0,"21,100",7,203,"147,700",186,"59,759",160,180,116,A
7702207112946,BIOGAIA * 5 ML,ABBOTT FARMA,0,"103,100",3,463,"309,300",58,"80,700",110,180,117,A
7701021116635,WINNY PANTS ET 4 XG * 30 UND,TECNOQUIMICAS WINNY,0,"45,100",5,321,"225,500",97,"56,645",170,182,118,A
7703186029508,SIMILAC MAMA * 400 GR,ABBOTT NUTRICION,1,"68,600",4,391,"257,250",77,"66,080",142,182,119,A
7703546720908,NUTRIBEN CRECIMIENTO 3 * 800 GR,NOVAMED NUTRICIONAL,1,"116,500",4,353,"419,400",21,"43,600",222,184,120,A
8850769020106,ZIRIN 10 MG * 50 CAP,MEGA WE CARE,2,"80,000",3,504,"220,000",102,"137,771",55,184,121,A
7703258113340,SINALGEN MAX 10MG/325MG * 30 TAB,GRUNENTHAL COLOMBIANA,0,"202,000",2,670,"399,400",28,"267,062",21,186,122,A
7702896001231,DEXABLAS 8 MG * 5 AMP,BLASKOV,3,"26,000",5,278,"122,000",236,"92,638",89,188,123,A
7441026003348,DOLEX BEBES 1-24 MESES FRAMBUESA * 60 ML,HALEON (GLAXO OTC),8,"15,900",14,94,"222,600",100,"29,918",328,190,124,A
7703689031176,PIEL SABORES * 3 PRESERVATIVOS,PROFAMILIA,0,"10,500",10,155,"105,000",281,"70,530",131,190,125,A
8710428022790,PROSURE VAINILLA * 220 ML,ABBOTT NUTRICION,0,"18,400",8,187,"147,200",188,"50,072",196,191,126,A
7707019334302,FUNGISTEROL SHAMPOO * 200 ML,LABQUIFAR PHARMACEUTICA,2,"39,600",4,358,"158,400",174,"81,900",108,194,127,A
7702057010928,HIDRAPLUS 75 ZINC UVA * 400 ML ,TECNOQUIMICAS VM TQ,10,"11,000",15,76,"164,700",165,"32,790",297,196,128,A
7501059227453,NAN 1 OPTIPRO * 400 GR,NESTLE NUTRICION,2,"75,000",5,310,"373,700",38,"37,135",262,196,129,A
724373709079,FULLREADY * 60 ML,BIOZENPHARMA,1,"14,000",8,196,"112,000",262,"63,616",148,200,130,A
7703538000025,ANTIPLAC B BUCAL SPRAY * 180 ML,INTERLABS S.A.S.,3,"32,500",5,280,"162,500",169,"54,700",180,201,131,A
5000196004023,WHISKY BUCHANANS MASTER * 1000 ML,MEICO LICORES,2,"263,118",2,650,"526,236",13,"94,715",85,201,132,A
8027950200306,FORXIGA 10 MG * 28 TAB,ASTRAZENECA COLOMBIA,0,"110,000",3,476,"330,000",50,"58,119",164,202,133,A
7706569001436,ACETAMINOFEN JBE * 90 ML,A.G. MEDICAMENTOS,4,"9,000",11,130,"99,000",301,"59,070",162,203,134,A
7706569001191,CLOTRIMAZOL CREMA VAGINAL * 40 GR,A.G. MEDICAMENTOS,4,"26,600",5,318,"133,000",216,"77,235",119,203,135,A
7701021116666,WINNY PANTS ET 5 XXG * 30 UND,TECNOQUIMICAS WINNY,3,"49,600",4,343,"198,400",116,"50,124",195,204,136,A
7706569021168,CEFALEXINA 500 MG * 50 TAB,A.G. MEDICAMENTOS,1,"60,900",3,501,"180,000",136,"98,902",79,204,137,A
7702402059596,POLET CHOCOAVELLANA * 80 GR,MEALS DE COLOMBIA,16,"8,300",13,103,"107,900",273,"46,709",209,205,138,A
7709990568288,DIOSMIT 3 GR * 6 S/S,SYGMA LABORATORIES S.A.S.,3,"45,000",3,408,"142,200",197,"93,198",87,206,139,A
4005800254963,DUO LUBRICADO * 3 PRESERVATIVOS,BDF (BEIERSDORF) ,2,"13,900",9,172,"125,100",230,"46,836",208,207,140,A
7707263005188,ACED FULL MENTA * 360 ML,TRIDEX FARMACEUTICA,1,"35,600",4,380,"142,400",196,"81,140",109,207,141,A
7703186030108,ENSURE ADVANCE VAINILLA * 850 GR,ABBOTT NUTRICION,1,"165,000",3,453,"453,750",17,"43,908",220,207,142,A
7703546031493,CONGESTEX G KIDS * 90 ML L-TR-CAP,NOVAMED OTC,3,"25,200",5,306,"126,000",228,"71,000",130,208,143,A
8710428020185,PEDIASURE LIQUIDO VAINILLA * 220 ML,ABBOTT NUTRICION,4,"11,800",14,92,"165,200",164,"30,212",323,210,144,A
7701021114174,WINNY ULTRATRIM SEC ET 5 * 30 UND  ,TECNOQUIMICAS WINNY,0,"50,900",4,399,"203,600",114,"55,324",176,210,145,A
7703153022693,GESTAVIT DHA * 30 CAP,PROCAPS OTX,2,"92,100",3,459,"276,300",70,"55,017",178,210,146,A
7350012553029,BIOGAIA + VIT D * 5 ML,ABBOTT FARMA,1,"121,500",2,515,"243,000",88,"71,282",129,211,147,A
7703153031251,TRIMEBUTINA 200 MG + SIMETICONA 120 MG * 30 TAB,COLMED,0,"92,100",3,505,"232,500",92,"66,640",140,214,148,A
7706440000671,NEURO 15 NF * 20 CAP,INCOBRA FARMA,1,"109,800",2,560,"219,600",104,"84,990",101,217,149,A
7702090064209,GASEOSA PEPSI * 2.5 LT,POSTOBON GASEOSAS,3,"8,200",12,125,"98,400",303,"47,376",207,220,150,A
7707263005973,SEGURET * 2 TAB,TRIDEX FARMACEUTICA,0,"19,200",5,281,"96,000",313,"86,000",100,220,151,A
7702136649520,CUREBAND MICROPORE PIEL 1 * 10 YARDAS,TECNOQUIMICAS CUIDADO DE HERIDA,4,"9,200",13,102,"119,600",241,"34,671",279,221,152,A
7701021114006,WINNY ULTRATRIM SEC ET 4 * 30 UND ,TECNOQUIMICAS WINNY,2,"45,300",4,361,"181,200",134,"46,116",210,221,153,A
7707288823927,ZOPICLONA 7.5 MG * 30 TAB,HUMAX PHARMACEUTICAL,0,"29,500",4,387,"119,500",242,"86,152",99,221,154,A
7501033957369,PEDIALYTE MAX ZINC 60 MANZANA * 500 ML,ABBOTT NUTRICION,7,"11,000",16,68,"172,700",152,"25,744",380,222,155,A
7701021115706,WINNY ULTRATRIM SEC ET1 * 30 + 20 TOALLITAS,TECNOQUIMICAS WINNY,1,"25,800",6,249,"154,800",178,"39,402",246,223,156,A
7706569001443,NAPROXENO 250 MG * 10 TAB,A.G. MEDICAMENTOS,13,"7,200",12,114,"86,400",344,"52,128",187,224,157,A
7709830459424,VITAMINAS + MINERALES * 30 CAP,NATURALMENTE,9,"39,900",3,423,"119,700",240,"94,200",86,224,158,A
7703712080263,FLOXFAR 400 MG * 20 TAB /D20/,TRIDEX FARMACEUTICA,0,"45,200",3,458,"136,400",207,"91,788",92,224,159,A
"7702001044504,7",AVENA ALPINA NATURAL * 250 GR,ALPINA PRODUCTOS ALIMENTICIOS S.A.,4,"4,700",20,45,"94,000",317,"37,900",256,225,160,A
7707263000213,AMPLIEX 500 MG * 100 CAP,TRIDEX FARMACEUTICA,1,"164,000",1,696,"228,500",94,"139,855",49,227,161,A
7707228360086,GUANTES LATEX CON TALCO TALLA M * 100 UND,ALFA SAFE,2,"25,500",5,325,"127,500",224,"55,545",173,229,162,A
7702402059091,HELADO CASERO COCO * 60 GR,MEALS DE COLOMBIA,16,"2,900",30,24,"87,000",343,"37,110",263,231,163,A
7702057711375,VALSARTAN 160 MG * 30 CAP,MK ETICOS CONVENIO,1,"35,200",5,283,"176,000",147,"35,880",273,231,164,A
7702184530023,ATLETICS GEL * 60 GR ,ECAR,3,"21,300",5,320,"106,500",277,"68,160",137,232,165,A
7707263003986,OKAP 37.5/325MG * 10 CAP,TRIDEX FARMACEUTICA,1,"54,700",3,507,"136,400",206,"96,620",82,232,166,A
7702057712938,LEVOTIROXINA 75 MG * 30 TAB,MK ETICOS CONVENIO,2,"22,800",7,209,"159,600",172,"32,284",302,233,167,A
7703546091107,LORDINEX 10 MG * 10 TAB L-CONSUM,NOVAMED OTC,6,"8,900",9,177,"80,100",365,"61,803",154,234,168,A
7702184011430,LOSARTAN E CARDIO 50 MG * 300 TAB ,ECAR,2,"53,700",3,500,"158,400",173,"76,622",121,234,169,A
7709458537368,GLUCOSAMINA Y COLAGENO X 30 CAPS,NATURALMENTE,3,"42,000",3,482,"126,000",227,"93,000",88,235,170,A
7702402059435,CONO BOCATTO FRESA * 93 GR ,MEALS DE COLOMBIA,5,"6,100",15,75,"91,500",322,"36,435",270,239,171,B
7501298224374,EUTIROX 50 MCG * 50 TAB,MERCK COLOMBIA FARMA,2,"52,400",3,432,"157,200",177,"55,026",177,241,172,B
7501125184277,ELECTROLIT MORA AZUL SUERO * 625 ML,PISA (SUEROS LIQUIDOS),14,"8,800",16,65,"136,840",205,"25,600",385,242,173,B
7702057717346,LEVOTIROXINA 25 MG * 30 TAB,MK ETICOS CONVENIO,3,"20,200",7,218,"135,400",211,"33,992",284,242,174,B
7702057082130,YODORA CREMA 32 GR * 2 UND PRECIO ESPECIAL,TECNOQUIMICAS CONSUMO,2,"20,500",6,257,"120,950",237,"41,118",236,242,175,B
676194963492,MULTI - WOMEN * 100 TAB,ALFA VITAMINS,4,"89,500",2,585,"179,000",141,"78,598",116,242,176,B
7702402058780,VASO KIDS NUBE COLORIDA * 54 GR,MEALS DE COLOMBIA,7,"3,300",27,28,"89,100",332,"32,292",301,244,177,B
7702354960315,VIVE 100 SANDIA LIMON * 380 ML,QUALA NEVERA,4,"3,200",26,29,"83,200",354,"33,514",287,246,178,B
7502316493284,ELECTROLIT PONCHE DE FRUTAS * 625 ML,PISA (SUEROS LIQUIDOS),7,"8,800",16,71,"134,200",214,"25,600",386,247,179,B
7702132002688,TODAY LUBRICADO * 3 PRESERVATIVOS,HALEON (GLAXO OTC),1,"16,200",9,181,"145,500",193,"29,187",336,247,180,B
7702184020319,BACTRODERM SOLUCION * 60 ML,ECAR,2,"11,000",8,198,"88,000",335,"49,112",201,247,181,B
7707019344202,NITOXIPAR 500 MG * 6 TAB,LABQUIFAR PHARMACEUTICA,2,"19,800",5,287,"99,000",300,"55,350",175,247,182,B
7730698002712,SERTAL COMPUESTO * 10 COMP,MEGALABS,0,"34,900",5,313,"171,010",155,"33,730",286,247,183,B
7706569022301,FEXOFENADINA 120 MG * 10 TAB,A.G. MEDICAMENTOS,1,"68,000",2,517,"136,000",209,"78,918",115,248,184,B
7501043130769,DOLEX NIÑOS 7+ JBE * 120 ML  ,HALEON (GLAXO OTC),4,"27,400",7,225,"191,400",123,"25,816",378,251,185,B
7702870002636,NOFERTYL AMP * 1ML ,ABBOTT FARMA,0,"10,200",10,154,"102,000",289,"34,340",282,252,186,B
7707288826706,FIBRILOK 500 MG * 10 TAB,HUMAX PHARMACEUTICAL,1,"29,000",4,369,"116,000",252,"54,732",179,252,187,B
4048846005151,TRAYENTA 5 MG * 30 TAB,BOEHRINGER INGELHEIM FARMA,1,"141,200",2,665,"282,400",68,"61,062",156,252,188,B
8903726322109,ALVIRET 800 MG * 10 TAB,SEVENPHARMA SAS,0,"24,000",4,382,"96,000",314,"77,432",118,253,189,B
7702184014189,ATORVASTATINA 40 MG * 30 TAB,ECAR,0,"59,900",2,527,"119,800",238,"88,898",96,253,190,B
7703454122757,EVALAX * 250 GR,FARMA DE COLOMBIA SA,0,"97,300",2,610,"194,600",120,"65,540",145,253,191,B
7702134503107,EPAMIN 100 MG * 50 CAP  ,ASPEN COLOMBIANA SAS,2,"32,300",7,205,"226,100",96,"22,421",424,254,192,B
7702354957407,LIKE BLUEBERRY ICE COOLER * 300 ML,QUALA NEVERA,11,"5,700",17,64,"96,900",310,"29,988",326,255,193,B
751273783052,SUPER MAGNESIUM 400 MG * 100 SOFTGELS,HEALTHY DE AMERICA COLOMBIA,1,"80,750",2,609,"164,250",167,"80,072",113,256,194,B
7861028101215,WELLBUTRIN XL 300 MG * 30 TAB,GLAXOSMITHKLINE FARMA (GSK),0,"126,500",2,633,"255,200",79,"55,494",174,256,195,B
7709411544242,BIOVIR UNGUENTO * 15 GR,NATURALMENTE,0,"17,500",5,312,"87,500",339,"62,000",152,257,196,B
7702870004425,BELLAFACE * 21 TAB ,ABBOTT FARMA,3,"27,300",7,204,"191,100",124,"23,296",408,258,197,B
7702004004932,CERVEZA COSTEÑA BACANA LATA * 330 ML,BAVARIA S.A.,18,"4,000",19,51,"76,000",383,"34,143",283,260,198,B
7501125104411,ELECTROLIT COCO SUERO * 625 ML,PISA (SUEROS LIQUIDOS),16,"8,800",15,84,"125,400",229,"24,000",399,261,199,B
7702635123040,DIOVAN HCT 80/12.5 * 28 TAB  ,SIEGFRIED NOVARTIS,2,"34,400",5,301,"172,000",154,"29,350",332,262,200,B
3499320006576,SOOLANTRA 1% CREMA * 30 GR,GALDERMA DE COLOMBIA,0,"162,600",2,635,"325,200",53,"45,264",213,263,201,B
7709103460171,PROWHEY RENAL CRÓNICO VAINILLA CARAMELO * 900 GR,BOYDORR NUTRITION ,0,"236,000",1,730,"236,000",90,"75,660",122,263,202,B
7707232095769,MIELTERTOS PASTILLAS MASTICABLES * 12 S/S,NATURAL FRESHLY,2,"32,500",4,404,"117,200",250,"51,968",189,264,203,B
7702402052412,HELADO ARTESANAL TRES LECHES * 70 GR,MEALS DE COLOMBIA,16,"3,900",20,47,"78,000",376,"32,100",306,266,204,B
7707210530114,FORZ CREMA * 24 S/S,GERCO,0,"104,300",2,692,"167,100",159,"89,979",95,267,205,B
7702189053817,DORITOS MEGA QUESO * 43 GR,FRITO LAY,9,"3,400",23,36,"71,400",429,"36,363",271,268,206,B
7702057061302,NITROFURANTOINA 100 MG * 40 CAP,MK ETICOS CONVENIO,2,"35,800",4,402,"134,400",213,"41,194",234,269,207,B
7707263008752,CLOBENT 0.05 % CREMA * 40 GR,TRIDEX FARMACEUTICA,0,"32,300",3,428,"96,900",309,"67,977",138,270,208,B
7702001124763,BON YURT PIAZZA *174 GR,ALPINA PRODUCTOS ALIMENTICIOS S.A.,2,"5,200",16,70,"83,200",353,"29,568",331,273,209,B
7702057018054,BENZIRIN VERDE SPRAY * 120 ML ,TECNOQUIMICAS VM TQ,1,"63,000",3,418,"189,000",127,"30,897",317,276,210,B
7703712080539,CLARIFAR 500 MG * 10 TAB   /D24/,TRIDEX FARMACEUTICA,3,"69,600",2,663,"139,200",199,"84,912",102,276,211,B
7707733970008,STREPSILS INTENSIVE MIEL LIMON * 4 TAB,RECKITT BENCKISER COLOMBIA S A,12,"8,500",12,120,"97,600",306,"27,960",349,277,212,B
7703689627614,PIEL RETARDANTE * 3 PRESERVATIVOS,PROFAMILIA,2,"10,500",7,221,"73,500",406,"49,441",199,277,213,B
7708109834931,RESVERATROL POLVO SABOR UVA * 500 GR,NATURALMENTE,2,"59,900",2,619,"119,800",239,"87,800",97,277,214,B
7702057089290,YODORA CREMA * 60 GR + GRATIS 32 GR,TECNOQUIMICAS CONSUMO,1,"29,900",4,377,"115,710",253,"40,928",238,278,215,B
7709792547580,BACTISOL * 10 TAB,MED-LINE CONVENIO,3,"23,500",4,396,"94,000",319,"56,836",169,278,216,B
7702184590010,FARMALAX 5 MG * 10 GRAG,ECAR,4,"6,300",11,140,"68,900",449,"44,935",217,279,217,B
7702189056047,PAPAS MARGARITA POLLO * 36 GR,FRITO LAY,4,"3,000",24,35,"72,000",422,"31,728",310,280,218,B
7702535022061,JUGO DEL VALLE FRUTAS CITRICAS * 1.5 LT,COCA COLA,1,"5,200",14,86,"72,800",417,"34,468",281,280,219,B
650240000010,X RAY DOL * 48 TAB,GENOMMA LABORATORIO COLOMBIA,1,"88,800",2,685,"182,000",133,"59,212",161,282,220,B
8850769026641,LOREZE * 10 CAP,MEGA WE CARE,3,"19,900",4,356,"79,600",369,"58,652",163,283,221,B
7702057709006,ESOMEPRAZOL 40 MG * 30 TAB,MK ETICOS CONVENIO,0,"103,600",2,620,"207,200",111,"41,506",233,287,222,B
7702132009748,ADVIL CHILDREN * 100 ML ,HALEON (GLAXO OTC),3,"34,800",5,291,"173,600",150,"23,385",406,288,223,B
7702184020838,MINOXIDIL 5% * 60 ML,ECAR,2,"49,900",2,533,"99,800",296,"71,352",128,288,224,B
676194963560,VITAMINA C 1000 MG + COLAGENO 10 MG * 100 TAB,ALFA VITAMINS,0,"65,800",2,578,"131,600",218,"57,122",168,288,225,B
7703283403515,INSPRA 50 MG * 30 TAB,ASPEN COLOMBIANA SAS,0,"176,900",1,845,"194,900",119,"91,900",91,289,226,B
7702027479472,TENA SLIP CLASICO (ANTES BASIC) M * 1 UND ,ESSITY (FAMILIA),0,"3,400",26,30,"88,400",334,"23,114",413,290,227,B
7702057840310,SAL DE FRUTAS LUA * 50 S/S,TECNOQUIMICAS,0,"160,000",1,700,"210,400",109,"51,020",193,290,228,B
7707263008530,FENAMED 250/4MG * 14 TAB,TRIDEX FARMACEUTICA,3,"57,800",2,588,"116,600",251,"66,352",141,291,229,B
7707133080178,HIT MANGO * 1.5 LT,POSTOBON GASEOSAS,4,"5,800",14,95,"81,200",359,"26,992",360,293,230,B
7702057071073,RIFAMICINA SPRAY * 20 ML,MK ETICOS CONVENIO,2,"43,200",3,460,"129,600",222,"38,382",252,294,231,B
7702192902263,GATORLIT MORA * 620 ML,POSTOBON GASEOSAS,4,"5,300",16,72,"82,700",357,"25,456",388,298,232,B
8445290623737,NESCARE PROTECT PROBIOTICOS B LACTIS GOTAS * 5 ML,NESTLE NUTRICION,1,"105,000",2,617,"210,000",110,"36,860",266,299,233,B
4048846024077,JARDIANCE 25 MG * 30 COMP,BOEHRINGER INGELHEIM FARMA,1,"179,900",1,755,"179,400",139,"61,897",153,299,234,B
7702004001917,CERVEZA AGUILA LATA * 330 ML,BAVARIA S.A.,3,"4,000",21,44,"84,000",350,"22,995",417,300,235,B
77034541232350,"HIDROTEN 12,5 MG * 30 TAB",FARMA DE COLOMBIA SA,0,"92,100",2,543,"184,200",131,"32,532",299,301,236,B
7707244411267,RECOLECTOR DE ORINA 24 HORAS,GRAN ANDINA,2,"11,900",6,254,"71,400",430,"43,674",221,302,237,B
D1002,RECOLECTOR DE ORINA TAPA AZUL,GRAN ANDINA,14,"1,000",50,16,"50,000",572,"39,250",248,303,238,B
70847038764,MONSTER ENERGY MANGO LOCO LATA * 473 ML,COCA COLA,6,"9,400",8,189,"75,200",390,"32,760",298,303,239,B
7707351591326,OIDOLYT GOTAS * 15 ML,TRIDEX FARMACEUTICA,1,"28,600",3,419,"85,800",348,"51,531",191,303,240,B
7703712080454,DERMA 3 CREMA * 40 GR,TRIDEX FARMACEUTICA,0,"50,600",2,579,"101,200",292,"65,994",143,304,241,B
7707263006208,TABTINA 20 MG * 10 TAB,TRIDEX FARMACEUTICA,2,"25,000",3,438,"75,000",392,"63,717",147,306,242,B
7702090042795,MR TE DURAZNO CERO CALORIAS * 1.5 LT,POSTOBON GASEOSAS,5,"6,100",13,110,"79,300",370,"26,039",374,307,243,B
7702132009557,TODAY TRIPLE PLEASURE * 3 PRESERVATIVOS,HALEON (GLAXO OTC),3,"19,800",6,235,"118,400",248,"23,430",405,308,244,B
7707263001777,TRAMOTAL 250 MG * 100 ML,TRIDEX FARMACEUTICA,4,"27,700",3,469,"83,100",356,"57,132",167,309,245,B
7702057318505,PAXAN 20 MG * 10 TAB,TECNOQUIMICAS VM TQ,0,"112,400",2,651,"224,800",98,"34,562",280,309,246,B
7702402059992,PALETA JET GOOL * 73 GR,MEALS DE COLOMBIA,3,"3,500",21,41,"73,500",407,"24,360",394,310,247,B
7703445103109,FLUIMUCIL 2% JBE * 120 ML,ZAMBON COLOMBIA ,0,"33,400",4,336,"132,900",217,"25,952",376,310,248,B
19962794261,GINKGO BILOBA 80 MG * 60 SOFTGELS,HEALTHY DE AMERICA COLOMBIA,0,"53,600",2,591,"107,200",276,"57,704",166,311,249,B
7709990799415,SYVIOFTAL * 5ML,VITAFAR,0,"18,500",4,385,"74,000",401,"52,012",188,312,250,B
7896112402893,VONAU FLASH 4 MG * 10 TAB,FARMA DE COLOMBIA SA,0,"72,900",2,638,"145,800",191,"45,090",215,312,251,B
7702057710767,MEMANTINA 10 * 30 TAB,MK ETICOS CONVENIO,0,"54,500",3,497,"163,500",168,"30,210",324,313,252,B
7707239275744,HIALTEARS * 15 ML GTS 10 ML,ESPECIALIDADES OFTALMOLOGICAS,0,"73,400",2,575,"146,800",189,"37,726",259,314,253,B
7702402054409,HELADO ARTESANAL DULCE DE MORAS * 70 GR,MEALS DE COLOMBIA,18,"3,800",18,57,"68,400",450,"27,090",358,315,254,B
7703712085084,GIAFAR 1 GR * 2 TAB,TRIDEX FARMACEUTICA,1,"44,600",2,583,"89,200",330,"68,634",136,316,255,B
7702007212501,CHOCOLATINA JUMBO MANI * 35 GR,GRUPO NUTRESA,7,"4,700",14,87,"65,800",464,"29,204",335,318,256,B
7702402059138 ,JUMBO GALLETA CON HELADO * 73 GR,MEALS DE COLOMBIA,13,"5,000",13,108,"65,000",468,"30,823",319,318,257,B
7707274723224,BACTROSAFE 500 MG * 3 TAB,ALLEN PHARMA,5,"24,000",3,441,"72,000",423,"61,656",155,320,258,B
7708152336505,BRONCOMIELITO TABLETAS MASTICABLES * 24 S/S,KEOPS FARMACEUTICA,1,"60,000",2,686,"108,800",272,"70,408",132,320,259,B
7709936891340,SUREZINCF TRANSFER FRESA * 900 GR ,SUREZINC,5,"109,900",1,720,"109,900",267,"78,500",117,320,260,B
7702192218050,GATORADE NARANJA MANDARINA * 500 ML,POSTOBON GASEOSAS,5,"4,700",15,85,"70,200",438,"26,340",367,321,261,B
7702192224051,GATORADE MARACUYA * 500 ML,POSTOBON GASEOSAS,2,"4,700",15,83,"70,000",441,"26,295",368,322,262,B
7702870071502,LUMBAL FORTE * 36 TAB,ABBOTT CONSUMER HEALTH CARE,1,"119,000",1,704,"136,000",210,"53,996",182,322,263,B
7702057712761,DICLOFENACO 25 MG + TRAMADOL 25 MG * 20 TAB,MK ETICOS CONVENIO,1,"61,900",2,550,"123,800",233,"37,252",261,323,264,B
751273778140,MELATONINA 3 MG * 120 SOFTGELS,HEALTHY DE AMERICA COLOMBIA,0,"52,800",2,552,"105,600",280,"44,800",218,323,265,B
7501125149221,ELECTROLIT FRESA KIWI SUERO * 625 ML,PISA (SUEROS LIQUIDOS),10,"8,800",12,123,"101,640",290,"19,200",480,324,266,B
7707019402063,DOSALDIN * 20 TAB,LABQUIFAR PHARMACEUTICA,1,"30,000",3,502,"88,000",336,"48,793",203,324,267,B
7708152336758,SUREZINC TRANSFER FACTOR PLUS * 30 S/S,SUREZINC,1,"89,100",1,703,"105,000",282,"74,783",124,324,268,B
7703689031190,PIEL EXCITANTE * 3 PRESERVATIVOS,PROFAMILIA,3,"10,500",6,268,"63,000",478,"42,408",226,325,269,B
7707019332124,CINDIMIZOL 200 MG * 5 CAP,LABQUIFAR PHARMACEUTICA,1,"43,600",2,629,"87,200",340,"75,540",123,325,270,B
7702771001561,ENTEROGERMINA PLUS * 5 AMP,OPELLA (SANOFI OTC),2,"88,900",2,691,"142,400",195,"45,518",211,325,271,B
7709553871121,SUREZINCF TRANSFER KIDS VAINILLA * 900 GR ,SUREZINC,1,"109,900",1,747,"109,900",269,"80,400",111,325,272,B
7702035474124,LUBRIDERM EXTRA HUMECTANTE PIEL NORMAL * 120 ML,JOHNSON Y JOHNSON DE COL SA,0,"19,000",4,359,"76,000",385,"38,056",253,326,273,B
7702870536759,BISBACTER * 8 TAB ,ABBOTT CONSUMER HEALTH CARE,0,"24,700",5,290,"123,500",234,"21,810",435,328,274,B
7701021117786,WINNY PANTS ET 4 XG * 50 UND,TECNOQUIMICAS WINNY,0,"75,300",2,646,"150,600",185,"38,038",254,328,275,B
7703153018504,CROMUS 0.1 % UNGUENTO * 30 GR ,PROCAPS RX,0,"245,800",1,737,"245,800",84,"33,459",288,329,276,B
7702184620113,LUDIKA GEL LUBRICANTE * 50 GR,ECAR,0,"26,600",3,489,"79,800",368,"49,269",200,331,277,B
7709126643612,PROKLEIN KIDS PLUS VAINILLA * 795 GR,BOYDORR NUTRITION ,0,"115,500",2,630,"231,000",93,"27,720",352,331,278,B
7702090031294,MR TEA DURAZNO * 1.5 LT,POSTOBON GASEOSAS,5,"6,100",12,112,"73,200",413,"24,036",398,332,279,B
7702402052399,HELADO ARTESANAL MARACUYA * 70 GR,MEALS DE COLOMBIA,11,"3,800",17,59,"64,600",472,"25,670",382,333,280,B
7705241513311,BOTELLA DE AGUA LA MEJOR * 5 LT,LA MEJOR,4,"5,500",13,97,"67,100",454,"26,000",375,333,281,B
7707263003016,MEDIZOL 2 % CREMA VAGINAL * 20 GR,TRIDEX FARMACEUTICA,0,"39,900",2,523,"79,800",367,"52,408",185,333,282,B
7640107471193,BRONCHO VAXON PED * 30 S/S,AXON PHARMA ,0,"353,900",1,998,"353,900",42,"55,564",172,333,283,B
"7707204491094,0",TRUXA 750 MG * 5 COMP,ADIUM (TECNOFARMA),0,"216,700",1,986,"216,700",105,"71,423",127,334,284,B
7707274721107,IPRASYNT AEROSOL 20 MCG * 200 DOSIS,FAES OTC,2,"22,300",4,383,"89,200",331,"31,800",309,335,285,B
7702354939984,VIVE 100 FUSION * 400 ML,QUALA NEVERA,7,"3,500",17,62,"59,500",502,"26,962",361,336,286,B
7707019337105,MEXICAN 7.5 MG * 30 TAB,LABQUIFAR PHARMACEUTICA,2,"18,000",4,403,"71,000",433,"45,210",214,338,287,B
7707232092294,VALERIANA GOTAS * 25 ML,NATURAL FRESHLY,2,"18,600",4,348,"74,400",397,"33,856",285,340,288,B
7350012552770,BIOGAIA * 10 ML,ABBOTT FARMA,0,"162,000",1,763,"162,000",171,"42,404",227,341,289,B
7707332987766,AIRCYS 5 MG * 10 TAB,LABQUIFAR PHARMACEUTICA,2,"23,800",3,470,"71,400",432,"51,612",190,345,290,B
7706569001177,CEFRADINA 500 MG * 24 CAP,A.G. MEDICAMENTOS,0,"56,000",2,688,"94,400",316,"60,453",158,346,291,B
7702057715908,LEVOTIROXINA SODICA 100 MG * 30 TAB,MK ETICOS CONVENIO,1,"22,100",5,317,"110,500",265,"21,590",441,348,292,B
7501125104688,ELECTROLIT NARANJA-MANDARINA SUERO * 625 ML,PISA (SUEROS LIQUIDOS),8,"8,800",11,129,"96,800",311,"17,611",520,349,293,B
7702402054393,POLET FRUTOS DEL BOSQUE * 70 GR,MEALS DE COLOMBIA,1,"6,600",10,148,"66,000",460,"25,680",381,350,294,B
7841141002699,ILTUX 20 MG * 28 COMP ,ADIUM (TECNOFARMA),2,"28,800",4,337,"115,200",254,"21,568",442,350,295,B
7701021111821,WINNY ULTRATRIM SEC ET 3 * 30 UND + 10 TOALLITAS,TECNOQUIMICAS WINNY,2,"37,500",3,492,"112,500",258,"28,410",342,350,296,B
7702870071717,DURAX 20 MG * 1 TAB,ABBOTT FARMA CONVENIO,1,"38,300",2,526,"74,685",396,"47,872",204,352,297,B
7707263004051,GRIPAC 4 * 100 CAP,TRIDEX FARMACEUTICA,2,"209,000",1,"1,088","168,000",157,"124,282",63,352,298,B
7702136648943,CUREBAND MICROPORE PIEL 1/2 * 10 YARDAS,TECNOQUIMICAS CUIDADO DE HERIDA,2,"6,000",11,142,"66,000",461,"24,948",390,353,299,B
7707035565834,BILSYL 240 MG * 20 CAP,ANGLOPHARMA,4,"30,000",3,508,"76,000",386,"42,275",230,354,300,B
7612797544174,ENTRESTO 200 MG * 60 TAB,SIEGFRIED NOVARTIS,0,"367,800",1,754,"367,800",41,"25,803",379,354,301,B
7703381002085,BUSCAPINA FEM * 6 TAB,OPELLA (SANOFI OTC),3,"12,900",7,220,"90,300",326,"19,782",469,357,302,B
7702535005354,COCA COLA LATA * 330 ML,COCA COLA,6,"4,700",12,117,"56,400",525,"26,928",362,358,303,B
4005900839633,EUCERIN PROTECTOR SOLAR FPS+ 50 OIL CONTROL TINTED TOQUE SECO MEDIO * 50 ML,BDF BEIERSDORF EUCERIN,0,"141,000",1,808,"141,000",198,"43,500",224,361,304,B
7702870070888,SEVEDOL EXTRAFUERTE * 60 TAB,ABBOTT CONSUMER HEALTH CARE,1,"128,300",1,702,"157,800",176,"31,327",313,362,305,B
7707263007038,SUREZINCF TRANSFER  KIDS FRESA * 900 GR ,SUREZINC,0,"109,900",1,898,"109,900",268,"80,400",112,363,306,B
36600814013,CHAPSTICK FRESA * 4.2 GR,RECAMIER,0,"18,700",4,400,"74,800",395,"30,876",318,365,307,B
7703712080201,KETOFAR 200 MG * 10 TAB /D24/,TRIDEX FARMACEUTICA,0,"36,000",2,574,"72,000",425,"53,808",183,365,308,B
D1310,KIT PARA INGRESO UCI,COVID19,5,"8,400",7,215,"56,400",526,"30,527",321,366,309,B
7703546050104,ARTRODAR 50 MG * 30 CAP L-OSTEOM,NOVAMED FARMA,1,"155,100",1,951,"180,600",135,"48,906",202,366,310,B
7702027477744,TENA SLIP ULTRA XL *1 UND,ESSITY (FAMILIA),7,"6,000",12,111,"71,800",428,"19,248",477,368,311,B
7702168278477,AGUARDIENTE AMARILLO DE MANZANARES * 750 ML,COMORIENTE,2,"59,400",2,562,"118,800",246,"27,146",357,369,312,B
7841141002712,ILTUX 40 MG * 28 COMP ,ADIUM (TECNOFARMA),0,"56,000",3,483,"168,000",156,"18,483",496,374,313,B
7702189055545,DETODITO BBQ * 50 GR,FRITO LAY,6,"4,000",13,101,"52,000",559,"25,636",384,375,314,B
7702870003596,SINOVUL * 21 TAB,ABBOTT FARMA CONVENIO,5,"6,600",10,147,"65,500",466,"21,670",439,375,315,B
7702402059411,CONO BOCATTO JUMBO * 93 GR ,MEALS DE COLOMBIA,9,"6,000",10,149,"60,000",495,"23,260",410,375,316,B
7709411544273,BIOCOTRYL 1% CREMA TOPICA * 40 GR,NATURALMENTE,1,"19,900",3,437,"59,700",501,"42,000",231,377,317,B
7705959013066,TAMSULOSINA 0.4 MG * 30 CAP,GENFAR,1,"71,600",2,637,"107,400",275,"32,248",304,377,318,B
7702402059121,HELADO CASERO RON CON PASAS * 60 GR,MEALS DE COLOMBIA,9,"2,900",18,56,"52,200",554,"22,302",425,378,319,B
7702057012298,HIDRAPLUS 75 ZINC COCO * 400 ML,TECNOQUIMICAS VM TQ,0,"11,000",8,193,"87,100",342,"17,488",525,378,320,B
7707397791629,DOLEX FORTE * 10 TAB,HALEON (GLAXO OTC),2,"19,800",6,256,"118,800",247,"15,726",570,378,321,B
7702402059114,HELADO CASERO GUANABANA * 60 GR,MEALS DE COLOMBIA,22,"2,900",18,54,"52,200",556,"22,284",427,379,322,B
7702560009532,ALCOHOL JGB * 350 ML,JGB,6,"6,500",10,143,"65,000",467,"20,910",449,379,323,B
7707338400917,HYDRADEEP CREMA ULTRAHIDRATANTE * 250 GR,CIMA,0,"79,900",1,826,"79,900",366,"79,900",114,380,324,B
7590002012468,VICK VAPORUB * 50 GR,PROCTER & GAMBLE CHC,3,"21,800",4,366,"87,200",341,"22,248",429,382,325,B
7622210427106,HALLS BARRA EXTRA FUERTE NEGRO * 9 UNID,DISCOB NORTE SAS,17,"2,500",19,49,"47,500",599,"23,731",403,383,326,B
7704232000946,FITOSTIMOLINE GEL * 15 GR ,EUROETIKA,0,"55,100",2,541,"110,200",266,"25,488",387,383,327,B
7702057712808,VALSARTAN 80 MG * 30 CAP,MK ETICOS CONVENIO,0,"17,500",5,304,"87,500",338,"19,475",474,384,328,B
650240073182,NIKZON * 14 CAP ,GENOMMA LABORATORIO COLOMBIA,0,"68,000",2,682,"136,000",208,"27,178",356,386,329,B
7702026177874,NOSOTRAS INVISIBLE RAPIGEL * 10 UND + OBSEQUIO,ESSITY (FAMILIA),0,"6,500",11,134,"74,300",398,"16,709",537,388,330,B
7703186030283,GLUCERNA LIQUIDO VAINILLA * 237 ML,ABBOTT NUTRICION,4,"15,300",6,242,"91,800",321,"16,692",538,388,331,B
7706569001467,CETIRIZINA 10 MG * 10 TAB,A.G. MEDICAMENTOS,23,"8,000",6,245,"47,200",602,"33,432",289,388,332,B
7707263009872,TRIVAG SOLUCION VAGINAL * 120 ML,TRIDEX FARMACEUTICA,5,"19,600",3,417,"58,800",505,"36,621",267,388,333,B
7707263008059,ACED FULL MENTA * 150 ML,TRIDEX FARMACEUTICA,2,"20,200",3,456,"60,600",493,"37,818",257,389,334,B
7707232093826,VIGA SEX GEL LUBRICANTE INTIMO * 100 GR,NATURAL FRESHLY,0,"36,600",2,582,"73,200",412,"39,388",247,389,335,B
7707263008929,MENTOFRIX RUB UNG LATA * 12 GR,TRIDEX FARMACEUTICA,23,"6,600",7,230,"46,200",613,"32,977",296,390,336,B
7509546651019,COLGATE LUMINOUS WHITE CARBON ACTIVADO * 75 ML,COLGATE PALMOLIVE COMPANIA,2,"20,800",4,378,"83,200",355,"22,260",428,390,337,B
751273782796,L-CARNITINE 1000 MG * 60 CAP,HEALTHY DE AMERICA COLOMBIA,0,"93,800",1,777,"103,200",286,"40,859",240,390,338,B
7703712080690,HIDROXFAR 0.25 % * 120 ML /D24/,TRIDEX FARMACEUTICA,1,"36,900",2,668,"73,800",405,"47,674",206,391,339,B
7702189057624,DETODITO BBQ * 165 GR,FRITO LAY,3,"10,100",6,239,"60,600",492,"23,982",401,392,340,B
7703363006094,DOLEX ACTIVGEL * 10 CAP,HALEON (GLAXO OTC),3,"17,800",6,252,"106,200",278,"15,156",582,393,341,B
7703712080065,BENMACIT 4% SUSP * 10 ML,TRIDEX FARMACEUTICA,3,"19,100",3,475,"57,300",515,"41,082",237,394,342,B
7702001086337,BON YURT CHOCOGOZO *170 GR,ALPINA PRODUCTOS ALIMENTICIOS S.A.,4,"5,200",11,132,"57,200",516,"20,460",453,395,343,B
7891000078921,NESTOGENO 2 * 400 GR,NESTLE NUTRICION,1,"44,100",4,401,"176,400",146,"14,196",611,396,344,B
7702354953959,LIKE FRESH APPLE ICE COOLER BOTELLA * 300 ML,QUALA NEVERA,6,"5,700",11,139,"62,700",481,"18,997",485,397,345,B
7707228365838,GUANTE DE NITRILO AZUL TALLA S * 100 UND,ALFA SAFE,1,"35,000",2,601,"70,000",440,"41,120",235,398,346,B
7702057010935,CYTIL 200 MG * 7 TAB ,TECNOQUIMICAS VM TQ,1,"166,500",1,761,"166,500",162,"25,825",377,398,347,B
70847897781,MONSTER ENERGY PIPELINE PUNCH LATA * 473 ML,COCA COLA,25,"9,400",6,236,"56,400",524,"24,630",391,399,348,B
7709134774193,VASELINA PURA LUSTRAPEL * 40 GR,LABORATORIOS ROA,4,"4,500",10,146,"45,000",620,"26,570",366,400,349,B
7707019413908,TRICLIMBAC SOLUCION OTICA * 10 ML,LABQUIFAR PHARMACEUTICA,1,"19,200",3,472,"57,600",514,"37,812",258,401,350,B
7706569021618,LOSARTAN 50 MG * 30 TAB,A.G. MEDICAMENTOS,14,"24,700",3,506,"62,900",480,"36,870",265,401,351,B
7702184011058,LOSARTAN HCT 50/12.5 MG * 30 TAB,ECAR,1,"41,100",3,495,"123,300",235,"18,696",491,402,352,B
7703283405960,DALACIN C 300 MG * 32 CAP  ,PFIZER FARMA,0,"216,700",1,907,"216,700",106,"27,862",351,404,353,B
7702192736455,GATORADE BLUE ICE * 500 ML,POSTOBON GASEOSAS,6,"4,600",12,124,"55,200",534,"19,836",467,405,354,B
7702057517298,ACETAMINOFEN 500 MG * 100 TAB,TECNOQUIMICAS,1,"64,000",2,689,"112,000",261,"27,357",353,405,355,B
7706569001269,CLOTRIMAZOL CREMA TOPICA * 40 GR,A.G. MEDICAMENTOS,3,"13,700",4,394,"54,800",537,"32,352",300,406,356,B
7703153030797,VITYBELL * 30 CAP,PROCAPS OTX,0,"129,800",1,921,"129,800",221,"39,500",245,406,357,B
70847004707,MONSTER ENERGY GREEN LATA * 473 ML,COCA COLA,0,"9,400",6,267,"56,400",527,"24,618",392,408,358,B
7702057061265,OXIMETAZOLINA 0.05% NASAL ADULTOS * 15 ML,MK ETICOS CONVENIO,6,"18,300",4,375,"73,200",411,"22,188",431,410,359,B
7707019330250,ZERIDIL JBE * 60 ML,LABQUIFAR PHARMACEUTICA,0,"18,600",3,457,"55,800",533,"36,012",272,410,360,B
7703153031084,NUTRIGEL 2.0 NEUTRO * 30 S/S,PROCAPS OTX,0,"126,600",1,858,"126,600",226,"33,292",292,410,361,B
7707019413816,CLINBAC 300 MG * 24 CAP,LABQUIFAR PHARMACEUTICA,1,"47,600",2,693,"72,000",426,"43,554",223,412,362,B
7702535022054,JUGO DEL VALLE FRUTAS CITRICAS * 400 ML,COCA COLA,2,"2,500",17,60,"42,500",642,"22,015",433,413,363,B
751273785308,SUN-VITA D3 (FEROL D3) 2000 IU * 100 SOFTGELS,HEALTHY DE AMERICA COLOMBIA,0,"74,300",1,711,"74,300",399,"39,973",244,415,364,B
736085405422,SPLASH TEARS LAGRIMAS ARTIFICIALES * 15 ML,SOPHIA DE COLOMBIA OTC,0,"32,100",2,598,"64,200",473,"37,968",255,417,365,B
7702001086023,BON YURT ZUCARITAS * 170 GR,ALPINA PRODUCTOS ALIMENTICIOS S.A.,5,"5,300",10,156,"53,000",546,"19,390",475,420,366,B
7702184560013,PASEDOL 50 MG * 12 TAB,ECAR,1,"14,200",3,406,"47,800",597,"33,413",290,426,367,B
8437009433515,DROSPERA 3MG/0.03MG * 28 TAB,EXELTIS,0,"29,800",3,491,"89,400",328,"19,725",470,426,368,B
7703153027872,VARTERAL HCT 160/10/12.5 MG *30 TAB,PROCAPS RX,0,"68,500",2,521,"137,000",204,"15,888",561,426,369,B
7707232095608,MIELTERTOS ADULTOS * 240 ML     ,NATURAL FRESHLY,1,"36,500",2,655,"73,000",414,"33,194",293,426,370,B
7702354959401,AMPER MANGO * 473 ML,QUALA NEVERA,5,"3,600",13,98,"46,800",608,"19,565",473,427,371,B
7702026155087,NOSOTRAS INVISIBLE RAPIGEL * 30 UND + OBSEQUIO,ESSITY (FAMILIA),0,"18,500",4,398,"74,000",402,"19,868",466,427,372,B
7703546191807,NEUMOLEX SUSP * 120 ML  L-RESPI-ASM,NOVAMED FARMA,1,"39,000",2,557,"78,000",378,"25,050",389,427,373,B
7703712080171,GRIBONGIN 2% JBE * 120 ML,TRIDEX FARMACEUTICA,1,"26,800",2,564,"53,600",542,"40,044",241,427,374,B
7702057088835,CREMA N4 * 20 GR ,TECNOQUIMICAS CONSUMO,1,"10,300",7,228,"72,100",421,"15,911",560,428,375,B
7707263002422,CICLOFERIN UNGUENTO * 15 GR,TRIDEX FARMACEUTICA,0,"29,900",2,660,"59,800",497,"42,310",229,431,376,B
7501033959707,LUVOX 100 MG * 15 TAB,ABBOTT FARMA,0,"56,800",2,536,"113,600",257,"17,674",519,432,377,B
7703153024307,VAXIDUO * 7 OVULOS,PROCAPS OTX,0,"152,000",1,772,"152,000",181,"21,643",440,432,378,B
7706569000415,LORATADINA 10 MG * 20 TAB,A.G. MEDICAMENTOS,4,"8,700",5,328,"46,100",614,"28,775",339,433,379,B
7702617487382,NECTAR CALIFORNIA PERA * 300 ML,GLORIA COLOMBIA SA,-1,"3,600",13,104,"46,800",609,"18,720",490,435,380,B
7702402054935,HELADO JET VAINILLA CON CHOCOLATE * 62 GR,MEALS DE COLOMBIA,18,"5,500",9,171,"49,500",578,"19,368",476,435,381,B
7702870071465,BELLAFACE SUAVE * 28 TAB,ABBOTT FARMA,3,"27,300",4,352,"109,200",270,"13,312",635,437,382,B
7707228361021,TERMOMETRO DIGITAL RIGIDO ESTANDAR ,ALFA SAFE,0,"16,000",3,425,"48,000",594,"31,863",308,437,383,B
7702004007360,CERVEZA POKER LATA * 330 ML,BAVARIA S.A.,7,"4,000",12,116,"48,000",590,"18,072",505,438,384,B
7702090071849,SPEED MAX LATA * 310 ML ,POSTOBON GASEOSAS,16,"2,800",16,67,"43,400",633,"18,128",502,439,385,B
7702535011706,QUATRO TORONJA * 1.5 LT,COCA COLA,8,"5,900",8,200,"47,200",601,"21,024",447,439,386,B
7702027479625,TENA SLIP CLASICO (ANTES BASIC) M * 9 UND,ESSITY (FAMILIA),2,"26,000",3,454,"78,000",377,"19,032",483,439,387,B
7702870071694,DURAX 10 MG * 1 TAB,ABBOTT FARMA CONVENIO,1,"28,200",2,587,"56,400",523,"35,274",276,440,388,B
7707263006789,LOXAC 7.5 MG * 10 TAB,TRIDEX FARMACEUTICA,0,"29,000",2,622,"58,000",509,"36,542",268,441,389,B
8427030009278,SIMILAC TOTAL COMFORT 1 * 350 GR,ABBOTT NUTRICION,1,"89,000",2,680,"178,000",144,"16,216",552,441,390,B
7703454121347,KIDCAL TUTIFRUTI SUSP * 180 ML,FARMA DE COLOMBIA SA,0,"114,400",1,851,"114,400",255,"27,981",348,441,391,B
7707228364060,JERINGA INSULINA 1 ML *27G 1/2 ALFASAFE ,ALFA SAFE,13,500,66,8,"33,000",734,"20,262",458,442,392,B
7702184680049,DERMICLEAR GEL PIEL * 120 ML,ECAR,0,"16,000",3,467,"48,000",592,"33,111",294,442,393,B
7702057717070,QUETIAPINA 25 MG * 30 TAB,MK ETICOS CONVENIO,1,"16,700",4,384,"64,900",470,"20,268",457,443,394,B
7702535022078,JUGO DEL VALLE FRESH FRUTAS CITRICAS *2.5 LT,COCA COLA,18,"5,800",9,183,"52,200",555,"17,838",511,444,395,B
7703283402242,LYRICA 75 MG * 30 CAP,ASPEN COLOMBIANA SAS,1,"52,500",2,516,"105,000",283,"16,502",541,444,396,B
7707019459074,TUDERMIFAR 0.05% * 40 GR,LABQUIFAR PHARMACEUTICA,0,"24,000",2,525,"48,000",596,"37,102",264,445,397,B
7702001044702,AVENA ALPINA * 1000 ML ,ALPINA PRODUCTOS ALIMENTICIOS S.A.,2,"11,400",5,319,"57,000",517,"19,935",464,446,398,B
7702132008307,TODAY LONG ACTION * 3 PRESERVATIVOS  ,HALEON (GLAXO OTC),2,"19,800",4,341,"78,300",375,"15,472",574,446,399,B
7703546117241,MYOSOP * 30 S/S L-GINEC,NOVAMED FARMA,1,"118,300",1,912,"118,300",249,"29,850",329,447,400,B
7702402058858,GALLETA CON HELADO NAPOLITANO * 65 GR,MEALS DE COLOMBIA,3,"3,800",12,113,"45,600",618,"17,796",513,450,401,B
7891317149963,VAST 20 MG * 30 TAB,EUROFARMA,0,"56,400",1,800,"56,400",522,"56,400",171,451,402,B
7702870003688,YAXIBELLE * 28 TAB,ABBOTT FARMA,2,"26,200",4,389,"104,800",284,"13,132",643,454,403,B
7703153040345,DEFEROL + K  * 60 CAP,PROCAPS OTX,0,"102,800",1,869,"99,600",299,"29,330",333,455,404,B
8850769020137,LIVOLIN FORTE * 30 CAP,MEGA WE CARE,2,"66,400",1,784,"66,400",457,"39,100",250,456,405,B
7702189045782,DORITOS MEGA QUESO * 185 GR,FRITO LAY,1,"10,100",5,308,"50,500",567,"20,105",460,459,406,B
7702535001783,COCA COLA *2.25 LT,COCA COLA,-5,"9,400",5,316,"47,000",607,"22,735",419,459,407,B
7702057803292,GASTROFAST ADVANCE * 12 S/S,TECNOQUIMICAS VM TQ,0,"35,700",3,503,"98,775",302,"15,730",569,459,408,B
7896261012257,DIOVAN 160 MG * 28 TAB,SIEGFRIED NOVARTIS,1,"48,000",2,647,"96,000",312,"19,642",471,459,409,B
7506205812996,ENFAMIL PROMENTAL ET1 * 1650 GR,MEAD JOHNSON NUTRITION COLOMBIA,0,"294,200",1,"1,036","318,206",55,"20,616",452,459,410,B
7702354958817,VIVE 100 LATA * 310 ML ,QUALA NEVERA,4,"2,600",15,77,"39,000",679,"18,000",508,460,411,B
7707263000206,AMPLIEX 250 MG * 60 ML,TRIDEX FARMACEUTICA,6,"24,800",2,549,"49,600",577,"32,132",305,461,412,B
7703153018849,BETADUO 1 ML * 1 JERINGA PRELLENADA,PROCAPS OTX,2,"53,000",2,577,"105,800",279,"16,270",548,461,413,B
17501052713226,KETOSTERIL 800 MG * 100 TAB,FRESENIUS KABI,0,"147,500",1,"1,043","147,500",187,"28,303",343,463,414,B
7702195084355,METOCLOPRAMIDA 10 MG * 36 TAB,BUSSIE LABINCO,0,"13,500",3,415,"41,400",650,"29,328",334,465,415,B
7706659500146,AGUA OXIGENADA * 120 ML,COASPHARMA SAS,4,"6,500",6,260,"39,000",677,"23,202",411,466,416,B
7770947094112,CITRATO DE MAGNESIO * 100 DISCOS MASTICABLES,NATURALMENTE,1,"63,900",1,817,"63,900",475,"40,900",239,466,417,B
7501058645623,COMPOTA GERBER DE MANZANA 6+ * 113 GR,NESTLE NUTRICION,4,"4,900",10,152,"49,000",581,"15,840",564,467,418,B
36600813719,CHAPSTICK CEREZA * 4.2 GR,RECAMIER,0,"18,700",3,433,"56,100",529,"21,786",436,468,419,B
7707263008790,SIDOGAL 75 MG +1000 MG * 4 TAB,TRIDEX FARMACEUTICA,2,"75,000",1,"1,038","75,000",393,"54,060",181,469,420,B
7702057168056,NORAVER-P MENTA * 96 TAB,TECNOQUIMICAS,0,"195,900",1,"1,094","138,000",202,"31,388",312,469,421,B
7506205810138,ENFAMIL PREMIUM PROMENTAL CONFORT * 375 GR,MEAD JOHNSON NUTRITION COLOMBIA,1,"89,000",2,616,"178,000",143,"12,500",664,470,422,B
7706142707106,NEOFUNGINA TALCO * 40 GR,LAB NEO,2,"14,800",4,370,"56,536",520,"18,656",494,472,423,B
7506205810909,ENFAMIL PREMIUM PROMENTAL CONFORT * 800 GR,MEAD JOHNSON NUTRITION COLOMBIA,0,"180,000",1,875,"180,000",137,"17,697",516,473,424,B
7702057167806,NORAVER SPRAY MENTA *120 ML  ,TECNOQUIMICAS,0,"49,800",2,644,"99,600",298,"17,594",522,474,425,B
7702090029826,MR TEA DURAZNO * 500 ML,POSTOBON GASEOSAS,5,"3,700",11,138,"40,000",658,"17,193",528,476,426,B
"7702402043359,7",PALETA ALOHA AGUA LIMON * 65 GR,MEALS DE COLOMBIA,11,"2,200",18,55,"39,600",667,"15,264",578,478,427,B
4054839084621,BION3 * 60 TAB,PROCTER & GAMBLE CHC,0,"80,600",1,810,"80,600",364,"26,188",370,478,428,B
650240073199,NIKZON 86 MG * 28 CAP,GENOMMA LABORATORIO COLOMBIA,1,"119,000",1,"1,026","119,000",243,"28,109",346,480,429,B
7707355055626,NOXPIRIN PLUS * 120 CAP,SIEGFRIED CONSUMO,1,"153,000",1,"1,082","150,800",184,"26,823",363,480,430,B
7703546012119,TENSOFAR 100 MG * 30 TAB L-CONSUM,NOVAMED OTC,2,"24,000",2,658,"48,000",591,"35,720",275,481,431,B
8903726189955,ESCITROLAM 10 MG X 30 TABS,SEVENPHARMA SAS,0,"70,000",1,"1,069","70,000",443,"63,136",150,482,432,B
7706569022912,ACETAMINOFEN CODEINA 325/30MG * 30 TAB,A.G. MEDICAMENTOS,2,"42,700",1,697,"57,700",511,"30,185",325,483,433,B
7703153024420,CITRAGEL 1500 MG * 90 TAB ,PROCAPS OTX,1,"133,600",1,961,"133,600",215,"22,539",421,484,434,B
7702031525448,O.B. TAMPON MEDIO * 8 UND,JOHNSON Y JOHNSON DE COL SA,3,"10,200",5,303,"50,900",564,"17,125",529,485,435,B
5099864016987,SIMILAC 1 5HMOS * 350 GR,ABBOTT NUTRICION,3,"78,900",2,642,"157,800",175,"12,750",657,485,436,B
7707351599421,VERACEF 500 MG * 24 CAP,SIEGFRIED AH ROBINS,0,"127,300",1,883,"127,300",225,"19,937",463,485,437,B
7702870071922,DOLIREN 5MG/325MG * 30 TAB,ABBOTT FARMA,0,"153,200",1,894,"153,200",179,"18,428",497,485,438,B
7707397790356,DOLEX ACTIVGEL * 20 CAP,HALEON (GLAXO OTC),2,"31,500",3,465,"96,000",315,"12,897",653,488,439,B
7702057711573,AMLODIPINO 5 MG * 30 TAB,MK ETICOS CONVENIO,3,"25,200",3,493,"75,600",387,"15,477",573,488,440,B
7702402059855,HELADO CASERO YOGURT MELOCOTON * 60 GR,MEALS DE COLOMBIA,12,"2,900",13,106,"37,700",689,"16,172",553,489,441,B
7613033986628,NESTUM TRIGO MIEL * 200 GR,NESTLE NUTRICION,0,"14,000",4,368,"56,000",532,"17,368",527,489,442,B
8850769024852,EUGICA COFF HERBAL LOZENGES * 120 TAB,MEGA WE CARE,0,"105,200",1,"1,092","79,200",371,"44,760",219,490,443,B
7702184020326,BACTRODERM ESPUMA * 60 ML,ECAR,2,"14,000",3,496,"42,000",644,"27,318",354,491,444,B
7707019314120,CEFAFLEX 250 MG SUSP * 100 ML,LABQUIFAR PHARMACEUTICA,2,"23,800",2,567,"47,600",598,"27,948",350,491,445,B
7707019476507,SALYDRAT * 25 S/S,LABQUIFAR PHARMACEUTICA,1,"72,500",1,837,"75,000",391,"26,693",365,492,446,B
7702057012434,RINAID 0.05% SPRAY NASAL * 18 GR,TECNOQUIMICAS VM TQ,0,"112,000",1,969,"112,000",263,"24,062",397,493,447,B
7896112402886,VONAU FLASH 8 MG * 10 TAB,FARMA DE COLOMBIA SA,0,"103,000",1,"1,078","103,000",287,"31,967",307,493,448,B
4048846008770,BISOLVON TOS SECA JBE * 120 ML,OPELLA (SANOFI OTC),1,"36,900",2,547,"73,800",404,"16,584",540,494,449,B
7501056330293,PONDS CLARANT B3 N/GRASA * 50 GR,UNILEVER ANDINA COLOMBIA,0,"25,300",2,595,"49,300",580,"27,290",355,494,450,B
7702057062521,ETORICOXIB 60 MG * 14 TAB,MK ETICOS CONVENIO,0,"81,000",1,919,"81,000",361,"28,142",345,494,451,B
7861073963530,LOMOTIL * 4 TAB,GRUNENTHAL COLOMBIANA,2,"8,900",5,323,"44,500",625,"18,835",489,495,452,B
7704039112064,PARACODINA * 120 ML  ,LEGRAND,0,"24,900",2,513,"49,800",574,"23,090",414,495,453,B
8427030008943,GLUCERNA VAINILLA * 850 GR,ABBOTT NUTRICION,1,"176,500",1,930,"176,500",145,"17,115",530,495,454,B
7702136646628,CURITAS CURE BAND * 10 UND  ,TECNOQUIMICAS CUIDADO DE HERIDA,2,"3,000",12,121,"35,800",702,"16,260",551,496,455,B
7702003459016,PARCHE LEON,BDF (BEIERSDORF) ,0,"19,900",3,429,"59,700",500,"16,905",536,497,456,B
7708152336727,SUREZINC TRANSFER KIDS FRESA * 400 GR,SUREZINC,1,"56,500",1,860,"56,500",521,"38,668",251,498,457,B
7703153011468,CALCITRIOL 0.25 MG * 30 CAP,COLMED,0,"83,900",1,838,"87,600",337,"22,142",432,500,458,B
8903726183694,LETROLE 2.5 MG * 30 TAB,SEVENPHARMA SAS,0,"58,500",1,893,"58,500",506,"39,140",249,500,459,B
7702192046561,GATORLIT FRESA KIWI * 620 ML,POSTOBON GASEOSAS,2,"5,300",9,179,"46,200",612,"14,319",606,501,460,B
4005800137679,NIVEA CREMA * 60 GR,BDF (BEIERSDORF) ,0,"27,000",2,593,"54,000",540,"23,262",409,501,461,B
7707263005263,MENTOFRIX RUB * 50 GR,TRIDEX FARMACEUTICA,2,"22,000",2,621,"44,000",627,"30,972",316,501,462,B
7702057707712,MULTISOLUTION 1 * 120 ML,MK OFTALMOLOGICO CONVENIO,1,"31,100",2,535,"62,200",485,"18,294",498,503,463,B
7702418004351,NEUROBION * 30 GRAG  ,PROCTER & GAMBLE CHC,1,"53,000",1,698,"71,000",434,"21,479",443,504,464,B
7702870040652,GIGI 12 PROBIOTICOS * 15 CAP,ABBOTT FARMA,0,"77,000",1,806,"77,000",380,"22,444",423,504,465,B
7704232000465,FITOSTIMOLINE CREMA * 32 GR,EUROETIKA,1,"86,200",1,953,"86,200",345,"26,714",364,505,466,B
7702402054324,PALETA ALOHA MANGO BICHE *65 GR CON LIMON Y SAL,MEALS DE COLOMBIA,13,"3,200",12,115,"38,400",682,"14,688",597,506,467,B
7702914114004,PONQUE CHOCORAMO TAJADA * 65 GR,PRODUCTOS RAMO,10,"3,200",12,122,"38,400",683,"14,880",590,506,468,B
7707338401020,DURACICAT CREMA PROTECTORA *60 GR,CIMA,0,"51,500",1,935,"51,500",561,"51,500",192,507,469,B
7703712010000,NELIND CREMA * 40 GR,COASPHARMA MEDIBRAND OTC,0,"17,700",3,448,"53,100",545,"17,808",512,508,470,B
3337875684118,CERAVE LIMPIADOR ANTI-RUGOSIDADES * 236ML,LOREAL COLOMBIA CERAVE,0,"75,300",1,978,"75,300",388,"30,625",320,508,471,B
7702007080742,CHOCOLATINA JUMBO MANI * 90 GR,GRUPO NUTRESA,2,"10,500",4,354,"42,000",643,"18,840",488,509,472,B
7703281000112,PRESIDERM 2% UNG * 15 GR ,MEGALABS,0,"80,900",1,825,"80,900",363,"21,733",438,509,473,B
7702057707743,MULTISOLUTION PLUS VISION * 120 ML,MK OFTALMOLOGICO CONVENIO,2,"30,800",2,530,"61,600",487,"17,694",517,510,474,B
7703178000607,CETIRAX GOTAS * 15 ML,ABBOTT FARMA,1,"89,400",1,712,"89,400",329,"16,431",544,511,475,B
7703889150585,SIMPAUSE 100 MG * 30 CAP,CHALVER ,0,"103,600",1,830,"109,021",271,"17,606",521,511,476,B
7451079000669,DOLEX 500 MG * 200 TAB,HALEON (GLAXO OTC),1,"178,000",1,"1,086","153,000",180,"21,028",446,513,477,B
7702026149567,NOSOTRAS BUENAS NOCHES TELA * 10 UND,ESSITY (FAMILIA),4,"10,500",5,330,"52,500",549,"14,640",599,514,478,B
7896261006249,DIOVAN 80 MG * 28 TAB,SIEGFRIED NOVARTIS,0,"24,100",3,474,"72,300",420,"13,917",620,514,479,B
7703712080058,BENCIFAR SOLUCION TOPICA BUCAL SPRAY * 120 ML   /D18/,TRIDEX FARMACEUTICA,0,"49,600",1,735,"49,600",576,"30,344",322,514,480,B
7709126643681,PROWHEY ONCARE PLUS VAINILLA * 415 GR,BOYDORR NUTRITION ,0,"138,200",1,"1,056","138,200",201,"20,843",450,514,481,B
7702402058841,GALLETA CON HELADO AREQUIPE * 65 GR,MEALS DE COLOMBIA,8,"3,800",10,158,"38,000",684,"14,810",591,515,482,B
7702402059428,HELADO ARTESANAL FLAN DE AREQUIPE * 70 GR,MEALS DE COLOMBIA,0,"3,800",10,166,"38,000",686,"15,050",584,515,483,B
7707282990762,VENDA ELASTICA PIEL 5 * 5 YARDAS ,BEGUT SEVENPHARMA IMPORTACIONES,0,"5,700",6,255,"34,200",719,"18,216",499,515,484,B
7703445040015,MONURIL 3 GR * 1 S/S,ZAMBON COLOMBIA ,3,"20,900",4,357,"83,600",351,"9,904",757,515,485,B
8427030009285,SIMILAC TOTAL COMFORT 1 * 800 GR,ABBOTT NUTRICION,1,"175,000",1,979,"175,000",148,"16,261",549,516,486,B
7702132008529,ADVIL ULTRA * 72 CAP ,HALEON (GLAXO OTC),1,"160,000",1,"1,084","146,800",190,"21,104",445,516,487,B
7702057708672,VALACICLOVIR 500 MG * 10 TAB,MK ETICOS CONVENIO,1,"113,700",1,"1,041","113,700",256,"22,804",418,517,488,B
7501007532608,DRAMAMINE 50 MG * 24 TAB,JOHNSON Y JOHNSON DE COL SA,0,"23,400",3,509,"60,000",496,"16,318",546,519,489,B
7709990267945,TRESIBA 1MG/3ML * 1 PLUMA,NOVO NORDISK COLOMBIA SAS,0,"55,600",2,627,"111,200",264,"11,990",678,520,490,B
7702189056887,CHOKIS CHISPAS BLACK * 37 GR ,FRITO LAY,0,"2,500",12,119,"30,000",776,"16,260",550,521,491,C
7003281000525,OLOPAT 0.2 % GOTAS * 5 ML ,MEGALABS,0,"81,100",1,710,"81,100",360,"16,453",543,521,492,C
7702617022149,NECTAR CALIFORNIA PERA * 200 ML,GLORIA COLOMBIA SA,4,"2,900",11,133,"31,900",750,"15,818",565,522,493,C
7702896001477,RELAXKOV 4 MG * 20 TAB,BLASKOV,0,"45,000",1,929,"49,000",583,"45,000",216,523,494,C
7702189055484,NATUCHIPS PLATANO MADURO * 38 GR,FRITO LAY,0,"3,200",10,145,"32,000",747,"15,790",566,524,495,C
7702189016812,GUDIZ * 28 GR,FRITO LAY,2,"2,200",13,99,"28,600",794,"16,029",559,526,496,C
7702189056832,CHEETOS BOLIQUESO * 38 GR,FRITO LAY,0,"2,500",13,105,"32,500",739,"14,417",602,526,497,C
7702402050234,POLET COOKIES & CREAM * 70 GR,MEALS DE COLOMBIA,13,"6,600",6,253,"39,600",663,"15,342",576,526,498,C
7702027440106,NOSOTRAS MATERNIDAD *10 UND + 3 TOALLAS NOCHE,ESSITY (FAMILIA),1,"19,900",3,484,"59,700",499,"15,300",577,526,499,C
7891058009038,LASIX 40 MG * 20 COMP,SANOFI FARMA,0,"57,900",2,558,"118,900",244,"10,008",752,526,500,C
7702402048316,PALETA ALOHA MIX FRUTOS ROJOS * 80 GR ,MEALS DE COLOMBIA,8,"2,800",13,107,"36,400",694,"13,065",644,527,501,C
7707263008158,BIOPEN 20 MG * 2 TAB /D24/,TRIDEX FARMACEUTICA,3,"43,600",1,783,"43,600",630,"34,810",278,527,502,C
7707239278073,FLOBACT GOTAS * 5 ML ,ESPECIALIDADES OFTALMOLOGICAS,1,"75,200",1,718,"75,200",389,"17,014",532,528,503,C
7707019313086,AZ TROBAC 200 MG * 15 ML,LABQUIFAR PHARMACEUTICA,1,"21,500",2,594,"43,000",637,"24,302",395,529,504,C
8850769026856,ENAT NATURAL VITAMINA E CREMA * 50 GR,MEGA WE CARE,1,"52,500",1,752,"52,500",550,"26,128",371,529,505,C
7703186816511,PEDIALYTE ACTIVE 30 COCO * 500 ML,ABBOTT NUTRICION,3,"11,000",6,240,"66,000",463,"9,666",769,530,506,C
7702057075101,ALCOHOL MK * 700 ML,TECNOQUIMICAS CUIDADO DE HERIDA,0,"9,900",5,314,"49,500",579,"13,840",624,531,507,C
7709285612627,TERMOMETRO DIGITAL MODELO MT-502B,DIAGNOSTICOS BIOMEDICOS,0,"17,800",2,546,"35,600",705,"26,100",372,532,508,C
7702049000906,AGUARDIENTE ANTIOQUEÑO * 1000 ML AZUL S/AZUCAR ,ANTIOQUIA AGUARDIENTE,1,"78,500",1,812,"78,500",373,"18,635",495,532,509,C
7707263008707,ACED PIEL PROTECTOR SOLAR SPF 50+ * 60 ML,TRIDEX FARMACEUTICA,0,"51,000",1,855,"51,000",563,"32,256",303,532,510,C
7702024052685,KLIM 3+ BOLSA * 1000 GR,NESTLE NUTRICION,2,"58,200",2,625,"104,760",285,"11,624",692,533,511,C
7702184393963,VITAMINA C + ZINC MANDARINA * 100 TAB,ECAR,2,"63,400",1,"1,083","63,000",479,"40,005",242,535,512,C
7703281000679,PROCICAR NF CREMA * 60 GR,MEGALABS,1,"61,900",1,971,"61,900",486,"31,592",311,537,513,C
7702192308256,GATORLIT UVA * 620 ML,POSTOBON GASEOSAS,4,"5,300",8,192,"41,500",649,"12,712",658,538,514,C
7707019379464,ACTIVIRAL 5% CREMA * 15 GR,LABQUIFAR PHARMACEUTICA,0,"17,200",2,544,"34,400",716,"25,644",383,540,515,C
8437009433638,DROSPERA 20 * 28 TAB,EXELTIS,0,"29,700",2,652,"59,400",503,"18,096",503,540,516,C
7702870071236,ERICOX 90 MG * 14 TAB,ABBOTT FARMA,0,"112,200",1,924,"112,200",260,"16,334",545,540,517,C
7702025136735,GALLETA FESTIVAL VAINILLA * 50 GR,GRUPO NUTRESA,1,"1,900",15,78,"28,500",796,"14,295",608,541,518,C
7703889154347,FLUZETRIN F JBE * 60 ML ,CHALVER ,0,"36,200",2,607,"74,200",400,"13,880",622,541,519,C
7703546153508,FERBIN 250 MG * 50 CAP L-NEUR-PSIQ,NOVAMED FARMA,2,"63,600",2,690,"102,600",288,"12,320",670,541,520,C
7702418001558,EUTIROX 100 MCG * 50 TAB,MERCK COLOMBIA FARMA,0,"73,300",1,"1,066","73,300",410,"29,979",327,541,521,C
7622300124526,GALLETA RITZ SANDWICH QUESO * 30 GR,DISCOB NORTE SAS,8,"2,000",15,80,"30,000",777,"13,785",625,542,522,C
7702057715168,OLMESARTAN MEDOXOMIL 20 MG * 30 TAB ,MK ETICOS CONVENIO,0,"21,200",3,455,"63,600",476,"12,870",654,542,523,C
7702001047178,YOGO PREMIO ALPINA MORA *150 GR,ALPINA PRODUCTOS ALIMENTICIOS S.A.,0,"4,200",9,168,"37,800",688,"12,969",650,543,524,C
7702189036629,DETODITO MIX * 165 GR,FRITO LAY,6,"10,100",4,365,"40,400",656,"16,100",556,543,525,C
7707341450053,INHALOCAMARA ADULTOS * 1 UND,RSB,2,"11,500",3,446,"34,500",714,"20,400",455,543,526,C
7703546029148,ESOMED 40 MG * 14 CAP  L-GASTR,NOVAMED FARMA,1,"131,300",1,839,"131,300",219,"13,150",641,543,527,C
7702057109714,CREMA N4 MEDICADA * 30 GR,TECNOQUIMICAS CONSUMO,2,"19,800",3,490,"59,400",504,"14,196",612,544,528,C
7707263004341,REPELENTE TRIDEX FAMILY SPRAY * 120 ML /D15/,TRIDEX FARMACEUTICA,2,"21,300",2,659,"42,600",640,"24,524",393,546,529,C
7702057075231,DIOSMINA 500 MG * 30 TAB,MK ETICOS CONVENIO,3,"29,100",2,512,"58,200",508,"14,410",603,547,530,C
7702123006916,APRONAX 275 MG * 8 CAP,BAYER OTC,2,"18,400",4,372,"72,700",418,"9,572",771,548,531,C
7702090029864,HIT MANGO * 500 ML,POSTOBON GASEOSAS,4,"3,700",9,175,"32,700",737,"14,004",618,549,532,C
7707271451410,CYCLOFEMINA 25MG/5MG * 1 AMP,NTI (NEW TRADE INTERNATIONAL),0,"23,000",3,427,"66,900",456,"11,115",707,549,533,C
7702195119521,BATEN S * 4 CAP,BUSSIE FARMA,0,"98,600",1,734,"100,500",294,"12,807",656,549,534,C
7702057080044,YODORA CREMA * 12 GR ,TECNOQUIMICAS CONSUMO,3,"4,000",9,176,"35,800",700,"12,897",652,550,535,C
7703281000778,BETARRETIN H CREMA * 30 GR,MEGALABS,0,"85,900",1,850,"85,900",346,"16,468",542,550,536,C
7702057062200,IBANDRONATO 150 MG * 1 TAB,MK ETICOS CONVENIO,1,"98,300",1,"1,030","98,300",304,"19,913",465,550,537,C
7702057079598,RISPERIDONA 2 MG * 20 TAB,MK ETICOS CONVENIO,2,"19,200",3,480,"57,600",512,"13,512",630,551,538,C
7702057015138,TRAVAD COLONPEG * 4 S/S,TECNOQUIMICAS VM TQ,1,"89,400",1,807,"89,400",327,"14,983",586,551,539,C
7501054500193,NIVEA CREMA * 200 ML ,BDF (BEIERSDORF) ,0,"54,000",1,813,"56,000",531,"23,359",407,552,540,C
7702057715915,LEVOTIROXINA 50 MG * 30 TAB ,MK ETICOS CONVENIO,0,"17,900",3,422,"50,700",566,"13,854",623,553,541,C
7506105606084,TRIDENT SANDIA * 18 UND,DISCOB NORTE SAS,0,"5,500",6,264,"33,000",732,"15,258",579,554,542,C
7704039671523,ROSUVINA 40 MG * 30 TAB,LEGRAND,1,"70,400",1,731,"70,200",437,"16,291",547,555,543,C
7708736738701,CANOXIDIL 5% * 60 ML,AIPHEX GLOBALPHARMA,0,"50,000",1,889,"50,000",573,"29,664",330,555,544,C
7702184020388,FEXOFENADINA 30 MG SUSP * 150 ML,ECAR,1,"56,300",1,932,"56,300",528,"28,165",344,555,545,C
7706263200654,PAX NOCHE PANELA-LIMON * 24 S/S,EUROFARMA,1,"67,000",1,705,"70,000",444,"15,871",563,557,546,C
7702024312284,KLIM 1 + BOLSA * 1800 GR,NESTLE NUTRICION,2,"94,000",1,724,"94,000",318,"12,538",662,557,547,C
7702057707972,MULTISOLUTION 1 * 360 ML + 30 ML + PORTALENTES,MK OFTALMOLOGICO CONVENIO,0,"63,300",1,820,"63,300",477,"19,974",462,557,548,C
7702057104603,CREMA N 4 MEDICADA * 60 GR,TECNOQUIMICAS CONSUMO,2,"30,500",2,568,"61,000",489,"14,196",613,558,549,C
7707332986707,AVALPRIC SUSP * 120 ML,LABQUIFAR PHARMACEUTICA,0,"19,800",2,639,"39,600",664,"23,058",415,558,550,C
7702024025719,KLIM 3+ BOLSA * 500 GR,NESTLE NUTRICION,1,"29,500",3,443,"88,500",333,"8,061",829,559,551,C
7702027435331,NOSOTRAS TAMPONES REGULAR * 20 UND,ESSITY (FAMILIA),0,"17,500",3,461,"52,500",548,"13,470",631,559,552,C
7703546705431,DISPAX * 16 CAP L-GASTR,NOVAMED FARMA,1,"130,000",1,981,"130,000",220,"14,800",592,559,553,C
7702184011485,SULFATO FERROSO 300 MG * 100 TAB,ECAR,3,"16,800",3,447,"50,400",568,"13,704",626,561,554,C
7501125185182,ELECTROLIT JAMAICA SUERO * 625 ML,PISA (SUEROS LIQUIDOS),5,"8,800",6,250,"52,800",547,"9,600",770,562,555,C
7702192418047,GATORADE TROPICAL * 1 LT,POSTOBON GASEOSAS,2,"8,600",4,350,"34,400",717,"15,880",562,563,556,C
7707321981539,DIHIDROCODEINA JBE * 120 ML,HUMAX PHARMACEUTICAL,5,"17,400",2,542,"34,800",712,"20,732",451,565,557,C
7703038060420,DIFENHIDRAMINA * 120 ML,LAPROFF,3,"7,000",5,285,"34,600",713,"14,105",614,566,558,C
7702207084557,FACETIX * 21 TAB,ABBOTT FARMA,3,"10,600",5,297,"52,470",551,"9,950",755,569,559,C
7702136648066,CUREBAND MICROPORE PIEL 2 * 10 YARDAS,TECNOQUIMICAS CUIDADO DE HERIDA,2,"17,400",3,468,"52,200",552,"13,002",647,569,560,C
7703153022075,ESOMEPRAZOL 40 MG * 30 TAB  ,COLMED,0,"48,400",1,776,"48,400",588,"22,287",426,570,561,C
7795312100090,ALLEGRA 30 MG * 150 ML,OPELLA (SANOFI OTC),1,"73,000",1,840,"73,000",416,"16,924",535,570,562,C
7703712080362,AZITROFAR 500 MG * 3 TAB,TRIDEX FARMACEUTICA,5,"43,200",1,886,"43,200",635,"31,090",315,570,563,C
7707274721930,CLAVUTEC 500/125MG * 14 TAB,FAES FARMA,1,"80,900",1,989,"80,900",362,"18,696",492,571,564,C
7501059227651,NAN 2 OPTIPRO * 900 GR,NESTLE NUTRICION,1,"137,800",1,775,"137,800",203,"9,671",768,572,565,C
7702057091439,DURAFLEX ESPALDA FORTE * 18 CAP,TECNOQUIMICAS,0,"48,900",1,695,"72,600",419,"13,413",632,573,566,C
7704403005602,MUCOSINA GOTAS * 30 ML ,HALEON (GLAXO OTC),3,"22,700",3,444,"68,100",451,"9,774",764,574,567,C
7794640171734,COREGA ULTRA SIN SABOR * 20 GR,HALEON (GLAXO OTC),0,"26,000",2,545,"52,000",558,"14,300",607,574,568,C
7707274721084,ECLOSYNT AEROSOL BUCAL 250 MCG * 200 DOSIS,FAES OTC,1,"54,200",1,778,"54,200",538,"19,204",479,574,569,C
7794640171710,COREGA ULTRA MENTA * 20 GR,HALEON (GLAXO OTC),0,"26,100",2,586,"52,200",553,"14,972",588,575,570,C
7703889016102,LACTULAX SUSP * 240 ML  ,CHALVER ,0,"99,990",1,843,"99,990",295,"12,868",655,576,571,C
7702993051726,TRULULU GOMITAS FRESITAS * 70 GR,SUPER DE ALIMENTOS,2,"2,800",10,153,"28,000",801,"13,040",646,577,572,C
7702123006718,ASPIRINA EFERVESCENTE 500 MG * 50 TAB,BAYER OTC,1,"66,500",1,699,"92,400",320,"10,575",725,577,573,C
736085413694,LAGRICEL PF * 10 ML,SOPHIA DE COLOMBIA FARMA,1,"73,000",1,974,"73,000",415,"19,635",472,578,574,C
7702402059602,POLET CARAMELO CROCANTE * 80 GR,MEALS DE COLOMBIA,1,"8,300",4,342,"33,200",726,"14,444",601,580,575,C
7702132010959,ADVIL GRIPA * 10 CAP,HALEON (GLAXO OTC),1,"22,100",3,498,"66,300",458,"10,248",737,580,576,C
7707019402186,HEMETIL GOTAS * 30 ML,LABQUIFAR PHARMACEUTICA,2,"15,500",2,522,"31,000",758,"20,034",461,580,577,C
7702090468793,SPEED MAX BORONDO LATA * 473 ML,POSTOBON GASEOSAS,7,"4,200",7,219,"29,000",789,"13,566",629,583,578,C
7702184011850,IRBESARTAN 150 MG * 30 TAB,ECAR,2,"19,500",2,612,"39,000",676,"19,010",484,583,579,C
7702057079369,RISPERIDONA 3 MG * 20 TAB,MK ETICOS CONVENIO,-1,"29,200",2,683,"58,400",507,"14,982",587,583,580,C
650240001864,CICATRICURE GEL CICATRICES * 60 GR ,GENOMMA LABORATORIO COLOMBIA,0,"69,800",1,"1,053","69,800",446,"23,161",412,584,581,C
7702189055569,DETODITO MIX * 50 GR,FRITO LAY,4,"4,000",7,222,"28,000",803,"13,664",627,587,582,C
7703546693530,NAPROXENO 550 MG * 10 TAB,NOVAMED FARMA,1,"16,000",2,570,"34,000",720,"19,200",481,587,583,C
7703153033095,LIPOTIC 600 MG * 30 TAB,PROCAPS RX,0,"124,100",1,"1,063","124,100",232,"14,461",600,587,584,C
7702189055552,DETODITO NATURAL * 50 GR,FRITO LAY,8,"4,000",7,226,"28,000",802,"13,573",628,588,585,C
7706569001184,AMOXICILINA 250 MG * 100 ML,A.G. MEDICAMENTOS,2,"10,700",3,421,"32,100",745,"16,068",557,589,586,C
7702057700447,VITA C +ZINC 500MG NARANJA *100 TAB MASTICABLES,TECNOQUIMICAS,1,"66,600",1,"1,081","70,000",439,"22,997",416,590,587,C
7707228365753,ESPARADRAPO TELA BLANCO ALFASAFE 2 * 5 YD (5 * 450 CM),ALFA SAFE,2,"11,000",3,411,"33,000",730,"15,129",583,591,588,C
7501159033565,DUREX MAXIMO PLACER * 3 UND,RECKITT BENCKISER COLOMBIA S A,1,"18,500",3,464,"47,175",603,"12,507",663,592,589,C
7706569000545,FLUOXETINA 20 MG * 30 CAP,A.G. MEDICAMENTOS,0,"16,400",2,528,"32,800",736,"18,026",507,592,590,C
7702207188620,SMECTA * 10 S/S,ABBOTT CONSUMER HEALTH CARE,0,"82,500",1,899,"82,400",358,"14,379",604,592,591,C
7709499559794,VITAL TEARS ULTRA * 10 ML,VITALIS COMERCIAL,0,"33,300",1,959,"39,021",674,"33,300",291,592,592,C
7709214528746,VIMAX JARABE * 240 ML,NATURALMENTE,3,"44,900",1,"1,060","44,900",622,"35,741",274,592,593,C
7709609909105,MARIA SALOME SHAMPOO HOMBRES ANTICAIDA SIN SAL * 400 ML,MARIA SALOME,0,"33,000",1,882,"33,000",728,"33,000",295,593,594,C
7703186577030,PEDIALYTE ACTIVE 30 CEREZA * 500 ML,ABBOTT NUTRICION,3,"11,000",5,288,"53,350",543,"8,055",830,594,595,C
7703546076036,FLUMIXOL 600 MG * 30 S/S  L-RESPI-RIN,NOVAMED OTC,0,"95,000",1,"1,103","56,000",530,"28,528",341,598,596,C
3518646673016,MARIMER BABY ASPIRADOR NASAL ,AXON PHARMA ,0,"60,000",1,"1,006","62,200",484,"21,388",444,599,597,C
7703546701525,PEPRED PLUS SOLUCION * 60 ML L-RESPI-ASM,NOVAMED FARMA,2,"90,500",1,745,"90,500",324,"10,050",750,600,598,C
7702402060073,PALETA ALOHA LULO CON TROZOS DE MANGO BICHE Y TAJIN * 65 GR,MEALS DE COLOMBIA,14,"3,000",10,163,"30,000",775,"10,600",722,601,599,C
7705241400277,YOGOLIN MIX ZUCARITAS LA MEJOR * 130 GR,LA MEJOR,0,"2,900",9,182,"26,100",826,"12,483",665,601,600,C
7703712080478,SULTRIFAR F * 120 ML,TRIDEX FARMACEUTICA,0,"42,600",1,964,"42,600",641,"28,822",338,601,601,C
7702626214849,STREPSILS INTENSIVE MIEL LIMON * 16 TAB,RECKITT BENCKISER COLOMBIA S A,3,"28,200",3,510,"71,400",431,"8,532",811,603,602,C
7702184835982,VITAMINA C + ZINC TUTI FRUTI * 100 TAB,ECAR,1,"63,400",1,"1,093","49,000",582,"31,116",314,603,603,C
7707355052663,TIZAFEN * 20 TAB,SIEGFRIED FARMA,0,"85,000",1,841,"85,000",349,"11,782",682,605,604,C
7703546013017,BECLAZONE 30 MG * 10 CAP L-TR-CAPS,NOVAMED OTC,1,"14,400",2,584,"28,800",792,"20,400",456,606,605,C
7707019339185,PERCLUSONE SUSP * 120 ML,LABQUIFAR PHARMACEUTICA,2,"18,000",2,634,"36,000",696,"17,708",514,608,606,C
7703153017262,MUVETT SUSP * 120 ML  ,PROCAPS OTX,0,"107,800",1,960,"107,800",274,"11,909",680,608,607,C
7707239272774,FLUSURE T * 5 ML,ESPECIALIDADES OFTALMOLOGICAS,0,"70,000",1,"1,007","70,000",442,"18,091",504,608,608,C
7622201717575,GALLETA CLUB SOCIAL ORIGINAL * 24 GR,DISCOB NORTE SAS,2,"1,500",14,91,"21,000",887,"11,690",689,609,609,C
7702001044306,LECHE ALPIN CHOCOLATE *  200 ML,ALPINA PRODUCTOS ALIMENTICIOS S.A.,4,"4,200",7,214,"29,400",784,"11,186",705,610,610,C
7703712030534,PREDNISOLONA 5 MG * 30 TAB,COASPHARMA SAS,0,"8,500",3,439,"26,000",828,"17,442",526,610,611,C
7707263007588,OCHO BABY SHAMPOO MANZANILLA * 230 ML,TRIDEX FARMACEUTICA,2,"15,500",2,581,"31,000",756,"18,168",501,610,612,C
7702184020791,DESLORATADINA JBE * 60 ML,ECAR,1,"15,000",2,679,"30,000",769,"22,240",430,611,613,C
7702993051740,TRULULU GOMITAS FEROZ * 70 GR,SUPER DE ALIMENTOS,3,"2,800",9,178,"25,200",836,"11,736",686,612,614,C
7707210530572,SIMPIOX * 5 ML  ,GERCO,2,"16,100",2,573,"32,200",744,"17,542",524,613,615,C
7702024294696,KLIM DESLACTOSADA BOLSA * 840 GR,NESTLE FOOD & BEVERAGE,1,"49,100",2,608,"98,200",305,"7,002",888,614,616,C
7707172689684,DUODART 0.5/0.4 MG * 30 CAP,GLAXOSMITHKLINE FARMA (GSK),1,"76,900",1,895,"76,900",381,"13,137",642,614,617,C
7703153013271,GENTAMICINA OFTALMICO * 6 ML  ,COLMED,0,"10,500",3,478,"31,500",753,"15,249",580,615,618,C
7707182841027,CANDEPREX 32 MG * 30 TAB,MEGALABS,0,"71,900",1,719,"71,900",427,"10,800",715,615,619,C
300651431483,SYSTANE ULTRA GOTAS * 10 ML ,ALCON DE COLOMBIA,1,"56,600",1,905,"56,600",519,"17,544",523,617,620,C
8901175027897,KOACT 1000 * 15 TAB L-RESPI-RIN,NOVAMED FARMA,1,"99,800",1,968,"99,800",297,"12,000",677,617,621,C
7706309000118,NEUROBASAL 800 MG * 30 TAB,INCOBRA FARMA,0,"45,000",1,"1,009","45,000",621,"26,061",373,619,622,C
7702184010013,ACIDO FOLICO 1 MG * 100 TAB,ECAR,4,"16,300",3,440,"48,900",585,"9,786",762,620,623,C
7707274721053,ACTIVA 21 * 21 GRAG,FAES OTC,2,"7,300",4,364,"29,200",788,"13,212",639,622,624,C
7703546730402,NUTRIBEN SIN LACTOSA * 400 GR,NOVAMED NUTRICIONAL,-1,"78,500",1,823,"78,500",372,"10,800",716,622,625,C
7702635153450,VOLTAREN 75 MG * 5 AMP  ,NOVARTIS FARMA,1,"81,200",1,"1,099","48,900",584,"27,001",359,623,626,C
7706569001276,SILDENAFIL 50 MG * 2 TAB,A.G. MEDICAMENTOS,18,"8,400",3,481,"25,200",833,"17,049",531,624,627,C
7702402060028,ARTESANAL DULCE DE MANDARINA * 70 GR,MEALS DE COLOMBIA,17,"3,500",8,191,"28,000",805,"10,224",739,625,628,C
7704232000090,ETIDOXINA 100 MG * 10 CAP,EUROETIKA,1,"74,800",1,828,"74,800",394,"11,265",701,625,629,C
7702605102044,OMEPRAZOL 20 MG * 10 CAP,GENFAR,1,"4,500",6,241,"27,000",815,"11,268",700,626,630,C
7703153031039,G-MET 1000 MG * 40 TAB,PROCAPS RX,1,"96,900",1,857,"96,900",308,"9,815",760,626,631,C
7702189056009,CHOCLITOS LIMON * 45 GR,FRITO LAY,4,"2,500",10,159,"25,000",841,"10,400",733,627,632,C
7703186123480,PEDIASURE LIQUIDO VAINILLA 220 ML * 8 UND,ABBOTT NUTRICION,0,"76,400",1,"1,020","76,400",382,"14,691",596,627,633,C
7707232097701,VENASFULL MAX FORTE  * 60 CAP,NATURAL FRESHLY,0,"72,500",1,"1,096","52,000",560,"24,187",396,628,634,C
7709478324955,DIPIRONA SODICA 1 GR * 1 AMP,VITALIS COMERCIAL,0,"5,100",6,271,"30,600",760,"10,230",738,629,635,C
7707239275737,FREEGEN * 15 ML GTS 10 ML,ESPECIALIDADES OFTALMOLOGICAS,1,"68,900",1,"1,065","68,900",448,"17,707",515,629,636,C
7705241826206,YOGOLIN MIX M&M LA MEJOR * 130 GR,LA MEJOR,4,"3,500",7,213,"24,500",845,"10,969",709,633,637,C
7702189057815,PAPAS MARGARITA ONDULADAS MAYONESA * 35 GR,FRITO LAY,7,"3,000",8,190,"24,000",852,"10,592",723,635,638,C
7702354953546,AMPER * 473 ML,QUALA NEVERA,7,"3,600",7,211,"25,200",834,"10,563",726,635,639,C
7708109834733,MAXVIT E 1000 UI + SELENIO * 30 CAP,NATURALMENTE,3,"39,500",1,957,"39,500",670,"23,449",404,635,640,C
7702132011802,CENTRUM MEN * 30 TAB,HALEON (GLAXO OTC),0,"48,600",1,709,"48,600",586,"13,328",634,636,641,C
7703197053059,WASSERTROL SUSP OFTALMICA * 5 ML  ,MK OFTALMOLOGICO CONVENIO,3,"14,900",3,436,"44,700",624,"9,507",775,637,642,C
7702617487368,NECTAR CALIFORNIA MANZANA * 300 ML,GLORIA COLOMBIA SA,3,"3,600",7,216,"25,200",835,"10,451",732,639,643,C
"7702133452161,7",TRIDENT MENTA 5.1 GR * 3 UND ,DISCOB NORTE SAS,6,"1,600",12,126,"18,800",917,"10,740",718,640,644,C
7702001041961,YOX DEFENSIS MULTIFRUTA *100 GR,ALPINA PRODUCTOS ALIMENTICIOS S.A.,0,"3,000",9,170,"27,000",816,"9,396",779,640,645,C
7709990001129,DOLPACK MOTAS DORMOLAS * 8 ML,BIG MEDICAL,0,"10,000",3,485,"30,000",774,"13,884",621,641,646,C
7702870070772,GYNFLU D 75MG/1000 MG * 4 TAB,ABBOTT FARMA,1,"97,200",1,"1,040","97,200",307,"11,750",684,641,647,C
7703712080225,AMEFAR 250 MG * 120 ML,TRIDEX FARMACEUTICA,1,"33,100",1,856,"33,100",727,"22,009",434,642,648,C
7703283404666,LYRICA 150 MG * 30 CAP,ASPEN COLOMBIANA SAS,1,"101,500",1,976,"101,500",291,"10,185",743,643,649,C
7702018880409,GILLETTE PRESTOBARBA 3 * 1 UND,PROCTER & GAMBLE COLOMBIA,0,"5,000",6,274,"30,000",770,"9,762",765,644,650,C
7702090064186,GASEOSA MANZANA * 2.5 LT,POSTOBON GASEOSAS,0,"7,300",4,371,"29,200",786,"11,688",690,644,651,C
7704588000430,ROXICAINA 5% POMADA * 10 GR,ROPSOHN THERAPEUTICS,2,"30,400",2,597,"60,800",491,"8,614",807,644,652,C
7702870003589,POSTDAY * 1 TAB ,ABBOTT FARMA CONVENIO,0,"17,500",2,518,"35,500",707,"12,332",669,645,653,C
7703153036973,ECLAMP 150 MG * 30 TAB,PROCAPS RX,0,"77,300",1,927,"77,300",379,"11,238",702,645,654,C
7702090016413,GASEOSA COLOMBIANA * 2.5 LT,POSTOBON GASEOSAS,-1,"7,300",4,381,"29,200",787,"11,644",691,647,655,C
7701021144829,WINNY GOLD SENSITIVE ET 0 * 30 UND + 10 TOALLITAS,TECNOQUIMICAS WINNY,0,"22,800",2,611,"45,600",617,"11,460",695,647,656,C
7702354939694,POPETAS MIX CARAMELO - QUESO *39.6 GR,QUALA NEVERA,2,"2,200",10,150,"22,000",870,"9,760",766,648,657,C
7708109834177,MELATONINA 600 MG * 30 CAP,NATURALMENTE,0,"29,900",1,721,"29,900",780,"18,900",487,648,658,C
7501298221922,EUTIROX 88 MCG * 50 TAB,MERCK COLOMBIA FARMA,0,"67,800",1,"1,018","67,800",452,"14,968",589,648,659,C
7703546028226,DORMEX 100 MG * 20 CAP L-CONSUM,NOVAMED OTC,2,"36,000",1,"1,059","36,000",699,"28,000",347,648,660,C
7702354939700,POPETAS MIX MANTEQUILLA-CARAMELO *37.7 GR,QUALA NEVERA,2,"2,200",10,165,"22,000",868,"9,800",761,649,661,C
7707019332117,MICOTRAZOL 100 MG * 4 CAP,LABQUIFAR PHARMACEUTICA,1,"31,100",1,865,"31,100",755,"22,464",422,649,662,C
7703712080379,IBUPROFAR 400 MG * 60 TAB,TRIDEX FARMACEUTICA,2,"34,700",1,"1,080","36,000",697,"28,980",337,649,663,C
7702045563726,BALANCE CLINICAL CREMA MINI MEN * 30 GR,HENKEL COLOMBIANA,3,"5,200",5,324,"26,000",827,"11,305",698,650,664,C
7702418005068,CONCOR 2.5 MG * 30 TAB ,MERCK COLOMBIA FARMA,0,"12,000",4,362,"48,000",593,"7,184",879,650,665,C
7702035430090,LISTERINE CONTROL CALCULO * 180 ML,JOHNSON Y JOHNSON DE COL SA,2,"17,800",2,671,"35,600",704,"14,670",598,653,666,C
7702001104017,ALPINA BABY ETP 2 * 800 GR,BOYDORR NUTRITION ,2,"78,500",1,877,"78,500",374,"9,910",756,653,667,C
7707232098074,MIELTERTOS GRIPA NOCHE PANELA LIMON * 24 S/S,NATURAL FRESHLY,1,"63,500",1,"1,090","48,600",587,"21,765",437,653,668,C
7703712085022,IBUPROFAR * 120 ML,TRIDEX FARMACEUTICA,5,"29,500",1,748,"29,500",782,"18,989",486,655,669,C
7702027472527,TENA SLIP CLASICO (ANTES BASIC) L * 1 UND,ESSITY (FAMILIA),7,"3,800",8,199,"30,400",764,"7,688",853,658,670,C
7451079001543,DOLEX GRIPA 500 MG * 12 TAB,HALEON (GLAXO OTC),1,"17,900",3,466,"53,700",541,"7,137",880,658,671,C
7707019340907,METROXAZIDE 600/200MG * 18 TAB,LABQUIFAR PHARMACEUTICA,1,"29,000",1,733,"30,000",778,"18,043",506,658,672,C
7703153017699,NYTAX SUSP * 30 ML ,PROCAPS OTX,0,"69,200",1,796,"73,500",408,"8,947",794,659,673,C
7706569000439,DICLOXACILINA 500 MG * 50 CAP,A.G. MEDICAMENTOS,2,"50,000",1,"1,089","44,000",626,"22,572",420,659,674,C
7703454920568,BEDOYECTA * 3 JERINGAS PRELLENADAS,HUMAX PHARMACEUTICAL,1,"112,300",0,"1,128","37,500",690,"28,547",340,660,675,C
7702010130625,COLGATE CEPILLO EXTRA CLEAN DURA * 1 UND,COLGATE PALMOLIVE COMPANIA,2,"7,000",4,355,"28,000",799,"10,464",731,661,676,C
7707228360253,GUANTE CIRUGIA ESTERIL TALLA # 8,ALFA SAFE,1,"2,500",8,194,"20,000",903,"10,096",747,663,677,C
7795368547207,TALOF GOTAS * 5 ML,MEGALABS,1,"85,900",1,"1,005","85,900",347,"10,345",734,666,678,C
7702057716578,ENALAPRIL 20 MG * 30 TAB,MK ETICOS CONVENIO,5,"10,000",4,339,"40,000",657,"7,120",881,667,679,C
7702057070229,GABAPENTIN 300 MG * 30 CAP,MK ETICOS CONVENIO,0,"13,600",3,451,"40,800",653,"8,418",817,668,680,C
7795368000733,TOPTEAR PLUS GOTAS * 10 ML,MEGALABS,0,"66,600",1,789,"69,900",445,"9,201",788,668,681,C
650240007828,ASEPXIA JABON AZUFRE * 100 GR,GENOMMA LABORATORIO COLOMBIA,0,"16,400",2,572,"32,800",735,"12,150",673,669,682,C
7706569020321,BETAMETASONA CREMA 0.5% * 20 GR,A.G. MEDICAMENTOS,1,"13,300",2,614,"26,600",821,"15,712",571,669,683,C
4005800137655,NIVEA CREMA * 30 GR,BDF (BEIERSDORF) ,0,"16,300",2,677,"32,600",738,"14,198",610,672,684,C
7501159033442,DUREX EXTRA SEGURO * 3 UND,RECKITT BENCKISER COLOMBIA S A,2,"13,300",3,452,"39,900",660,"8,085",827,675,685,C
4048846003867,MIRAPEX ER 0.375 MG * 10 COMP,BOEHRINGER INGELHEIM FARMA,0,"15,700",3,499,"47,100",604,"7,764",848,675,686,C
7702057712303,LEVOFLOXACINA 500 MG * 7 TAB,MK ETICOS CONVENIO,1,"52,000",1,762,"52,000",557,"10,580",724,675,687,C
7702001047154,YOGO PREMIO ALPINA FRESA *150 GR,ALPINA PRODUCTOS ALIMENTICIOS S.A.,0,"4,200",6,238,"25,200",837,"8,604",808,676,688,C
7701021115874,WINNY ULTRATRIM SEC ET 2 * 50 + 20 TOALLITAS,TECNOQUIMICAS WINNY,0,"51,300",1,885,"51,300",562,"13,002",648,677,689,C
7622201776664,TRIDENT MENTA * 8.5 GR,DISCOB NORTE SAS,7,"2,300",8,188,"18,400",921,"9,560",772,678,690,C
7702090031966,GASEOSA PEPSI * 400 ML,POSTOBON GASEOSAS,6,"3,200",7,217,"22,200",863,"8,729",803,678,691,C
7501033957413,PEDIALYTE ACTIVE 45 FRESA * 500 ML,ABBOTT NUTRICION,3,"11,000",4,376,"44,000",628,"6,444",911,678,692,D
7702090029871,HIT NARANJA PIÑA * 500 ML,POSTOBON GASEOSAS,7,"3,700",6,244,"21,900",872,"9,336",783,679,693,D
7709530287648,TREEVER OFT * 5 ML,QUIRUPOS,0,"14,500",2,676,"28,000",800,"15,472",575,679,694,D
7707263009339,ACED PIEL LOCION * 120 ML,TRIDEX FARMACEUTICA,3,"27,900",1,822,"27,900",806,"19,247",478,679,695,D
7501056330309,PONDS CLARANT B3 N/GRASA * 100 GR,UNILEVER ANDINA COLOMBIA,1,"37,200",1,"1,011","37,200",692,"20,118",459,679,696,D
8021961012071,ZINNAT 500 MG * 10 TAB,FARMA DE COLOMBIA SA,0,"49,500",1,870,"57,000",518,"11,193",704,680,697,D
7702057160999,NORAVER GRIPA BEBIDA NOCHE * 24 S/S,TECNOQUIMICAS,1,"74,700",1,"1,087","63,900",474,"14,366",605,680,698,D
8850769024685,GOGAZ * 50 CAP,MEGA WE CARE,3,"67,500",1,"1,098","42,000",646,"20,982",448,680,699,D
7703186031303,ENSURE ADVANCE LIQUIDO CHOCOLATE * 220 ML,ABBOTT NUTRICION,0,"14,300",3,449,"42,900",639,"7,473",862,681,700,D
7703712080270,OXIFAR 20 MG * 10 CAP,TRIDEX FARMACEUTICA,0,"30,400",1,"1,012","30,400",763,"23,771",402,681,701,D
7702635716945,EXFORGE HCT 5/160/12.5 MG * 28 COMP  ,SIEGFRIED NOVARTIS,0,"62,400",1,901,"62,400",482,"10,673",719,682,702,D
7703712080386,VILAFAR UNGUENTO * 15 GR,TRIDEX FARMACEUTICA,0,"32,400",1,"1,047","32,400",743,"23,990",400,682,703,D
7702057010843,FENCAFEN 100/1MG * 50 TAB,TECNOQUIMICAS VM TQ,0,"177,300",0,"1,120","72,000",424,"13,259",637,683,704,D
7707397791636,DOLEX FORTE * 100 TAB,HALEON (GLAXO OTC),1,"184,300",0,"1,121","76,000",384,"12,294",671,683,705,D
7702057804503,GASTROFAST ADVANCE * 240 ML,TECNOQUIMICAS VM TQ,0,"64,800",1,913,"64,800",471,"10,559",727,684,706,D
7707019301236,DIEXSOPRAZOL 40 MG * 10 CAP,LABQUIFAR PHARMACEUTICA,0,"30,000",1,"1,067","30,000",771,"26,285",369,684,707,D
751273785568,VITAMINA E 1000 IU + SELENIUM * 60 SOFTGELS,HEALTHY DE AMERICA COLOMBIA,0,"82,400",1,"1,108","42,000",645,"20,444",454,684,708,D
7702057700928,FENITOINA SODICA 100 MG * 50 CAP,MK ETICOS CONVENIO,0,"23,500",2,624,"47,000",606,"9,084",791,685,709,D
7702057074456,IRBESARTAN 300 MG * 14 TAB (R),MK ETICOS CONVENIO,1,"19,800",2,667,"39,600",669,"10,926",710,685,710,D
7703712080430,BECOLIT CREMA * 40 GR,TRIDEX FARMACEUTICA,7,"32,000",1,811,"32,000",746,"16,159",554,685,711,D
7702007039719,CHOCOLATINA JUMBO FLOW BLANCA * 48 GR,GRUPO NUTRESA,7,"4,500",5,309,"22,500",862,"9,725",767,686,712,D
7702189056245,CHOKIS CHOCOBASE * 47 GR,FRITO LAY,5,"2,500",7,206,"17,500",930,"9,506",776,687,713,D
7707133083216,HIT MORA * 500 ML,POSTOBON GASEOSAS,5,"3,700",6,269,"21,600",875,"9,336",784,687,714,D
7707232091143,FINACID REFLU S/AZUCAR * 360 ML,NATURAL FRESHLY,0,"43,500",1,"1,074","43,500",631,"18,686",493,687,715,D
7702617021135,CALIFORNIA NECTAR MANZANA *215 ML,GLORIA COLOMBIA SA,5,"3,300",7,208,"23,100",858,"7,889",840,688,716,D
7702184020821,VITAMINA C GOTAS * 30 ML,ECAR,4,"11,900",2,576,"23,800",853,"14,062",617,689,717,D
4005800255045,DUO RETARDANTE * 3 PRESERVATIVOS,BDF (BEIERSDORF) ,2,"16,500",2,673,"33,000",733,"12,608",661,689,718,D
7702195232312,CONDILOM * 5 ML ,BUSSIE FARMA,1,"73,600",1,"1,008","66,240",459,"11,555",694,690,719,D
7896641811715,NEOSALDINA * 100 GRAG,EUROFARMA,0,"179,500",0,"1,137","50,400",569,"17,687",518,691,720,D
7702057715816,IBUPROFENO 100 MG SUSP * 120 ML,MK ETICOS CONVENIO,0,"16,700",2,556,"33,400",724,"10,038",751,693,721,D
7702189055583,DETODITO LIMON * 50 GR,FRITO LAY,6,"4,000",5,296,"20,000",899,"9,775",763,694,722,D
7707332980453,EUCODINA * 120 ML,LABQUIFAR PHARMACEUTICA,1,"26,500",1,876,"26,500",822,"19,836",468,694,723,D
7709947559796,BIOTRIZINA CREMA 1% * 30 GR,NATURALMENTE,0,"23,900",1,768,"23,200",856,"17,888",509,695,724,D
7702057075057,ALCOHOL MK * 120 ML,TECNOQUIMICAS CUIDADO DE HERIDA,2,"5,000",4,335,"19,800",907,"10,288",736,696,725,D
7702049001644,AGUARDIENTE ANTIOQUEÑO * 750 ML VERDE S/AZUCAR,ANTIOQUIA AGUARDIENTE,1,"55,000",1,940,"55,000",536,"11,759",683,696,726,D
7707232091990,VINAGRE DE MANZANA * 750 ML,NATURAL FRESHLY,0,"29,000",1,792,"29,000",790,"16,131",555,697,727,D
7703153036010,OMEGA 3 1000 MG * 30 CAP,NATURALMENTE,3,"27,500",1,888,"27,500",810,"19,106",482,698,728,D
7702035431110,LISTERINE ORIGINAL * 500 ML,JOHNSON Y JOHNSON DE COL SA,1,"38,000",1,928,"38,000",685,"15,738",568,699,729,D
7702914160308,BROWNIE AREQUIPE * 60 GR,PRODUCTOS RAMO,3,"4,300",5,302,"21,500",877,"8,875",799,702,730,D
7702132007706,TODAY HOT SENSATION * 3 PRESERVATIVOS,HALEON (GLAXO OTC),1,"19,800",2,566,"39,600",665,"8,278",821,703,731,D
7896116861733,YASMINIQ * 28 COMP ,BAYER FARMA,0,"30,000",2,641,"60,000",494,"6,258",924,703,732,D
7702057696092,IBUFLASH MIGRAN * 8 CAP,TECNOQUIMICAS,2,"17,900",2,553,"35,800",703,"8,774",802,705,733,D
7702051011185,AFLUX JBE ADULTO * 120 ML,TECNOQUIMICAS VM TQ,0,"59,800",1,866,"59,800",498,"9,318",785,705,734,D
7703689031145,PIEL RESISTENTE * 3 PRESERVATIVOS,PROFAMILIA,0,"10,500",2,602,"21,000",885,"14,104",615,706,735,D
7702870071854,GASTRUM PLUX MENTA * 10 S/S,ABBOTT CONSUMER HEALTH CARE,0,"26,300",2,687,"45,900",616,"8,884",796,706,736,D
7707355053653,BRONCOCHEM NF PED * 120 ML,SIEGFRIED FARMA,0,"30,200",1,941,"30,200",765,"17,862",510,707,737,D
7702090395938,MAXLIT SUERO 45 MARACUYA * 625 ML,POSTOBON SUEROS,2,"8,400",4,395,"31,920",748,"7,360",868,708,738,D
7702132009731,ADVIL CHILDREN * 60 ML ,HALEON (GLAXO OTC),3,"24,100",2,559,"48,000",595,"6,496",906,710,739,D
7702418000681,DIP SUSPENSION * 20 S/S,MERCK COLOMBIA FARMA,0,"61,300",1,862,"91,300",323,"5,692",954,710,740,D
7702057715175,OLMESARTAN MEDOXOMIL 40 MG * 30 TAB,MK ETICOS CONVENIO,0,"42,900",1,995,"42,900",638,"14,696",594,710,741,D
7501159731133,DUREX CLASICO * 3 UND,RECKITT BENCKISER COLOMBIA S A,2,"11,600",3,412,"34,800",711,"6,642",899,711,742,D
7707277580022,MULTI SOLUTER LENTES * 120 ML,COMERLAT PHARMACEUTICAL,1,"34,300",1,864,"34,300",718,"14,224",609,711,743,D
7702635710110,EXFORGE 10/160 MG * 28 TAB  ,SIEGFRIED NOVARTIS,0,"58,000",1,984,"58,000",510,"10,756",717,711,744,D
7591066701015,SCHICK XTREME SENSIBLE * 1 UND,EDGEWELL,0,"4,900",4,386,"19,600",908,"10,148",744,712,745,D
7707232090818,ARNICA CREMA * 60 GR,NATURAL FRESHLY,0,"29,500",1,891,"29,500",783,"16,688",539,712,746,D
7703153007102,METRONIDAZOL 500 MG * 10 OVULOS,COLMED,0,"13,400",2,539,"26,800",818,"10,516",730,713,747,D
7795345000275,AMOXIDAL DUO 750MG/5ML * 120 ML ,MEGALABS,1,"69,500",1,948,"69,500",447,"8,881",798,713,748,D
7702057709525,CARMELUB TEARS PAGUE 1 LLEVE 2 * 15 ML,MK OFTALMOLOGICO CONVENIO,1,"67,000",1,"1,042","67,000",455,"10,334",735,714,749,D
7702026147471,PAPEL HIG FAMILIA ACOLCHAMAX MEGAROLLO * 1 UND,ESSITY (FAMILIA),2,"2,700",8,201,"21,600",876,"6,760",896,715,750,D
7703381000463,BERODUAL SOL INHALADOR * 20 ML ,BOEHRINGER INGELHEIM FARMA,3,"33,500",1,715,"33,500",723,"10,994",708,715,751,D
7501094912154,PROCTO-GLYVENOL * 5 SUPOSITORIOS,HALEON (GLAXO OTC),0,"67,400",1,"1,035","67,400",453,"10,139",745,715,752,D
7707228361762,JERINGA 3 ML 1G * 1 1/2 HIPODERMICA ALFASAFE ,ALFA SAFE,10,500,22,37,"11,000","1,035","7,480",861,716,753,D
7702010111501,COLGATE CREMA DENTAL T/ACCION * 60 LLEVE 75 ML,COLGATE PALMOLIVE COMPANIA,2,"4,900",5,286,"24,500",844,"7,300",873,716,754,D
7703445030153,FLUIMUCIL 600 MG * 30 S/S ,ZAMBON COLOMBIA ,1,"95,900",1,"1,097","60,800",490,"12,023",675,716,755,D
7702057160463,NORAVER GRIPA FAST TOTAL * 60 CAP,TECNOQUIMICAS,0,"172,100",0,"1,131","57,600",513,"13,345",633,716,756,D
6910021007206,COLGATE CEPILLO PREMIER CLEAN MEDIO * 1 UND,COLGATE PALMOLIVE COMPANIA,4,"3,500",6,262,"21,000",881,"7,512",857,717,757,D
7702184013564,COMPLEJO B * 30 TAB,ECAR,2,"13,200",2,511,"33,200",725,"7,749",849,721,758,D
7702057707729,MULTISOLUTION 1 * 60 ML,MK OFTALMOLOGICO CONVENIO,0,"15,900",2,554,"31,800",751,"8,780",800,721,759,D
7707210530107,FORZ CREMA * 60 GR ,GERCO,0,"39,400",1,832,"39,400",671,"11,446",696,721,760,D
7702189057877,CHEETOS HORNEADOS MAXI * 40 GR,FRITO LAY,7,"2,500",7,224,"17,500",931,"7,728",850,722,761,D
7891000078983,NESTOGENO 1 * 800 GR  ,NESTLE NUTRICION,1,"90,400",1,965,"90,400",325,"6,372",917,722,762,D
7703689457488,PIEL INTENSE * 3 PRESERVATIVOS,PROFAMILIA,0,"10,500",2,672,"21,000",882,"14,094",616,723,763,D
7702354954642,VIVE 100 ULTRA ENERGY * 380 ML,QUALA NEVERA,1,"3,200",6,263,"19,200",914,"7,794",846,724,764,D
7701021143655,WINNY TOALLITAS ALOE + VITAMINA E * 24 UND,TECNOQUIMICAS WINNY TOALLITAS,5,"4,100",5,284,"20,500",891,"7,695",852,724,765,D
7702035432339,LISTERINE COOL MINT * 500 ML,JOHNSON Y JOHNSON DE COL SA,0,"29,400",1,717,"29,400",785,"12,115",674,724,766,D
7707263004518,KENCYCAPS 100 MG * 10 CAP /D24/,TRIDEX FARMACEUTICA,2,"25,000",1,923,"25,000",838,"18,172",500,724,767,D
7702057077112,ALGODON MK * 25 GR,TECNOQUIMICAS CUIDADO DE HERIDA,2,"3,000",7,227,"20,400",892,"6,986",889,725,768,D
8710428019561,ENSURE LIQUIDO VAINILLA * 220 ML,ABBOTT NUTRICION,3,"13,200",3,471,"39,600",668,"5,943",937,726,769,D
7702010420955,PROTEX JABON AVENA *110 GR,COLGATE PALMOLIVE COMPANIA,2,"5,200",4,363,"20,800",889,"8,452",814,728,770,D
7460536554324,UMQUAN GOTAS * 20 ML ,MEGALABS,0,"65,000",1,967,"65,000",469,"8,539",810,730,771,D
7707355050393,DESONIDA 0.05% EMULSION * 120 ML,SIEGFRIED FARMA,-1,"61,400",1,999,"61,400",488,"9,517",774,730,772,D
7896116861139,DIANE 35 * 21 TAB ,BAYER FARMA,0,"15,000",2,529,"22,200",864,"10,188",742,731,773,D
7702007080599,CHOCOLATE GOL * 28 GR,GRUPO NUTRESA,9,"1,800",9,173,"16,200",959,"7,119",882,732,774,D
7702993042397,TRULULU GOMITAS LENGUAS * 70 GR,SUPER DE ALIMENTOS,0,"2,800",6,251,"16,800",947,"7,854",844,732,775,D
7501142900065,PROVERA 10 MG * 28 TAB,PFIZER FARMA,0,"23,200",2,561,"46,400",610,"5,772",949,733,776,D
7702132003975,TODAY PUNTO G * 3 PRESERVATIVOS ,HALEON (GLAXO OTC),3,"19,800",2,649,"39,100",673,"7,950",837,733,777,D
7702132009656,ADVIL MAX * 72 CAP,HALEON (GLAXO OTC),2,"156,600",0,"1,115","70,400",436,"9,969",753,733,778,D
7702057010874,HIDRAPLUS 75 ZINC CEREZA * 400 ML ,TECNOQUIMICAS VM TQ,7,"11,000",3,477,"33,000",729,"6,558",901,735,779,D
7707019314229,SUPRIBAC F SUSP * 120 ML,LABQUIFAR PHARMACEUTICA,0,"24,000",1,765,"24,000",850,"13,970",619,736,780,D
7613033038808,NAN PREMATUROS * 400 GR ,NESTLE NUTRICION,1,"83,300",1,"1,002","83,300",352,"6,457",909,737,781,D
7702132008611,ADVIL MAX * 10 CAP,HALEON (GLAXO OTC),2,"21,700",2,589,"43,400",634,"6,284",922,738,782,D
7702132010102,CALTRATE 600 D * 30 TAB,HALEON (GLAXO OTC),0,"50,300",1,725,"50,300",571,"6,787",894,739,783,D
7703889000569,TRIGENTAX CREMA * 40 GR ,CHALVER ,0,"48,200",1,"1,034","48,200",589,"11,720",687,739,784,D
7702354957537,AMPER PREDATOR * 473 ML,QUALA NEVERA,3,"3,600",5,298,"18,000",926,"7,505",859,742,785,D
7703546722407,NUTRIBEN NATAL 1 * 400 GR,NOVAMED NUTRICIONAL,0,"66,000",1,741,"66,000",462,"5,000",988,742,786,D
7702057073930,MAGNESIA * 120 ML,TECNOQUIMICAS,2,"10,300",3,434,"30,900",759,"6,273",923,743,787,D
7506205809101,ENFAGROW PREMIUM PROMENTAL ETAP 3 * 375 GR ,MEAD JOHNSON NUTRITION COLOMBIA,1,"73,500",1,"1,017","73,500",409,"7,448",863,743,788,D
7707172687437,AVODART 0.5 MG * 30 TAB,GLAXOSMITHKLINE FARMA (GSK),1,"70,700",1,"1,027","73,900",403,"7,445",864,743,789,D
7707288820926,LEVOMEPROMAZINA 25 MG * 20 TAB,HUMAX PHARMACEUTICAL,0,"31,000",1,"1,057","31,000",757,"16,949",534,743,790,D
7896116860972,MICROGYNON * 21 GRAG ,ADIUM (TECNOFARMA),1,"7,000",4,360,"28,000",804,"6,028",932,744,791,D
7707019334203,FUNGISTEROL SHAMPOO * 100 ML,LABQUIFAR PHARMACEUTICA,1,"24,000",1,756,"24,000",849,"13,043",645,744,792,D
7702057087586,CREMA N4 ORIGINAL * 110 GR,TECNOQUIMICAS CONSUMO,1,"43,700",1,916,"43,500",632,"10,219",740,746,793,D
7707019342208,METROXAZIDE SUSP * 120 ML ,LABQUIFAR PHARMACEUTICA,1,"25,800",1,771,"25,800",829,"12,710",659,747,794,D
7703086201035,NIXODERM CREMA * 20 GR,INCOBRA CONSUMO,1,"13,800",2,519,"27,600",809,"7,920",838,748,795,D
7702057298456,NORAVER SPRAY CEREZA * 120 ML ,TECNOQUIMICAS,1,"50,900",1,987,"50,900",565,"9,897",758,748,796,D
7703546301350,NUTRIBEN CONFORT * 400 GR,NOVAMED NUTRICIONAL,0,"70,800",1,918,"70,800",435,"6,300",920,750,797,D
650240029158,MEDICASP SHAMPOO * 100 ML,GENOMMA LABORATORIO COLOMBIA,0,"35,200",1,"1,075","35,200",709,"15,003",585,751,798,D
7707228362608,CATETER 22G * 1 UND,ALFA SAFE,4,"2,500",6,259,"13,750","1,001","7,878",841,752,799,D
7702057071813,BIOCALCIUM D 500 MG * 30 S/S,TECNOQUIMICAS,0,"55,100",1,975,"55,100",535,"8,633",805,753,800,D
7702057715885,METRONIDAZOL 500 MG + NISTATINA 100.000 UI * 10 OVULOS,MK ETICOS CONVENIO,2,"41,100",1,"1,016","41,100",651,"11,807",681,754,801,D
7702057062880,CLOBEGEN CREMA * 20 GR,MK ETICOS CONVENIO,1,"14,200",2,603,"28,400",797,"8,522",812,755,802,D
7703202221237,BISOLVON ADULTO * 120 ML ,OPELLA (SANOFI OTC),1,"39,000",1,829,"39,000",678,"9,412",777,755,803,D
7702354934361,VIVE 100 GRANDE * 380 ML,QUALA NEVERA,7,"3,400",5,326,"17,000",942,"7,395",865,757,804,D
19962551628,ENER C EFERV CON ZINC * 10 TAB,HEALTHY DE AMERICA COLOMBIA,7,"21,000",1,936,"21,000",884,"16,969",533,757,805,D
7702123013891,MEXSANA TALCO * 150 GR + 85 GR,BAYER OTC,0,"28,900",1,853,"28,900",791,"12,276",672,759,806,D
D1346,CABLE IPHONE REF 1989,INOVY,3,"20,000",1,713,"20,000",898,"12,017",676,763,807,D
7622201693213,GALLETA OREO ORIGINAL * 108 GR ,MONDELEZ,-2,"4,200",4,388,"16,800",946,"7,856",843,765,808,D
7703546034029,LIBELLE * 2 TAB L-CONSUM,NOVAMED OTC,0,"18,700",1,861,"18,700",919,"15,598",572,766,809,D
7702189058515,MANI MOTO * 44 GR,FRITO LAY,2,"2,100",7,223,"14,700",985,"6,405",915,767,810,D
7706659501709,SUSPENSION DE MAGNESIA * 120 ML,COASPHARMA SAS,5,"8,600",2,623,"17,200",935,"10,900",711,767,811,D
7707213870231,LIVIAL * 30 TAB,GRUNENTHAL COLOMBIANA,1,"42,000",1,750,"42,000",647,"7,094",883,767,812,D
7709947559789,HIDROPIEL CREMA 2% * 30 GR,NATURALMENTE,1,"18,100",1,758,"18,100",923,"13,300",636,767,813,D
7709990697889,TERRAVITAL 0.5% UNG OFTALMICO * 10 GR,VITALIS COMERCIAL,0,"32,500",1,764,"32,500",741,"9,026",792,767,814,D
7706309000828,FURODERM CREMA * 15 GR,INCOBRA FARMA,0,"35,800",1,"1,024","35,800",701,"12,402",666,768,815,D
7707233050804,RECOLECTOR COPROLOGICO * 1 UND,GRAN ANDINA,6,"1,000",9,180,"9,000","1,065","7,065",884,771,816,D
7702057081027,YODORA TALCO * 60 GR,TECNOQUIMICAS CONSUMO,1,"8,700",3,426,"25,500",832,"5,991",934,771,817,D
7707282990403,TERMOMETRO DIGITAL PUNTA FLEXIBLE ,BEGUT SEVENPHARMA IMPORTACIONES,0,"20,000",1,740,"20,000",897,"11,911",679,771,818,D
7702057804855,SAL DE FRUTAS LUA PLUS * 22 S/S,TECNOQUIMICAS,1,"74,800",1,"1,101","45,500",619,"11,405",697,771,819,D
7707019332605,FUNGISTEROL 200 MG * 10 TAB,LABQUIFAR PHARMACEUTICA,0,"9,400",2,606,"18,800",918,"10,062",749,772,820,D
7730979091206,VEDIPAL 450/50MG * 30 CAP,ADIUM (TECNOFARMA),0,"35,100",1,773,"35,100",710,"8,157",825,772,821,D
7707232091808,PROPOMIELITO * 350 GR,NATURAL FRESHLY,0,"26,400",1,779,"26,400",825,"10,606",721,772,822,D
7702184560143,PASEDOL JBE * 60 ML,ECAR,0,"23,400",1,868,"23,400",855,"13,193",640,772,823,D
7702617022132,NECTAR CALIFORNIA MANZANA * 200 ML,GLORIA COLOMBIA SA,2,"2,900",5,322,"14,500",987,"7,375",867,773,824,D
7501006711615,PRO 425 SUAVE * 1 UND,PROCTER & GAMBLE COLOMBIA,1,"5,000",4,351,"19,900",904,"6,296",921,773,825,D
7702535009994,POWERADE BLAST * 500 ML,COCA COLA,5,"4,000",4,374,"16,000",965,"7,620",854,773,826,D
7702001116973,GELATINA BOGGY FRESA VASO * 108 GR,ALPINA PRODUCTOS ALIMENTICIOS S.A.,6,"2,600",6,270,"15,600",971,"6,342",918,775,827,D
7702123007418,ALKA SELTZER EXTREME * 8 S/S  ,BAYER OTC,1,"26,100",2,694,"38,836",680,"6,453",910,776,828,D
7702027429354,NOSOTRAS EXTRA PROTECCION DIA Y NOCHE TELA * 6 UND,ESSITY (FAMILIA),3,"3,500",6,265,"21,000",883,"4,590","1,003",777,829,D
7702189055835,DORITOS FLAMIN HOT *41 GR,FRITO LAY,4,"3,100",5,279,"15,500",974,"6,395",916,777,830,D
7702535009987,POWERADE FRUTAS TROPICALES * 500 ML,COCA COLA,4,"4,000",4,397,"16,000",962,"7,588",855,778,831,D
7702605103232,LOSARTAN 50 MG * 30 TAB,GENFAR,2,"20,300",2,656,"30,450",762,"7,356",869,778,832,D
7707362320014,VITAMIX 15 * 30 S/S,NUTREO,3,"27,700",1,954,"27,700",808,"13,000",649,781,833,D
7703712080218,HISLORT 10 MG * 10 TAB /D24/,TRIDEX FARMACEUTICA,1,"24,100",1,"1,033","24,100",847,"15,774",567,782,834,D
7702057011284,INMOX 30 MG * 14 CAP,TECNOQUIMICAS VM TQ,0,"16,800",2,531,"33,600",721,"4,852",995,783,835,D
7702090051636,NATU MALTA * 400 ML,POSTOBON GASEOSAS,1,"3,100",5,293,"15,500",973,"6,215",925,784,836,D
7702993051801,TRULULU GOMITAS AROS * 70 GR,SUPER DE ALIMENTOS,7,"2,800",5,295,"14,000",996,"6,525",903,784,837,D
77014542,CALADRYL LOCION * 100 ML,HUMAX PHARMACEUTICAL,0,"22,700",1,977,"22,700",861,"14,695",595,784,838,D
7506105606077,TRIDENT FRESH MINT * 18 UND,DISCOB NORTE SAS,4,"5,400",3,414,"16,200",956,"7,383",866,785,839,D
7702057709068,CARVEDILOL 6.25 MG * 30 TAB,MK ETICOS CONVENIO,3,"9,000",3,445,"27,000",817,"5,328",969,785,840,D
7794640170133,SENSODYNE REPARA Y PROTEGE * 100 GR,HALEON (GLAXO OTC),0,"35,500",1,"1,058","35,500",706,"11,709",688,787,841,D
7506105606053,TRIDENT MENTA 30.6 GR * 18 UND,DISCOB NORTE SAS,3,"5,400",3,420,"16,200",957,"7,344",870,788,842,D
8904208904936,AMOXICILINA 500 MG + ACIDO CLAVULANICO 125 MG * 14 TAB,SEVENPHARMA SAS,0,"49,700",1,900,"49,700",575,"6,502",905,788,843,D
7707184607904,XIALOX 400 MG * 10 TAB,CLOSTER PHARMA,0,"47,000",1,903,"47,000",605,"7,294",875,788,844,D
7501125188039,METFORMINA 850 MG * 30 TAB,PISA FARMACEUTICA DE COLOMBIA S.A. ,1,"19,500",1,952,"19,500",911,"15,200",581,789,845,D
7703689240998,ILEINE * 1 VIAL,PROFAMILIA,3,"20,500",2,681,"41,000",652,"5,138",980,790,846,D
7501058631145,BABY KLIM 2 + LATA * 800 GR,NESTLE NUTRICION,1,"62,400",1,910,"62,400",483,"5,036",984,790,847,D
7702027434020,NOSOTRAS DIARIOS * 15 UND,ESSITY (FAMILIA),3,"2,400",6,272,"14,400",989,"5,832",945,792,848,D
7702993051757,TRULULU GOMITAS SABORES * 70 GR,SUPER DE ALIMENTOS,7,"2,800",5,327,"14,000",998,"6,525",904,793,849,D
7702402059954,BOCATTO BROWNIE CARAMELO SALADO * 93 GR,MEALS DE COLOMBIA,9,"6,100",3,487,"18,300",922,"7,320",871,793,850,D
7709990384949,UNESIA CREMA * 20 GR,GENOMMA LABORATORIO COLOMBIA,0,"36,900",1,872,"36,900",693,"8,044",832,793,851,D
7702057710187,PREGABALINA 75 MG * 30 TAB,MK ETICOS CONVENIO,2,"39,600",1,931,"39,600",666,"8,393",819,793,852,D
7702024207283,KLIM 1+ DESLACTOSADA * 800 GR,NESTLE NUTRICION,2,"46,000",1,736,"46,000",615,"5,024",986,794,853,D
7703153031299,PLENIV  * 30 CAP,PROCAPS OTX,0,"53,500",1,990,"53,300",544,"6,967",891,794,854,D
7709990253542,FUNGIMED CREMA * 20 GR,MED-LINE CONVENIO,0,"23,000",1,"1,079","23,000",859,"16,050",558,794,855,D
7702605102884,TRIMEBUTINA 200 MG * 30 TAB,GENFAR,1,"28,000",1,945,"30,000",779,"10,818",714,795,856,D
7702031927433,DESITIN CREAMY * 57 GR,JOHNSON Y JOHNSON DE COL SA,1,"30,000",1,"1,031","30,000",772,"12,359",668,795,857,D
7702006206815,REXONA CLINICAL WOMEN ROSADO * 30 GR,UNILEVER ANDINA COLOMBIA,2,"4,300",4,373,"17,200",933,"5,868",941,796,858,D
7702560040863,ECOPITOS JGB * 50 UND,JGB,2,"6,400",3,424,"19,200",915,"6,213",926,797,859,D
7702057073985,LOPERAMIDA 2 MG * 6 TAB,MK ETICOS CONVENIO,2,"12,000",2,675,"24,000",848,"8,070",828,797,860,D
D1531,TAPABOCAS EMPAQUE INDIVIDUAL * 50 UND,COVID19,1,"25,000",1,"1,085","26,400",824,"14,740",593,797,861,D
7703381004515,MICARDIS 40 MG * 28 COMP,BOEHRINGER INGELHEIM FARMA,0,"16,600",2,555,"35,282",708,"4,040","1,029",798,862,D
7703381000753,BISOLVON NINOS * 120 ML,OPELLA (SANOFI OTC),1,"39,900",1,"1,029","39,900",661,"9,560",773,798,863,D
7707228367085,SET INFUSION MACROGOTEO S/A * 1 UND,ALFA SAFE,4,"2,900",4,367,"11,600","1,025","7,308",872,799,864,D
7702605111671,ETORICOXIB 120 MG * 7 TAB,GENFAR,0,"40,000",1,937,"40,000",659,"7,964",836,799,865,D
7501303010701,BAYCUTEN N * 20 GR,BAYER FARMA,1,"31,500",1,"1,077","31,500",754,"12,388",667,800,866,D
7707228361793,JERINGA 10 ML 21G * 1 1/2 HIPODERMICA,ALFA SAFE,17,800,10,162,"8,000","1,080","5,650",957,801,867,D
7707355052014,ADOREM JBE * 120 ML,SIEGFRIED CONSUMO,0,"17,700",1,744,"17,700",928,"10,534",729,802,868,D
79400052926,REXONA CLINICAL WOMEN ROSADO * 48 GR,UNILEVER ANDINA COLOMBIA,1,"28,200",1,925,"28,200",798,"10,548",728,802,869,D
7703546701297,TIOMED FORTE * 15 CAP L-OSTEOM,NOVAMED FARMA,0,"61,000",1,"1,076","65,800",465,"6,100",928,803,870,D
7707282990274,JERINGA 5 ML 21G * 1 1/2 ,BEGUT SEVENPHARMA IMPORTACIONES,11,500,14,88,"7,000","1,093","4,760",998,804,871,D
7702027478024,TENA SLIP CLASICO XL * 9 UND,ESSITY (FAMILIA),1,"32,400",1,878,"32,400",742,"8,459",813,804,872,D
7704588000683,ANESTECIN CREMA * 5 GR,ROPSOHN THERAPEUTICS,0,"39,900",1,770,"39,700",662,"5,626",958,807,873,D
7702057700881,LEVETIRACETAM 500 MG * 30 TAB,MK ETICOS CONVENIO,0,"37,900",1,934,"37,900",687,"8,033",833,807,874,D
7730979098434,MICROGYNON FACE * 21 GRAG,ADIUM (TECNOFARMA),1,"31,900",1,917,"31,900",749,"8,955",793,809,875,D
7707288822906,SULZINC SOLUCION * 120 ML,HUMAX PHARMACEUTICAL,1,"26,500",1,"1,061","26,500",823,"13,249",638,809,876,D
7702123006787,ALKA SELTZER * 60 TAB,BAYER OTC,0,"84,900",1,"1,114","44,800",623,"9,371",781,809,877,D
7702057706944,TRIMEBUTINA 200 MG + SIMETICONA 120 MG * 30 TAB,MK ETICOS CONVENIO,1,"107,700",0,"1,133","36,000",698,"11,215",703,809,878,D
7702168214000,RON VIEJO DE CALDAS * 375 ML,COMORIENTE,1,"33,500",1,833,"33,500",722,"7,295",874,811,879,D
7702189046673,DETODITO NATURAL * 165 GR,FRITO LAY,2,"10,100",2,674,"20,200",895,"8,046",831,814,880,D
7703363005554,DOLEX 500 MG * 100 TAB,HALEON (GLAXO OTC),2,"89,900",1,"1,100","54,000",539,"7,229",876,814,881,D
7896015522322,SENSODYNE RAPIDO ALIVIO * 100 GR ,HALEON (GLAXO OTC),1,"31,600",1,"1,013","31,600",752,"10,100",746,815,882,D
7702057711931,AZITROMICINA 200 MG SUSP * 15 ML,MK ETICOS CONVENIO,1,"24,900",1,706,"24,900",843,"7,498",860,816,883,D
7613037029260,KLIM NUTRI ADVANCE * 800 GR,NESTLE NUTRICION,0,"67,900",1,787,"40,740",654,"5,211",976,816,884,D
7707267840068,TREX CREMA * 30 GR,SIEGFRIED FARMA,0,"39,000",1,815,"39,000",675,"5,897",939,816,885,D
7502253073006,LECHE DE MAGNESIA PHILLIPS * 360 ML,ASPEN COLOMBIANA SAS,1,"39,400",1,824,"39,400",672,"5,916",938,816,886,D
7707133072593,HIT MORA * 1.5 LT,POSTOBON GASEOSAS,2,"5,800",3,442,"17,100",937,"5,784",947,817,887,D
7702133009037,GALLETA OREO ORIGINAL * 54 GR,MONDELEZ,8,"2,200",5,282,"11,000","1,034","5,495",964,818,888,D
7703153019587,ALACTIN 0.5 MG * 4 TAB ,PROCAPS RX,0,"42,100",1,816,"43,800",629,"5,034",985,818,889,D
7703546024501,TIAMINA 300 MG * 50 CAP L-CONSUM,NOVAMED OTC,0,"18,500",1,769,"20,000",901,"9,400",778,819,890,D
7707355401003,CABESTRILLO SENCILLO ADVANCE,NTI (NEW TRADE INTERNATIONAL),1,"30,500",1,897,"30,500",761,"8,335",820,819,891,D
7702418004672,CEBION GOTAS FRESA * 30 ML ,PROCTER & GAMBLE CHC,1,"28,600",1,847,"28,600",793,"8,098",826,820,892,D
7707213870170,CERAZETTE * 28 COMP,GRUNENTHAL COLOMBIANA,0,"15,000",2,640,"30,000",773,"5,138",979,822,893,D
7701021148940,WINNY TOALLITAS HUMEDAS SENSITIVE * 160 UND,TECNOQUIMICAS WINNY TOALLITAS,0,"23,600",1,781,"23,600",854,"8,252",822,823,894,D
7707019328653,ASMIKET JBE * 120 ML,LABQUIFAR PHARMACEUTICA,1,"19,500",1,880,"19,500",909,"10,864",713,823,895,D
7701021118356,WINNY ULTRATRIM SEC ET 5 * 16 UND,TECNOQUIMICAS WINNY,0,"27,500",1,742,"27,500",811,"6,957",892,826,896,D
7707263007458,OCHO BABY CREMA CORPORAL * 230 ML,TRIDEX FARMACEUTICA,3,"17,000",1,786,"17,000",941,"9,960",754,827,897,D
7702123013693,ACID MANTLE TATTOO CREMA * 30 GR,BAYER OTC,0,"30,200",1,887,"30,200",766,"7,875",842,827,898,D
7702133867101,TRIDENT FRESH HERBAL 5.1 GR * 3 UND,DISCOB NORTE SAS,18,"1,600",6,266,"9,100","1,063","5,238",973,828,899,D
7702189053770,PAPAS MARGARITA DE POLLO * 105 GR,FRITO LAY,1,"8,200",2,514,"16,400",953,"6,432",914,828,900,D
7506205817465,ENFALAC * 340 GR,MEAD JOHNSON NUTRITION COLOMBIA,0,"46,300",1,794,"46,300",611,"3,764","1,045",830,901,D
7702057717353,LEVOTIROXINA 125 MG * 30 TAB,MK ETICOS CONVENIO,0,"32,500",1,814,"32,500",740,"6,314",919,830,902,D
7707288822326,SULZINC SOLUCION * 80 ML,HUMAX PHARMACEUTICAL,1,"20,000",1,842,"20,000",902,"9,840",759,830,903,D
7702189057822,PAPAS MARGARITAS ONDULADA TOMATE * 35 GR ,FRITO LAY,5,"3,000",4,346,"12,000","1,019","5,272",971,832,904,D
7451079001529,DOLEX GRIPA 500 MG * 100 TAB,HALEON (GLAXO OTC),2,"135,000",0,"1,125","50,400",570,"7,051",886,835,905,D
7702001086054,BON YURT CHOCOKRISPIS * 170 GR,ALPINA PRODUCTOS ALIMENTICIOS S.A.,4,"5,200",3,450,"15,600",972,"5,589",960,837,906,D
7702031132844,JOHNSON ACEITE ORIGINAL * 50 ML,JOHNSON Y JOHNSON DE COL SA,2,"8,500",2,590,"17,000",939,"6,538",902,837,907,D
7701021145925,WINNY TOALLITAS ALOE VERA Y VITA E * 70 UND,TECNOQUIMICAS WINNY TOALLITAS,1,"10,100",2,678,"20,200",896,"7,062",885,837,908,D
7702914597975,PONQUE GALA NATURAL TAJADA * 60 GR ,PRODUCTOS RAMO,4,"2,800",4,347,"11,200","1,029","5,196",977,838,909,D
7501058631138,BABY KLIM 2 + LATA * 400 GR,NESTLE NUTRICION,1,"36,100",1,707,"36,100",695,"3,770","1,044",838,910,D
7702192521747,GATORLIT COCO * 620 ML,POSTOBON GASEOSAS,2,"5,300",3,413,"15,900",968,"4,908",992,839,911,D
7702057015428,HIDRAPLUS 75 ZINC MANZANA * 400 ML ,TECNOQUIMICAS VM TQ,3,"11,000",2,534,"22,000",869,"4,372","1,011",842,912,D
7703153016548,LATANOX GOTAS * 5 ML (REFRIGERADO),PROCAPS RX,0,"44,000",1,926,"47,300",600,"4,680","1,000",842,913,D
7702560000362,ALGODON JGB * 25 GR,JGB,2,"3,200",4,349,"12,800","1,010","4,404","1,009",844,914,D
7702007039689,CHOCOLATINA JUMBO FLOW NEGRA * 48 GR,GRUPO NUTRESA,9,"4,500",3,462,"13,500","1,002","5,835",944,844,915,D
7702123003137,ACID MANTLE JABON * 90 GR,BAYER OTC,2,"10,800",2,626,"21,600",874,"5,700",953,844,916,D
7622202206122,GALLETA OREO CHOCOLATE 216 GR * 6 UND,MONDELEZ,0,"8,600",2,615,"17,200",934,"6,444",912,845,917,D
7707274723828,POTENCIATOR 5 GR * 2 AMP BEBIBLES,FAES FARMA,0,"15,700",1,714,"14,130",992,"8,779",801,846,918,D
7707228360222,GUANTE CIRUGIA ESTERIL TALLA # 6 1/2 ,ALFA SAFE,2,"2,500",4,338,"10,000","1,050","5,020",987,847,919,D
7501058631121,BABY KLIM 1 + LATA * 400 GR,NESTLE NUTRICION,0,"40,500",1,834,"40,500",655,"4,072","1,024",847,920,D
7707274721206,SACRUSYT INH 100 MCG * 200 DOSIS,FAES OTC,5,"21,000",1,"1,046","21,000",880,"11,568",693,847,921,D
7702132004484,MAREOL * 72 TAB,HALEON (GLAXO OTC),1,"56,300",1,"1,091","43,200",636,"7,189",878,847,922,D
7707232091600,UROVITAL CRANBERRY CAJA * 60 CAP,NATURAL FRESHLY,1,"51,000",1,"1,110","25,650",830,"11,300",699,848,923,D
7702914112024,PONQUE GALA VAINILLA TAJADA * 60 GR,PRODUCTOS RAMO,4,"2,800",4,393,"11,200","1,030","5,216",975,849,924,D
7706569022455,MONTELUKAST 10 MG * 10 TAB,A.G. MEDICAMENTOS,2,"27,300",1,942,"27,300",813,"8,192",823,849,925,D
7501094916015,VOLTAREN EMULGEL * 30 GR  ,HALEON (GLAXO OTC),0,"41,600",1,"1,000","41,600",648,"6,081",930,849,926,D
7702026180249,PAPEL HIG FAMILIA EXPERT * 1 UND,ESSITY (FAMILIA),8,"3,000",4,345,"12,000","1,021","4,256","1,015",850,927,D
7702132655495,ADVIL ESPALDA Y CUELLO * 5 CAP,HALEON (GLAXO OTC),0,"12,800",2,540,"25,600",831,"3,358","1,060",850,928,D
7702189053794,PAPAS MARGARITA LIMON * 105 GR,FRITO LAY,2,"8,200",2,618,"16,400",950,"6,462",908,850,929,D
7702057184315,NORAVER-P NARANJA MIEL * 96 TAB,TECNOQUIMICAS,1,"195,800",0,"1,145","37,200",691,"8,555",809,852,930,D
7701021118011,WINNY GOLD SENSITIVE ET 1 * 30 UND + 20 TOALLITAS,TECNOQUIMICAS WINNY,0,"29,800",1,950,"29,800",781,"7,570",856,853,931,D
7702418000414,NENE DENT GOTAS * 10 ML  ,PROCTER & GAMBLE CHC,0,"27,800",1,884,"27,800",807,"7,196",877,854,932,D
7703153021696,LEVOTIROXINA 100 MG * 30 TAB,COLMED,0,"19,900",1,881,"19,900",905,"8,922",795,855,933,D
7706569000187,GUAYACOLATO GLICERILO * 120 ML,A.G. MEDICAMENTOS,2,"16,900",1,854,"16,900",944,"9,371",780,856,934,D
7703546010306,AEROVIAL * 30 CAP INHALADOR  L-RESPI-ASM,NOVAMED FARMA,1,"34,500",1,793,"34,500",715,"4,150","1,020",857,935,D
7703546134200,PROPRANOLOL 40 MG * 20 TAB L-CONSUM ,NOVAMED OTC,0,"15,000",1,803,"15,000",979,"9,250",787,858,936,D
7707058341576,BIOTINA 900 MCG * 30 CAP,NATURALMENTE,3,"36,000",1,"1,105","19,500",910,"12,686",660,859,937,D
7703445050014,PANOTIL BETA GOTAS * 8 ML ,ZAMBON COLOMBIA ,1,"25,000",1,818,"25,000",839,"6,492",907,861,938,D
7702184013069,AMPICILINA 500 MG * 100 CAPS,ECAR,1,"96,800",0,"1,143","20,000",900,"12,958",651,861,939,D
7501007532561,SINUTAB PLUS * 12 TAB,JOHNSON Y JOHNSON DE COL SA,1,"25,000",1,844,"25,000",842,"6,981",890,862,940,D
7707232098081,MIELTERTOS GRIPA DIA PANELA - NARANJA * 24 SOBRES,NATURAL FRESHLY,1,"63,500",0,"1,124","24,300",846,"10,883",712,862,941,D
7702189057884,CHEETOS TRISSITOS PICANTES * 34 GR,FRITO LAY,2,"2,500",4,379,"10,000","1,047","4,420","1,007",864,942,D
7702027479588,TENA SLIP CLASICO (ANTES BASIC) L * 9 UND,ESSITY (FAMILIA),2,"30,100",1,"1,044","30,100",768,"7,895",839,865,943,D
7702814107564,PYRALVEX * 10 ML,NTI (NEW TRADE INTERNATIONAL),0,"30,400",1,766,"26,800",819,"5,272",972,867,944,D
8710428020314,PEDIASURE LIQUIDO FRESA * 220 ML ,ABBOTT NUTRICION,3,"11,600",2,613,"23,200",857,"3,916","1,037",868,945,D
7706569001672,BETAMETASONA CREMA 0.1% * 20 GR,A.G. MEDICAMENTOS,1,"17,800",1,"1,021","17,800",927,"10,611",720,868,946,D
7703153025120,BETADUO 2 ML * 12 AMP,PROCAPS OTX,0,"462,700",0,"1,158","38,600",681,"7,702",851,868,947,D
7705241110107,GELATIN FRESA LA MEJOR * 120 GR,LA MEJOR,5,"1,700",5,315,"8,500","1,074","3,880","1,038",870,948,D
77012159,BESO DE AMOR * 32 GR,NESTLE FOOD & BEVERAGE,2,"2,600",4,390,"10,400","1,042","4,084","1,023",871,949,D
7702617021425,CALIFORNIA NECTAR MANZANA BOT *900 ML,GLORIA COLOMBIA SA,1,"8,200",2,669,"16,400",951,"6,022",933,873,950,D
7703381001415,DULCOLAX * 10 TAB,OPELLA (SANOFI OTC),0,"22,000",1,797,"22,000",866,"6,038",931,875,951,D
650240028199,X RAY DOL * 12 TAB,GENOMMA LABORATORIO COLOMBIA,4,"22,900",1,939,"22,900",860,"7,779",847,875,952,D
7702057080075,YODORA CREMA * 25 GR,TECNOQUIMICAS CONSUMO,2,"8,200",2,657,"16,400",952,"5,702",952,878,953,D
7702645201653,BICARBONATO DE SODIO * 500 GR,LEON,2,"7,000",2,604,"14,000",999,"5,802",946,879,954,D
7707263007700,RANIMED PLUS * 24 S/S /D19/,TRIDEX FARMACEUTICA,3,"69,300",0,"1,136","20,300",893,"11,142",706,879,955,D
7702004001955,CERVEZA AGUILA LIGHT LATA * 330 ML,BAVARIA S.A.,0,"3,800",3,416,"11,400","1,028","3,846","1,040",880,956,D
7702560026577,ALCOHOL JGB * 120 ML,JGB,1,"4,200",3,494,"12,600","1,012","4,407","1,008",881,957,D
7707233051580,TETERO FRESH COLOR CON SOLAPA * 8 ONZ,GRAN ANDINA,1,"8,000",2,654,"16,000",964,"5,712",951,881,958,D
7701021118318,WINNY ULTRATRIM SEC ET 3 * 16 UND,TECNOQUIMICAS WINNY,0,"20,600",1,728,"20,600",890,"5,366",968,881,959,D
7707341450046,INHALOCAMARA PEDIATRICA * 1 UND,RSB,2,"14,900",1,962,"14,900",984,"10,200",741,881,960,D
650240032592,NEXT GL GRIPA * 8 TAB ,GENOMMA LABORATORIO COLOMBIA,1,"16,800",1,701,"21,200",879,"4,492","1,005",885,961,D
7707263005393,ACED PIEL  PROTECTOR SOLAR SPF 50+ * 24 S/S,TRIDEX FARMACEUTICA,0,"105,600",0,"1,150","18,000",924,"11,750",685,885,962,D
7702645200120,SAL DE EPSOM * 100 GR,LEON,2,"4,900",2,537,"9,800","1,054","5,602",959,887,963,D
70942501248,GUM CEPILLO ORTODONCIA * 1 UND,GUM,1,"19,300",1,972,"19,300",912,"8,436",815,888,964,D
"D1037, 75010659",H & S SHAMPOO SOBRE SURTIDO,PROCTER & GAMBLE COLOMBIA,0,"1,300",5,311,"6,500","1,101","3,060","1,072",892,965,D
7702189056023,PAPAS MARGARITA LIMON * 36 GR,FRITO LAY,1,"3,000",3,431,"9,000","1,064","3,987","1,031",893,966,D
7706569021922,TRAZODONA 50 MG * 50 TAB,A.G. MEDICAMENTOS,0,"61,600",0,"1,119","25,000",840,"8,883",797,893,967,D
7707232094489,FYBOFORT PSYLLIUM MICRONIZADO * 12 S/S,NATURAL FRESHLY,0,"43,500",1,"1,113","22,200",865,"9,308",786,895,968,D
7709804466977,LAZARO BEBIDA * 200 ML ,BORN DC ,3,"9,900",1,732,"12,500","1,015","6,648",898,897,969,D
7502235820956,"GUM CEPILLO INTERDENTAL 0,8 MM +1.1MM + 1.6 MM * 3 UND",GUM,0,"15,300",1,791,"15,300",977,"6,832",893,897,970,D
7622201760397,TRIDENT MORA AZUL * 18 UND,DISCOB NORTE SAS,0,"5,400",2,551,"10,800","1,036","4,834",997,899,971,D
7702057070588,METOPROLOL 100 MG * 30 TAB,MK ETICOS CONVENIO,1,"19,300",1,798,"19,300",913,"5,660",956,901,972,D
7703454123761,MILPAX NF CEREZA * 12 S/S,FARMA DE COLOMBIA SA,1,"39,900",1,"1,095","27,200",814,"7,509",858,902,973,D
"7702001040957,7",YOX DEFENSIS FRESA * 100 GR,ALPINA PRODUCTOS ALIMENTICIOS S.A.,-1,"3,100",3,435,"9,300","1,060","3,372","1,059",903,974,D
7501125176470,ELECTROLIT FRESA SUERO * 625 ML,PISA (SUEROS LIQUIDOS),5,"8,800",2,605,"17,600",929,"3,200","1,066",903,975,D
7703712011366,KRODEX F COMPUESTO * 20 CAP   ,COASPHARMA MEDIBRAND VM,1,"42,800",1,"1,107","22,000",867,"8,630",806,903,976,D
7703153012083,PEDIAVIT ZINC GOTAS * 10 ML  ,PROCAPS OTX,0,"29,300",1,"1,054","30,108",767,"6,085",929,904,977,D
7707228360239,GUANTE CIRUGIA ESTERIL TALLA # 7,ALFA SAFE,11,"2,500",3,430,"7,500","1,087","3,801","1,042",905,978,D
7707282990298,JERINGA 10 ML 21G * 1 1/2,BEGUT SEVENPHARMA IMPORTACIONES,46,800,5,299,"4,000","1,136","2,780","1,085",906,979,D
7707232090535,JABON DE AZUFRE * 90 GR,NATURAL FRESHLY,1,"15,000",1,946,"15,000",980,"8,423",816,906,980,D
7702617022118,NECTAR CALIFORNIA DURAZNO *200 ML,GLORIA COLOMBIA SA,3,"2,900",3,486,"8,700","1,070","4,044","1,028",907,981,D
7703038062431,SULFATO FERROSO GOTAS * 20 ML,LAPROFF,0,"16,100",1,"1,023","16,100",960,"9,175",789,907,982,D
7702090018875,MAXLIT SUERO 45 CEREZA * 625 ML,POSTOBON SUEROS,3,"8,400",2,636,"16,800",945,"3,680","1,048",909,983,D
7702027041587,NOSOTRAS BUENAS NOCHES ULTRA INVISIBLE SUAVISEC * 10 UND,ESSITY (FAMILIA),1,"14,700",1,804,"14,700",986,"6,440",913,911,984,D
7702993023792,TRULULU GOMITAS ORO * 70 GR,SUPER DE ALIMENTOS,3,"2,800",3,488,"8,400","1,077","3,921","1,035",913,985,D
7613032975234,NESTUM CERELAC *360 GR  ,NESTLE NUTRICION,1,"21,900",1,992,"21,900",871,"6,567",900,913,986,D
650240004643,ASEPXIA JABON EXFOLIANTE *100 GR,GENOMMA LABORATORIO COLOMBIA,0,"15,300",1,780,"15,300",976,"5,839",943,914,987,D
8437009433584,DIENILLE 2MG/0.03MG * 21 TAB,EXELTIS,1,"17,100",1,802,"17,100",938,"5,388",967,916,988,D
7594002621989,FLORATIL 250 MG * 10 S/S,AXON PHARMA ,0,"89,000",0,"1,141","16,600",948,"10,063",748,916,989,D
7702184020661,TRAMADOL GOTAS * 10 ML,ECAR,3,"12,200",1,956,"12,200","1,017","8,667",804,917,990,D
7702057077402,FLUCONAZOL 200 MG * 4 CAP,MK ETICOS CONVENIO,0,"17,300",1,821,"17,300",932,"5,231",974,921,991,D
7707282990953,PRUEBA DE EMBARAZO CASSETTE ,BEGUT SEVENPHARMA IMPORTACIONES,3,"9,900",1,904,"9,900","1,053","8,399",818,922,992,D
7702057075088,ALCOHOL MK * 350 ML ,TECNOQUIMICAS CUIDADO DE HERIDA,0,"6,300",2,599,"12,600","1,013","3,592","1,050",924,993,D
7703381004195,MICARDIS 80 MG * 28 COMP,BOEHRINGER INGELHEIM FARMA,1,"33,000",1,"1,004","33,000",731,"3,792","1,043",924,994,D
7703546043038,CRONOFEN NIÑOS CEREZA GOTAS * 30 ML L-RESPI-RIN,NOVAMED BABY ,2,"15,700",1,"1,073","15,700",970,"9,100",790,924,995,D
7702560000102,CITROMEL * 310 ML ,JGB,1,"26,700",1,"1,028","26,700",820,"5,675",955,926,996,D
7702132009977,TODAY MUTUAL SENSATION * 3 PRESERVATIVOS  ,HALEON (GLAXO OTC),1,"19,800",1,790,"19,800",906,"3,920","1,036",929,997,D
7702123002826,ACID MANTLE LOCION * 120 ML ,BAYER OTC,0,"27,300",1,943,"27,300",812,"4,118","1,022",929,998,D
7702010470486,LADY SPEED STICK CLINICAL MINI POWDER CREMA * 30 GR,COLGATE PALMOLIVE COMPANIA,1,"4,800",2,592,"9,600","1,057","3,936","1,034",932,999,D
7702090029567,GASEOSA PEPSI * 1.5 LT,POSTOBON GASEOSAS,4,"5,500",2,628,"11,000","1,032","3,840","1,041",935,"1,000",D
7702605100392,AMLODIPINO 5 MG * 10 TAB ,GENFAR,0,"7,000",2,664,"14,000",994,"3,404","1,058",937,"1,001",D
7702090050974,SPEED MAX * 1 LT,POSTOBON GASEOSAS,3,"4,300",2,524,"8,600","1,072","2,970","1,079",938,"1,002",D
7703763334018,OXIMETAZOLINA 0.05 % * 15 ML,LA SANTE GENERICO,0,"14,000",1,835,"16,000",963,"5,071",981,938,"1,003",D
7509546063331,COLGATE CREMA TRIPLE ACCION * 150 ML,COLGATE PALMOLIVE COMPANIA,1,"16,300",1,849,"16,300",954,"5,056",982,939,"1,004",D
7702057019983,PRELUDYO 75 MG * 14 CAP,TECNOQUIMICAS VM TQ,0,"19,000",1,774,"19,000",916,"3,210","1,065",940,"1,005",D
7703689317386,OCEIRA * 21 TAB,PROFAMILIA,2,"6,000",2,538,"12,000","1,022","1,946","1,124",942,"1,006",D
7702184020227,CETIRIZINA 5 MG MORA AZUL * 60 ML ,ECAR,4,"12,600",1,938,"12,600","1,014","6,709",897,948,"1,007",D
75900557,SCHICK EXACTA DELICADA * 1 UND ,EDGEWELL,1,"3,000",2,548,"6,000","1,104","3,318","1,063",949,"1,008",D
7702018072439,GILLETTE PRESTOBARBA SIMPLY VENUS 3 * 1 UND,PROCTER & GAMBLE COLOMBIA,1,"5,000",2,643,"10,000","1,052","3,514","1,051",949,"1,009",D
7702006206808,REXONA CLINICAL MEN * 30 GR,UNILEVER ANDINA COLOMBIA,1,"4,400",2,600,"8,800","1,067","3,134","1,069",951,"1,010",D
7706569000019,ALBENDAZOL 200 MG * 2 TAB,A.G. MEDICAMENTOS,0,"3,500",2,653,"7,000","1,095","4,278","1,013",952,"1,011",D
7891010253141,SUNDOWN PROCTECTOR SOLAR FPS 70 * 1 S/S,JOHNSON Y JOHNSON DE COL SA,1,"4,000",2,569,"8,000","1,084","2,972","1,078",953,"1,012",D
7703712085060,IBUPROFAR COMPUESTO * 48 CAP,TRIDEX FARMACEUTICA,0,"75,900",0,"1,147","12,800","1,009","9,348",782,953,"1,013",D
7702010631382,COLGATE CREMA T/ACCION * 50 ML + CEPILLO PREMIER CLEAN,COLGATE PALMOLIVE COMPANIA,2,"5,300",2,684,"10,600","1,039","3,634","1,049",954,"1,014",D
7703712031388,NISTATINA SUSP * 60 ML,COASPHARMA SAS,1,"12,400",1,819,"12,400","1,016","5,048",983,954,"1,015",D
7500435107020,VICK VAPORUB 12 GR * 12 LATAS,PROCTER & GAMBLE CHC,1,"67,900",0,"1,118","28,500",795,"4,949",991,954,"1,016",D
7703845889757  ,TAPABOCAS KN95 ADULTO * 1 UND ,COVID19,1,"2,500",2,520,"5,000","1,120","2,738","1,087",957,"1,017",D
7706569020079,SILDENAFIL 50 MG * 2 TAB MASTICABLES,A.G. MEDICAMENTOS,5,"9,400",1,809,"9,400","1,059","5,547",961,957,"1,018",D
7702006298940,EGO GEL FOR MEN ATTRACTION * 110 ML,UNILEVER ANDINA COLOMBIA,1,"4,000",2,632,"8,000","1,082","3,510","1,052",958,"1,019",D
7706569000088,CIPROFLOXACINO 500 MG * 10 TAB,A.G. MEDICAMENTOS,2,"10,000",1,873,"10,000","1,049","5,987",935,959,"1,020",D
70942003469,GUM GEL DENTAL PATRULLA CANINA PAW PATROL * 75 GR,GUM,2,"13,900",1,915,"13,900","1,000","5,733",950,959,"1,021",D
7702189057921,DORITOS DINAMITA FLAMIN HOT *50 GR,FRITO LAY,0,"4,200",2,661,"7,000","1,096","4,054","1,027",960,"1,022",D
7702027444685,NOSOTRAS DIARIOS MULTIESTILO * 15 UND,ESSITY (FAMILIA),0,"2,000",3,479,"6,000","1,103","1,398","1,139",961,"1,023",D
7702057067663,FERROVITAL * 340 ML,TECNOQUIMICAS,0,"24,000",1,"1,037","24,000",851,"4,377","1,010",961,"1,024",D
7703546493437,LORATADINA 100MG/5ML * 90 ML,NOVAMED FARMA,2,"12,000",1,"1,071","12,000","1,018","7,815",845,962,"1,025",D
7702057715854,METRONIDAZOL 500 MG * 10 OVULOS,MK ETICOS CONVENIO,0,"16,200",1,922,"16,200",958,"4,875",994,963,"1,026",D
7703546072038,FLUMIXOL 200 MG * 30 S/S   L-RESPI-RIN,NOVAMED OTC,1,"46,000",0,"1,134","14,400",988,"8,010",834,963,"1,027",D
7709990733723,FITRALESS 200 MG * 30 TAB,MED-LINE CONVENIO,1,"36,000",0,"1,127","13,000","1,008","8,167",824,964,"1,028",D
7622210427199,HALLS BARRA FRUIT MIX * 9 UND,DISCOB NORTE SAS,9,"2,500",2,532,"5,000","1,116","2,486","1,104",965,"1,029",D
751273778584,ENZIMAX * 60 CAP,HEALTHY DE AMERICA COLOMBIA,0,"84,000",0,"1,149","15,000",983,"8,006",835,965,"1,030",D
7702027041662,NOSOTRAS NATURAL INV CLASICA * 10 UND,ESSITY (FAMILIA),2,"4,600",2,631,"9,200","1,062","2,624","1,091",966,"1,031",D
7702914597968,PONQUE GALA COCO TAJADA * 60 GR,PRODUCTOS RAMO,0,"2,800",2,563,"5,600","1,109","2,570","1,099",969,"1,032",D
7501303443301,MESIGYNA * 1 AMP,BAYER FARMA,2,"10,400",1,708,"10,400","1,043","3,189","1,068",969,"1,033",D
7702027435423,NOSOTRAS TAMPONES SUPER * 20 UND,ESSITY (FAMILIA),0,"16,300",1,852,"16,300",955,"3,461","1,055",969,"1,034",D
7703153016852,CLENOX 40 MG * 1 JERINGA PRELLENADA,PROCAPS CLINICAL,13,"17,000",1,980,"17,000",940,"4,993",989,970,"1,035",D
7702626214856,DUREX REAL FEEL * 3 UND,RECKITT BENCKISER COLOMBIA S A,1,"21,800",1,"1,070","21,800",873,"4,882",993,970,"1,036",D
7702993051887,TRULULU GOMAS SPLASH * 70 GR,SUPER DE ALIMENTOS,4,"2,800",2,580,"5,600","1,110","2,608","1,095",972,"1,037",D
7622201776459,HALLS BARRA LIMON Y MIEL * 9 UND,DISCOB NORTE SAS,4,"2,500",2,565,"5,000","1,118","2,482","1,105",975,"1,038",D
7702057706876,VALSARTAN 80 MG + AMLODIPINO 5 MG * 30 TAB,MK ETICOS CONVENIO,0,"16,500",1,909,"16,500",949,"3,851","1,039",975,"1,039",D
7707282990793,VENDA ELASTICA PIEL 3 * 5 YARDAS  ,BEGUT SEVENPHARMA IMPORTACIONES,0,"3,200",2,648,"6,400","1,102","3,018","1,074",977,"1,040",D
7702123012108,REDOXON TOTAL * 20 COMP,BAYER OTC,2,"40,800",1,"1,111","20,300",894,"5,392",966,977,"1,041",D
7706569000194,HIDROCORTISONA CREMA * 15 GR,A.G. MEDICAMENTOS,0,"8,100",1,795,"8,100","1,079","4,554","1,004",978,"1,042",D
70942507240,GUM CERA ORTODONTICO MENTA * 1 UND,GUM,3,"10,000",1,846,"10,000","1,045","4,616","1,002",978,"1,043",D
7702354939960,EGO CERA PARA PEINAR * 160 ML,UNILEVER ANDINA COLOMBIA,1,"11,500",1,831,"11,500","1,026","3,961","1,033",980,"1,044",D
7702184130162,VITAMINA B12 10 ML * 1 AMP,ECAR,1,"17,100",1,911,"17,100",936,"3,336","1,062",980,"1,045",D
7705959030292,ESPIRONOLACTONA 25 MG * 20 TAB,GENFAR,0,"14,300",1,767,"14,300",991,"2,449","1,106",981,"1,046",D
7702057076177,IBUFLASH FORTE 400MG * 24 CAP,TECNOQUIMICAS,0,"34,800",1,"1,102","21,000",888,"4,963",990,982,"1,047",D
7703283404024,LYRICA 25 MG * 30 CAP,ASPEN COLOMBIANA SAS,0,"18,000",1,867,"18,000",925,"2,447","1,107",983,"1,048",D
7706659501174,SUERO FISIOLOGICO * 30 ML,COASPHARMA SAS,3,"6,800",1,726,"6,800","1,099","3,700","1,046",985,"1,049",D
7702057708979,CIPROFLOXACINA 500 MG * 10 TAB,MK ETICOS CONVENIO,1,"11,000",1,827,"11,000","1,031","3,430","1,057",990,"1,050",D
7501086453931,PRO CEPILLO 425 MEDIO * 2 UND,PROCTER & GAMBLE COLOMBIA,1,"15,500",1,"1,048","15,500",975,"5,312",970,991,"1,051",D
7500435118026,MINORA CUCHILLA * 5 UND,PROCTER & GAMBLE COLOMBIA,1,"2,300",2,596,"4,600","1,124","1,850","1,125",992,"1,052",D
7707355054322,NOXPIRIN CALIENTE NOCHE PANELA LIMON * 24 S/S,SIEGFRIED CONSUMO,1,"63,500",0,"1,130","21,300",878,"4,443","1,006",992,"1,053",D
7702914597951,PONQUE GALA CHOCOLATE * 60 GR,PRODUCTOS RAMO,6,"2,800",2,662,"5,600","1,111","2,588","1,097",993,"1,054",D
7702057075040,PIROXICAM 20 MG * 10 CAP,MK ETICOS CONVENIO,0,"7,100",1,716,"7,100","1,092","2,951","1,080",993,"1,055",D
7702057715250,FLUNARIZINA 10 MG * 30 TAB ,MK ETICOS CONVENIO,0,"14,400",1,955,"14,400",990,"4,158","1,019",993,"1,056",D
7702605104079,SULFADIAZINA PLATA CREMA * 30 GR ,GENFAR,0,"14,700",1,997,"16,000",966,"4,256","1,016",994,"1,057",D
7709990110999,COPROBIOTIC + PREBIOTICOS + PROBIOTICOS * 20 S/S,NATURALMENTE,1,"88,000",0,"1,151","13,100","1,006","7,037",887,995,"1,058",D
7702870071526,FACETIX SUAVE * 28 TAB,ABBOTT FARMA,2,"10,800",1,749,"10,800","1,037","2,190","1,114",996,"1,059",D
7702277509554,INTIBON JABON INTIMO MUJER CALENDULA * 120 GR ,BELLEZA EXPRESS SA,2,"13,100",1,"1,039","13,100","1,007","5,520",962,997,"1,060",D
7707019339123,DIFLENAC 100 MG * 20 CAP,LABQUIFAR PHARMACEUTICA,2,"21,000",1,"1,112","11,000","1,033","6,786",895,998,"1,061",D
7702605108626,CIPROFIBRATO 100 MG * 20 TAB,GENFAR,0,"16,900",1,973,"16,900",943,"3,200","1,067","1,000","1,062",D
7702123005513,APRONAX 550 MG * 60 TAB,BAYER OTC,0,"207,000",0,"1,157","21,000",886,"4,623","1,001","1,000","1,063",D
7702626215235,K-Y GEL LUBRICANTE * 15 GR,RECKITT BENCKISER COLOMBIA S A,5,"12,800",1,947,"12,800","1,011","4,062","1,025","1,001","1,064",D
7707228361809,JERINGA 20 ML * 1 UND,ALFA SAFE,2,"1,100",2,571,"2,200","1,158","1,426","1,136","1,002","1,065",D
7702057070571,METOPROLOL 50 MG * 30 TAB,MK ETICOS CONVENIO,2,"13,500",1,863,"13,500","1,003","2,640","1,090","1,003","1,066",D
7709235278460,TETINA BABY MUNKY ANTICOLIC FLUJO MEDIO 3M+ * 1 UND,AVENT,1,"10,500",1,"1,055","10,500","1,040","5,855",942,"1,005","1,067",D
7707210530169,OTOGLICAR * 30 ML  ,GERCO,0,"10,000",1,874,"10,000","1,046","3,472","1,054","1,006","1,068",D
7702132655525,ADVIL FEM * 5 TAB,HALEON (GLAXO OTC),1,"11,600",1,782,"11,600","1,024","1,580","1,132","1,007","1,069",D
7590011251100,GALLETA OREO ORIGINAL * 36 GR,MONDELEZ,5,"1,900",2,645,"3,800","1,140","2,002","1,120","1,008","1,070",D
4891228530136,SCHICK QUATTRO TITANIUM * 1 UND ,EDGEWELL,4,"5,800",1,743,"5,800","1,107","2,734","1,088","1,008","1,071",D
7703381002559,ISODINE SOLUCION * 60 ML ,BUSSIE OTC,0,"14,100",1,892,"14,100",993,"2,611","1,094","1,008","1,072",D
7702001023523,NECTAR FRUTTO DURAZNO * 1 LT,ALPINA PRODUCTOS ALIMENTICIOS S.A.,1,"8,600",1,801,"8,600","1,071","2,830","1,084","1,009","1,073",D
7703445030047,FLUIMUCIL 200 MG * 30 S/S ,ZAMBON COLOMBIA ,1,"54,500",0,"1,126","18,600",920,"4,276","1,014","1,009","1,074",D
7702031245223,NEKO JABON ALOE * 110 GR,JOHNSON Y JOHNSON DE COL SA,1,"7,600",1,785,"7,600","1,086","2,924","1,083","1,010","1,075",D
7509546668673,LADY SPEED STICK CLINICAL ANTIBACTERIAL * 100 GR,COLGATE PALMOLIVE COMPANIA,0,"14,000",1,988,"13,500","1,004","4,022","1,030","1,010","1,076",D
7703712032019,HIOSCINA N-BUTIL BROMURO 10 MG * 20 TAB,COASPHARMA SAS,0,"22,000",1,"1,109","12,000","1,023","5,986",936,"1,010","1,077",D
7701021142665,WINNY TOALLITAS SENSITIVE R/NACIDO * 80 UND,TECNOQUIMICAS WINNY TOALLITAS,1,"13,300",1,"1,051","13,300","1,005","4,749",999,"1,014","1,078",D
7707172681107,EMULSION DE SCOTT CEREZA * 180 ML,HALEON (GLAXO OTC),1,"15,700",1,933,"15,700",969,"2,209","1,111","1,017","1,079",D
7702010421006,PROTEX JABON HERBAL *110 GR,COLGATE PALMOLIVE COMPANIA,1,"5,200",1,738,"5,200","1,115","2,113","1,115","1,021","1,080",D
7702560009525,ALCOHOL JGB * 700 ML,JGB,2,"10,200",1,906,"10,200","1,044","2,997","1,076","1,022","1,081",D
7703331105118,MICROGYNON SUAVE * 21 GRAG,ADIUM (TECNOFARMA),1,"7,000",1,746,"7,000","1,094","1,543","1,133","1,023","1,082",D
7708433334039,ALCANFOR BARRA * 12 UND,LABORATORIOS ROA,0,"23,000",0,"1,116","10,000","1,051","5,885",940,"1,023","1,083",D
7702057645595,COPITOS MK BIODEGRADABLES * PAG 50 LLEVE 80 UND,TECNOQUIMICAS CUIDADO DE HERIDA,1,"10,600",1,"1,003","10,600","1,038","4,057","1,026","1,024","1,084",D
7703712030084,AMPICILINA 500 MG * 50 CAP,COASPHARMA SAS,0,"48,400",0,"1,144","10,000","1,048","6,130",927,"1,024","1,085",D
7702057070748,ASA 100 MG * 100 TAB,MK ETICOS CONVENIO,1,"34,300",0,"1,122","16,000",961,"4,137","1,021","1,025","1,086",D
7702057074838,METOCARBAMOL 750 MG * 20 TAB,MK ETICOS CONVENIO,1,"27,900",1,"1,104","14,000",997,"4,360","1,012","1,030","1,087",D
7705241338099,YOGURT GRIEGO FRUTOS VERDES LA MEJOR * 120 GR,LA MEJOR,2,"4,500",1,753,"4,500","1,125","1,979","1,122","1,031","1,088",D
7702026032142,POMYS RUEDITAS DESMAQUILLADORAS * 60 UND,ESSITY (FAMILIA),1,"9,300",1,949,"9,300","1,061","3,459","1,056","1,031","1,089",D
7703186031525,GLUCERNA LIQUIDO FRESA * 237 ML,ABBOTT NUTRICION,1,"15,100",1,996,"15,100",978,"2,582","1,098","1,031","1,090",D
7702026312251,PEQUEÑIN PAÑITOS HUMEDOS ALOE * 24 UND,ESSITY (FAMILIA),1,"4,200",1,727,"4,200","1,130","1,415","1,138","1,032","1,091",D
7702277082545,CORTAUÑAS GRANDE CURVO FSTYLE,BELLEZA EXPRESS SA,2,"11,300",1,"1,072","8,000","1,083","5,399",965,"1,033","1,092",D
7702010972270,SPEED STICK  MINI CREMA  XTREME NIGHT * 30 GR,COLGATE PALMOLIVE COMPANIA,2,"3,900",1,722,"3,900","1,138","1,420","1,137","1,034","1,093",D
D1660,BAJALENGUAS INDIVIDUAL,ZIBOJECT,3,500,2,666,"1,000","1,161",664,"1,160","1,037","1,094",D
7702189055453,NATUCHIPS PLATANO VERDE * 38 GR,FRITO LAY,5,"3,200",1,739,"3,200","1,145","1,592","1,131","1,038","1,095",D
7702184560020,PASEDOL 50 MG * 100 TAB,ECAR,0,"75,000",0,"1,153","9,600","1,058","5,783",948,"1,038","1,096",D
7702354946944,VIVE 100 *1 LT ,QUALA NEVERA,2,"4,200",1,757,"4,200","1,132","1,429","1,135","1,039","1,097",D
41333431482,DURACELL AAA * 2 UND,GENOMMA LABORATORIO COLOMBIA,1,"8,000",1,"1,052","8,000","1,081","4,842",996,"1,040","1,098",D
7707282990519,KIT NEBULIZADOR NIÑO,BEGUT SEVENPHARMA IMPORTACIONES,1,"8,500",1,"1,045","8,500","1,073","4,252","1,017","1,044","1,099",D
7705241400291,YOGURT LA MEJOR FRESA * 150 GR,LA MEJOR,3,"2,400",1,723,"2,400","1,155","1,055","1,151","1,045","1,100",D
7702189060204,CHEESE TRIS + CONTENIDO * 48 GR,FRITO LAY,5,"2,500",1,729,"2,500","1,152","1,082","1,150","1,045","1,101",D
7702993051733,TRULULU GOMITAS GUSANOS ACIDOS  * 70 GR,SUPER DE ALIMENTOS,5,"2,800",1,751,"2,800","1,148","1,301","1,143","1,047","1,102",D
7702189045577,CHEETOS BOLIQUESO * 160 GR,FRITO LAY,3,"8,700",1,"1,019","8,700","1,069","3,687","1,047","1,048","1,103",D
7702605101146,FUROSEMIDA 40 MG * 100 TAB  ,GENFAR,1,"20,500",1,"1,106","15,000",981,"3,127","1,070","1,048","1,104",D
7702605101795,METRONIDAZOL 500 MG * 100 TAB,GENFAR,0,"34,500",0,"1,135","12,000","1,020","4,197","1,018","1,048","1,105",D
7702560006395,ALGODON JGB PAG 100 LLEVE 125 GR,JGB,0,"9,700",1,970,"9,700","1,055","2,612","1,093","1,049","1,106",D
7702006299923,EGO GEL EXTREME MAX * 110 ML,UNILEVER ANDINA COLOMBIA,1,"4,000",1,805,"4,000","1,137","1,710","1,127","1,050","1,107",D
7702617021432,CALIFORNIA NECTAR PERA BOT *900 ML,GLORIA COLOMBIA SA,0,"8,200",1,963,"8,200","1,078","2,951","1,081","1,050","1,108",D
7702010470479,SPEED STICK MEN MINI CLINICAL CREMA * 30 GR,COLGATE PALMOLIVE COMPANIA,1,"4,800",1,836,"4,800","1,121","1,958","1,123","1,051","1,109",D
7622201776633,TRIDENT SANDIA * 8.5 GR,DISCOB NORTE SAS,5,"2,300",1,760,"2,300","1,157","1,193","1,146","1,053","1,110",D
7702026174675,TENA PANTS CLASICO M * 1 UND,ESSITY (FAMILIA),1,"4,200",1,799,"4,200","1,131","1,264","1,144","1,053","1,111",D
7702057079642,RISPERIDONA 1 MG * 20 TAB,MK ETICOS CONVENIO,1,"9,600",1,958,"9,600","1,056","2,257","1,109","1,053","1,112",D
7705241400307,YOGURT LA MEJOR MELOCOTON * 150 GR,LA MEJOR,3,"2,400",1,759,"2,400","1,154","1,055","1,152","1,054","1,113",D
7707133033730,HIT JUGO MANGO CAJA * 1 LT,POSTOBON GASEOSAS,2,"5,700",1,890,"5,700","1,108","2,201","1,112","1,055","1,114",D
7709413934898,TAPABOCAS QUIRURGICOS * 50 UND,ZIBOJECT,0,"25,000",0,"1,139","6,600","1,100","5,500",963,"1,055","1,115",D
7702645200236,ACEITE DE COCO * 1 ONZ,LEON,0,"4,300",1,848,"4,300","1,129","2,002","1,121","1,056","1,116",D
7702057013059,PEG 3350 * 12 S/S,TECNOQUIMICAS VM TQ,0,"100,400",0,"1,148","15,930",967,"2,985","1,077","1,056","1,117",D
7702090064193,GASEOSA COLOMBIANA * 2.5 LT,POSTOBON GASEOSAS,2,"7,300",1,993,"7,300","1,089","3,098","1,071","1,058","1,118",D
7703153040949,DICLOFENACO 75 MG / 3 ML * 10 AMP,COLMED,0,"35,000",0,"1,140","7,200","1,090","5,169",978,"1,058","1,119",D
7702057717452,HIDROCLOROTIAZIDA 25 MG * 30 TAB,MK ETICOS CONVENIO,1,"7,200",1,879,"7,200","1,091","1,094","1,149","1,061","1,120",D
7702010421013,PROTEX JABON FOR MEN SPORT * 110 GR,COLGATE PALMOLIVE COMPANIA,1,"5,200",1,908,"5,200","1,113","2,093","1,116","1,063","1,121",D
70942004817,GUM CEPILLO DENTAL PAW PATROL 3 AÑOS * 1 UND,GUM,2,"6,900",1,985,"6,900","1,098","2,933","1,082","1,063","1,122",D
7702057211417,NORAVER GRIPA DIA NARANJA * 12 S/S ,TECNOQUIMICAS,1,"34,800",0,"1,117","15,000",982,"2,529","1,101","1,063","1,123",D
7702010972287,LADY SPEED STICK CREMA MINI * 30 GR,COLGATE PALMOLIVE COMPANIA,0,"4,000",1,859,"4,000","1,134","1,534","1,134","1,065","1,124",D
7702001023509,NECTAR FRUTTO  MANZANA *1 LT,ALPINA PRODUCTOS ALIMENTICIOS S.A.,6,"8,700",1,"1,049","8,700","1,068","3,035","1,073","1,065","1,125",D
7707228361038,BAJALENGUAS MADERA BOLSA * 20 UND ,ALFA SAFE,1,"2,000",1,788,"2,000","1,159",765,"1,158","1,066","1,126",D
7702057231156,ACETAMINOFEN 500 MG * 50 TAB,TECNOQUIMICAS,2,"30,000",0,"1,123","14,000",995,"2,620","1,092","1,066","1,127",D
7622202352850,GALLETA OREO GOLDEN VAINILLA * 108 GR,MONDELEZ,14,"4,500",1,914,"4,500","1,126","2,245","1,110","1,067","1,128",D
7702057076153,VERAPAMILO 120 MG * 30 TAB,MK ETICOS CONVENIO,0,"9,000",1,994,"9,000","1,066","2,195","1,113","1,067","1,129",D
78930841,REXONA DESO MINI ROLLON V8 * 30 ML,UNILEVER ANDINA COLOMBIA,1,"4,400",1,896,"4,400","1,128","1,623","1,130","1,071","1,130",D
7703712030695,CLORFENIRAMINA 4 MG * 20 TAB,COASPHARMA SAS,1,"4,800",1,982,"4,800","1,122","2,752","1,086","1,073","1,131",D
7730698006109,TRACTAL GOTAS 0.1% * 20 ML ,MEGALABS,0,"11,500",1,"1,064","11,500","1,027","2,013","1,118","1,073","1,132",D
7707232099095,ACTIVOX ICE JENGIBRE MASTICABLES * 12 S/S,NATURAL FRESHLY,1,"33,000",0,"1,138","8,400","1,076","3,979","1,032","1,074","1,133",D
7702277096696,TOALLITAS ARRURRU AVENA Y KARITE * 20 UND,BELLEZA EXPRESS SA,4,"3,800",1,920,"4,100","1,133","1,751","1,126","1,077","1,134",D
7702010111587,COLGATE CREMA DENTAL TRIPLE EXTRA BLANCURA * 60 ML,COLGATE PALMOLIVE COMPANIA,1,"5,900",1,"1,001","5,900","1,106","2,521","1,102","1,078","1,135",D
7702560000027,DIOXOGEN * 120 ML,JGB,1,"5,900",1,944,"5,900","1,105","1,259","1,145","1,081","1,136",D
7707233050095,TETERO PEQUEÑO DOBLE MANIJA * 5 ONZ,GRAN ANDINA,2,"7,500",1,"1,062","7,500","1,088","2,598","1,096","1,085","1,137",D
7705241357472,AREQUIPE LA MEJOR 50 GR * 36 UND,LA MEJOR,1,"72,300",0,"1,155","8,400","1,075","3,496","1,053","1,086","1,138",D
7702010470103,LADY SPEED STICK GEL FLORAL SOBRE,COLGATE PALMOLIVE COMPANIA,5,"1,500",1,871,"1,500","1,160",554,"1,161","1,088","1,139",D
7702090044195,SPEED MAX BOTELLA * 400 ML,POSTOBON GASEOSAS,5,"2,500",1,902,"2,500","1,151",892,"1,155","1,090","1,140",D
7707236123239,LINCOMICINA 600 MG * 1 AMP,VITALIS COMERCIAL,1,"5,500",1,"1,050","5,500","1,112","2,493","1,103","1,093","1,141",D
7702645100888,ALUMBRE BARRA * 30 GR LEON,LEON,2,"3,900",1,991,"3,700","1,142","2,031","1,117","1,094","1,142",D
7703202221312,BUSCAPINA COMP N.F * 100 TAB,OPELLA (SANOFI OTC),0,"207,500",0,"1,159","10,500","1,041","2,544","1,100","1,094","1,143",D
7702123001423,DOMEBORO * PAGUE 25 LLEVE 30 S/S,BAYER FARMA,1,"47,600",0,"1,146","7,910","1,085","3,014","1,075","1,096","1,144",D
7509546677002,PALMOLIVE JABON INTENSA RENOVACION * 120 GR,COLGATE PALMOLIVE COMPANIA,1,"4,700",1,"1,025","4,700","1,123","2,005","1,119","1,097","1,145",D
7702184972533,TRIMETOPRIMA SULFA 160/800 MG * 100 TAB,ECAR,0,"60,000",0,"1,156","7,000","1,097","3,337","1,061","1,097","1,146",D
7707228368273,VENDA ELASTICA BLANCA 4 * 5 YD,ALFA SAFE,2,"3,400",1,983,"3,400","1,144","1,690","1,129","1,098","1,147",D
7705241327451,YOGURT NATURAL LA MEJOR * 200 ML,LA MEJOR,2,"3,800",1,"1,015","3,800","1,139","1,699","1,128","1,104","1,148",D
7707282990779,VENDA ELASTICA PIEL 2 * 5 YARDAS ,BEGUT SEVENPHARMA IMPORTACIONES,1,"2,300",1,966,"2,300","1,156","1,017","1,154","1,108","1,149",D
7707282990670,PARCHES OCULARES NIÑOS * 20 UND,BEGUT SEVENPHARMA IMPORTACIONES,0,"29,500",0,"1,152","4,500","1,127","3,282","1,064","1,108","1,150",D
7702004003508,CERVEZA CLUB COLOMBIA DORADA LATA * 330 ML,BAVARIA S.A.,6,"4,000",1,"1,032","4,000","1,135","1,374","1,140","1,111","1,151",D
7707019350906,ZIFLUVIS 600 MG * 10 S/S,LABQUIFAR PHARMACEUTICA,1,"24,000",0,"1,142","5,000","1,117","2,699","1,089","1,112","1,152",D
7707228362592,CATETER 20G * 1 UND,ALFA SAFE,0,"2,500",1,"1,010","2,500","1,153","1,312","1,142","1,113","1,153",D
7702189056214,CHOKIS CLASICA * 37 GR,FRITO LAY,11,"2,500",1,"1,022","2,500","1,150","1,362","1,141","1,114","1,154",D
7706569021250,AMITRIPTILINA 25 MG * 30 TAB,A.G. MEDICAMENTOS,3,"14,400",0,"1,129","5,000","1,119","2,404","1,108","1,117","1,155",D
7702010111464,COLGATE CREMA DENTAL T/ACCION * 22 ML,COLGATE PALMOLIVE COMPANIA,1,"2,600",1,"1,014","2,600","1,149",723,"1,159","1,119","1,156",D
7702001156993,YOX DEFENSIS FRESA S/AZUCAR *100 GR,ALPINA PRODUCTOS ALIMENTICIOS S.A.,0,"2,800",1,"1,068","2,800","1,147","1,024","1,153","1,130","1,157",D
7707355053486,NOXPIRIN SINUS PAGUE 10 LLEVE 12 TAB,SIEGFRIED CONSUMO,2,"14,500",0,"1,132","5,200","1,114","1,111","1,148","1,132","1,158",D
7702057719098,ACETAMINOFEN FORTE * 48 TAB,TECNOQUIMICAS,0,"72,000",0,"1,160","3,200","1,146","1,144","1,147","1,150","1,159",D
7702057385194,IBUFLASH ULTRA FORTE * 18 CAP,TECNOQUIMICAS,0,"33,900",0,"1,154","3,800","1,141",778,"1,157","1,151","1,160",D
7702057169176,NORAVER GRIPA *60 CAP,TECNOQUIMICAS,1,"109,300",0,"1,161","3,600","1,143",868,"1,156","1,153","1,161",D
